============================= test session starts ==============================
platform linux -- Python 3.10.18, pytest-9.1.1, pluggy-1.6.0 -- /root/miniconda/envs/python310_torch29_cuda/bin/python3.10
cachedir: .pytest_cache
rootdir: /workspace/FlagGems
configfile: pytest.ini
plugins: anyio-4.9.0, typeguard-4.3.0
collecting ... WARNING 07-23 23:36:55 [interface.py:226] Failed to import from vllm._C: ImportError('/root/miniconda/envs/python310_torch29_cuda/lib/python3.10/site-packages/vllm/_C.abi3.so: undefined symbol: _ZN3c104cuda29c10_cuda_check_implementationEiPKcS2_jb')
WARNING 07-23 23:36:58 [interface.py:599] Current platform  does not have '__test__' attribute.
WARNING 07-23 23:36:58 [interface.py:599] Current platform  does not have '__bases__' attribute.
WARNING 07-23 23:36:58 [interface.py:599] Current platform  does not have '__test__' attribute.
WARNING 07-23 23:36:58 [interface.py:599] Current platform  does not have '__test__' attribute.
WARNING 07-23 23:36:58 [interface.py:599] Current platform  does not have '__bases__' attribute.
WARNING 07-23 23:36:58 [interface.py:599] Current platform  does not have '__test__' attribute.
WARNING 07-23 23:36:58 [interface.py:599] Current platform  does not have '__test__' attribute.
WARNING 07-23 23:36:58 [interface.py:599] Current platform  does not have '__bases__' attribute.
WARNING 07-23 23:36:58 [interface.py:599] Current platform  does not have '__test__' attribute.
ERROR 07-23 23:36:59 [config.py:29] Failed to import Triton kernels. Please make sure your triton version is compatible. Error: No module named 'triton.language.target_info'
collected 51673 items / 51641 deselected / 32 selected

test_conv_depthwise2d.py::test_conv_depthwise2d[True-dtype0-dilation0-padding0-stride0-shape_input0-shape_weight0-kernel0] FAILED
test_conv_depthwise2d.py::test_conv_depthwise2d[True-dtype0-dilation0-padding0-stride0-shape_input1-shape_weight1-kernel1] FAILED
test_conv_depthwise2d.py::test_conv_depthwise2d[True-dtype0-dilation0-padding0-stride1-shape_input0-shape_weight0-kernel0] FAILED
test_conv_depthwise2d.py::test_conv_depthwise2d[True-dtype0-dilation0-padding0-stride1-shape_input1-shape_weight1-kernel1] FAILED
test_conv_depthwise2d.py::test_conv_depthwise2d[True-dtype0-dilation0-padding1-stride0-shape_input0-shape_weight0-kernel0] FAILED
test_conv_depthwise2d.py::test_conv_depthwise2d[True-dtype0-dilation0-padding1-stride0-shape_input1-shape_weight1-kernel1] FAILED
test_conv_depthwise2d.py::test_conv_depthwise2d[True-dtype0-dilation0-padding1-stride1-shape_input0-shape_weight0-kernel0] FAILED
test_conv_depthwise2d.py::test_conv_depthwise2d[True-dtype0-dilation0-padding1-stride1-shape_input1-shape_weight1-kernel1] FAILED
test_conv_depthwise2d.py::test_conv_depthwise2d[True-dtype1-dilation0-padding0-stride0-shape_input0-shape_weight0-kernel0] FAILED
test_conv_depthwise2d.py::test_conv_depthwise2d[True-dtype1-dilation0-padding0-stride0-shape_input1-shape_weight1-kernel1] FAILED
test_conv_depthwise2d.py::test_conv_depthwise2d[True-dtype1-dilation0-padding0-stride1-shape_input0-shape_weight0-kernel0] FAILED
test_conv_depthwise2d.py::test_conv_depthwise2d[True-dtype1-dilation0-padding0-stride1-shape_input1-shape_weight1-kernel1] FAILED
test_conv_depthwise2d.py::test_conv_depthwise2d[True-dtype1-dilation0-padding1-stride0-shape_input0-shape_weight0-kernel0] FAILED
test_conv_depthwise2d.py::test_conv_depthwise2d[True-dtype1-dilation0-padding1-stride0-shape_input1-shape_weight1-kernel1] FAILED
test_conv_depthwise2d.py::test_conv_depthwise2d[True-dtype1-dilation0-padding1-stride1-shape_input0-shape_weight0-kernel0] FAILED
test_conv_depthwise2d.py::test_conv_depthwise2d[True-dtype1-dilation0-padding1-stride1-shape_input1-shape_weight1-kernel1] FAILED
test_conv_depthwise2d.py::test_conv_depthwise2d[False-dtype0-dilation0-padding0-stride0-shape_input0-shape_weight0-kernel0] FAILED
test_conv_depthwise2d.py::test_conv_depthwise2d[False-dtype0-dilation0-padding0-stride0-shape_input1-shape_weight1-kernel1] FAILED
test_conv_depthwise2d.py::test_conv_depthwise2d[False-dtype0-dilation0-padding0-stride1-shape_input0-shape_weight0-kernel0] FAILED
test_conv_depthwise2d.py::test_conv_depthwise2d[False-dtype0-dilation0-padding0-stride1-shape_input1-shape_weight1-kernel1] FAILED
test_conv_depthwise2d.py::test_conv_depthwise2d[False-dtype0-dilation0-padding1-stride0-shape_input0-shape_weight0-kernel0] FAILED
test_conv_depthwise2d.py::test_conv_depthwise2d[False-dtype0-dilation0-padding1-stride0-shape_input1-shape_weight1-kernel1] FAILED
test_conv_depthwise2d.py::test_conv_depthwise2d[False-dtype0-dilation0-padding1-stride1-shape_input0-shape_weight0-kernel0] FAILED
test_conv_depthwise2d.py::test_conv_depthwise2d[False-dtype0-dilation0-padding1-stride1-shape_input1-shape_weight1-kernel1] FAILED
test_conv_depthwise2d.py::test_conv_depthwise2d[False-dtype1-dilation0-padding0-stride0-shape_input0-shape_weight0-kernel0] FAILED
test_conv_depthwise2d.py::test_conv_depthwise2d[False-dtype1-dilation0-padding0-stride0-shape_input1-shape_weight1-kernel1] FAILED
test_conv_depthwise2d.py::test_conv_depthwise2d[False-dtype1-dilation0-padding0-stride1-shape_input0-shape_weight0-kernel0] FAILED
test_conv_depthwise2d.py::test_conv_depthwise2d[False-dtype1-dilation0-padding0-stride1-shape_input1-shape_weight1-kernel1] FAILED
test_conv_depthwise2d.py::test_conv_depthwise2d[False-dtype1-dilation0-padding1-stride0-shape_input0-shape_weight0-kernel0] FAILED
test_conv_depthwise2d.py::test_conv_depthwise2d[False-dtype1-dilation0-padding1-stride0-shape_input1-shape_weight1-kernel1] FAILED
test_conv_depthwise2d.py::test_conv_depthwise2d[False-dtype1-dilation0-padding1-stride1-shape_input0-shape_weight0-kernel0] FAILED
test_conv_depthwise2d.py::test_conv_depthwise2d[False-dtype1-dilation0-padding1-stride1-shape_input1-shape_weight1-kernel1] FAILED

=================================== FAILURES ===================================
_ test_conv_depthwise2d[True-dtype0-dilation0-padding0-stride0-shape_input0-shape_weight0-kernel0] _

shape_input = (32, 4, 8, 8), shape_weight = (32, 1, 2, 2), kernel = (2, 2)
stride = [1, 1], padding = [0, 0], dilation = [1, 1], dtype = torch.float32
bias = True

    @pytest.mark.conv_depthwise2d
    @pytest.mark.parametrize("shape_input, shape_weight, kernel", SHAPE_DEPTHWISE)
    @pytest.mark.parametrize("stride", [[1, 1], [2, 2]])
    @pytest.mark.parametrize("padding", [[0, 0], [1, 1]])
    @pytest.mark.parametrize("dilation", [[1, 1]])
    @pytest.mark.parametrize("dtype", [torch.float32, torch.float16])
    @pytest.mark.parametrize("bias", [True, False])
    def test_conv_depthwise2d(
        shape_input, shape_weight, kernel, stride, padding, dilation, dtype, bias
    ):
        inp = torch.randn(shape_input, dtype=dtype, device=flag_gems.device)
        ref_inp = utils.to_reference(inp, False)
        torch.backends.cudnn.allow_tf32 = False
        weight = torch.randn(shape_weight, dtype=dtype, device=flag_gems.device)
        ref_weight = utils.to_reference(weight, False)
    
        if bias:
            bias_tensor = torch.randn(shape_weight[0], dtype=dtype, device=flag_gems.device)
            ref_bias = utils.to_reference(bias_tensor, False)
        else:
            bias_tensor = None
            ref_bias = None
    
>       ref_out = torch.ops.aten._conv_depthwise2d(
            ref_inp,
            ref_weight,
            kernel,
            ref_bias,
            stride,
            padding,
            dilation,
        )

test_conv_depthwise2d.py:61: 
_ _ _ _ _ _ _ _ _ _ _ _ _ _ _ _ _ _ _ _ _ _ _ _ _ _ _ _ _ _ _ _ _ _ _ _ _ _ _ _ 

self = <OpOverloadPacket(op='aten._conv_depthwise2d')>
args = (tensor([[[[-4.8279e-01,  5.2978e-01,  5.0406e-01,  ...,  1.9306e-01,
           -5.2006e-01,  4.9824e-01],
          ...  1.5274, -0.1893, -1.3359,  1.4477,  0.6419, -1.6108, -0.0025,  0.3592],
       device='cuda:0'), [1, 1], [0, 0], ...)
kwargs = {}

    def __call__(self, /, *args: _P.args, **kwargs: _P.kwargs) -> _T:
        # overloading __call__ to ensure torch.ops.foo.bar()
        # is still callable from JIT
        # We save the function ptr as the `op` attribute on
        # OpOverloadPacket to access it here.
    
        # Directly calling OverloadPacket goes into C++, which will check
        # the schema and cause an error for torchbind op when inputs consist of FakeScriptObject so we
        # intercept it here and call TorchBindOpverload instead.
        if self._has_torchbind_op_overload and _must_dispatch_in_python(args, kwargs):
            return _call_overload_packet_from_python(self, *args, **kwargs)
>       return self._op(*args, **kwargs)
E       NotImplementedError: Could not run 'aten::_conv_depthwise2d' with arguments from the 'CPU' backend. This could be because the operator doesn't exist for this backend, or was omitted during the selective/custom build process (if using custom build). If you are a Facebook employee using PyTorch on mobile, please visit https://fburl.com/ptmfixes for possible resolutions. 'aten::_conv_depthwise2d' is only available for these backends: [CUDA, XLA, XPU, Meta, BackendSelect, Python, FuncTorchDynamicLayerBackMode, Functionalize, Named, Conjugate, Negative, ZeroTensor, ADInplaceOrView, AutogradOther, AutogradCPU, AutogradCUDA, AutogradHIP, AutogradXLA, AutogradMPS, AutogradIPU, AutogradXPU, AutogradHPU, AutogradVE, AutogradLazy, AutogradMTIA, AutogradMAIA, AutogradPrivateUse1, AutogradPrivateUse2, AutogradPrivateUse3, AutogradMeta, AutogradNestedTensor, Tracer, AutocastCPU, AutocastMTIA, AutocastMAIA, AutocastXPU, AutocastMPS, AutocastCUDA, FuncTorchBatched, BatchedNestedTensor, FuncTorchVmapMode, Batched, VmapMode, FuncTorchGradWrapper, PythonTLSSnapshot, FuncTorchDynamicLayerFrontMode, PreDispatch, PythonDispatcher].
E       
E       CUDA: registered at /home/agent/xpytorch/workspace/8ba19c15-fc11-4377-85f3-84daf8eaab09/XMLIR/python/torch_xmlir/csrc/lazy_tensor/ts_backend/ts_eager_fallback.cpp:375 [backend fallback]
E       XLA: registered at /home/agent/xpytorch/workspace/8ba19c15-fc11-4377-85f3-84daf8eaab09/XMLIR/python/torch_xmlir/csrc/lazy_tensor/ts_backend/ts_eager_fallback.cpp:364 [backend fallback]
E       XPU: registered at /home/agent/xpytorch/workspace/8ba19c15-fc11-4377-85f3-84daf8eaab09/XMLIR/python/torch_xmlir/csrc/lazy_tensor/ts_backend/ts_eager_fallback.cpp:371 [backend fallback]
E       Meta: registered at /pytorch/aten/src/ATen/core/MetaFallbackKernel.cpp:23 [backend fallback]
E       BackendSelect: fallthrough registered at /pytorch/aten/src/ATen/core/BackendSelectFallbackKernel.cpp:3 [backend fallback]
E       Python: registered at /pytorch/aten/src/ATen/core/PythonFallbackKernel.cpp:194 [backend fallback]
E       FuncTorchDynamicLayerBackMode: registered at /pytorch/aten/src/ATen/functorch/DynamicLayer.cpp:479 [backend fallback]
E       Functionalize: registered at /pytorch/aten/src/ATen/FunctionalizeFallbackKernel.cpp:387 [backend fallback]
E       Named: registered at /pytorch/aten/src/ATen/core/NamedRegistrations.cpp:7 [backend fallback]
E       Conjugate: registered at /pytorch/aten/src/ATen/ConjugateFallback.cpp:17 [backend fallback]
E       Negative: registered at /pytorch/aten/src/ATen/native/NegateFallback.cpp:18 [backend fallback]
E       ZeroTensor: registered at /pytorch/aten/src/ATen/ZeroTensorFallback.cpp:115 [backend fallback]
E       ADInplaceOrView: fallthrough registered at /pytorch/aten/src/ATen/core/VariableFallbackKernel.cpp:104 [backend fallback]
E       AutogradOther: registered at /pytorch/torch/csrc/autograd/generated/VariableType_1.cpp:17114 [autograd kernel]
E       AutogradCPU: registered at /pytorch/torch/csrc/autograd/generated/VariableType_1.cpp:17114 [autograd kernel]
E       AutogradCUDA: registered at /pytorch/torch/csrc/autograd/generated/VariableType_1.cpp:17114 [autograd kernel]
E       AutogradHIP: registered at /pytorch/torch/csrc/autograd/generated/VariableType_1.cpp:17114 [autograd kernel]
E       AutogradXLA: registered at /pytorch/torch/csrc/autograd/generated/VariableType_1.cpp:17114 [autograd kernel]
E       AutogradMPS: registered at /pytorch/torch/csrc/autograd/generated/VariableType_1.cpp:17114 [autograd kernel]
E       AutogradIPU: registered at /pytorch/torch/csrc/autograd/generated/VariableType_1.cpp:17114 [autograd kernel]
E       AutogradXPU: registered at /pytorch/torch/csrc/autograd/generated/VariableType_1.cpp:17114 [autograd kernel]
E       AutogradHPU: registered at /pytorch/torch/csrc/autograd/generated/VariableType_1.cpp:17114 [autograd kernel]
E       AutogradVE: registered at /pytorch/torch/csrc/autograd/generated/VariableType_1.cpp:17114 [autograd kernel]
E       AutogradLazy: registered at /pytorch/torch/csrc/autograd/generated/VariableType_1.cpp:17114 [autograd kernel]
E       AutogradMTIA: registered at /pytorch/torch/csrc/autograd/generated/VariableType_1.cpp:17114 [autograd kernel]
E       AutogradMAIA: registered at /pytorch/torch/csrc/autograd/generated/VariableType_1.cpp:17114 [autograd kernel]
E       AutogradPrivateUse1: registered at /pytorch/torch/csrc/autograd/generated/VariableType_1.cpp:17114 [autograd kernel]
E       AutogradPrivateUse2: registered at /pytorch/torch/csrc/autograd/generated/VariableType_1.cpp:17114 [autograd kernel]
E       AutogradPrivateUse3: registered at /pytorch/torch/csrc/autograd/generated/VariableType_1.cpp:17114 [autograd kernel]
E       AutogradMeta: registered at /pytorch/torch/csrc/autograd/generated/VariableType_1.cpp:17114 [autograd kernel]
E       AutogradNestedTensor: registered at /pytorch/torch/csrc/autograd/generated/VariableType_1.cpp:17114 [autograd kernel]
E       Tracer: registered at /pytorch/torch/csrc/autograd/generated/TraceType_1.cpp:16331 [kernel]
E       AutocastCPU: fallthrough registered at /pytorch/aten/src/ATen/autocast_mode.cpp:324 [backend fallback]
E       AutocastMTIA: fallthrough registered at /pytorch/aten/src/ATen/autocast_mode.cpp:468 [backend fallback]
E       AutocastMAIA: fallthrough registered at /pytorch/aten/src/ATen/autocast_mode.cpp:506 [backend fallback]
E       AutocastXPU: fallthrough registered at /pytorch/aten/src/ATen/autocast_mode.cpp:544 [backend fallback]
E       AutocastMPS: fallthrough registered at /pytorch/aten/src/ATen/autocast_mode.cpp:209 [backend fallback]
E       AutocastCUDA: fallthrough registered at /pytorch/aten/src/ATen/autocast_mode.cpp:165 [backend fallback]
E       FuncTorchBatched: registered at /pytorch/aten/src/ATen/functorch/LegacyBatchingRegistrations.cpp:731 [backend fallback]
E       BatchedNestedTensor: registered at /pytorch/aten/src/ATen/functorch/LegacyBatchingRegistrations.cpp:758 [backend fallback]
E       FuncTorchVmapMode: fallthrough registered at /pytorch/aten/src/ATen/functorch/VmapModeRegistrations.cpp:27 [backend fallback]
E       Batched: registered at /pytorch/aten/src/ATen/LegacyBatchingRegistrations.cpp:1075 [backend fallback]
E       VmapMode: fallthrough registered at /pytorch/aten/src/ATen/VmapModeRegistrations.cpp:33 [backend fallback]
E       FuncTorchGradWrapper: registered at /pytorch/aten/src/ATen/functorch/TensorWrapper.cpp:210 [backend fallback]
E       PythonTLSSnapshot: registered at /pytorch/aten/src/ATen/core/PythonFallbackKernel.cpp:202 [backend fallback]
E       FuncTorchDynamicLayerFrontMode: registered at /pytorch/aten/src/ATen/functorch/DynamicLayer.cpp:475 [backend fallback]
E       PreDispatch: registered at /pytorch/aten/src/ATen/core/PythonFallbackKernel.cpp:206 [backend fallback]
E       PythonDispatcher: registered at /pytorch/aten/src/ATen/core/PythonFallbackKernel.cpp:198 [backend fallback]

/root/miniconda/envs/python310_torch29_cuda/lib/python3.10/site-packages/torch/_ops.py:1255: NotImplementedError
_ test_conv_depthwise2d[True-dtype0-dilation0-padding0-stride0-shape_input1-shape_weight1-kernel1] _

shape_input = (18, 16, 4, 4), shape_weight = (16, 1, 2, 2), kernel = (2, 2)
stride = [1, 1], padding = [0, 0], dilation = [1, 1], dtype = torch.float32
bias = True

    @pytest.mark.conv_depthwise2d
    @pytest.mark.parametrize("shape_input, shape_weight, kernel", SHAPE_DEPTHWISE)
    @pytest.mark.parametrize("stride", [[1, 1], [2, 2]])
    @pytest.mark.parametrize("padding", [[0, 0], [1, 1]])
    @pytest.mark.parametrize("dilation", [[1, 1]])
    @pytest.mark.parametrize("dtype", [torch.float32, torch.float16])
    @pytest.mark.parametrize("bias", [True, False])
    def test_conv_depthwise2d(
        shape_input, shape_weight, kernel, stride, padding, dilation, dtype, bias
    ):
        inp = torch.randn(shape_input, dtype=dtype, device=flag_gems.device)
        ref_inp = utils.to_reference(inp, False)
        torch.backends.cudnn.allow_tf32 = False
        weight = torch.randn(shape_weight, dtype=dtype, device=flag_gems.device)
        ref_weight = utils.to_reference(weight, False)
    
        if bias:
            bias_tensor = torch.randn(shape_weight[0], dtype=dtype, device=flag_gems.device)
            ref_bias = utils.to_reference(bias_tensor, False)
        else:
            bias_tensor = None
            ref_bias = None
    
>       ref_out = torch.ops.aten._conv_depthwise2d(
            ref_inp,
            ref_weight,
            kernel,
            ref_bias,
            stride,
            padding,
            dilation,
        )

test_conv_depthwise2d.py:61: 
_ _ _ _ _ _ _ _ _ _ _ _ _ _ _ _ _ _ _ _ _ _ _ _ _ _ _ _ _ _ _ _ _ _ _ _ _ _ _ _ 

self = <OpOverloadPacket(op='aten._conv_depthwise2d')>
args = (tensor([[[[ 1.0453, -0.1575,  0.1421,  1.0839],
          [-1.3864,  0.6041,  0.3226, -0.0851],
          [-0.0640,  ... -0.8155,  0.0847,  0.3708, -1.2546, -0.4801,  1.6867, -1.4709, -0.4110],
       device='cuda:0'), [1, 1], [0, 0], ...)
kwargs = {}

    def __call__(self, /, *args: _P.args, **kwargs: _P.kwargs) -> _T:
        # overloading __call__ to ensure torch.ops.foo.bar()
        # is still callable from JIT
        # We save the function ptr as the `op` attribute on
        # OpOverloadPacket to access it here.
    
        # Directly calling OverloadPacket goes into C++, which will check
        # the schema and cause an error for torchbind op when inputs consist of FakeScriptObject so we
        # intercept it here and call TorchBindOpverload instead.
        if self._has_torchbind_op_overload and _must_dispatch_in_python(args, kwargs):
            return _call_overload_packet_from_python(self, *args, **kwargs)
>       return self._op(*args, **kwargs)
E       NotImplementedError: Could not run 'aten::_conv_depthwise2d' with arguments from the 'CPU' backend. This could be because the operator doesn't exist for this backend, or was omitted during the selective/custom build process (if using custom build). If you are a Facebook employee using PyTorch on mobile, please visit https://fburl.com/ptmfixes for possible resolutions. 'aten::_conv_depthwise2d' is only available for these backends: [CUDA, XLA, XPU, Meta, BackendSelect, Python, FuncTorchDynamicLayerBackMode, Functionalize, Named, Conjugate, Negative, ZeroTensor, ADInplaceOrView, AutogradOther, AutogradCPU, AutogradCUDA, AutogradHIP, AutogradXLA, AutogradMPS, AutogradIPU, AutogradXPU, AutogradHPU, AutogradVE, AutogradLazy, AutogradMTIA, AutogradMAIA, AutogradPrivateUse1, AutogradPrivateUse2, AutogradPrivateUse3, AutogradMeta, AutogradNestedTensor, Tracer, AutocastCPU, AutocastMTIA, AutocastMAIA, AutocastXPU, AutocastMPS, AutocastCUDA, FuncTorchBatched, BatchedNestedTensor, FuncTorchVmapMode, Batched, VmapMode, FuncTorchGradWrapper, PythonTLSSnapshot, FuncTorchDynamicLayerFrontMode, PreDispatch, PythonDispatcher].
E       
E       CUDA: registered at /home/agent/xpytorch/workspace/8ba19c15-fc11-4377-85f3-84daf8eaab09/XMLIR/python/torch_xmlir/csrc/lazy_tensor/ts_backend/ts_eager_fallback.cpp:375 [backend fallback]
E       XLA: registered at /home/agent/xpytorch/workspace/8ba19c15-fc11-4377-85f3-84daf8eaab09/XMLIR/python/torch_xmlir/csrc/lazy_tensor/ts_backend/ts_eager_fallback.cpp:364 [backend fallback]
E       XPU: registered at /home/agent/xpytorch/workspace/8ba19c15-fc11-4377-85f3-84daf8eaab09/XMLIR/python/torch_xmlir/csrc/lazy_tensor/ts_backend/ts_eager_fallback.cpp:371 [backend fallback]
E       Meta: registered at /pytorch/aten/src/ATen/core/MetaFallbackKernel.cpp:23 [backend fallback]
E       BackendSelect: fallthrough registered at /pytorch/aten/src/ATen/core/BackendSelectFallbackKernel.cpp:3 [backend fallback]
E       Python: registered at /pytorch/aten/src/ATen/core/PythonFallbackKernel.cpp:194 [backend fallback]
E       FuncTorchDynamicLayerBackMode: registered at /pytorch/aten/src/ATen/functorch/DynamicLayer.cpp:479 [backend fallback]
E       Functionalize: registered at /pytorch/aten/src/ATen/FunctionalizeFallbackKernel.cpp:387 [backend fallback]
E       Named: registered at /pytorch/aten/src/ATen/core/NamedRegistrations.cpp:7 [backend fallback]
E       Conjugate: registered at /pytorch/aten/src/ATen/ConjugateFallback.cpp:17 [backend fallback]
E       Negative: registered at /pytorch/aten/src/ATen/native/NegateFallback.cpp:18 [backend fallback]
E       ZeroTensor: registered at /pytorch/aten/src/ATen/ZeroTensorFallback.cpp:115 [backend fallback]
E       ADInplaceOrView: fallthrough registered at /pytorch/aten/src/ATen/core/VariableFallbackKernel.cpp:104 [backend fallback]
E       AutogradOther: registered at /pytorch/torch/csrc/autograd/generated/VariableType_1.cpp:17114 [autograd kernel]
E       AutogradCPU: registered at /pytorch/torch/csrc/autograd/generated/VariableType_1.cpp:17114 [autograd kernel]
E       AutogradCUDA: registered at /pytorch/torch/csrc/autograd/generated/VariableType_1.cpp:17114 [autograd kernel]
E       AutogradHIP: registered at /pytorch/torch/csrc/autograd/generated/VariableType_1.cpp:17114 [autograd kernel]
E       AutogradXLA: registered at /pytorch/torch/csrc/autograd/generated/VariableType_1.cpp:17114 [autograd kernel]
E       AutogradMPS: registered at /pytorch/torch/csrc/autograd/generated/VariableType_1.cpp:17114 [autograd kernel]
E       AutogradIPU: registered at /pytorch/torch/csrc/autograd/generated/VariableType_1.cpp:17114 [autograd kernel]
E       AutogradXPU: registered at /pytorch/torch/csrc/autograd/generated/VariableType_1.cpp:17114 [autograd kernel]
E       AutogradHPU: registered at /pytorch/torch/csrc/autograd/generated/VariableType_1.cpp:17114 [autograd kernel]
E       AutogradVE: registered at /pytorch/torch/csrc/autograd/generated/VariableType_1.cpp:17114 [autograd kernel]
E       AutogradLazy: registered at /pytorch/torch/csrc/autograd/generated/VariableType_1.cpp:17114 [autograd kernel]
E       AutogradMTIA: registered at /pytorch/torch/csrc/autograd/generated/VariableType_1.cpp:17114 [autograd kernel]
E       AutogradMAIA: registered at /pytorch/torch/csrc/autograd/generated/VariableType_1.cpp:17114 [autograd kernel]
E       AutogradPrivateUse1: registered at /pytorch/torch/csrc/autograd/generated/VariableType_1.cpp:17114 [autograd kernel]
E       AutogradPrivateUse2: registered at /pytorch/torch/csrc/autograd/generated/VariableType_1.cpp:17114 [autograd kernel]
E       AutogradPrivateUse3: registered at /pytorch/torch/csrc/autograd/generated/VariableType_1.cpp:17114 [autograd kernel]
E       AutogradMeta: registered at /pytorch/torch/csrc/autograd/generated/VariableType_1.cpp:17114 [autograd kernel]
E       AutogradNestedTensor: registered at /pytorch/torch/csrc/autograd/generated/VariableType_1.cpp:17114 [autograd kernel]
E       Tracer: registered at /pytorch/torch/csrc/autograd/generated/TraceType_1.cpp:16331 [kernel]
E       AutocastCPU: fallthrough registered at /pytorch/aten/src/ATen/autocast_mode.cpp:324 [backend fallback]
E       AutocastMTIA: fallthrough registered at /pytorch/aten/src/ATen/autocast_mode.cpp:468 [backend fallback]
E       AutocastMAIA: fallthrough registered at /pytorch/aten/src/ATen/autocast_mode.cpp:506 [backend fallback]
E       AutocastXPU: fallthrough registered at /pytorch/aten/src/ATen/autocast_mode.cpp:544 [backend fallback]
E       AutocastMPS: fallthrough registered at /pytorch/aten/src/ATen/autocast_mode.cpp:209 [backend fallback]
E       AutocastCUDA: fallthrough registered at /pytorch/aten/src/ATen/autocast_mode.cpp:165 [backend fallback]
E       FuncTorchBatched: registered at /pytorch/aten/src/ATen/functorch/LegacyBatchingRegistrations.cpp:731 [backend fallback]
E       BatchedNestedTensor: registered at /pytorch/aten/src/ATen/functorch/LegacyBatchingRegistrations.cpp:758 [backend fallback]
E       FuncTorchVmapMode: fallthrough registered at /pytorch/aten/src/ATen/functorch/VmapModeRegistrations.cpp:27 [backend fallback]
E       Batched: registered at /pytorch/aten/src/ATen/LegacyBatchingRegistrations.cpp:1075 [backend fallback]
E       VmapMode: fallthrough registered at /pytorch/aten/src/ATen/VmapModeRegistrations.cpp:33 [backend fallback]
E       FuncTorchGradWrapper: registered at /pytorch/aten/src/ATen/functorch/TensorWrapper.cpp:210 [backend fallback]
E       PythonTLSSnapshot: registered at /pytorch/aten/src/ATen/core/PythonFallbackKernel.cpp:202 [backend fallback]
E       FuncTorchDynamicLayerFrontMode: registered at /pytorch/aten/src/ATen/functorch/DynamicLayer.cpp:475 [backend fallback]
E       PreDispatch: registered at /pytorch/aten/src/ATen/core/PythonFallbackKernel.cpp:206 [backend fallback]
E       PythonDispatcher: registered at /pytorch/aten/src/ATen/core/PythonFallbackKernel.cpp:198 [backend fallback]

/root/miniconda/envs/python310_torch29_cuda/lib/python3.10/site-packages/torch/_ops.py:1255: NotImplementedError
_ test_conv_depthwise2d[True-dtype0-dilation0-padding0-stride1-shape_input0-shape_weight0-kernel0] _

shape_input = (32, 4, 8, 8), shape_weight = (32, 1, 2, 2), kernel = (2, 2)
stride = [2, 2], padding = [0, 0], dilation = [1, 1], dtype = torch.float32
bias = True

    @pytest.mark.conv_depthwise2d
    @pytest.mark.parametrize("shape_input, shape_weight, kernel", SHAPE_DEPTHWISE)
    @pytest.mark.parametrize("stride", [[1, 1], [2, 2]])
    @pytest.mark.parametrize("padding", [[0, 0], [1, 1]])
    @pytest.mark.parametrize("dilation", [[1, 1]])
    @pytest.mark.parametrize("dtype", [torch.float32, torch.float16])
    @pytest.mark.parametrize("bias", [True, False])
    def test_conv_depthwise2d(
        shape_input, shape_weight, kernel, stride, padding, dilation, dtype, bias
    ):
        inp = torch.randn(shape_input, dtype=dtype, device=flag_gems.device)
        ref_inp = utils.to_reference(inp, False)
        torch.backends.cudnn.allow_tf32 = False
        weight = torch.randn(shape_weight, dtype=dtype, device=flag_gems.device)
        ref_weight = utils.to_reference(weight, False)
    
        if bias:
            bias_tensor = torch.randn(shape_weight[0], dtype=dtype, device=flag_gems.device)
            ref_bias = utils.to_reference(bias_tensor, False)
        else:
            bias_tensor = None
            ref_bias = None
    
>       ref_out = torch.ops.aten._conv_depthwise2d(
            ref_inp,
            ref_weight,
            kernel,
            ref_bias,
            stride,
            padding,
            dilation,
        )

test_conv_depthwise2d.py:61: 
_ _ _ _ _ _ _ _ _ _ _ _ _ _ _ _ _ _ _ _ _ _ _ _ _ _ _ _ _ _ _ _ _ _ _ _ _ _ _ _ 

self = <OpOverloadPacket(op='aten._conv_depthwise2d')>
args = (tensor([[[[-8.6720e-01,  9.0995e-01, -1.8500e-01,  ..., -4.0407e-01,
           -1.8175e-01,  5.0950e-01],
          ... -1.7177, -1.1128, -1.7809, -0.6619, -0.9501, -0.8138,  1.2035,  0.6340],
       device='cuda:0'), [2, 2], [0, 0], ...)
kwargs = {}

    def __call__(self, /, *args: _P.args, **kwargs: _P.kwargs) -> _T:
        # overloading __call__ to ensure torch.ops.foo.bar()
        # is still callable from JIT
        # We save the function ptr as the `op` attribute on
        # OpOverloadPacket to access it here.
    
        # Directly calling OverloadPacket goes into C++, which will check
        # the schema and cause an error for torchbind op when inputs consist of FakeScriptObject so we
        # intercept it here and call TorchBindOpverload instead.
        if self._has_torchbind_op_overload and _must_dispatch_in_python(args, kwargs):
            return _call_overload_packet_from_python(self, *args, **kwargs)
>       return self._op(*args, **kwargs)
E       NotImplementedError: Could not run 'aten::_conv_depthwise2d' with arguments from the 'CPU' backend. This could be because the operator doesn't exist for this backend, or was omitted during the selective/custom build process (if using custom build). If you are a Facebook employee using PyTorch on mobile, please visit https://fburl.com/ptmfixes for possible resolutions. 'aten::_conv_depthwise2d' is only available for these backends: [CUDA, XLA, XPU, Meta, BackendSelect, Python, FuncTorchDynamicLayerBackMode, Functionalize, Named, Conjugate, Negative, ZeroTensor, ADInplaceOrView, AutogradOther, AutogradCPU, AutogradCUDA, AutogradHIP, AutogradXLA, AutogradMPS, AutogradIPU, AutogradXPU, AutogradHPU, AutogradVE, AutogradLazy, AutogradMTIA, AutogradMAIA, AutogradPrivateUse1, AutogradPrivateUse2, AutogradPrivateUse3, AutogradMeta, AutogradNestedTensor, Tracer, AutocastCPU, AutocastMTIA, AutocastMAIA, AutocastXPU, AutocastMPS, AutocastCUDA, FuncTorchBatched, BatchedNestedTensor, FuncTorchVmapMode, Batched, VmapMode, FuncTorchGradWrapper, PythonTLSSnapshot, FuncTorchDynamicLayerFrontMode, PreDispatch, PythonDispatcher].
E       
E       CUDA: registered at /home/agent/xpytorch/workspace/8ba19c15-fc11-4377-85f3-84daf8eaab09/XMLIR/python/torch_xmlir/csrc/lazy_tensor/ts_backend/ts_eager_fallback.cpp:375 [backend fallback]
E       XLA: registered at /home/agent/xpytorch/workspace/8ba19c15-fc11-4377-85f3-84daf8eaab09/XMLIR/python/torch_xmlir/csrc/lazy_tensor/ts_backend/ts_eager_fallback.cpp:364 [backend fallback]
E       XPU: registered at /home/agent/xpytorch/workspace/8ba19c15-fc11-4377-85f3-84daf8eaab09/XMLIR/python/torch_xmlir/csrc/lazy_tensor/ts_backend/ts_eager_fallback.cpp:371 [backend fallback]
E       Meta: registered at /pytorch/aten/src/ATen/core/MetaFallbackKernel.cpp:23 [backend fallback]
E       BackendSelect: fallthrough registered at /pytorch/aten/src/ATen/core/BackendSelectFallbackKernel.cpp:3 [backend fallback]
E       Python: registered at /pytorch/aten/src/ATen/core/PythonFallbackKernel.cpp:194 [backend fallback]
E       FuncTorchDynamicLayerBackMode: registered at /pytorch/aten/src/ATen/functorch/DynamicLayer.cpp:479 [backend fallback]
E       Functionalize: registered at /pytorch/aten/src/ATen/FunctionalizeFallbackKernel.cpp:387 [backend fallback]
E       Named: registered at /pytorch/aten/src/ATen/core/NamedRegistrations.cpp:7 [backend fallback]
E       Conjugate: registered at /pytorch/aten/src/ATen/ConjugateFallback.cpp:17 [backend fallback]
E       Negative: registered at /pytorch/aten/src/ATen/native/NegateFallback.cpp:18 [backend fallback]
E       ZeroTensor: registered at /pytorch/aten/src/ATen/ZeroTensorFallback.cpp:115 [backend fallback]
E       ADInplaceOrView: fallthrough registered at /pytorch/aten/src/ATen/core/VariableFallbackKernel.cpp:104 [backend fallback]
E       AutogradOther: registered at /pytorch/torch/csrc/autograd/generated/VariableType_1.cpp:17114 [autograd kernel]
E       AutogradCPU: registered at /pytorch/torch/csrc/autograd/generated/VariableType_1.cpp:17114 [autograd kernel]
E       AutogradCUDA: registered at /pytorch/torch/csrc/autograd/generated/VariableType_1.cpp:17114 [autograd kernel]
E       AutogradHIP: registered at /pytorch/torch/csrc/autograd/generated/VariableType_1.cpp:17114 [autograd kernel]
E       AutogradXLA: registered at /pytorch/torch/csrc/autograd/generated/VariableType_1.cpp:17114 [autograd kernel]
E       AutogradMPS: registered at /pytorch/torch/csrc/autograd/generated/VariableType_1.cpp:17114 [autograd kernel]
E       AutogradIPU: registered at /pytorch/torch/csrc/autograd/generated/VariableType_1.cpp:17114 [autograd kernel]
E       AutogradXPU: registered at /pytorch/torch/csrc/autograd/generated/VariableType_1.cpp:17114 [autograd kernel]
E       AutogradHPU: registered at /pytorch/torch/csrc/autograd/generated/VariableType_1.cpp:17114 [autograd kernel]
E       AutogradVE: registered at /pytorch/torch/csrc/autograd/generated/VariableType_1.cpp:17114 [autograd kernel]
E       AutogradLazy: registered at /pytorch/torch/csrc/autograd/generated/VariableType_1.cpp:17114 [autograd kernel]
E       AutogradMTIA: registered at /pytorch/torch/csrc/autograd/generated/VariableType_1.cpp:17114 [autograd kernel]
E       AutogradMAIA: registered at /pytorch/torch/csrc/autograd/generated/VariableType_1.cpp:17114 [autograd kernel]
E       AutogradPrivateUse1: registered at /pytorch/torch/csrc/autograd/generated/VariableType_1.cpp:17114 [autograd kernel]
E       AutogradPrivateUse2: registered at /pytorch/torch/csrc/autograd/generated/VariableType_1.cpp:17114 [autograd kernel]
E       AutogradPrivateUse3: registered at /pytorch/torch/csrc/autograd/generated/VariableType_1.cpp:17114 [autograd kernel]
E       AutogradMeta: registered at /pytorch/torch/csrc/autograd/generated/VariableType_1.cpp:17114 [autograd kernel]
E       AutogradNestedTensor: registered at /pytorch/torch/csrc/autograd/generated/VariableType_1.cpp:17114 [autograd kernel]
E       Tracer: registered at /pytorch/torch/csrc/autograd/generated/TraceType_1.cpp:16331 [kernel]
E       AutocastCPU: fallthrough registered at /pytorch/aten/src/ATen/autocast_mode.cpp:324 [backend fallback]
E       AutocastMTIA: fallthrough registered at /pytorch/aten/src/ATen/autocast_mode.cpp:468 [backend fallback]
E       AutocastMAIA: fallthrough registered at /pytorch/aten/src/ATen/autocast_mode.cpp:506 [backend fallback]
E       AutocastXPU: fallthrough registered at /pytorch/aten/src/ATen/autocast_mode.cpp:544 [backend fallback]
E       AutocastMPS: fallthrough registered at /pytorch/aten/src/ATen/autocast_mode.cpp:209 [backend fallback]
E       AutocastCUDA: fallthrough registered at /pytorch/aten/src/ATen/autocast_mode.cpp:165 [backend fallback]
E       FuncTorchBatched: registered at /pytorch/aten/src/ATen/functorch/LegacyBatchingRegistrations.cpp:731 [backend fallback]
E       BatchedNestedTensor: registered at /pytorch/aten/src/ATen/functorch/LegacyBatchingRegistrations.cpp:758 [backend fallback]
E       FuncTorchVmapMode: fallthrough registered at /pytorch/aten/src/ATen/functorch/VmapModeRegistrations.cpp:27 [backend fallback]
E       Batched: registered at /pytorch/aten/src/ATen/LegacyBatchingRegistrations.cpp:1075 [backend fallback]
E       VmapMode: fallthrough registered at /pytorch/aten/src/ATen/VmapModeRegistrations.cpp:33 [backend fallback]
E       FuncTorchGradWrapper: registered at /pytorch/aten/src/ATen/functorch/TensorWrapper.cpp:210 [backend fallback]
E       PythonTLSSnapshot: registered at /pytorch/aten/src/ATen/core/PythonFallbackKernel.cpp:202 [backend fallback]
E       FuncTorchDynamicLayerFrontMode: registered at /pytorch/aten/src/ATen/functorch/DynamicLayer.cpp:475 [backend fallback]
E       PreDispatch: registered at /pytorch/aten/src/ATen/core/PythonFallbackKernel.cpp:206 [backend fallback]
E       PythonDispatcher: registered at /pytorch/aten/src/ATen/core/PythonFallbackKernel.cpp:198 [backend fallback]

/root/miniconda/envs/python310_torch29_cuda/lib/python3.10/site-packages/torch/_ops.py:1255: NotImplementedError
_ test_conv_depthwise2d[True-dtype0-dilation0-padding0-stride1-shape_input1-shape_weight1-kernel1] _

shape_input = (18, 16, 4, 4), shape_weight = (16, 1, 2, 2), kernel = (2, 2)
stride = [2, 2], padding = [0, 0], dilation = [1, 1], dtype = torch.float32
bias = True

    @pytest.mark.conv_depthwise2d
    @pytest.mark.parametrize("shape_input, shape_weight, kernel", SHAPE_DEPTHWISE)
    @pytest.mark.parametrize("stride", [[1, 1], [2, 2]])
    @pytest.mark.parametrize("padding", [[0, 0], [1, 1]])
    @pytest.mark.parametrize("dilation", [[1, 1]])
    @pytest.mark.parametrize("dtype", [torch.float32, torch.float16])
    @pytest.mark.parametrize("bias", [True, False])
    def test_conv_depthwise2d(
        shape_input, shape_weight, kernel, stride, padding, dilation, dtype, bias
    ):
        inp = torch.randn(shape_input, dtype=dtype, device=flag_gems.device)
        ref_inp = utils.to_reference(inp, False)
        torch.backends.cudnn.allow_tf32 = False
        weight = torch.randn(shape_weight, dtype=dtype, device=flag_gems.device)
        ref_weight = utils.to_reference(weight, False)
    
        if bias:
            bias_tensor = torch.randn(shape_weight[0], dtype=dtype, device=flag_gems.device)
            ref_bias = utils.to_reference(bias_tensor, False)
        else:
            bias_tensor = None
            ref_bias = None
    
>       ref_out = torch.ops.aten._conv_depthwise2d(
            ref_inp,
            ref_weight,
            kernel,
            ref_bias,
            stride,
            padding,
            dilation,
        )

test_conv_depthwise2d.py:61: 
_ _ _ _ _ _ _ _ _ _ _ _ _ _ _ _ _ _ _ _ _ _ _ _ _ _ _ _ _ _ _ _ _ _ _ _ _ _ _ _ 

self = <OpOverloadPacket(op='aten._conv_depthwise2d')>
args = (tensor([[[[-3.4812e-01,  1.3114e+00,  1.5181e+00,  1.0476e+00],
          [-7.7135e-01,  1.7197e+00,  8.7433e-01,  9....  0.2577, -0.1673, -1.8215,  1.5851,  0.3916, -0.5159, -0.0724,  0.7663],
       device='cuda:0'), [2, 2], [0, 0], ...)
kwargs = {}

    def __call__(self, /, *args: _P.args, **kwargs: _P.kwargs) -> _T:
        # overloading __call__ to ensure torch.ops.foo.bar()
        # is still callable from JIT
        # We save the function ptr as the `op` attribute on
        # OpOverloadPacket to access it here.
    
        # Directly calling OverloadPacket goes into C++, which will check
        # the schema and cause an error for torchbind op when inputs consist of FakeScriptObject so we
        # intercept it here and call TorchBindOpverload instead.
        if self._has_torchbind_op_overload and _must_dispatch_in_python(args, kwargs):
            return _call_overload_packet_from_python(self, *args, **kwargs)
>       return self._op(*args, **kwargs)
E       NotImplementedError: Could not run 'aten::_conv_depthwise2d' with arguments from the 'CPU' backend. This could be because the operator doesn't exist for this backend, or was omitted during the selective/custom build process (if using custom build). If you are a Facebook employee using PyTorch on mobile, please visit https://fburl.com/ptmfixes for possible resolutions. 'aten::_conv_depthwise2d' is only available for these backends: [CUDA, XLA, XPU, Meta, BackendSelect, Python, FuncTorchDynamicLayerBackMode, Functionalize, Named, Conjugate, Negative, ZeroTensor, ADInplaceOrView, AutogradOther, AutogradCPU, AutogradCUDA, AutogradHIP, AutogradXLA, AutogradMPS, AutogradIPU, AutogradXPU, AutogradHPU, AutogradVE, AutogradLazy, AutogradMTIA, AutogradMAIA, AutogradPrivateUse1, AutogradPrivateUse2, AutogradPrivateUse3, AutogradMeta, AutogradNestedTensor, Tracer, AutocastCPU, AutocastMTIA, AutocastMAIA, AutocastXPU, AutocastMPS, AutocastCUDA, FuncTorchBatched, BatchedNestedTensor, FuncTorchVmapMode, Batched, VmapMode, FuncTorchGradWrapper, PythonTLSSnapshot, FuncTorchDynamicLayerFrontMode, PreDispatch, PythonDispatcher].
E       
E       CUDA: registered at /home/agent/xpytorch/workspace/8ba19c15-fc11-4377-85f3-84daf8eaab09/XMLIR/python/torch_xmlir/csrc/lazy_tensor/ts_backend/ts_eager_fallback.cpp:375 [backend fallback]
E       XLA: registered at /home/agent/xpytorch/workspace/8ba19c15-fc11-4377-85f3-84daf8eaab09/XMLIR/python/torch_xmlir/csrc/lazy_tensor/ts_backend/ts_eager_fallback.cpp:364 [backend fallback]
E       XPU: registered at /home/agent/xpytorch/workspace/8ba19c15-fc11-4377-85f3-84daf8eaab09/XMLIR/python/torch_xmlir/csrc/lazy_tensor/ts_backend/ts_eager_fallback.cpp:371 [backend fallback]
E       Meta: registered at /pytorch/aten/src/ATen/core/MetaFallbackKernel.cpp:23 [backend fallback]
E       BackendSelect: fallthrough registered at /pytorch/aten/src/ATen/core/BackendSelectFallbackKernel.cpp:3 [backend fallback]
E       Python: registered at /pytorch/aten/src/ATen/core/PythonFallbackKernel.cpp:194 [backend fallback]
E       FuncTorchDynamicLayerBackMode: registered at /pytorch/aten/src/ATen/functorch/DynamicLayer.cpp:479 [backend fallback]
E       Functionalize: registered at /pytorch/aten/src/ATen/FunctionalizeFallbackKernel.cpp:387 [backend fallback]
E       Named: registered at /pytorch/aten/src/ATen/core/NamedRegistrations.cpp:7 [backend fallback]
E       Conjugate: registered at /pytorch/aten/src/ATen/ConjugateFallback.cpp:17 [backend fallback]
E       Negative: registered at /pytorch/aten/src/ATen/native/NegateFallback.cpp:18 [backend fallback]
E       ZeroTensor: registered at /pytorch/aten/src/ATen/ZeroTensorFallback.cpp:115 [backend fallback]
E       ADInplaceOrView: fallthrough registered at /pytorch/aten/src/ATen/core/VariableFallbackKernel.cpp:104 [backend fallback]
E       AutogradOther: registered at /pytorch/torch/csrc/autograd/generated/VariableType_1.cpp:17114 [autograd kernel]
E       AutogradCPU: registered at /pytorch/torch/csrc/autograd/generated/VariableType_1.cpp:17114 [autograd kernel]
E       AutogradCUDA: registered at /pytorch/torch/csrc/autograd/generated/VariableType_1.cpp:17114 [autograd kernel]
E       AutogradHIP: registered at /pytorch/torch/csrc/autograd/generated/VariableType_1.cpp:17114 [autograd kernel]
E       AutogradXLA: registered at /pytorch/torch/csrc/autograd/generated/VariableType_1.cpp:17114 [autograd kernel]
E       AutogradMPS: registered at /pytorch/torch/csrc/autograd/generated/VariableType_1.cpp:17114 [autograd kernel]
E       AutogradIPU: registered at /pytorch/torch/csrc/autograd/generated/VariableType_1.cpp:17114 [autograd kernel]
E       AutogradXPU: registered at /pytorch/torch/csrc/autograd/generated/VariableType_1.cpp:17114 [autograd kernel]
E       AutogradHPU: registered at /pytorch/torch/csrc/autograd/generated/VariableType_1.cpp:17114 [autograd kernel]
E       AutogradVE: registered at /pytorch/torch/csrc/autograd/generated/VariableType_1.cpp:17114 [autograd kernel]
E       AutogradLazy: registered at /pytorch/torch/csrc/autograd/generated/VariableType_1.cpp:17114 [autograd kernel]
E       AutogradMTIA: registered at /pytorch/torch/csrc/autograd/generated/VariableType_1.cpp:17114 [autograd kernel]
E       AutogradMAIA: registered at /pytorch/torch/csrc/autograd/generated/VariableType_1.cpp:17114 [autograd kernel]
E       AutogradPrivateUse1: registered at /pytorch/torch/csrc/autograd/generated/VariableType_1.cpp:17114 [autograd kernel]
E       AutogradPrivateUse2: registered at /pytorch/torch/csrc/autograd/generated/VariableType_1.cpp:17114 [autograd kernel]
E       AutogradPrivateUse3: registered at /pytorch/torch/csrc/autograd/generated/VariableType_1.cpp:17114 [autograd kernel]
E       AutogradMeta: registered at /pytorch/torch/csrc/autograd/generated/VariableType_1.cpp:17114 [autograd kernel]
E       AutogradNestedTensor: registered at /pytorch/torch/csrc/autograd/generated/VariableType_1.cpp:17114 [autograd kernel]
E       Tracer: registered at /pytorch/torch/csrc/autograd/generated/TraceType_1.cpp:16331 [kernel]
E       AutocastCPU: fallthrough registered at /pytorch/aten/src/ATen/autocast_mode.cpp:324 [backend fallback]
E       AutocastMTIA: fallthrough registered at /pytorch/aten/src/ATen/autocast_mode.cpp:468 [backend fallback]
E       AutocastMAIA: fallthrough registered at /pytorch/aten/src/ATen/autocast_mode.cpp:506 [backend fallback]
E       AutocastXPU: fallthrough registered at /pytorch/aten/src/ATen/autocast_mode.cpp:544 [backend fallback]
E       AutocastMPS: fallthrough registered at /pytorch/aten/src/ATen/autocast_mode.cpp:209 [backend fallback]
E       AutocastCUDA: fallthrough registered at /pytorch/aten/src/ATen/autocast_mode.cpp:165 [backend fallback]
E       FuncTorchBatched: registered at /pytorch/aten/src/ATen/functorch/LegacyBatchingRegistrations.cpp:731 [backend fallback]
E       BatchedNestedTensor: registered at /pytorch/aten/src/ATen/functorch/LegacyBatchingRegistrations.cpp:758 [backend fallback]
E       FuncTorchVmapMode: fallthrough registered at /pytorch/aten/src/ATen/functorch/VmapModeRegistrations.cpp:27 [backend fallback]
E       Batched: registered at /pytorch/aten/src/ATen/LegacyBatchingRegistrations.cpp:1075 [backend fallback]
E       VmapMode: fallthrough registered at /pytorch/aten/src/ATen/VmapModeRegistrations.cpp:33 [backend fallback]
E       FuncTorchGradWrapper: registered at /pytorch/aten/src/ATen/functorch/TensorWrapper.cpp:210 [backend fallback]
E       PythonTLSSnapshot: registered at /pytorch/aten/src/ATen/core/PythonFallbackKernel.cpp:202 [backend fallback]
E       FuncTorchDynamicLayerFrontMode: registered at /pytorch/aten/src/ATen/functorch/DynamicLayer.cpp:475 [backend fallback]
E       PreDispatch: registered at /pytorch/aten/src/ATen/core/PythonFallbackKernel.cpp:206 [backend fallback]
E       PythonDispatcher: registered at /pytorch/aten/src/ATen/core/PythonFallbackKernel.cpp:198 [backend fallback]

/root/miniconda/envs/python310_torch29_cuda/lib/python3.10/site-packages/torch/_ops.py:1255: NotImplementedError
_ test_conv_depthwise2d[True-dtype0-dilation0-padding1-stride0-shape_input0-shape_weight0-kernel0] _

shape_input = (32, 4, 8, 8), shape_weight = (32, 1, 2, 2), kernel = (2, 2)
stride = [1, 1], padding = [1, 1], dilation = [1, 1], dtype = torch.float32
bias = True

    @pytest.mark.conv_depthwise2d
    @pytest.mark.parametrize("shape_input, shape_weight, kernel", SHAPE_DEPTHWISE)
    @pytest.mark.parametrize("stride", [[1, 1], [2, 2]])
    @pytest.mark.parametrize("padding", [[0, 0], [1, 1]])
    @pytest.mark.parametrize("dilation", [[1, 1]])
    @pytest.mark.parametrize("dtype", [torch.float32, torch.float16])
    @pytest.mark.parametrize("bias", [True, False])
    def test_conv_depthwise2d(
        shape_input, shape_weight, kernel, stride, padding, dilation, dtype, bias
    ):
        inp = torch.randn(shape_input, dtype=dtype, device=flag_gems.device)
        ref_inp = utils.to_reference(inp, False)
        torch.backends.cudnn.allow_tf32 = False
        weight = torch.randn(shape_weight, dtype=dtype, device=flag_gems.device)
        ref_weight = utils.to_reference(weight, False)
    
        if bias:
            bias_tensor = torch.randn(shape_weight[0], dtype=dtype, device=flag_gems.device)
            ref_bias = utils.to_reference(bias_tensor, False)
        else:
            bias_tensor = None
            ref_bias = None
    
>       ref_out = torch.ops.aten._conv_depthwise2d(
            ref_inp,
            ref_weight,
            kernel,
            ref_bias,
            stride,
            padding,
            dilation,
        )

test_conv_depthwise2d.py:61: 
_ _ _ _ _ _ _ _ _ _ _ _ _ _ _ _ _ _ _ _ _ _ _ _ _ _ _ _ _ _ _ _ _ _ _ _ _ _ _ _ 

self = <OpOverloadPacket(op='aten._conv_depthwise2d')>
args = (tensor([[[[-1.2548e+00, -3.3347e-01,  9.6711e-01,  ...,  1.0171e+00,
           -8.6516e-02,  2.4774e-03],
          ... -0.6778,  0.9926,  1.9978,  0.5837, -0.5804,  0.5121,  1.4511, -0.5533],
       device='cuda:0'), [1, 1], [1, 1], ...)
kwargs = {}

    def __call__(self, /, *args: _P.args, **kwargs: _P.kwargs) -> _T:
        # overloading __call__ to ensure torch.ops.foo.bar()
        # is still callable from JIT
        # We save the function ptr as the `op` attribute on
        # OpOverloadPacket to access it here.
    
        # Directly calling OverloadPacket goes into C++, which will check
        # the schema and cause an error for torchbind op when inputs consist of FakeScriptObject so we
        # intercept it here and call TorchBindOpverload instead.
        if self._has_torchbind_op_overload and _must_dispatch_in_python(args, kwargs):
            return _call_overload_packet_from_python(self, *args, **kwargs)
>       return self._op(*args, **kwargs)
E       NotImplementedError: Could not run 'aten::_conv_depthwise2d' with arguments from the 'CPU' backend. This could be because the operator doesn't exist for this backend, or was omitted during the selective/custom build process (if using custom build). If you are a Facebook employee using PyTorch on mobile, please visit https://fburl.com/ptmfixes for possible resolutions. 'aten::_conv_depthwise2d' is only available for these backends: [CUDA, XLA, XPU, Meta, BackendSelect, Python, FuncTorchDynamicLayerBackMode, Functionalize, Named, Conjugate, Negative, ZeroTensor, ADInplaceOrView, AutogradOther, AutogradCPU, AutogradCUDA, AutogradHIP, AutogradXLA, AutogradMPS, AutogradIPU, AutogradXPU, AutogradHPU, AutogradVE, AutogradLazy, AutogradMTIA, AutogradMAIA, AutogradPrivateUse1, AutogradPrivateUse2, AutogradPrivateUse3, AutogradMeta, AutogradNestedTensor, Tracer, AutocastCPU, AutocastMTIA, AutocastMAIA, AutocastXPU, AutocastMPS, AutocastCUDA, FuncTorchBatched, BatchedNestedTensor, FuncTorchVmapMode, Batched, VmapMode, FuncTorchGradWrapper, PythonTLSSnapshot, FuncTorchDynamicLayerFrontMode, PreDispatch, PythonDispatcher].
E       
E       CUDA: registered at /home/agent/xpytorch/workspace/8ba19c15-fc11-4377-85f3-84daf8eaab09/XMLIR/python/torch_xmlir/csrc/lazy_tensor/ts_backend/ts_eager_fallback.cpp:375 [backend fallback]
E       XLA: registered at /home/agent/xpytorch/workspace/8ba19c15-fc11-4377-85f3-84daf8eaab09/XMLIR/python/torch_xmlir/csrc/lazy_tensor/ts_backend/ts_eager_fallback.cpp:364 [backend fallback]
E       XPU: registered at /home/agent/xpytorch/workspace/8ba19c15-fc11-4377-85f3-84daf8eaab09/XMLIR/python/torch_xmlir/csrc/lazy_tensor/ts_backend/ts_eager_fallback.cpp:371 [backend fallback]
E       Meta: registered at /pytorch/aten/src/ATen/core/MetaFallbackKernel.cpp:23 [backend fallback]
E       BackendSelect: fallthrough registered at /pytorch/aten/src/ATen/core/BackendSelectFallbackKernel.cpp:3 [backend fallback]
E       Python: registered at /pytorch/aten/src/ATen/core/PythonFallbackKernel.cpp:194 [backend fallback]
E       FuncTorchDynamicLayerBackMode: registered at /pytorch/aten/src/ATen/functorch/DynamicLayer.cpp:479 [backend fallback]
E       Functionalize: registered at /pytorch/aten/src/ATen/FunctionalizeFallbackKernel.cpp:387 [backend fallback]
E       Named: registered at /pytorch/aten/src/ATen/core/NamedRegistrations.cpp:7 [backend fallback]
E       Conjugate: registered at /pytorch/aten/src/ATen/ConjugateFallback.cpp:17 [backend fallback]
E       Negative: registered at /pytorch/aten/src/ATen/native/NegateFallback.cpp:18 [backend fallback]
E       ZeroTensor: registered at /pytorch/aten/src/ATen/ZeroTensorFallback.cpp:115 [backend fallback]
E       ADInplaceOrView: fallthrough registered at /pytorch/aten/src/ATen/core/VariableFallbackKernel.cpp:104 [backend fallback]
E       AutogradOther: registered at /pytorch/torch/csrc/autograd/generated/VariableType_1.cpp:17114 [autograd kernel]
E       AutogradCPU: registered at /pytorch/torch/csrc/autograd/generated/VariableType_1.cpp:17114 [autograd kernel]
E       AutogradCUDA: registered at /pytorch/torch/csrc/autograd/generated/VariableType_1.cpp:17114 [autograd kernel]
E       AutogradHIP: registered at /pytorch/torch/csrc/autograd/generated/VariableType_1.cpp:17114 [autograd kernel]
E       AutogradXLA: registered at /pytorch/torch/csrc/autograd/generated/VariableType_1.cpp:17114 [autograd kernel]
E       AutogradMPS: registered at /pytorch/torch/csrc/autograd/generated/VariableType_1.cpp:17114 [autograd kernel]
E       AutogradIPU: registered at /pytorch/torch/csrc/autograd/generated/VariableType_1.cpp:17114 [autograd kernel]
E       AutogradXPU: registered at /pytorch/torch/csrc/autograd/generated/VariableType_1.cpp:17114 [autograd kernel]
E       AutogradHPU: registered at /pytorch/torch/csrc/autograd/generated/VariableType_1.cpp:17114 [autograd kernel]
E       AutogradVE: registered at /pytorch/torch/csrc/autograd/generated/VariableType_1.cpp:17114 [autograd kernel]
E       AutogradLazy: registered at /pytorch/torch/csrc/autograd/generated/VariableType_1.cpp:17114 [autograd kernel]
E       AutogradMTIA: registered at /pytorch/torch/csrc/autograd/generated/VariableType_1.cpp:17114 [autograd kernel]
E       AutogradMAIA: registered at /pytorch/torch/csrc/autograd/generated/VariableType_1.cpp:17114 [autograd kernel]
E       AutogradPrivateUse1: registered at /pytorch/torch/csrc/autograd/generated/VariableType_1.cpp:17114 [autograd kernel]
E       AutogradPrivateUse2: registered at /pytorch/torch/csrc/autograd/generated/VariableType_1.cpp:17114 [autograd kernel]
E       AutogradPrivateUse3: registered at /pytorch/torch/csrc/autograd/generated/VariableType_1.cpp:17114 [autograd kernel]
E       AutogradMeta: registered at /pytorch/torch/csrc/autograd/generated/VariableType_1.cpp:17114 [autograd kernel]
E       AutogradNestedTensor: registered at /pytorch/torch/csrc/autograd/generated/VariableType_1.cpp:17114 [autograd kernel]
E       Tracer: registered at /pytorch/torch/csrc/autograd/generated/TraceType_1.cpp:16331 [kernel]
E       AutocastCPU: fallthrough registered at /pytorch/aten/src/ATen/autocast_mode.cpp:324 [backend fallback]
E       AutocastMTIA: fallthrough registered at /pytorch/aten/src/ATen/autocast_mode.cpp:468 [backend fallback]
E       AutocastMAIA: fallthrough registered at /pytorch/aten/src/ATen/autocast_mode.cpp:506 [backend fallback]
E       AutocastXPU: fallthrough registered at /pytorch/aten/src/ATen/autocast_mode.cpp:544 [backend fallback]
E       AutocastMPS: fallthrough registered at /pytorch/aten/src/ATen/autocast_mode.cpp:209 [backend fallback]
E       AutocastCUDA: fallthrough registered at /pytorch/aten/src/ATen/autocast_mode.cpp:165 [backend fallback]
E       FuncTorchBatched: registered at /pytorch/aten/src/ATen/functorch/LegacyBatchingRegistrations.cpp:731 [backend fallback]
E       BatchedNestedTensor: registered at /pytorch/aten/src/ATen/functorch/LegacyBatchingRegistrations.cpp:758 [backend fallback]
E       FuncTorchVmapMode: fallthrough registered at /pytorch/aten/src/ATen/functorch/VmapModeRegistrations.cpp:27 [backend fallback]
E       Batched: registered at /pytorch/aten/src/ATen/LegacyBatchingRegistrations.cpp:1075 [backend fallback]
E       VmapMode: fallthrough registered at /pytorch/aten/src/ATen/VmapModeRegistrations.cpp:33 [backend fallback]
E       FuncTorchGradWrapper: registered at /pytorch/aten/src/ATen/functorch/TensorWrapper.cpp:210 [backend fallback]
E       PythonTLSSnapshot: registered at /pytorch/aten/src/ATen/core/PythonFallbackKernel.cpp:202 [backend fallback]
E       FuncTorchDynamicLayerFrontMode: registered at /pytorch/aten/src/ATen/functorch/DynamicLayer.cpp:475 [backend fallback]
E       PreDispatch: registered at /pytorch/aten/src/ATen/core/PythonFallbackKernel.cpp:206 [backend fallback]
E       PythonDispatcher: registered at /pytorch/aten/src/ATen/core/PythonFallbackKernel.cpp:198 [backend fallback]

/root/miniconda/envs/python310_torch29_cuda/lib/python3.10/site-packages/torch/_ops.py:1255: NotImplementedError
_ test_conv_depthwise2d[True-dtype0-dilation0-padding1-stride0-shape_input1-shape_weight1-kernel1] _

shape_input = (18, 16, 4, 4), shape_weight = (16, 1, 2, 2), kernel = (2, 2)
stride = [1, 1], padding = [1, 1], dilation = [1, 1], dtype = torch.float32
bias = True

    @pytest.mark.conv_depthwise2d
    @pytest.mark.parametrize("shape_input, shape_weight, kernel", SHAPE_DEPTHWISE)
    @pytest.mark.parametrize("stride", [[1, 1], [2, 2]])
    @pytest.mark.parametrize("padding", [[0, 0], [1, 1]])
    @pytest.mark.parametrize("dilation", [[1, 1]])
    @pytest.mark.parametrize("dtype", [torch.float32, torch.float16])
    @pytest.mark.parametrize("bias", [True, False])
    def test_conv_depthwise2d(
        shape_input, shape_weight, kernel, stride, padding, dilation, dtype, bias
    ):
        inp = torch.randn(shape_input, dtype=dtype, device=flag_gems.device)
        ref_inp = utils.to_reference(inp, False)
        torch.backends.cudnn.allow_tf32 = False
        weight = torch.randn(shape_weight, dtype=dtype, device=flag_gems.device)
        ref_weight = utils.to_reference(weight, False)
    
        if bias:
            bias_tensor = torch.randn(shape_weight[0], dtype=dtype, device=flag_gems.device)
            ref_bias = utils.to_reference(bias_tensor, False)
        else:
            bias_tensor = None
            ref_bias = None
    
>       ref_out = torch.ops.aten._conv_depthwise2d(
            ref_inp,
            ref_weight,
            kernel,
            ref_bias,
            stride,
            padding,
            dilation,
        )

test_conv_depthwise2d.py:61: 
_ _ _ _ _ _ _ _ _ _ _ _ _ _ _ _ _ _ _ _ _ _ _ _ _ _ _ _ _ _ _ _ _ _ _ _ _ _ _ _ 

self = <OpOverloadPacket(op='aten._conv_depthwise2d')>
args = (tensor([[[[ 1.1571e+00, -1.7555e+00,  1.5120e+00,  7.7460e-01],
          [-1.0419e+00, -3.0003e-01, -4.8119e-01, -1....  0.5894, -0.7854,  0.3040,  1.7367,  0.2056,  0.7264,  0.4100, -1.4017],
       device='cuda:0'), [1, 1], [1, 1], ...)
kwargs = {}

    def __call__(self, /, *args: _P.args, **kwargs: _P.kwargs) -> _T:
        # overloading __call__ to ensure torch.ops.foo.bar()
        # is still callable from JIT
        # We save the function ptr as the `op` attribute on
        # OpOverloadPacket to access it here.
    
        # Directly calling OverloadPacket goes into C++, which will check
        # the schema and cause an error for torchbind op when inputs consist of FakeScriptObject so we
        # intercept it here and call TorchBindOpverload instead.
        if self._has_torchbind_op_overload and _must_dispatch_in_python(args, kwargs):
            return _call_overload_packet_from_python(self, *args, **kwargs)
>       return self._op(*args, **kwargs)
E       NotImplementedError: Could not run 'aten::_conv_depthwise2d' with arguments from the 'CPU' backend. This could be because the operator doesn't exist for this backend, or was omitted during the selective/custom build process (if using custom build). If you are a Facebook employee using PyTorch on mobile, please visit https://fburl.com/ptmfixes for possible resolutions. 'aten::_conv_depthwise2d' is only available for these backends: [CUDA, XLA, XPU, Meta, BackendSelect, Python, FuncTorchDynamicLayerBackMode, Functionalize, Named, Conjugate, Negative, ZeroTensor, ADInplaceOrView, AutogradOther, AutogradCPU, AutogradCUDA, AutogradHIP, AutogradXLA, AutogradMPS, AutogradIPU, AutogradXPU, AutogradHPU, AutogradVE, AutogradLazy, AutogradMTIA, AutogradMAIA, AutogradPrivateUse1, AutogradPrivateUse2, AutogradPrivateUse3, AutogradMeta, AutogradNestedTensor, Tracer, AutocastCPU, AutocastMTIA, AutocastMAIA, AutocastXPU, AutocastMPS, AutocastCUDA, FuncTorchBatched, BatchedNestedTensor, FuncTorchVmapMode, Batched, VmapMode, FuncTorchGradWrapper, PythonTLSSnapshot, FuncTorchDynamicLayerFrontMode, PreDispatch, PythonDispatcher].
E       
E       CUDA: registered at /home/agent/xpytorch/workspace/8ba19c15-fc11-4377-85f3-84daf8eaab09/XMLIR/python/torch_xmlir/csrc/lazy_tensor/ts_backend/ts_eager_fallback.cpp:375 [backend fallback]
E       XLA: registered at /home/agent/xpytorch/workspace/8ba19c15-fc11-4377-85f3-84daf8eaab09/XMLIR/python/torch_xmlir/csrc/lazy_tensor/ts_backend/ts_eager_fallback.cpp:364 [backend fallback]
E       XPU: registered at /home/agent/xpytorch/workspace/8ba19c15-fc11-4377-85f3-84daf8eaab09/XMLIR/python/torch_xmlir/csrc/lazy_tensor/ts_backend/ts_eager_fallback.cpp:371 [backend fallback]
E       Meta: registered at /pytorch/aten/src/ATen/core/MetaFallbackKernel.cpp:23 [backend fallback]
E       BackendSelect: fallthrough registered at /pytorch/aten/src/ATen/core/BackendSelectFallbackKernel.cpp:3 [backend fallback]
E       Python: registered at /pytorch/aten/src/ATen/core/PythonFallbackKernel.cpp:194 [backend fallback]
E       FuncTorchDynamicLayerBackMode: registered at /pytorch/aten/src/ATen/functorch/DynamicLayer.cpp:479 [backend fallback]
E       Functionalize: registered at /pytorch/aten/src/ATen/FunctionalizeFallbackKernel.cpp:387 [backend fallback]
E       Named: registered at /pytorch/aten/src/ATen/core/NamedRegistrations.cpp:7 [backend fallback]
E       Conjugate: registered at /pytorch/aten/src/ATen/ConjugateFallback.cpp:17 [backend fallback]
E       Negative: registered at /pytorch/aten/src/ATen/native/NegateFallback.cpp:18 [backend fallback]
E       ZeroTensor: registered at /pytorch/aten/src/ATen/ZeroTensorFallback.cpp:115 [backend fallback]
E       ADInplaceOrView: fallthrough registered at /pytorch/aten/src/ATen/core/VariableFallbackKernel.cpp:104 [backend fallback]
E       AutogradOther: registered at /pytorch/torch/csrc/autograd/generated/VariableType_1.cpp:17114 [autograd kernel]
E       AutogradCPU: registered at /pytorch/torch/csrc/autograd/generated/VariableType_1.cpp:17114 [autograd kernel]
E       AutogradCUDA: registered at /pytorch/torch/csrc/autograd/generated/VariableType_1.cpp:17114 [autograd kernel]
E       AutogradHIP: registered at /pytorch/torch/csrc/autograd/generated/VariableType_1.cpp:17114 [autograd kernel]
E       AutogradXLA: registered at /pytorch/torch/csrc/autograd/generated/VariableType_1.cpp:17114 [autograd kernel]
E       AutogradMPS: registered at /pytorch/torch/csrc/autograd/generated/VariableType_1.cpp:17114 [autograd kernel]
E       AutogradIPU: registered at /pytorch/torch/csrc/autograd/generated/VariableType_1.cpp:17114 [autograd kernel]
E       AutogradXPU: registered at /pytorch/torch/csrc/autograd/generated/VariableType_1.cpp:17114 [autograd kernel]
E       AutogradHPU: registered at /pytorch/torch/csrc/autograd/generated/VariableType_1.cpp:17114 [autograd kernel]
E       AutogradVE: registered at /pytorch/torch/csrc/autograd/generated/VariableType_1.cpp:17114 [autograd kernel]
E       AutogradLazy: registered at /pytorch/torch/csrc/autograd/generated/VariableType_1.cpp:17114 [autograd kernel]
E       AutogradMTIA: registered at /pytorch/torch/csrc/autograd/generated/VariableType_1.cpp:17114 [autograd kernel]
E       AutogradMAIA: registered at /pytorch/torch/csrc/autograd/generated/VariableType_1.cpp:17114 [autograd kernel]
E       AutogradPrivateUse1: registered at /pytorch/torch/csrc/autograd/generated/VariableType_1.cpp:17114 [autograd kernel]
E       AutogradPrivateUse2: registered at /pytorch/torch/csrc/autograd/generated/VariableType_1.cpp:17114 [autograd kernel]
E       AutogradPrivateUse3: registered at /pytorch/torch/csrc/autograd/generated/VariableType_1.cpp:17114 [autograd kernel]
E       AutogradMeta: registered at /pytorch/torch/csrc/autograd/generated/VariableType_1.cpp:17114 [autograd kernel]
E       AutogradNestedTensor: registered at /pytorch/torch/csrc/autograd/generated/VariableType_1.cpp:17114 [autograd kernel]
E       Tracer: registered at /pytorch/torch/csrc/autograd/generated/TraceType_1.cpp:16331 [kernel]
E       AutocastCPU: fallthrough registered at /pytorch/aten/src/ATen/autocast_mode.cpp:324 [backend fallback]
E       AutocastMTIA: fallthrough registered at /pytorch/aten/src/ATen/autocast_mode.cpp:468 [backend fallback]
E       AutocastMAIA: fallthrough registered at /pytorch/aten/src/ATen/autocast_mode.cpp:506 [backend fallback]
E       AutocastXPU: fallthrough registered at /pytorch/aten/src/ATen/autocast_mode.cpp:544 [backend fallback]
E       AutocastMPS: fallthrough registered at /pytorch/aten/src/ATen/autocast_mode.cpp:209 [backend fallback]
E       AutocastCUDA: fallthrough registered at /pytorch/aten/src/ATen/autocast_mode.cpp:165 [backend fallback]
E       FuncTorchBatched: registered at /pytorch/aten/src/ATen/functorch/LegacyBatchingRegistrations.cpp:731 [backend fallback]
E       BatchedNestedTensor: registered at /pytorch/aten/src/ATen/functorch/LegacyBatchingRegistrations.cpp:758 [backend fallback]
E       FuncTorchVmapMode: fallthrough registered at /pytorch/aten/src/ATen/functorch/VmapModeRegistrations.cpp:27 [backend fallback]
E       Batched: registered at /pytorch/aten/src/ATen/LegacyBatchingRegistrations.cpp:1075 [backend fallback]
E       VmapMode: fallthrough registered at /pytorch/aten/src/ATen/VmapModeRegistrations.cpp:33 [backend fallback]
E       FuncTorchGradWrapper: registered at /pytorch/aten/src/ATen/functorch/TensorWrapper.cpp:210 [backend fallback]
E       PythonTLSSnapshot: registered at /pytorch/aten/src/ATen/core/PythonFallbackKernel.cpp:202 [backend fallback]
E       FuncTorchDynamicLayerFrontMode: registered at /pytorch/aten/src/ATen/functorch/DynamicLayer.cpp:475 [backend fallback]
E       PreDispatch: registered at /pytorch/aten/src/ATen/core/PythonFallbackKernel.cpp:206 [backend fallback]
E       PythonDispatcher: registered at /pytorch/aten/src/ATen/core/PythonFallbackKernel.cpp:198 [backend fallback]

/root/miniconda/envs/python310_torch29_cuda/lib/python3.10/site-packages/torch/_ops.py:1255: NotImplementedError
_ test_conv_depthwise2d[True-dtype0-dilation0-padding1-stride1-shape_input0-shape_weight0-kernel0] _

shape_input = (32, 4, 8, 8), shape_weight = (32, 1, 2, 2), kernel = (2, 2)
stride = [2, 2], padding = [1, 1], dilation = [1, 1], dtype = torch.float32
bias = True

    @pytest.mark.conv_depthwise2d
    @pytest.mark.parametrize("shape_input, shape_weight, kernel", SHAPE_DEPTHWISE)
    @pytest.mark.parametrize("stride", [[1, 1], [2, 2]])
    @pytest.mark.parametrize("padding", [[0, 0], [1, 1]])
    @pytest.mark.parametrize("dilation", [[1, 1]])
    @pytest.mark.parametrize("dtype", [torch.float32, torch.float16])
    @pytest.mark.parametrize("bias", [True, False])
    def test_conv_depthwise2d(
        shape_input, shape_weight, kernel, stride, padding, dilation, dtype, bias
    ):
        inp = torch.randn(shape_input, dtype=dtype, device=flag_gems.device)
        ref_inp = utils.to_reference(inp, False)
        torch.backends.cudnn.allow_tf32 = False
        weight = torch.randn(shape_weight, dtype=dtype, device=flag_gems.device)
        ref_weight = utils.to_reference(weight, False)
    
        if bias:
            bias_tensor = torch.randn(shape_weight[0], dtype=dtype, device=flag_gems.device)
            ref_bias = utils.to_reference(bias_tensor, False)
        else:
            bias_tensor = None
            ref_bias = None
    
>       ref_out = torch.ops.aten._conv_depthwise2d(
            ref_inp,
            ref_weight,
            kernel,
            ref_bias,
            stride,
            padding,
            dilation,
        )

test_conv_depthwise2d.py:61: 
_ _ _ _ _ _ _ _ _ _ _ _ _ _ _ _ _ _ _ _ _ _ _ _ _ _ _ _ _ _ _ _ _ _ _ _ _ _ _ _ 

self = <OpOverloadPacket(op='aten._conv_depthwise2d')>
args = (tensor([[[[ 1.3464e+00,  1.9163e-01,  1.7980e-01,  ..., -3.9901e-01,
            1.5247e-01, -7.7059e-01],
          ...  1.1359, -0.2957, -0.1956,  1.1539, -0.0433, -1.6064, -0.1619,  0.2724],
       device='cuda:0'), [2, 2], [1, 1], ...)
kwargs = {}

    def __call__(self, /, *args: _P.args, **kwargs: _P.kwargs) -> _T:
        # overloading __call__ to ensure torch.ops.foo.bar()
        # is still callable from JIT
        # We save the function ptr as the `op` attribute on
        # OpOverloadPacket to access it here.
    
        # Directly calling OverloadPacket goes into C++, which will check
        # the schema and cause an error for torchbind op when inputs consist of FakeScriptObject so we
        # intercept it here and call TorchBindOpverload instead.
        if self._has_torchbind_op_overload and _must_dispatch_in_python(args, kwargs):
            return _call_overload_packet_from_python(self, *args, **kwargs)
>       return self._op(*args, **kwargs)
E       NotImplementedError: Could not run 'aten::_conv_depthwise2d' with arguments from the 'CPU' backend. This could be because the operator doesn't exist for this backend, or was omitted during the selective/custom build process (if using custom build). If you are a Facebook employee using PyTorch on mobile, please visit https://fburl.com/ptmfixes for possible resolutions. 'aten::_conv_depthwise2d' is only available for these backends: [CUDA, XLA, XPU, Meta, BackendSelect, Python, FuncTorchDynamicLayerBackMode, Functionalize, Named, Conjugate, Negative, ZeroTensor, ADInplaceOrView, AutogradOther, AutogradCPU, AutogradCUDA, AutogradHIP, AutogradXLA, AutogradMPS, AutogradIPU, AutogradXPU, AutogradHPU, AutogradVE, AutogradLazy, AutogradMTIA, AutogradMAIA, AutogradPrivateUse1, AutogradPrivateUse2, AutogradPrivateUse3, AutogradMeta, AutogradNestedTensor, Tracer, AutocastCPU, AutocastMTIA, AutocastMAIA, AutocastXPU, AutocastMPS, AutocastCUDA, FuncTorchBatched, BatchedNestedTensor, FuncTorchVmapMode, Batched, VmapMode, FuncTorchGradWrapper, PythonTLSSnapshot, FuncTorchDynamicLayerFrontMode, PreDispatch, PythonDispatcher].
E       
E       CUDA: registered at /home/agent/xpytorch/workspace/8ba19c15-fc11-4377-85f3-84daf8eaab09/XMLIR/python/torch_xmlir/csrc/lazy_tensor/ts_backend/ts_eager_fallback.cpp:375 [backend fallback]
E       XLA: registered at /home/agent/xpytorch/workspace/8ba19c15-fc11-4377-85f3-84daf8eaab09/XMLIR/python/torch_xmlir/csrc/lazy_tensor/ts_backend/ts_eager_fallback.cpp:364 [backend fallback]
E       XPU: registered at /home/agent/xpytorch/workspace/8ba19c15-fc11-4377-85f3-84daf8eaab09/XMLIR/python/torch_xmlir/csrc/lazy_tensor/ts_backend/ts_eager_fallback.cpp:371 [backend fallback]
E       Meta: registered at /pytorch/aten/src/ATen/core/MetaFallbackKernel.cpp:23 [backend fallback]
E       BackendSelect: fallthrough registered at /pytorch/aten/src/ATen/core/BackendSelectFallbackKernel.cpp:3 [backend fallback]
E       Python: registered at /pytorch/aten/src/ATen/core/PythonFallbackKernel.cpp:194 [backend fallback]
E       FuncTorchDynamicLayerBackMode: registered at /pytorch/aten/src/ATen/functorch/DynamicLayer.cpp:479 [backend fallback]
E       Functionalize: registered at /pytorch/aten/src/ATen/FunctionalizeFallbackKernel.cpp:387 [backend fallback]
E       Named: registered at /pytorch/aten/src/ATen/core/NamedRegistrations.cpp:7 [backend fallback]
E       Conjugate: registered at /pytorch/aten/src/ATen/ConjugateFallback.cpp:17 [backend fallback]
E       Negative: registered at /pytorch/aten/src/ATen/native/NegateFallback.cpp:18 [backend fallback]
E       ZeroTensor: registered at /pytorch/aten/src/ATen/ZeroTensorFallback.cpp:115 [backend fallback]
E       ADInplaceOrView: fallthrough registered at /pytorch/aten/src/ATen/core/VariableFallbackKernel.cpp:104 [backend fallback]
E       AutogradOther: registered at /pytorch/torch/csrc/autograd/generated/VariableType_1.cpp:17114 [autograd kernel]
E       AutogradCPU: registered at /pytorch/torch/csrc/autograd/generated/VariableType_1.cpp:17114 [autograd kernel]
E       AutogradCUDA: registered at /pytorch/torch/csrc/autograd/generated/VariableType_1.cpp:17114 [autograd kernel]
E       AutogradHIP: registered at /pytorch/torch/csrc/autograd/generated/VariableType_1.cpp:17114 [autograd kernel]
E       AutogradXLA: registered at /pytorch/torch/csrc/autograd/generated/VariableType_1.cpp:17114 [autograd kernel]
E       AutogradMPS: registered at /pytorch/torch/csrc/autograd/generated/VariableType_1.cpp:17114 [autograd kernel]
E       AutogradIPU: registered at /pytorch/torch/csrc/autograd/generated/VariableType_1.cpp:17114 [autograd kernel]
E       AutogradXPU: registered at /pytorch/torch/csrc/autograd/generated/VariableType_1.cpp:17114 [autograd kernel]
E       AutogradHPU: registered at /pytorch/torch/csrc/autograd/generated/VariableType_1.cpp:17114 [autograd kernel]
E       AutogradVE: registered at /pytorch/torch/csrc/autograd/generated/VariableType_1.cpp:17114 [autograd kernel]
E       AutogradLazy: registered at /pytorch/torch/csrc/autograd/generated/VariableType_1.cpp:17114 [autograd kernel]
E       AutogradMTIA: registered at /pytorch/torch/csrc/autograd/generated/VariableType_1.cpp:17114 [autograd kernel]
E       AutogradMAIA: registered at /pytorch/torch/csrc/autograd/generated/VariableType_1.cpp:17114 [autograd kernel]
E       AutogradPrivateUse1: registered at /pytorch/torch/csrc/autograd/generated/VariableType_1.cpp:17114 [autograd kernel]
E       AutogradPrivateUse2: registered at /pytorch/torch/csrc/autograd/generated/VariableType_1.cpp:17114 [autograd kernel]
E       AutogradPrivateUse3: registered at /pytorch/torch/csrc/autograd/generated/VariableType_1.cpp:17114 [autograd kernel]
E       AutogradMeta: registered at /pytorch/torch/csrc/autograd/generated/VariableType_1.cpp:17114 [autograd kernel]
E       AutogradNestedTensor: registered at /pytorch/torch/csrc/autograd/generated/VariableType_1.cpp:17114 [autograd kernel]
E       Tracer: registered at /pytorch/torch/csrc/autograd/generated/TraceType_1.cpp:16331 [kernel]
E       AutocastCPU: fallthrough registered at /pytorch/aten/src/ATen/autocast_mode.cpp:324 [backend fallback]
E       AutocastMTIA: fallthrough registered at /pytorch/aten/src/ATen/autocast_mode.cpp:468 [backend fallback]
E       AutocastMAIA: fallthrough registered at /pytorch/aten/src/ATen/autocast_mode.cpp:506 [backend fallback]
E       AutocastXPU: fallthrough registered at /pytorch/aten/src/ATen/autocast_mode.cpp:544 [backend fallback]
E       AutocastMPS: fallthrough registered at /pytorch/aten/src/ATen/autocast_mode.cpp:209 [backend fallback]
E       AutocastCUDA: fallthrough registered at /pytorch/aten/src/ATen/autocast_mode.cpp:165 [backend fallback]
E       FuncTorchBatched: registered at /pytorch/aten/src/ATen/functorch/LegacyBatchingRegistrations.cpp:731 [backend fallback]
E       BatchedNestedTensor: registered at /pytorch/aten/src/ATen/functorch/LegacyBatchingRegistrations.cpp:758 [backend fallback]
E       FuncTorchVmapMode: fallthrough registered at /pytorch/aten/src/ATen/functorch/VmapModeRegistrations.cpp:27 [backend fallback]
E       Batched: registered at /pytorch/aten/src/ATen/LegacyBatchingRegistrations.cpp:1075 [backend fallback]
E       VmapMode: fallthrough registered at /pytorch/aten/src/ATen/VmapModeRegistrations.cpp:33 [backend fallback]
E       FuncTorchGradWrapper: registered at /pytorch/aten/src/ATen/functorch/TensorWrapper.cpp:210 [backend fallback]
E       PythonTLSSnapshot: registered at /pytorch/aten/src/ATen/core/PythonFallbackKernel.cpp:202 [backend fallback]
E       FuncTorchDynamicLayerFrontMode: registered at /pytorch/aten/src/ATen/functorch/DynamicLayer.cpp:475 [backend fallback]
E       PreDispatch: registered at /pytorch/aten/src/ATen/core/PythonFallbackKernel.cpp:206 [backend fallback]
E       PythonDispatcher: registered at /pytorch/aten/src/ATen/core/PythonFallbackKernel.cpp:198 [backend fallback]

/root/miniconda/envs/python310_torch29_cuda/lib/python3.10/site-packages/torch/_ops.py:1255: NotImplementedError
_ test_conv_depthwise2d[True-dtype0-dilation0-padding1-stride1-shape_input1-shape_weight1-kernel1] _

shape_input = (18, 16, 4, 4), shape_weight = (16, 1, 2, 2), kernel = (2, 2)
stride = [2, 2], padding = [1, 1], dilation = [1, 1], dtype = torch.float32
bias = True

    @pytest.mark.conv_depthwise2d
    @pytest.mark.parametrize("shape_input, shape_weight, kernel", SHAPE_DEPTHWISE)
    @pytest.mark.parametrize("stride", [[1, 1], [2, 2]])
    @pytest.mark.parametrize("padding", [[0, 0], [1, 1]])
    @pytest.mark.parametrize("dilation", [[1, 1]])
    @pytest.mark.parametrize("dtype", [torch.float32, torch.float16])
    @pytest.mark.parametrize("bias", [True, False])
    def test_conv_depthwise2d(
        shape_input, shape_weight, kernel, stride, padding, dilation, dtype, bias
    ):
        inp = torch.randn(shape_input, dtype=dtype, device=flag_gems.device)
        ref_inp = utils.to_reference(inp, False)
        torch.backends.cudnn.allow_tf32 = False
        weight = torch.randn(shape_weight, dtype=dtype, device=flag_gems.device)
        ref_weight = utils.to_reference(weight, False)
    
        if bias:
            bias_tensor = torch.randn(shape_weight[0], dtype=dtype, device=flag_gems.device)
            ref_bias = utils.to_reference(bias_tensor, False)
        else:
            bias_tensor = None
            ref_bias = None
    
>       ref_out = torch.ops.aten._conv_depthwise2d(
            ref_inp,
            ref_weight,
            kernel,
            ref_bias,
            stride,
            padding,
            dilation,
        )

test_conv_depthwise2d.py:61: 
_ _ _ _ _ _ _ _ _ _ _ _ _ _ _ _ _ _ _ _ _ _ _ _ _ _ _ _ _ _ _ _ _ _ _ _ _ _ _ _ 

self = <OpOverloadPacket(op='aten._conv_depthwise2d')>
args = (tensor([[[[-1.4573e-01,  4.2365e-02,  3.3308e-01, -9.6504e-01],
          [-8.0313e-01,  6.1062e-01, -8.1360e-01,  2.... -0.1533, -0.2842, -0.6071, -0.8421,  0.9914,  0.8456,  2.1092, -1.1102],
       device='cuda:0'), [2, 2], [1, 1], ...)
kwargs = {}

    def __call__(self, /, *args: _P.args, **kwargs: _P.kwargs) -> _T:
        # overloading __call__ to ensure torch.ops.foo.bar()
        # is still callable from JIT
        # We save the function ptr as the `op` attribute on
        # OpOverloadPacket to access it here.
    
        # Directly calling OverloadPacket goes into C++, which will check
        # the schema and cause an error for torchbind op when inputs consist of FakeScriptObject so we
        # intercept it here and call TorchBindOpverload instead.
        if self._has_torchbind_op_overload and _must_dispatch_in_python(args, kwargs):
            return _call_overload_packet_from_python(self, *args, **kwargs)
>       return self._op(*args, **kwargs)
E       NotImplementedError: Could not run 'aten::_conv_depthwise2d' with arguments from the 'CPU' backend. This could be because the operator doesn't exist for this backend, or was omitted during the selective/custom build process (if using custom build). If you are a Facebook employee using PyTorch on mobile, please visit https://fburl.com/ptmfixes for possible resolutions. 'aten::_conv_depthwise2d' is only available for these backends: [CUDA, XLA, XPU, Meta, BackendSelect, Python, FuncTorchDynamicLayerBackMode, Functionalize, Named, Conjugate, Negative, ZeroTensor, ADInplaceOrView, AutogradOther, AutogradCPU, AutogradCUDA, AutogradHIP, AutogradXLA, AutogradMPS, AutogradIPU, AutogradXPU, AutogradHPU, AutogradVE, AutogradLazy, AutogradMTIA, AutogradMAIA, AutogradPrivateUse1, AutogradPrivateUse2, AutogradPrivateUse3, AutogradMeta, AutogradNestedTensor, Tracer, AutocastCPU, AutocastMTIA, AutocastMAIA, AutocastXPU, AutocastMPS, AutocastCUDA, FuncTorchBatched, BatchedNestedTensor, FuncTorchVmapMode, Batched, VmapMode, FuncTorchGradWrapper, PythonTLSSnapshot, FuncTorchDynamicLayerFrontMode, PreDispatch, PythonDispatcher].
E       
E       CUDA: registered at /home/agent/xpytorch/workspace/8ba19c15-fc11-4377-85f3-84daf8eaab09/XMLIR/python/torch_xmlir/csrc/lazy_tensor/ts_backend/ts_eager_fallback.cpp:375 [backend fallback]
E       XLA: registered at /home/agent/xpytorch/workspace/8ba19c15-fc11-4377-85f3-84daf8eaab09/XMLIR/python/torch_xmlir/csrc/lazy_tensor/ts_backend/ts_eager_fallback.cpp:364 [backend fallback]
E       XPU: registered at /home/agent/xpytorch/workspace/8ba19c15-fc11-4377-85f3-84daf8eaab09/XMLIR/python/torch_xmlir/csrc/lazy_tensor/ts_backend/ts_eager_fallback.cpp:371 [backend fallback]
E       Meta: registered at /pytorch/aten/src/ATen/core/MetaFallbackKernel.cpp:23 [backend fallback]
E       BackendSelect: fallthrough registered at /pytorch/aten/src/ATen/core/BackendSelectFallbackKernel.cpp:3 [backend fallback]
E       Python: registered at /pytorch/aten/src/ATen/core/PythonFallbackKernel.cpp:194 [backend fallback]
E       FuncTorchDynamicLayerBackMode: registered at /pytorch/aten/src/ATen/functorch/DynamicLayer.cpp:479 [backend fallback]
E       Functionalize: registered at /pytorch/aten/src/ATen/FunctionalizeFallbackKernel.cpp:387 [backend fallback]
E       Named: registered at /pytorch/aten/src/ATen/core/NamedRegistrations.cpp:7 [backend fallback]
E       Conjugate: registered at /pytorch/aten/src/ATen/ConjugateFallback.cpp:17 [backend fallback]
E       Negative: registered at /pytorch/aten/src/ATen/native/NegateFallback.cpp:18 [backend fallback]
E       ZeroTensor: registered at /pytorch/aten/src/ATen/ZeroTensorFallback.cpp:115 [backend fallback]
E       ADInplaceOrView: fallthrough registered at /pytorch/aten/src/ATen/core/VariableFallbackKernel.cpp:104 [backend fallback]
E       AutogradOther: registered at /pytorch/torch/csrc/autograd/generated/VariableType_1.cpp:17114 [autograd kernel]
E       AutogradCPU: registered at /pytorch/torch/csrc/autograd/generated/VariableType_1.cpp:17114 [autograd kernel]
E       AutogradCUDA: registered at /pytorch/torch/csrc/autograd/generated/VariableType_1.cpp:17114 [autograd kernel]
E       AutogradHIP: registered at /pytorch/torch/csrc/autograd/generated/VariableType_1.cpp:17114 [autograd kernel]
E       AutogradXLA: registered at /pytorch/torch/csrc/autograd/generated/VariableType_1.cpp:17114 [autograd kernel]
E       AutogradMPS: registered at /pytorch/torch/csrc/autograd/generated/VariableType_1.cpp:17114 [autograd kernel]
E       AutogradIPU: registered at /pytorch/torch/csrc/autograd/generated/VariableType_1.cpp:17114 [autograd kernel]
E       AutogradXPU: registered at /pytorch/torch/csrc/autograd/generated/VariableType_1.cpp:17114 [autograd kernel]
E       AutogradHPU: registered at /pytorch/torch/csrc/autograd/generated/VariableType_1.cpp:17114 [autograd kernel]
E       AutogradVE: registered at /pytorch/torch/csrc/autograd/generated/VariableType_1.cpp:17114 [autograd kernel]
E       AutogradLazy: registered at /pytorch/torch/csrc/autograd/generated/VariableType_1.cpp:17114 [autograd kernel]
E       AutogradMTIA: registered at /pytorch/torch/csrc/autograd/generated/VariableType_1.cpp:17114 [autograd kernel]
E       AutogradMAIA: registered at /pytorch/torch/csrc/autograd/generated/VariableType_1.cpp:17114 [autograd kernel]
E       AutogradPrivateUse1: registered at /pytorch/torch/csrc/autograd/generated/VariableType_1.cpp:17114 [autograd kernel]
E       AutogradPrivateUse2: registered at /pytorch/torch/csrc/autograd/generated/VariableType_1.cpp:17114 [autograd kernel]
E       AutogradPrivateUse3: registered at /pytorch/torch/csrc/autograd/generated/VariableType_1.cpp:17114 [autograd kernel]
E       AutogradMeta: registered at /pytorch/torch/csrc/autograd/generated/VariableType_1.cpp:17114 [autograd kernel]
E       AutogradNestedTensor: registered at /pytorch/torch/csrc/autograd/generated/VariableType_1.cpp:17114 [autograd kernel]
E       Tracer: registered at /pytorch/torch/csrc/autograd/generated/TraceType_1.cpp:16331 [kernel]
E       AutocastCPU: fallthrough registered at /pytorch/aten/src/ATen/autocast_mode.cpp:324 [backend fallback]
E       AutocastMTIA: fallthrough registered at /pytorch/aten/src/ATen/autocast_mode.cpp:468 [backend fallback]
E       AutocastMAIA: fallthrough registered at /pytorch/aten/src/ATen/autocast_mode.cpp:506 [backend fallback]
E       AutocastXPU: fallthrough registered at /pytorch/aten/src/ATen/autocast_mode.cpp:544 [backend fallback]
E       AutocastMPS: fallthrough registered at /pytorch/aten/src/ATen/autocast_mode.cpp:209 [backend fallback]
E       AutocastCUDA: fallthrough registered at /pytorch/aten/src/ATen/autocast_mode.cpp:165 [backend fallback]
E       FuncTorchBatched: registered at /pytorch/aten/src/ATen/functorch/LegacyBatchingRegistrations.cpp:731 [backend fallback]
E       BatchedNestedTensor: registered at /pytorch/aten/src/ATen/functorch/LegacyBatchingRegistrations.cpp:758 [backend fallback]
E       FuncTorchVmapMode: fallthrough registered at /pytorch/aten/src/ATen/functorch/VmapModeRegistrations.cpp:27 [backend fallback]
E       Batched: registered at /pytorch/aten/src/ATen/LegacyBatchingRegistrations.cpp:1075 [backend fallback]
E       VmapMode: fallthrough registered at /pytorch/aten/src/ATen/VmapModeRegistrations.cpp:33 [backend fallback]
E       FuncTorchGradWrapper: registered at /pytorch/aten/src/ATen/functorch/TensorWrapper.cpp:210 [backend fallback]
E       PythonTLSSnapshot: registered at /pytorch/aten/src/ATen/core/PythonFallbackKernel.cpp:202 [backend fallback]
E       FuncTorchDynamicLayerFrontMode: registered at /pytorch/aten/src/ATen/functorch/DynamicLayer.cpp:475 [backend fallback]
E       PreDispatch: registered at /pytorch/aten/src/ATen/core/PythonFallbackKernel.cpp:206 [backend fallback]
E       PythonDispatcher: registered at /pytorch/aten/src/ATen/core/PythonFallbackKernel.cpp:198 [backend fallback]

/root/miniconda/envs/python310_torch29_cuda/lib/python3.10/site-packages/torch/_ops.py:1255: NotImplementedError
_ test_conv_depthwise2d[True-dtype1-dilation0-padding0-stride0-shape_input0-shape_weight0-kernel0] _

shape_input = (32, 4, 8, 8), shape_weight = (32, 1, 2, 2), kernel = (2, 2)
stride = [1, 1], padding = [0, 0], dilation = [1, 1], dtype = torch.float16
bias = True

    @pytest.mark.conv_depthwise2d
    @pytest.mark.parametrize("shape_input, shape_weight, kernel", SHAPE_DEPTHWISE)
    @pytest.mark.parametrize("stride", [[1, 1], [2, 2]])
    @pytest.mark.parametrize("padding", [[0, 0], [1, 1]])
    @pytest.mark.parametrize("dilation", [[1, 1]])
    @pytest.mark.parametrize("dtype", [torch.float32, torch.float16])
    @pytest.mark.parametrize("bias", [True, False])
    def test_conv_depthwise2d(
        shape_input, shape_weight, kernel, stride, padding, dilation, dtype, bias
    ):
        inp = torch.randn(shape_input, dtype=dtype, device=flag_gems.device)
        ref_inp = utils.to_reference(inp, False)
        torch.backends.cudnn.allow_tf32 = False
        weight = torch.randn(shape_weight, dtype=dtype, device=flag_gems.device)
        ref_weight = utils.to_reference(weight, False)
    
        if bias:
            bias_tensor = torch.randn(shape_weight[0], dtype=dtype, device=flag_gems.device)
            ref_bias = utils.to_reference(bias_tensor, False)
        else:
            bias_tensor = None
            ref_bias = None
    
>       ref_out = torch.ops.aten._conv_depthwise2d(
            ref_inp,
            ref_weight,
            kernel,
            ref_bias,
            stride,
            padding,
            dilation,
        )

test_conv_depthwise2d.py:61: 
_ _ _ _ _ _ _ _ _ _ _ _ _ _ _ _ _ _ _ _ _ _ _ _ _ _ _ _ _ _ _ _ _ _ _ _ _ _ _ _ 

self = <OpOverloadPacket(op='aten._conv_depthwise2d')>
args = (tensor([[[[-7.8857e-01,  2.3059e-01,  3.9966e-01,  ..., -1.4785e+00,
           -2.4043e+00,  1.9238e-01],
          ....7583,  0.9233,  0.5820, -1.1396, -2.2969,  1.4658],
       device='cuda:0', dtype=torch.float16), [1, 1], [0, 0], ...)
kwargs = {}

    def __call__(self, /, *args: _P.args, **kwargs: _P.kwargs) -> _T:
        # overloading __call__ to ensure torch.ops.foo.bar()
        # is still callable from JIT
        # We save the function ptr as the `op` attribute on
        # OpOverloadPacket to access it here.
    
        # Directly calling OverloadPacket goes into C++, which will check
        # the schema and cause an error for torchbind op when inputs consist of FakeScriptObject so we
        # intercept it here and call TorchBindOpverload instead.
        if self._has_torchbind_op_overload and _must_dispatch_in_python(args, kwargs):
            return _call_overload_packet_from_python(self, *args, **kwargs)
>       return self._op(*args, **kwargs)
E       NotImplementedError: Could not run 'aten::_conv_depthwise2d' with arguments from the 'CPU' backend. This could be because the operator doesn't exist for this backend, or was omitted during the selective/custom build process (if using custom build). If you are a Facebook employee using PyTorch on mobile, please visit https://fburl.com/ptmfixes for possible resolutions. 'aten::_conv_depthwise2d' is only available for these backends: [CUDA, XLA, XPU, Meta, BackendSelect, Python, FuncTorchDynamicLayerBackMode, Functionalize, Named, Conjugate, Negative, ZeroTensor, ADInplaceOrView, AutogradOther, AutogradCPU, AutogradCUDA, AutogradHIP, AutogradXLA, AutogradMPS, AutogradIPU, AutogradXPU, AutogradHPU, AutogradVE, AutogradLazy, AutogradMTIA, AutogradMAIA, AutogradPrivateUse1, AutogradPrivateUse2, AutogradPrivateUse3, AutogradMeta, AutogradNestedTensor, Tracer, AutocastCPU, AutocastMTIA, AutocastMAIA, AutocastXPU, AutocastMPS, AutocastCUDA, FuncTorchBatched, BatchedNestedTensor, FuncTorchVmapMode, Batched, VmapMode, FuncTorchGradWrapper, PythonTLSSnapshot, FuncTorchDynamicLayerFrontMode, PreDispatch, PythonDispatcher].
E       
E       CUDA: registered at /home/agent/xpytorch/workspace/8ba19c15-fc11-4377-85f3-84daf8eaab09/XMLIR/python/torch_xmlir/csrc/lazy_tensor/ts_backend/ts_eager_fallback.cpp:375 [backend fallback]
E       XLA: registered at /home/agent/xpytorch/workspace/8ba19c15-fc11-4377-85f3-84daf8eaab09/XMLIR/python/torch_xmlir/csrc/lazy_tensor/ts_backend/ts_eager_fallback.cpp:364 [backend fallback]
E       XPU: registered at /home/agent/xpytorch/workspace/8ba19c15-fc11-4377-85f3-84daf8eaab09/XMLIR/python/torch_xmlir/csrc/lazy_tensor/ts_backend/ts_eager_fallback.cpp:371 [backend fallback]
E       Meta: registered at /pytorch/aten/src/ATen/core/MetaFallbackKernel.cpp:23 [backend fallback]
E       BackendSelect: fallthrough registered at /pytorch/aten/src/ATen/core/BackendSelectFallbackKernel.cpp:3 [backend fallback]
E       Python: registered at /pytorch/aten/src/ATen/core/PythonFallbackKernel.cpp:194 [backend fallback]
E       FuncTorchDynamicLayerBackMode: registered at /pytorch/aten/src/ATen/functorch/DynamicLayer.cpp:479 [backend fallback]
E       Functionalize: registered at /pytorch/aten/src/ATen/FunctionalizeFallbackKernel.cpp:387 [backend fallback]
E       Named: registered at /pytorch/aten/src/ATen/core/NamedRegistrations.cpp:7 [backend fallback]
E       Conjugate: registered at /pytorch/aten/src/ATen/ConjugateFallback.cpp:17 [backend fallback]
E       Negative: registered at /pytorch/aten/src/ATen/native/NegateFallback.cpp:18 [backend fallback]
E       ZeroTensor: registered at /pytorch/aten/src/ATen/ZeroTensorFallback.cpp:115 [backend fallback]
E       ADInplaceOrView: fallthrough registered at /pytorch/aten/src/ATen/core/VariableFallbackKernel.cpp:104 [backend fallback]
E       AutogradOther: registered at /pytorch/torch/csrc/autograd/generated/VariableType_1.cpp:17114 [autograd kernel]
E       AutogradCPU: registered at /pytorch/torch/csrc/autograd/generated/VariableType_1.cpp:17114 [autograd kernel]
E       AutogradCUDA: registered at /pytorch/torch/csrc/autograd/generated/VariableType_1.cpp:17114 [autograd kernel]
E       AutogradHIP: registered at /pytorch/torch/csrc/autograd/generated/VariableType_1.cpp:17114 [autograd kernel]
E       AutogradXLA: registered at /pytorch/torch/csrc/autograd/generated/VariableType_1.cpp:17114 [autograd kernel]
E       AutogradMPS: registered at /pytorch/torch/csrc/autograd/generated/VariableType_1.cpp:17114 [autograd kernel]
E       AutogradIPU: registered at /pytorch/torch/csrc/autograd/generated/VariableType_1.cpp:17114 [autograd kernel]
E       AutogradXPU: registered at /pytorch/torch/csrc/autograd/generated/VariableType_1.cpp:17114 [autograd kernel]
E       AutogradHPU: registered at /pytorch/torch/csrc/autograd/generated/VariableType_1.cpp:17114 [autograd kernel]
E       AutogradVE: registered at /pytorch/torch/csrc/autograd/generated/VariableType_1.cpp:17114 [autograd kernel]
E       AutogradLazy: registered at /pytorch/torch/csrc/autograd/generated/VariableType_1.cpp:17114 [autograd kernel]
E       AutogradMTIA: registered at /pytorch/torch/csrc/autograd/generated/VariableType_1.cpp:17114 [autograd kernel]
E       AutogradMAIA: registered at /pytorch/torch/csrc/autograd/generated/VariableType_1.cpp:17114 [autograd kernel]
E       AutogradPrivateUse1: registered at /pytorch/torch/csrc/autograd/generated/VariableType_1.cpp:17114 [autograd kernel]
E       AutogradPrivateUse2: registered at /pytorch/torch/csrc/autograd/generated/VariableType_1.cpp:17114 [autograd kernel]
E       AutogradPrivateUse3: registered at /pytorch/torch/csrc/autograd/generated/VariableType_1.cpp:17114 [autograd kernel]
E       AutogradMeta: registered at /pytorch/torch/csrc/autograd/generated/VariableType_1.cpp:17114 [autograd kernel]
E       AutogradNestedTensor: registered at /pytorch/torch/csrc/autograd/generated/VariableType_1.cpp:17114 [autograd kernel]
E       Tracer: registered at /pytorch/torch/csrc/autograd/generated/TraceType_1.cpp:16331 [kernel]
E       AutocastCPU: fallthrough registered at /pytorch/aten/src/ATen/autocast_mode.cpp:324 [backend fallback]
E       AutocastMTIA: fallthrough registered at /pytorch/aten/src/ATen/autocast_mode.cpp:468 [backend fallback]
E       AutocastMAIA: fallthrough registered at /pytorch/aten/src/ATen/autocast_mode.cpp:506 [backend fallback]
E       AutocastXPU: fallthrough registered at /pytorch/aten/src/ATen/autocast_mode.cpp:544 [backend fallback]
E       AutocastMPS: fallthrough registered at /pytorch/aten/src/ATen/autocast_mode.cpp:209 [backend fallback]
E       AutocastCUDA: fallthrough registered at /pytorch/aten/src/ATen/autocast_mode.cpp:165 [backend fallback]
E       FuncTorchBatched: registered at /pytorch/aten/src/ATen/functorch/LegacyBatchingRegistrations.cpp:731 [backend fallback]
E       BatchedNestedTensor: registered at /pytorch/aten/src/ATen/functorch/LegacyBatchingRegistrations.cpp:758 [backend fallback]
E       FuncTorchVmapMode: fallthrough registered at /pytorch/aten/src/ATen/functorch/VmapModeRegistrations.cpp:27 [backend fallback]
E       Batched: registered at /pytorch/aten/src/ATen/LegacyBatchingRegistrations.cpp:1075 [backend fallback]
E       VmapMode: fallthrough registered at /pytorch/aten/src/ATen/VmapModeRegistrations.cpp:33 [backend fallback]
E       FuncTorchGradWrapper: registered at /pytorch/aten/src/ATen/functorch/TensorWrapper.cpp:210 [backend fallback]
E       PythonTLSSnapshot: registered at /pytorch/aten/src/ATen/core/PythonFallbackKernel.cpp:202 [backend fallback]
E       FuncTorchDynamicLayerFrontMode: registered at /pytorch/aten/src/ATen/functorch/DynamicLayer.cpp:475 [backend fallback]
E       PreDispatch: registered at /pytorch/aten/src/ATen/core/PythonFallbackKernel.cpp:206 [backend fallback]
E       PythonDispatcher: registered at /pytorch/aten/src/ATen/core/PythonFallbackKernel.cpp:198 [backend fallback]

/root/miniconda/envs/python310_torch29_cuda/lib/python3.10/site-packages/torch/_ops.py:1255: NotImplementedError
_ test_conv_depthwise2d[True-dtype1-dilation0-padding0-stride0-shape_input1-shape_weight1-kernel1] _

shape_input = (18, 16, 4, 4), shape_weight = (16, 1, 2, 2), kernel = (2, 2)
stride = [1, 1], padding = [0, 0], dilation = [1, 1], dtype = torch.float16
bias = True

    @pytest.mark.conv_depthwise2d
    @pytest.mark.parametrize("shape_input, shape_weight, kernel", SHAPE_DEPTHWISE)
    @pytest.mark.parametrize("stride", [[1, 1], [2, 2]])
    @pytest.mark.parametrize("padding", [[0, 0], [1, 1]])
    @pytest.mark.parametrize("dilation", [[1, 1]])
    @pytest.mark.parametrize("dtype", [torch.float32, torch.float16])
    @pytest.mark.parametrize("bias", [True, False])
    def test_conv_depthwise2d(
        shape_input, shape_weight, kernel, stride, padding, dilation, dtype, bias
    ):
        inp = torch.randn(shape_input, dtype=dtype, device=flag_gems.device)
        ref_inp = utils.to_reference(inp, False)
        torch.backends.cudnn.allow_tf32 = False
        weight = torch.randn(shape_weight, dtype=dtype, device=flag_gems.device)
        ref_weight = utils.to_reference(weight, False)
    
        if bias:
            bias_tensor = torch.randn(shape_weight[0], dtype=dtype, device=flag_gems.device)
            ref_bias = utils.to_reference(bias_tensor, False)
        else:
            bias_tensor = None
            ref_bias = None
    
>       ref_out = torch.ops.aten._conv_depthwise2d(
            ref_inp,
            ref_weight,
            kernel,
            ref_bias,
            stride,
            padding,
            dilation,
        )

test_conv_depthwise2d.py:61: 
_ _ _ _ _ _ _ _ _ _ _ _ _ _ _ _ _ _ _ _ _ _ _ _ _ _ _ _ _ _ _ _ _ _ _ _ _ _ _ _ 

self = <OpOverloadPacket(op='aten._conv_depthwise2d')>
args = (tensor([[[[ 0.0673, -0.5938,  0.6475, -0.3840],
          [-0.3650, -1.7822, -1.1406,  0.3643],
          [ 0.7495,  ....5176,  0.2106, -0.6675, -0.1948, -0.6328,  1.6543],
       device='cuda:0', dtype=torch.float16), [1, 1], [0, 0], ...)
kwargs = {}

    def __call__(self, /, *args: _P.args, **kwargs: _P.kwargs) -> _T:
        # overloading __call__ to ensure torch.ops.foo.bar()
        # is still callable from JIT
        # We save the function ptr as the `op` attribute on
        # OpOverloadPacket to access it here.
    
        # Directly calling OverloadPacket goes into C++, which will check
        # the schema and cause an error for torchbind op when inputs consist of FakeScriptObject so we
        # intercept it here and call TorchBindOpverload instead.
        if self._has_torchbind_op_overload and _must_dispatch_in_python(args, kwargs):
            return _call_overload_packet_from_python(self, *args, **kwargs)
>       return self._op(*args, **kwargs)
E       NotImplementedError: Could not run 'aten::_conv_depthwise2d' with arguments from the 'CPU' backend. This could be because the operator doesn't exist for this backend, or was omitted during the selective/custom build process (if using custom build). If you are a Facebook employee using PyTorch on mobile, please visit https://fburl.com/ptmfixes for possible resolutions. 'aten::_conv_depthwise2d' is only available for these backends: [CUDA, XLA, XPU, Meta, BackendSelect, Python, FuncTorchDynamicLayerBackMode, Functionalize, Named, Conjugate, Negative, ZeroTensor, ADInplaceOrView, AutogradOther, AutogradCPU, AutogradCUDA, AutogradHIP, AutogradXLA, AutogradMPS, AutogradIPU, AutogradXPU, AutogradHPU, AutogradVE, AutogradLazy, AutogradMTIA, AutogradMAIA, AutogradPrivateUse1, AutogradPrivateUse2, AutogradPrivateUse3, AutogradMeta, AutogradNestedTensor, Tracer, AutocastCPU, AutocastMTIA, AutocastMAIA, AutocastXPU, AutocastMPS, AutocastCUDA, FuncTorchBatched, BatchedNestedTensor, FuncTorchVmapMode, Batched, VmapMode, FuncTorchGradWrapper, PythonTLSSnapshot, FuncTorchDynamicLayerFrontMode, PreDispatch, PythonDispatcher].
E       
E       CUDA: registered at /home/agent/xpytorch/workspace/8ba19c15-fc11-4377-85f3-84daf8eaab09/XMLIR/python/torch_xmlir/csrc/lazy_tensor/ts_backend/ts_eager_fallback.cpp:375 [backend fallback]
E       XLA: registered at /home/agent/xpytorch/workspace/8ba19c15-fc11-4377-85f3-84daf8eaab09/XMLIR/python/torch_xmlir/csrc/lazy_tensor/ts_backend/ts_eager_fallback.cpp:364 [backend fallback]
E       XPU: registered at /home/agent/xpytorch/workspace/8ba19c15-fc11-4377-85f3-84daf8eaab09/XMLIR/python/torch_xmlir/csrc/lazy_tensor/ts_backend/ts_eager_fallback.cpp:371 [backend fallback]
E       Meta: registered at /pytorch/aten/src/ATen/core/MetaFallbackKernel.cpp:23 [backend fallback]
E       BackendSelect: fallthrough registered at /pytorch/aten/src/ATen/core/BackendSelectFallbackKernel.cpp:3 [backend fallback]
E       Python: registered at /pytorch/aten/src/ATen/core/PythonFallbackKernel.cpp:194 [backend fallback]
E       FuncTorchDynamicLayerBackMode: registered at /pytorch/aten/src/ATen/functorch/DynamicLayer.cpp:479 [backend fallback]
E       Functionalize: registered at /pytorch/aten/src/ATen/FunctionalizeFallbackKernel.cpp:387 [backend fallback]
E       Named: registered at /pytorch/aten/src/ATen/core/NamedRegistrations.cpp:7 [backend fallback]
E       Conjugate: registered at /pytorch/aten/src/ATen/ConjugateFallback.cpp:17 [backend fallback]
E       Negative: registered at /pytorch/aten/src/ATen/native/NegateFallback.cpp:18 [backend fallback]
E       ZeroTensor: registered at /pytorch/aten/src/ATen/ZeroTensorFallback.cpp:115 [backend fallback]
E       ADInplaceOrView: fallthrough registered at /pytorch/aten/src/ATen/core/VariableFallbackKernel.cpp:104 [backend fallback]
E       AutogradOther: registered at /pytorch/torch/csrc/autograd/generated/VariableType_1.cpp:17114 [autograd kernel]
E       AutogradCPU: registered at /pytorch/torch/csrc/autograd/generated/VariableType_1.cpp:17114 [autograd kernel]
E       AutogradCUDA: registered at /pytorch/torch/csrc/autograd/generated/VariableType_1.cpp:17114 [autograd kernel]
E       AutogradHIP: registered at /pytorch/torch/csrc/autograd/generated/VariableType_1.cpp:17114 [autograd kernel]
E       AutogradXLA: registered at /pytorch/torch/csrc/autograd/generated/VariableType_1.cpp:17114 [autograd kernel]
E       AutogradMPS: registered at /pytorch/torch/csrc/autograd/generated/VariableType_1.cpp:17114 [autograd kernel]
E       AutogradIPU: registered at /pytorch/torch/csrc/autograd/generated/VariableType_1.cpp:17114 [autograd kernel]
E       AutogradXPU: registered at /pytorch/torch/csrc/autograd/generated/VariableType_1.cpp:17114 [autograd kernel]
E       AutogradHPU: registered at /pytorch/torch/csrc/autograd/generated/VariableType_1.cpp:17114 [autograd kernel]
E       AutogradVE: registered at /pytorch/torch/csrc/autograd/generated/VariableType_1.cpp:17114 [autograd kernel]
E       AutogradLazy: registered at /pytorch/torch/csrc/autograd/generated/VariableType_1.cpp:17114 [autograd kernel]
E       AutogradMTIA: registered at /pytorch/torch/csrc/autograd/generated/VariableType_1.cpp:17114 [autograd kernel]
E       AutogradMAIA: registered at /pytorch/torch/csrc/autograd/generated/VariableType_1.cpp:17114 [autograd kernel]
E       AutogradPrivateUse1: registered at /pytorch/torch/csrc/autograd/generated/VariableType_1.cpp:17114 [autograd kernel]
E       AutogradPrivateUse2: registered at /pytorch/torch/csrc/autograd/generated/VariableType_1.cpp:17114 [autograd kernel]
E       AutogradPrivateUse3: registered at /pytorch/torch/csrc/autograd/generated/VariableType_1.cpp:17114 [autograd kernel]
E       AutogradMeta: registered at /pytorch/torch/csrc/autograd/generated/VariableType_1.cpp:17114 [autograd kernel]
E       AutogradNestedTensor: registered at /pytorch/torch/csrc/autograd/generated/VariableType_1.cpp:17114 [autograd kernel]
E       Tracer: registered at /pytorch/torch/csrc/autograd/generated/TraceType_1.cpp:16331 [kernel]
E       AutocastCPU: fallthrough registered at /pytorch/aten/src/ATen/autocast_mode.cpp:324 [backend fallback]
E       AutocastMTIA: fallthrough registered at /pytorch/aten/src/ATen/autocast_mode.cpp:468 [backend fallback]
E       AutocastMAIA: fallthrough registered at /pytorch/aten/src/ATen/autocast_mode.cpp:506 [backend fallback]
E       AutocastXPU: fallthrough registered at /pytorch/aten/src/ATen/autocast_mode.cpp:544 [backend fallback]
E       AutocastMPS: fallthrough registered at /pytorch/aten/src/ATen/autocast_mode.cpp:209 [backend fallback]
E       AutocastCUDA: fallthrough registered at /pytorch/aten/src/ATen/autocast_mode.cpp:165 [backend fallback]
E       FuncTorchBatched: registered at /pytorch/aten/src/ATen/functorch/LegacyBatchingRegistrations.cpp:731 [backend fallback]
E       BatchedNestedTensor: registered at /pytorch/aten/src/ATen/functorch/LegacyBatchingRegistrations.cpp:758 [backend fallback]
E       FuncTorchVmapMode: fallthrough registered at /pytorch/aten/src/ATen/functorch/VmapModeRegistrations.cpp:27 [backend fallback]
E       Batched: registered at /pytorch/aten/src/ATen/LegacyBatchingRegistrations.cpp:1075 [backend fallback]
E       VmapMode: fallthrough registered at /pytorch/aten/src/ATen/VmapModeRegistrations.cpp:33 [backend fallback]
E       FuncTorchGradWrapper: registered at /pytorch/aten/src/ATen/functorch/TensorWrapper.cpp:210 [backend fallback]
E       PythonTLSSnapshot: registered at /pytorch/aten/src/ATen/core/PythonFallbackKernel.cpp:202 [backend fallback]
E       FuncTorchDynamicLayerFrontMode: registered at /pytorch/aten/src/ATen/functorch/DynamicLayer.cpp:475 [backend fallback]
E       PreDispatch: registered at /pytorch/aten/src/ATen/core/PythonFallbackKernel.cpp:206 [backend fallback]
E       PythonDispatcher: registered at /pytorch/aten/src/ATen/core/PythonFallbackKernel.cpp:198 [backend fallback]

/root/miniconda/envs/python310_torch29_cuda/lib/python3.10/site-packages/torch/_ops.py:1255: NotImplementedError
_ test_conv_depthwise2d[True-dtype1-dilation0-padding0-stride1-shape_input0-shape_weight0-kernel0] _

shape_input = (32, 4, 8, 8), shape_weight = (32, 1, 2, 2), kernel = (2, 2)
stride = [2, 2], padding = [0, 0], dilation = [1, 1], dtype = torch.float16
bias = True

    @pytest.mark.conv_depthwise2d
    @pytest.mark.parametrize("shape_input, shape_weight, kernel", SHAPE_DEPTHWISE)
    @pytest.mark.parametrize("stride", [[1, 1], [2, 2]])
    @pytest.mark.parametrize("padding", [[0, 0], [1, 1]])
    @pytest.mark.parametrize("dilation", [[1, 1]])
    @pytest.mark.parametrize("dtype", [torch.float32, torch.float16])
    @pytest.mark.parametrize("bias", [True, False])
    def test_conv_depthwise2d(
        shape_input, shape_weight, kernel, stride, padding, dilation, dtype, bias
    ):
        inp = torch.randn(shape_input, dtype=dtype, device=flag_gems.device)
        ref_inp = utils.to_reference(inp, False)
        torch.backends.cudnn.allow_tf32 = False
        weight = torch.randn(shape_weight, dtype=dtype, device=flag_gems.device)
        ref_weight = utils.to_reference(weight, False)
    
        if bias:
            bias_tensor = torch.randn(shape_weight[0], dtype=dtype, device=flag_gems.device)
            ref_bias = utils.to_reference(bias_tensor, False)
        else:
            bias_tensor = None
            ref_bias = None
    
>       ref_out = torch.ops.aten._conv_depthwise2d(
            ref_inp,
            ref_weight,
            kernel,
            ref_bias,
            stride,
            padding,
            dilation,
        )

test_conv_depthwise2d.py:61: 
_ _ _ _ _ _ _ _ _ _ _ _ _ _ _ _ _ _ _ _ _ _ _ _ _ _ _ _ _ _ _ _ _ _ _ _ _ _ _ _ 

self = <OpOverloadPacket(op='aten._conv_depthwise2d')>
args = (tensor([[[[ 0.4309, -0.6880,  1.1758,  ..., -1.6035, -0.5845, -0.6729],
          [ 0.3284,  0.0613, -0.0187,  ..., -....3472,  1.5107,  1.3428,  0.5859,  0.0780, -1.1123],
       device='cuda:0', dtype=torch.float16), [2, 2], [0, 0], ...)
kwargs = {}

    def __call__(self, /, *args: _P.args, **kwargs: _P.kwargs) -> _T:
        # overloading __call__ to ensure torch.ops.foo.bar()
        # is still callable from JIT
        # We save the function ptr as the `op` attribute on
        # OpOverloadPacket to access it here.
    
        # Directly calling OverloadPacket goes into C++, which will check
        # the schema and cause an error for torchbind op when inputs consist of FakeScriptObject so we
        # intercept it here and call TorchBindOpverload instead.
        if self._has_torchbind_op_overload and _must_dispatch_in_python(args, kwargs):
            return _call_overload_packet_from_python(self, *args, **kwargs)
>       return self._op(*args, **kwargs)
E       NotImplementedError: Could not run 'aten::_conv_depthwise2d' with arguments from the 'CPU' backend. This could be because the operator doesn't exist for this backend, or was omitted during the selective/custom build process (if using custom build). If you are a Facebook employee using PyTorch on mobile, please visit https://fburl.com/ptmfixes for possible resolutions. 'aten::_conv_depthwise2d' is only available for these backends: [CUDA, XLA, XPU, Meta, BackendSelect, Python, FuncTorchDynamicLayerBackMode, Functionalize, Named, Conjugate, Negative, ZeroTensor, ADInplaceOrView, AutogradOther, AutogradCPU, AutogradCUDA, AutogradHIP, AutogradXLA, AutogradMPS, AutogradIPU, AutogradXPU, AutogradHPU, AutogradVE, AutogradLazy, AutogradMTIA, AutogradMAIA, AutogradPrivateUse1, AutogradPrivateUse2, AutogradPrivateUse3, AutogradMeta, AutogradNestedTensor, Tracer, AutocastCPU, AutocastMTIA, AutocastMAIA, AutocastXPU, AutocastMPS, AutocastCUDA, FuncTorchBatched, BatchedNestedTensor, FuncTorchVmapMode, Batched, VmapMode, FuncTorchGradWrapper, PythonTLSSnapshot, FuncTorchDynamicLayerFrontMode, PreDispatch, PythonDispatcher].
E       
E       CUDA: registered at /home/agent/xpytorch/workspace/8ba19c15-fc11-4377-85f3-84daf8eaab09/XMLIR/python/torch_xmlir/csrc/lazy_tensor/ts_backend/ts_eager_fallback.cpp:375 [backend fallback]
E       XLA: registered at /home/agent/xpytorch/workspace/8ba19c15-fc11-4377-85f3-84daf8eaab09/XMLIR/python/torch_xmlir/csrc/lazy_tensor/ts_backend/ts_eager_fallback.cpp:364 [backend fallback]
E       XPU: registered at /home/agent/xpytorch/workspace/8ba19c15-fc11-4377-85f3-84daf8eaab09/XMLIR/python/torch_xmlir/csrc/lazy_tensor/ts_backend/ts_eager_fallback.cpp:371 [backend fallback]
E       Meta: registered at /pytorch/aten/src/ATen/core/MetaFallbackKernel.cpp:23 [backend fallback]
E       BackendSelect: fallthrough registered at /pytorch/aten/src/ATen/core/BackendSelectFallbackKernel.cpp:3 [backend fallback]
E       Python: registered at /pytorch/aten/src/ATen/core/PythonFallbackKernel.cpp:194 [backend fallback]
E       FuncTorchDynamicLayerBackMode: registered at /pytorch/aten/src/ATen/functorch/DynamicLayer.cpp:479 [backend fallback]
E       Functionalize: registered at /pytorch/aten/src/ATen/FunctionalizeFallbackKernel.cpp:387 [backend fallback]
E       Named: registered at /pytorch/aten/src/ATen/core/NamedRegistrations.cpp:7 [backend fallback]
E       Conjugate: registered at /pytorch/aten/src/ATen/ConjugateFallback.cpp:17 [backend fallback]
E       Negative: registered at /pytorch/aten/src/ATen/native/NegateFallback.cpp:18 [backend fallback]
E       ZeroTensor: registered at /pytorch/aten/src/ATen/ZeroTensorFallback.cpp:115 [backend fallback]
E       ADInplaceOrView: fallthrough registered at /pytorch/aten/src/ATen/core/VariableFallbackKernel.cpp:104 [backend fallback]
E       AutogradOther: registered at /pytorch/torch/csrc/autograd/generated/VariableType_1.cpp:17114 [autograd kernel]
E       AutogradCPU: registered at /pytorch/torch/csrc/autograd/generated/VariableType_1.cpp:17114 [autograd kernel]
E       AutogradCUDA: registered at /pytorch/torch/csrc/autograd/generated/VariableType_1.cpp:17114 [autograd kernel]
E       AutogradHIP: registered at /pytorch/torch/csrc/autograd/generated/VariableType_1.cpp:17114 [autograd kernel]
E       AutogradXLA: registered at /pytorch/torch/csrc/autograd/generated/VariableType_1.cpp:17114 [autograd kernel]
E       AutogradMPS: registered at /pytorch/torch/csrc/autograd/generated/VariableType_1.cpp:17114 [autograd kernel]
E       AutogradIPU: registered at /pytorch/torch/csrc/autograd/generated/VariableType_1.cpp:17114 [autograd kernel]
E       AutogradXPU: registered at /pytorch/torch/csrc/autograd/generated/VariableType_1.cpp:17114 [autograd kernel]
E       AutogradHPU: registered at /pytorch/torch/csrc/autograd/generated/VariableType_1.cpp:17114 [autograd kernel]
E       AutogradVE: registered at /pytorch/torch/csrc/autograd/generated/VariableType_1.cpp:17114 [autograd kernel]
E       AutogradLazy: registered at /pytorch/torch/csrc/autograd/generated/VariableType_1.cpp:17114 [autograd kernel]
E       AutogradMTIA: registered at /pytorch/torch/csrc/autograd/generated/VariableType_1.cpp:17114 [autograd kernel]
E       AutogradMAIA: registered at /pytorch/torch/csrc/autograd/generated/VariableType_1.cpp:17114 [autograd kernel]
E       AutogradPrivateUse1: registered at /pytorch/torch/csrc/autograd/generated/VariableType_1.cpp:17114 [autograd kernel]
E       AutogradPrivateUse2: registered at /pytorch/torch/csrc/autograd/generated/VariableType_1.cpp:17114 [autograd kernel]
E       AutogradPrivateUse3: registered at /pytorch/torch/csrc/autograd/generated/VariableType_1.cpp:17114 [autograd kernel]
E       AutogradMeta: registered at /pytorch/torch/csrc/autograd/generated/VariableType_1.cpp:17114 [autograd kernel]
E       AutogradNestedTensor: registered at /pytorch/torch/csrc/autograd/generated/VariableType_1.cpp:17114 [autograd kernel]
E       Tracer: registered at /pytorch/torch/csrc/autograd/generated/TraceType_1.cpp:16331 [kernel]
E       AutocastCPU: fallthrough registered at /pytorch/aten/src/ATen/autocast_mode.cpp:324 [backend fallback]
E       AutocastMTIA: fallthrough registered at /pytorch/aten/src/ATen/autocast_mode.cpp:468 [backend fallback]
E       AutocastMAIA: fallthrough registered at /pytorch/aten/src/ATen/autocast_mode.cpp:506 [backend fallback]
E       AutocastXPU: fallthrough registered at /pytorch/aten/src/ATen/autocast_mode.cpp:544 [backend fallback]
E       AutocastMPS: fallthrough registered at /pytorch/aten/src/ATen/autocast_mode.cpp:209 [backend fallback]
E       AutocastCUDA: fallthrough registered at /pytorch/aten/src/ATen/autocast_mode.cpp:165 [backend fallback]
E       FuncTorchBatched: registered at /pytorch/aten/src/ATen/functorch/LegacyBatchingRegistrations.cpp:731 [backend fallback]
E       BatchedNestedTensor: registered at /pytorch/aten/src/ATen/functorch/LegacyBatchingRegistrations.cpp:758 [backend fallback]
E       FuncTorchVmapMode: fallthrough registered at /pytorch/aten/src/ATen/functorch/VmapModeRegistrations.cpp:27 [backend fallback]
E       Batched: registered at /pytorch/aten/src/ATen/LegacyBatchingRegistrations.cpp:1075 [backend fallback]
E       VmapMode: fallthrough registered at /pytorch/aten/src/ATen/VmapModeRegistrations.cpp:33 [backend fallback]
E       FuncTorchGradWrapper: registered at /pytorch/aten/src/ATen/functorch/TensorWrapper.cpp:210 [backend fallback]
E       PythonTLSSnapshot: registered at /pytorch/aten/src/ATen/core/PythonFallbackKernel.cpp:202 [backend fallback]
E       FuncTorchDynamicLayerFrontMode: registered at /pytorch/aten/src/ATen/functorch/DynamicLayer.cpp:475 [backend fallback]
E       PreDispatch: registered at /pytorch/aten/src/ATen/core/PythonFallbackKernel.cpp:206 [backend fallback]
E       PythonDispatcher: registered at /pytorch/aten/src/ATen/core/PythonFallbackKernel.cpp:198 [backend fallback]

/root/miniconda/envs/python310_torch29_cuda/lib/python3.10/site-packages/torch/_ops.py:1255: NotImplementedError
_ test_conv_depthwise2d[True-dtype1-dilation0-padding0-stride1-shape_input1-shape_weight1-kernel1] _

shape_input = (18, 16, 4, 4), shape_weight = (16, 1, 2, 2), kernel = (2, 2)
stride = [2, 2], padding = [0, 0], dilation = [1, 1], dtype = torch.float16
bias = True

    @pytest.mark.conv_depthwise2d
    @pytest.mark.parametrize("shape_input, shape_weight, kernel", SHAPE_DEPTHWISE)
    @pytest.mark.parametrize("stride", [[1, 1], [2, 2]])
    @pytest.mark.parametrize("padding", [[0, 0], [1, 1]])
    @pytest.mark.parametrize("dilation", [[1, 1]])
    @pytest.mark.parametrize("dtype", [torch.float32, torch.float16])
    @pytest.mark.parametrize("bias", [True, False])
    def test_conv_depthwise2d(
        shape_input, shape_weight, kernel, stride, padding, dilation, dtype, bias
    ):
        inp = torch.randn(shape_input, dtype=dtype, device=flag_gems.device)
        ref_inp = utils.to_reference(inp, False)
        torch.backends.cudnn.allow_tf32 = False
        weight = torch.randn(shape_weight, dtype=dtype, device=flag_gems.device)
        ref_weight = utils.to_reference(weight, False)
    
        if bias:
            bias_tensor = torch.randn(shape_weight[0], dtype=dtype, device=flag_gems.device)
            ref_bias = utils.to_reference(bias_tensor, False)
        else:
            bias_tensor = None
            ref_bias = None
    
>       ref_out = torch.ops.aten._conv_depthwise2d(
            ref_inp,
            ref_weight,
            kernel,
            ref_bias,
            stride,
            padding,
            dilation,
        )

test_conv_depthwise2d.py:61: 
_ _ _ _ _ _ _ _ _ _ _ _ _ _ _ _ _ _ _ _ _ _ _ _ _ _ _ _ _ _ _ _ _ _ _ _ _ _ _ _ 

self = <OpOverloadPacket(op='aten._conv_depthwise2d')>
args = (tensor([[[[ 0.3887,  0.0179,  1.4092, -0.5371],
          [ 1.0410, -0.8057,  0.5596,  1.3535],
          [ 1.9287, -....9551, -0.8696,  0.3093,  0.0144, -0.4287,  1.2256],
       device='cuda:0', dtype=torch.float16), [2, 2], [0, 0], ...)
kwargs = {}

    def __call__(self, /, *args: _P.args, **kwargs: _P.kwargs) -> _T:
        # overloading __call__ to ensure torch.ops.foo.bar()
        # is still callable from JIT
        # We save the function ptr as the `op` attribute on
        # OpOverloadPacket to access it here.
    
        # Directly calling OverloadPacket goes into C++, which will check
        # the schema and cause an error for torchbind op when inputs consist of FakeScriptObject so we
        # intercept it here and call TorchBindOpverload instead.
        if self._has_torchbind_op_overload and _must_dispatch_in_python(args, kwargs):
            return _call_overload_packet_from_python(self, *args, **kwargs)
>       return self._op(*args, **kwargs)
E       NotImplementedError: Could not run 'aten::_conv_depthwise2d' with arguments from the 'CPU' backend. This could be because the operator doesn't exist for this backend, or was omitted during the selective/custom build process (if using custom build). If you are a Facebook employee using PyTorch on mobile, please visit https://fburl.com/ptmfixes for possible resolutions. 'aten::_conv_depthwise2d' is only available for these backends: [CUDA, XLA, XPU, Meta, BackendSelect, Python, FuncTorchDynamicLayerBackMode, Functionalize, Named, Conjugate, Negative, ZeroTensor, ADInplaceOrView, AutogradOther, AutogradCPU, AutogradCUDA, AutogradHIP, AutogradXLA, AutogradMPS, AutogradIPU, AutogradXPU, AutogradHPU, AutogradVE, AutogradLazy, AutogradMTIA, AutogradMAIA, AutogradPrivateUse1, AutogradPrivateUse2, AutogradPrivateUse3, AutogradMeta, AutogradNestedTensor, Tracer, AutocastCPU, AutocastMTIA, AutocastMAIA, AutocastXPU, AutocastMPS, AutocastCUDA, FuncTorchBatched, BatchedNestedTensor, FuncTorchVmapMode, Batched, VmapMode, FuncTorchGradWrapper, PythonTLSSnapshot, FuncTorchDynamicLayerFrontMode, PreDispatch, PythonDispatcher].
E       
E       CUDA: registered at /home/agent/xpytorch/workspace/8ba19c15-fc11-4377-85f3-84daf8eaab09/XMLIR/python/torch_xmlir/csrc/lazy_tensor/ts_backend/ts_eager_fallback.cpp:375 [backend fallback]
E       XLA: registered at /home/agent/xpytorch/workspace/8ba19c15-fc11-4377-85f3-84daf8eaab09/XMLIR/python/torch_xmlir/csrc/lazy_tensor/ts_backend/ts_eager_fallback.cpp:364 [backend fallback]
E       XPU: registered at /home/agent/xpytorch/workspace/8ba19c15-fc11-4377-85f3-84daf8eaab09/XMLIR/python/torch_xmlir/csrc/lazy_tensor/ts_backend/ts_eager_fallback.cpp:371 [backend fallback]
E       Meta: registered at /pytorch/aten/src/ATen/core/MetaFallbackKernel.cpp:23 [backend fallback]
E       BackendSelect: fallthrough registered at /pytorch/aten/src/ATen/core/BackendSelectFallbackKernel.cpp:3 [backend fallback]
E       Python: registered at /pytorch/aten/src/ATen/core/PythonFallbackKernel.cpp:194 [backend fallback]
E       FuncTorchDynamicLayerBackMode: registered at /pytorch/aten/src/ATen/functorch/DynamicLayer.cpp:479 [backend fallback]
E       Functionalize: registered at /pytorch/aten/src/ATen/FunctionalizeFallbackKernel.cpp:387 [backend fallback]
E       Named: registered at /pytorch/aten/src/ATen/core/NamedRegistrations.cpp:7 [backend fallback]
E       Conjugate: registered at /pytorch/aten/src/ATen/ConjugateFallback.cpp:17 [backend fallback]
E       Negative: registered at /pytorch/aten/src/ATen/native/NegateFallback.cpp:18 [backend fallback]
E       ZeroTensor: registered at /pytorch/aten/src/ATen/ZeroTensorFallback.cpp:115 [backend fallback]
E       ADInplaceOrView: fallthrough registered at /pytorch/aten/src/ATen/core/VariableFallbackKernel.cpp:104 [backend fallback]
E       AutogradOther: registered at /pytorch/torch/csrc/autograd/generated/VariableType_1.cpp:17114 [autograd kernel]
E       AutogradCPU: registered at /pytorch/torch/csrc/autograd/generated/VariableType_1.cpp:17114 [autograd kernel]
E       AutogradCUDA: registered at /pytorch/torch/csrc/autograd/generated/VariableType_1.cpp:17114 [autograd kernel]
E       AutogradHIP: registered at /pytorch/torch/csrc/autograd/generated/VariableType_1.cpp:17114 [autograd kernel]
E       AutogradXLA: registered at /pytorch/torch/csrc/autograd/generated/VariableType_1.cpp:17114 [autograd kernel]
E       AutogradMPS: registered at /pytorch/torch/csrc/autograd/generated/VariableType_1.cpp:17114 [autograd kernel]
E       AutogradIPU: registered at /pytorch/torch/csrc/autograd/generated/VariableType_1.cpp:17114 [autograd kernel]
E       AutogradXPU: registered at /pytorch/torch/csrc/autograd/generated/VariableType_1.cpp:17114 [autograd kernel]
E       AutogradHPU: registered at /pytorch/torch/csrc/autograd/generated/VariableType_1.cpp:17114 [autograd kernel]
E       AutogradVE: registered at /pytorch/torch/csrc/autograd/generated/VariableType_1.cpp:17114 [autograd kernel]
E       AutogradLazy: registered at /pytorch/torch/csrc/autograd/generated/VariableType_1.cpp:17114 [autograd kernel]
E       AutogradMTIA: registered at /pytorch/torch/csrc/autograd/generated/VariableType_1.cpp:17114 [autograd kernel]
E       AutogradMAIA: registered at /pytorch/torch/csrc/autograd/generated/VariableType_1.cpp:17114 [autograd kernel]
E       AutogradPrivateUse1: registered at /pytorch/torch/csrc/autograd/generated/VariableType_1.cpp:17114 [autograd kernel]
E       AutogradPrivateUse2: registered at /pytorch/torch/csrc/autograd/generated/VariableType_1.cpp:17114 [autograd kernel]
E       AutogradPrivateUse3: registered at /pytorch/torch/csrc/autograd/generated/VariableType_1.cpp:17114 [autograd kernel]
E       AutogradMeta: registered at /pytorch/torch/csrc/autograd/generated/VariableType_1.cpp:17114 [autograd kernel]
E       AutogradNestedTensor: registered at /pytorch/torch/csrc/autograd/generated/VariableType_1.cpp:17114 [autograd kernel]
E       Tracer: registered at /pytorch/torch/csrc/autograd/generated/TraceType_1.cpp:16331 [kernel]
E       AutocastCPU: fallthrough registered at /pytorch/aten/src/ATen/autocast_mode.cpp:324 [backend fallback]
E       AutocastMTIA: fallthrough registered at /pytorch/aten/src/ATen/autocast_mode.cpp:468 [backend fallback]
E       AutocastMAIA: fallthrough registered at /pytorch/aten/src/ATen/autocast_mode.cpp:506 [backend fallback]
E       AutocastXPU: fallthrough registered at /pytorch/aten/src/ATen/autocast_mode.cpp:544 [backend fallback]
E       AutocastMPS: fallthrough registered at /pytorch/aten/src/ATen/autocast_mode.cpp:209 [backend fallback]
E       AutocastCUDA: fallthrough registered at /pytorch/aten/src/ATen/autocast_mode.cpp:165 [backend fallback]
E       FuncTorchBatched: registered at /pytorch/aten/src/ATen/functorch/LegacyBatchingRegistrations.cpp:731 [backend fallback]
E       BatchedNestedTensor: registered at /pytorch/aten/src/ATen/functorch/LegacyBatchingRegistrations.cpp:758 [backend fallback]
E       FuncTorchVmapMode: fallthrough registered at /pytorch/aten/src/ATen/functorch/VmapModeRegistrations.cpp:27 [backend fallback]
E       Batched: registered at /pytorch/aten/src/ATen/LegacyBatchingRegistrations.cpp:1075 [backend fallback]
E       VmapMode: fallthrough registered at /pytorch/aten/src/ATen/VmapModeRegistrations.cpp:33 [backend fallback]
E       FuncTorchGradWrapper: registered at /pytorch/aten/src/ATen/functorch/TensorWrapper.cpp:210 [backend fallback]
E       PythonTLSSnapshot: registered at /pytorch/aten/src/ATen/core/PythonFallbackKernel.cpp:202 [backend fallback]
E       FuncTorchDynamicLayerFrontMode: registered at /pytorch/aten/src/ATen/functorch/DynamicLayer.cpp:475 [backend fallback]
E       PreDispatch: registered at /pytorch/aten/src/ATen/core/PythonFallbackKernel.cpp:206 [backend fallback]
E       PythonDispatcher: registered at /pytorch/aten/src/ATen/core/PythonFallbackKernel.cpp:198 [backend fallback]

/root/miniconda/envs/python310_torch29_cuda/lib/python3.10/site-packages/torch/_ops.py:1255: NotImplementedError
_ test_conv_depthwise2d[True-dtype1-dilation0-padding1-stride0-shape_input0-shape_weight0-kernel0] _

shape_input = (32, 4, 8, 8), shape_weight = (32, 1, 2, 2), kernel = (2, 2)
stride = [1, 1], padding = [1, 1], dilation = [1, 1], dtype = torch.float16
bias = True

    @pytest.mark.conv_depthwise2d
    @pytest.mark.parametrize("shape_input, shape_weight, kernel", SHAPE_DEPTHWISE)
    @pytest.mark.parametrize("stride", [[1, 1], [2, 2]])
    @pytest.mark.parametrize("padding", [[0, 0], [1, 1]])
    @pytest.mark.parametrize("dilation", [[1, 1]])
    @pytest.mark.parametrize("dtype", [torch.float32, torch.float16])
    @pytest.mark.parametrize("bias", [True, False])
    def test_conv_depthwise2d(
        shape_input, shape_weight, kernel, stride, padding, dilation, dtype, bias
    ):
        inp = torch.randn(shape_input, dtype=dtype, device=flag_gems.device)
        ref_inp = utils.to_reference(inp, False)
        torch.backends.cudnn.allow_tf32 = False
        weight = torch.randn(shape_weight, dtype=dtype, device=flag_gems.device)
        ref_weight = utils.to_reference(weight, False)
    
        if bias:
            bias_tensor = torch.randn(shape_weight[0], dtype=dtype, device=flag_gems.device)
            ref_bias = utils.to_reference(bias_tensor, False)
        else:
            bias_tensor = None
            ref_bias = None
    
>       ref_out = torch.ops.aten._conv_depthwise2d(
            ref_inp,
            ref_weight,
            kernel,
            ref_bias,
            stride,
            padding,
            dilation,
        )

test_conv_depthwise2d.py:61: 
_ _ _ _ _ _ _ _ _ _ _ _ _ _ _ _ _ _ _ _ _ _ _ _ _ _ _ _ _ _ _ _ _ _ _ _ _ _ _ _ 

self = <OpOverloadPacket(op='aten._conv_depthwise2d')>
args = (tensor([[[[-9.4238e-01,  6.5967e-01, -6.7383e-01,  ...,  3.9087e-01,
           -4.5093e-01,  1.6113e-01],
          ....3472,  0.0101,  0.0213,  1.1680, -1.3799, -0.5366],
       device='cuda:0', dtype=torch.float16), [1, 1], [1, 1], ...)
kwargs = {}

    def __call__(self, /, *args: _P.args, **kwargs: _P.kwargs) -> _T:
        # overloading __call__ to ensure torch.ops.foo.bar()
        # is still callable from JIT
        # We save the function ptr as the `op` attribute on
        # OpOverloadPacket to access it here.
    
        # Directly calling OverloadPacket goes into C++, which will check
        # the schema and cause an error for torchbind op when inputs consist of FakeScriptObject so we
        # intercept it here and call TorchBindOpverload instead.
        if self._has_torchbind_op_overload and _must_dispatch_in_python(args, kwargs):
            return _call_overload_packet_from_python(self, *args, **kwargs)
>       return self._op(*args, **kwargs)
E       NotImplementedError: Could not run 'aten::_conv_depthwise2d' with arguments from the 'CPU' backend. This could be because the operator doesn't exist for this backend, or was omitted during the selective/custom build process (if using custom build). If you are a Facebook employee using PyTorch on mobile, please visit https://fburl.com/ptmfixes for possible resolutions. 'aten::_conv_depthwise2d' is only available for these backends: [CUDA, XLA, XPU, Meta, BackendSelect, Python, FuncTorchDynamicLayerBackMode, Functionalize, Named, Conjugate, Negative, ZeroTensor, ADInplaceOrView, AutogradOther, AutogradCPU, AutogradCUDA, AutogradHIP, AutogradXLA, AutogradMPS, AutogradIPU, AutogradXPU, AutogradHPU, AutogradVE, AutogradLazy, AutogradMTIA, AutogradMAIA, AutogradPrivateUse1, AutogradPrivateUse2, AutogradPrivateUse3, AutogradMeta, AutogradNestedTensor, Tracer, AutocastCPU, AutocastMTIA, AutocastMAIA, AutocastXPU, AutocastMPS, AutocastCUDA, FuncTorchBatched, BatchedNestedTensor, FuncTorchVmapMode, Batched, VmapMode, FuncTorchGradWrapper, PythonTLSSnapshot, FuncTorchDynamicLayerFrontMode, PreDispatch, PythonDispatcher].
E       
E       CUDA: registered at /home/agent/xpytorch/workspace/8ba19c15-fc11-4377-85f3-84daf8eaab09/XMLIR/python/torch_xmlir/csrc/lazy_tensor/ts_backend/ts_eager_fallback.cpp:375 [backend fallback]
E       XLA: registered at /home/agent/xpytorch/workspace/8ba19c15-fc11-4377-85f3-84daf8eaab09/XMLIR/python/torch_xmlir/csrc/lazy_tensor/ts_backend/ts_eager_fallback.cpp:364 [backend fallback]
E       XPU: registered at /home/agent/xpytorch/workspace/8ba19c15-fc11-4377-85f3-84daf8eaab09/XMLIR/python/torch_xmlir/csrc/lazy_tensor/ts_backend/ts_eager_fallback.cpp:371 [backend fallback]
E       Meta: registered at /pytorch/aten/src/ATen/core/MetaFallbackKernel.cpp:23 [backend fallback]
E       BackendSelect: fallthrough registered at /pytorch/aten/src/ATen/core/BackendSelectFallbackKernel.cpp:3 [backend fallback]
E       Python: registered at /pytorch/aten/src/ATen/core/PythonFallbackKernel.cpp:194 [backend fallback]
E       FuncTorchDynamicLayerBackMode: registered at /pytorch/aten/src/ATen/functorch/DynamicLayer.cpp:479 [backend fallback]
E       Functionalize: registered at /pytorch/aten/src/ATen/FunctionalizeFallbackKernel.cpp:387 [backend fallback]
E       Named: registered at /pytorch/aten/src/ATen/core/NamedRegistrations.cpp:7 [backend fallback]
E       Conjugate: registered at /pytorch/aten/src/ATen/ConjugateFallback.cpp:17 [backend fallback]
E       Negative: registered at /pytorch/aten/src/ATen/native/NegateFallback.cpp:18 [backend fallback]
E       ZeroTensor: registered at /pytorch/aten/src/ATen/ZeroTensorFallback.cpp:115 [backend fallback]
E       ADInplaceOrView: fallthrough registered at /pytorch/aten/src/ATen/core/VariableFallbackKernel.cpp:104 [backend fallback]
E       AutogradOther: registered at /pytorch/torch/csrc/autograd/generated/VariableType_1.cpp:17114 [autograd kernel]
E       AutogradCPU: registered at /pytorch/torch/csrc/autograd/generated/VariableType_1.cpp:17114 [autograd kernel]
E       AutogradCUDA: registered at /pytorch/torch/csrc/autograd/generated/VariableType_1.cpp:17114 [autograd kernel]
E       AutogradHIP: registered at /pytorch/torch/csrc/autograd/generated/VariableType_1.cpp:17114 [autograd kernel]
E       AutogradXLA: registered at /pytorch/torch/csrc/autograd/generated/VariableType_1.cpp:17114 [autograd kernel]
E       AutogradMPS: registered at /pytorch/torch/csrc/autograd/generated/VariableType_1.cpp:17114 [autograd kernel]
E       AutogradIPU: registered at /pytorch/torch/csrc/autograd/generated/VariableType_1.cpp:17114 [autograd kernel]
E       AutogradXPU: registered at /pytorch/torch/csrc/autograd/generated/VariableType_1.cpp:17114 [autograd kernel]
E       AutogradHPU: registered at /pytorch/torch/csrc/autograd/generated/VariableType_1.cpp:17114 [autograd kernel]
E       AutogradVE: registered at /pytorch/torch/csrc/autograd/generated/VariableType_1.cpp:17114 [autograd kernel]
E       AutogradLazy: registered at /pytorch/torch/csrc/autograd/generated/VariableType_1.cpp:17114 [autograd kernel]
E       AutogradMTIA: registered at /pytorch/torch/csrc/autograd/generated/VariableType_1.cpp:17114 [autograd kernel]
E       AutogradMAIA: registered at /pytorch/torch/csrc/autograd/generated/VariableType_1.cpp:17114 [autograd kernel]
E       AutogradPrivateUse1: registered at /pytorch/torch/csrc/autograd/generated/VariableType_1.cpp:17114 [autograd kernel]
E       AutogradPrivateUse2: registered at /pytorch/torch/csrc/autograd/generated/VariableType_1.cpp:17114 [autograd kernel]
E       AutogradPrivateUse3: registered at /pytorch/torch/csrc/autograd/generated/VariableType_1.cpp:17114 [autograd kernel]
E       AutogradMeta: registered at /pytorch/torch/csrc/autograd/generated/VariableType_1.cpp:17114 [autograd kernel]
E       AutogradNestedTensor: registered at /pytorch/torch/csrc/autograd/generated/VariableType_1.cpp:17114 [autograd kernel]
E       Tracer: registered at /pytorch/torch/csrc/autograd/generated/TraceType_1.cpp:16331 [kernel]
E       AutocastCPU: fallthrough registered at /pytorch/aten/src/ATen/autocast_mode.cpp:324 [backend fallback]
E       AutocastMTIA: fallthrough registered at /pytorch/aten/src/ATen/autocast_mode.cpp:468 [backend fallback]
E       AutocastMAIA: fallthrough registered at /pytorch/aten/src/ATen/autocast_mode.cpp:506 [backend fallback]
E       AutocastXPU: fallthrough registered at /pytorch/aten/src/ATen/autocast_mode.cpp:544 [backend fallback]
E       AutocastMPS: fallthrough registered at /pytorch/aten/src/ATen/autocast_mode.cpp:209 [backend fallback]
E       AutocastCUDA: fallthrough registered at /pytorch/aten/src/ATen/autocast_mode.cpp:165 [backend fallback]
E       FuncTorchBatched: registered at /pytorch/aten/src/ATen/functorch/LegacyBatchingRegistrations.cpp:731 [backend fallback]
E       BatchedNestedTensor: registered at /pytorch/aten/src/ATen/functorch/LegacyBatchingRegistrations.cpp:758 [backend fallback]
E       FuncTorchVmapMode: fallthrough registered at /pytorch/aten/src/ATen/functorch/VmapModeRegistrations.cpp:27 [backend fallback]
E       Batched: registered at /pytorch/aten/src/ATen/LegacyBatchingRegistrations.cpp:1075 [backend fallback]
E       VmapMode: fallthrough registered at /pytorch/aten/src/ATen/VmapModeRegistrations.cpp:33 [backend fallback]
E       FuncTorchGradWrapper: registered at /pytorch/aten/src/ATen/functorch/TensorWrapper.cpp:210 [backend fallback]
E       PythonTLSSnapshot: registered at /pytorch/aten/src/ATen/core/PythonFallbackKernel.cpp:202 [backend fallback]
E       FuncTorchDynamicLayerFrontMode: registered at /pytorch/aten/src/ATen/functorch/DynamicLayer.cpp:475 [backend fallback]
E       PreDispatch: registered at /pytorch/aten/src/ATen/core/PythonFallbackKernel.cpp:206 [backend fallback]
E       PythonDispatcher: registered at /pytorch/aten/src/ATen/core/PythonFallbackKernel.cpp:198 [backend fallback]

/root/miniconda/envs/python310_torch29_cuda/lib/python3.10/site-packages/torch/_ops.py:1255: NotImplementedError
_ test_conv_depthwise2d[True-dtype1-dilation0-padding1-stride0-shape_input1-shape_weight1-kernel1] _

shape_input = (18, 16, 4, 4), shape_weight = (16, 1, 2, 2), kernel = (2, 2)
stride = [1, 1], padding = [1, 1], dilation = [1, 1], dtype = torch.float16
bias = True

    @pytest.mark.conv_depthwise2d
    @pytest.mark.parametrize("shape_input, shape_weight, kernel", SHAPE_DEPTHWISE)
    @pytest.mark.parametrize("stride", [[1, 1], [2, 2]])
    @pytest.mark.parametrize("padding", [[0, 0], [1, 1]])
    @pytest.mark.parametrize("dilation", [[1, 1]])
    @pytest.mark.parametrize("dtype", [torch.float32, torch.float16])
    @pytest.mark.parametrize("bias", [True, False])
    def test_conv_depthwise2d(
        shape_input, shape_weight, kernel, stride, padding, dilation, dtype, bias
    ):
        inp = torch.randn(shape_input, dtype=dtype, device=flag_gems.device)
        ref_inp = utils.to_reference(inp, False)
        torch.backends.cudnn.allow_tf32 = False
        weight = torch.randn(shape_weight, dtype=dtype, device=flag_gems.device)
        ref_weight = utils.to_reference(weight, False)
    
        if bias:
            bias_tensor = torch.randn(shape_weight[0], dtype=dtype, device=flag_gems.device)
            ref_bias = utils.to_reference(bias_tensor, False)
        else:
            bias_tensor = None
            ref_bias = None
    
>       ref_out = torch.ops.aten._conv_depthwise2d(
            ref_inp,
            ref_weight,
            kernel,
            ref_bias,
            stride,
            padding,
            dilation,
        )

test_conv_depthwise2d.py:61: 
_ _ _ _ _ _ _ _ _ _ _ _ _ _ _ _ _ _ _ _ _ _ _ _ _ _ _ _ _ _ _ _ _ _ _ _ _ _ _ _ 

self = <OpOverloadPacket(op='aten._conv_depthwise2d')>
args = (tensor([[[[ 0.5635, -0.5718, -1.3799, -1.4219],
          [-0.1729, -0.4050,  0.1481, -0.0452],
          [-1.0850, -....0234,  1.6221,  0.2234,  0.4343, -1.1885,  0.5859],
       device='cuda:0', dtype=torch.float16), [1, 1], [1, 1], ...)
kwargs = {}

    def __call__(self, /, *args: _P.args, **kwargs: _P.kwargs) -> _T:
        # overloading __call__ to ensure torch.ops.foo.bar()
        # is still callable from JIT
        # We save the function ptr as the `op` attribute on
        # OpOverloadPacket to access it here.
    
        # Directly calling OverloadPacket goes into C++, which will check
        # the schema and cause an error for torchbind op when inputs consist of FakeScriptObject so we
        # intercept it here and call TorchBindOpverload instead.
        if self._has_torchbind_op_overload and _must_dispatch_in_python(args, kwargs):
            return _call_overload_packet_from_python(self, *args, **kwargs)
>       return self._op(*args, **kwargs)
E       NotImplementedError: Could not run 'aten::_conv_depthwise2d' with arguments from the 'CPU' backend. This could be because the operator doesn't exist for this backend, or was omitted during the selective/custom build process (if using custom build). If you are a Facebook employee using PyTorch on mobile, please visit https://fburl.com/ptmfixes for possible resolutions. 'aten::_conv_depthwise2d' is only available for these backends: [CUDA, XLA, XPU, Meta, BackendSelect, Python, FuncTorchDynamicLayerBackMode, Functionalize, Named, Conjugate, Negative, ZeroTensor, ADInplaceOrView, AutogradOther, AutogradCPU, AutogradCUDA, AutogradHIP, AutogradXLA, AutogradMPS, AutogradIPU, AutogradXPU, AutogradHPU, AutogradVE, AutogradLazy, AutogradMTIA, AutogradMAIA, AutogradPrivateUse1, AutogradPrivateUse2, AutogradPrivateUse3, AutogradMeta, AutogradNestedTensor, Tracer, AutocastCPU, AutocastMTIA, AutocastMAIA, AutocastXPU, AutocastMPS, AutocastCUDA, FuncTorchBatched, BatchedNestedTensor, FuncTorchVmapMode, Batched, VmapMode, FuncTorchGradWrapper, PythonTLSSnapshot, FuncTorchDynamicLayerFrontMode, PreDispatch, PythonDispatcher].
E       
E       CUDA: registered at /home/agent/xpytorch/workspace/8ba19c15-fc11-4377-85f3-84daf8eaab09/XMLIR/python/torch_xmlir/csrc/lazy_tensor/ts_backend/ts_eager_fallback.cpp:375 [backend fallback]
E       XLA: registered at /home/agent/xpytorch/workspace/8ba19c15-fc11-4377-85f3-84daf8eaab09/XMLIR/python/torch_xmlir/csrc/lazy_tensor/ts_backend/ts_eager_fallback.cpp:364 [backend fallback]
E       XPU: registered at /home/agent/xpytorch/workspace/8ba19c15-fc11-4377-85f3-84daf8eaab09/XMLIR/python/torch_xmlir/csrc/lazy_tensor/ts_backend/ts_eager_fallback.cpp:371 [backend fallback]
E       Meta: registered at /pytorch/aten/src/ATen/core/MetaFallbackKernel.cpp:23 [backend fallback]
E       BackendSelect: fallthrough registered at /pytorch/aten/src/ATen/core/BackendSelectFallbackKernel.cpp:3 [backend fallback]
E       Python: registered at /pytorch/aten/src/ATen/core/PythonFallbackKernel.cpp:194 [backend fallback]
E       FuncTorchDynamicLayerBackMode: registered at /pytorch/aten/src/ATen/functorch/DynamicLayer.cpp:479 [backend fallback]
E       Functionalize: registered at /pytorch/aten/src/ATen/FunctionalizeFallbackKernel.cpp:387 [backend fallback]
E       Named: registered at /pytorch/aten/src/ATen/core/NamedRegistrations.cpp:7 [backend fallback]
E       Conjugate: registered at /pytorch/aten/src/ATen/ConjugateFallback.cpp:17 [backend fallback]
E       Negative: registered at /pytorch/aten/src/ATen/native/NegateFallback.cpp:18 [backend fallback]
E       ZeroTensor: registered at /pytorch/aten/src/ATen/ZeroTensorFallback.cpp:115 [backend fallback]
E       ADInplaceOrView: fallthrough registered at /pytorch/aten/src/ATen/core/VariableFallbackKernel.cpp:104 [backend fallback]
E       AutogradOther: registered at /pytorch/torch/csrc/autograd/generated/VariableType_1.cpp:17114 [autograd kernel]
E       AutogradCPU: registered at /pytorch/torch/csrc/autograd/generated/VariableType_1.cpp:17114 [autograd kernel]
E       AutogradCUDA: registered at /pytorch/torch/csrc/autograd/generated/VariableType_1.cpp:17114 [autograd kernel]
E       AutogradHIP: registered at /pytorch/torch/csrc/autograd/generated/VariableType_1.cpp:17114 [autograd kernel]
E       AutogradXLA: registered at /pytorch/torch/csrc/autograd/generated/VariableType_1.cpp:17114 [autograd kernel]
E       AutogradMPS: registered at /pytorch/torch/csrc/autograd/generated/VariableType_1.cpp:17114 [autograd kernel]
E       AutogradIPU: registered at /pytorch/torch/csrc/autograd/generated/VariableType_1.cpp:17114 [autograd kernel]
E       AutogradXPU: registered at /pytorch/torch/csrc/autograd/generated/VariableType_1.cpp:17114 [autograd kernel]
E       AutogradHPU: registered at /pytorch/torch/csrc/autograd/generated/VariableType_1.cpp:17114 [autograd kernel]
E       AutogradVE: registered at /pytorch/torch/csrc/autograd/generated/VariableType_1.cpp:17114 [autograd kernel]
E       AutogradLazy: registered at /pytorch/torch/csrc/autograd/generated/VariableType_1.cpp:17114 [autograd kernel]
E       AutogradMTIA: registered at /pytorch/torch/csrc/autograd/generated/VariableType_1.cpp:17114 [autograd kernel]
E       AutogradMAIA: registered at /pytorch/torch/csrc/autograd/generated/VariableType_1.cpp:17114 [autograd kernel]
E       AutogradPrivateUse1: registered at /pytorch/torch/csrc/autograd/generated/VariableType_1.cpp:17114 [autograd kernel]
E       AutogradPrivateUse2: registered at /pytorch/torch/csrc/autograd/generated/VariableType_1.cpp:17114 [autograd kernel]
E       AutogradPrivateUse3: registered at /pytorch/torch/csrc/autograd/generated/VariableType_1.cpp:17114 [autograd kernel]
E       AutogradMeta: registered at /pytorch/torch/csrc/autograd/generated/VariableType_1.cpp:17114 [autograd kernel]
E       AutogradNestedTensor: registered at /pytorch/torch/csrc/autograd/generated/VariableType_1.cpp:17114 [autograd kernel]
E       Tracer: registered at /pytorch/torch/csrc/autograd/generated/TraceType_1.cpp:16331 [kernel]
E       AutocastCPU: fallthrough registered at /pytorch/aten/src/ATen/autocast_mode.cpp:324 [backend fallback]
E       AutocastMTIA: fallthrough registered at /pytorch/aten/src/ATen/autocast_mode.cpp:468 [backend fallback]
E       AutocastMAIA: fallthrough registered at /pytorch/aten/src/ATen/autocast_mode.cpp:506 [backend fallback]
E       AutocastXPU: fallthrough registered at /pytorch/aten/src/ATen/autocast_mode.cpp:544 [backend fallback]
E       AutocastMPS: fallthrough registered at /pytorch/aten/src/ATen/autocast_mode.cpp:209 [backend fallback]
E       AutocastCUDA: fallthrough registered at /pytorch/aten/src/ATen/autocast_mode.cpp:165 [backend fallback]
E       FuncTorchBatched: registered at /pytorch/aten/src/ATen/functorch/LegacyBatchingRegistrations.cpp:731 [backend fallback]
E       BatchedNestedTensor: registered at /pytorch/aten/src/ATen/functorch/LegacyBatchingRegistrations.cpp:758 [backend fallback]
E       FuncTorchVmapMode: fallthrough registered at /pytorch/aten/src/ATen/functorch/VmapModeRegistrations.cpp:27 [backend fallback]
E       Batched: registered at /pytorch/aten/src/ATen/LegacyBatchingRegistrations.cpp:1075 [backend fallback]
E       VmapMode: fallthrough registered at /pytorch/aten/src/ATen/VmapModeRegistrations.cpp:33 [backend fallback]
E       FuncTorchGradWrapper: registered at /pytorch/aten/src/ATen/functorch/TensorWrapper.cpp:210 [backend fallback]
E       PythonTLSSnapshot: registered at /pytorch/aten/src/ATen/core/PythonFallbackKernel.cpp:202 [backend fallback]
E       FuncTorchDynamicLayerFrontMode: registered at /pytorch/aten/src/ATen/functorch/DynamicLayer.cpp:475 [backend fallback]
E       PreDispatch: registered at /pytorch/aten/src/ATen/core/PythonFallbackKernel.cpp:206 [backend fallback]
E       PythonDispatcher: registered at /pytorch/aten/src/ATen/core/PythonFallbackKernel.cpp:198 [backend fallback]

/root/miniconda/envs/python310_torch29_cuda/lib/python3.10/site-packages/torch/_ops.py:1255: NotImplementedError
_ test_conv_depthwise2d[True-dtype1-dilation0-padding1-stride1-shape_input0-shape_weight0-kernel0] _

shape_input = (32, 4, 8, 8), shape_weight = (32, 1, 2, 2), kernel = (2, 2)
stride = [2, 2], padding = [1, 1], dilation = [1, 1], dtype = torch.float16
bias = True

    @pytest.mark.conv_depthwise2d
    @pytest.mark.parametrize("shape_input, shape_weight, kernel", SHAPE_DEPTHWISE)
    @pytest.mark.parametrize("stride", [[1, 1], [2, 2]])
    @pytest.mark.parametrize("padding", [[0, 0], [1, 1]])
    @pytest.mark.parametrize("dilation", [[1, 1]])
    @pytest.mark.parametrize("dtype", [torch.float32, torch.float16])
    @pytest.mark.parametrize("bias", [True, False])
    def test_conv_depthwise2d(
        shape_input, shape_weight, kernel, stride, padding, dilation, dtype, bias
    ):
        inp = torch.randn(shape_input, dtype=dtype, device=flag_gems.device)
        ref_inp = utils.to_reference(inp, False)
        torch.backends.cudnn.allow_tf32 = False
        weight = torch.randn(shape_weight, dtype=dtype, device=flag_gems.device)
        ref_weight = utils.to_reference(weight, False)
    
        if bias:
            bias_tensor = torch.randn(shape_weight[0], dtype=dtype, device=flag_gems.device)
            ref_bias = utils.to_reference(bias_tensor, False)
        else:
            bias_tensor = None
            ref_bias = None
    
>       ref_out = torch.ops.aten._conv_depthwise2d(
            ref_inp,
            ref_weight,
            kernel,
            ref_bias,
            stride,
            padding,
            dilation,
        )

test_conv_depthwise2d.py:61: 
_ _ _ _ _ _ _ _ _ _ _ _ _ _ _ _ _ _ _ _ _ _ _ _ _ _ _ _ _ _ _ _ _ _ _ _ _ _ _ _ 

self = <OpOverloadPacket(op='aten._conv_depthwise2d')>
args = (tensor([[[[-5.4785e-01,  2.3950e-01,  3.0811e-01,  ...,  2.5854e-01,
            1.1481e-01, -7.2803e-01],
          ....2920, -0.6714,  0.4258,  0.7529, -1.0537,  1.9473],
       device='cuda:0', dtype=torch.float16), [2, 2], [1, 1], ...)
kwargs = {}

    def __call__(self, /, *args: _P.args, **kwargs: _P.kwargs) -> _T:
        # overloading __call__ to ensure torch.ops.foo.bar()
        # is still callable from JIT
        # We save the function ptr as the `op` attribute on
        # OpOverloadPacket to access it here.
    
        # Directly calling OverloadPacket goes into C++, which will check
        # the schema and cause an error for torchbind op when inputs consist of FakeScriptObject so we
        # intercept it here and call TorchBindOpverload instead.
        if self._has_torchbind_op_overload and _must_dispatch_in_python(args, kwargs):
            return _call_overload_packet_from_python(self, *args, **kwargs)
>       return self._op(*args, **kwargs)
E       NotImplementedError: Could not run 'aten::_conv_depthwise2d' with arguments from the 'CPU' backend. This could be because the operator doesn't exist for this backend, or was omitted during the selective/custom build process (if using custom build). If you are a Facebook employee using PyTorch on mobile, please visit https://fburl.com/ptmfixes for possible resolutions. 'aten::_conv_depthwise2d' is only available for these backends: [CUDA, XLA, XPU, Meta, BackendSelect, Python, FuncTorchDynamicLayerBackMode, Functionalize, Named, Conjugate, Negative, ZeroTensor, ADInplaceOrView, AutogradOther, AutogradCPU, AutogradCUDA, AutogradHIP, AutogradXLA, AutogradMPS, AutogradIPU, AutogradXPU, AutogradHPU, AutogradVE, AutogradLazy, AutogradMTIA, AutogradMAIA, AutogradPrivateUse1, AutogradPrivateUse2, AutogradPrivateUse3, AutogradMeta, AutogradNestedTensor, Tracer, AutocastCPU, AutocastMTIA, AutocastMAIA, AutocastXPU, AutocastMPS, AutocastCUDA, FuncTorchBatched, BatchedNestedTensor, FuncTorchVmapMode, Batched, VmapMode, FuncTorchGradWrapper, PythonTLSSnapshot, FuncTorchDynamicLayerFrontMode, PreDispatch, PythonDispatcher].
E       
E       CUDA: registered at /home/agent/xpytorch/workspace/8ba19c15-fc11-4377-85f3-84daf8eaab09/XMLIR/python/torch_xmlir/csrc/lazy_tensor/ts_backend/ts_eager_fallback.cpp:375 [backend fallback]
E       XLA: registered at /home/agent/xpytorch/workspace/8ba19c15-fc11-4377-85f3-84daf8eaab09/XMLIR/python/torch_xmlir/csrc/lazy_tensor/ts_backend/ts_eager_fallback.cpp:364 [backend fallback]
E       XPU: registered at /home/agent/xpytorch/workspace/8ba19c15-fc11-4377-85f3-84daf8eaab09/XMLIR/python/torch_xmlir/csrc/lazy_tensor/ts_backend/ts_eager_fallback.cpp:371 [backend fallback]
E       Meta: registered at /pytorch/aten/src/ATen/core/MetaFallbackKernel.cpp:23 [backend fallback]
E       BackendSelect: fallthrough registered at /pytorch/aten/src/ATen/core/BackendSelectFallbackKernel.cpp:3 [backend fallback]
E       Python: registered at /pytorch/aten/src/ATen/core/PythonFallbackKernel.cpp:194 [backend fallback]
E       FuncTorchDynamicLayerBackMode: registered at /pytorch/aten/src/ATen/functorch/DynamicLayer.cpp:479 [backend fallback]
E       Functionalize: registered at /pytorch/aten/src/ATen/FunctionalizeFallbackKernel.cpp:387 [backend fallback]
E       Named: registered at /pytorch/aten/src/ATen/core/NamedRegistrations.cpp:7 [backend fallback]
E       Conjugate: registered at /pytorch/aten/src/ATen/ConjugateFallback.cpp:17 [backend fallback]
E       Negative: registered at /pytorch/aten/src/ATen/native/NegateFallback.cpp:18 [backend fallback]
E       ZeroTensor: registered at /pytorch/aten/src/ATen/ZeroTensorFallback.cpp:115 [backend fallback]
E       ADInplaceOrView: fallthrough registered at /pytorch/aten/src/ATen/core/VariableFallbackKernel.cpp:104 [backend fallback]
E       AutogradOther: registered at /pytorch/torch/csrc/autograd/generated/VariableType_1.cpp:17114 [autograd kernel]
E       AutogradCPU: registered at /pytorch/torch/csrc/autograd/generated/VariableType_1.cpp:17114 [autograd kernel]
E       AutogradCUDA: registered at /pytorch/torch/csrc/autograd/generated/VariableType_1.cpp:17114 [autograd kernel]
E       AutogradHIP: registered at /pytorch/torch/csrc/autograd/generated/VariableType_1.cpp:17114 [autograd kernel]
E       AutogradXLA: registered at /pytorch/torch/csrc/autograd/generated/VariableType_1.cpp:17114 [autograd kernel]
E       AutogradMPS: registered at /pytorch/torch/csrc/autograd/generated/VariableType_1.cpp:17114 [autograd kernel]
E       AutogradIPU: registered at /pytorch/torch/csrc/autograd/generated/VariableType_1.cpp:17114 [autograd kernel]
E       AutogradXPU: registered at /pytorch/torch/csrc/autograd/generated/VariableType_1.cpp:17114 [autograd kernel]
E       AutogradHPU: registered at /pytorch/torch/csrc/autograd/generated/VariableType_1.cpp:17114 [autograd kernel]
E       AutogradVE: registered at /pytorch/torch/csrc/autograd/generated/VariableType_1.cpp:17114 [autograd kernel]
E       AutogradLazy: registered at /pytorch/torch/csrc/autograd/generated/VariableType_1.cpp:17114 [autograd kernel]
E       AutogradMTIA: registered at /pytorch/torch/csrc/autograd/generated/VariableType_1.cpp:17114 [autograd kernel]
E       AutogradMAIA: registered at /pytorch/torch/csrc/autograd/generated/VariableType_1.cpp:17114 [autograd kernel]
E       AutogradPrivateUse1: registered at /pytorch/torch/csrc/autograd/generated/VariableType_1.cpp:17114 [autograd kernel]
E       AutogradPrivateUse2: registered at /pytorch/torch/csrc/autograd/generated/VariableType_1.cpp:17114 [autograd kernel]
E       AutogradPrivateUse3: registered at /pytorch/torch/csrc/autograd/generated/VariableType_1.cpp:17114 [autograd kernel]
E       AutogradMeta: registered at /pytorch/torch/csrc/autograd/generated/VariableType_1.cpp:17114 [autograd kernel]
E       AutogradNestedTensor: registered at /pytorch/torch/csrc/autograd/generated/VariableType_1.cpp:17114 [autograd kernel]
E       Tracer: registered at /pytorch/torch/csrc/autograd/generated/TraceType_1.cpp:16331 [kernel]
E       AutocastCPU: fallthrough registered at /pytorch/aten/src/ATen/autocast_mode.cpp:324 [backend fallback]
E       AutocastMTIA: fallthrough registered at /pytorch/aten/src/ATen/autocast_mode.cpp:468 [backend fallback]
E       AutocastMAIA: fallthrough registered at /pytorch/aten/src/ATen/autocast_mode.cpp:506 [backend fallback]
E       AutocastXPU: fallthrough registered at /pytorch/aten/src/ATen/autocast_mode.cpp:544 [backend fallback]
E       AutocastMPS: fallthrough registered at /pytorch/aten/src/ATen/autocast_mode.cpp:209 [backend fallback]
E       AutocastCUDA: fallthrough registered at /pytorch/aten/src/ATen/autocast_mode.cpp:165 [backend fallback]
E       FuncTorchBatched: registered at /pytorch/aten/src/ATen/functorch/LegacyBatchingRegistrations.cpp:731 [backend fallback]
E       BatchedNestedTensor: registered at /pytorch/aten/src/ATen/functorch/LegacyBatchingRegistrations.cpp:758 [backend fallback]
E       FuncTorchVmapMode: fallthrough registered at /pytorch/aten/src/ATen/functorch/VmapModeRegistrations.cpp:27 [backend fallback]
E       Batched: registered at /pytorch/aten/src/ATen/LegacyBatchingRegistrations.cpp:1075 [backend fallback]
E       VmapMode: fallthrough registered at /pytorch/aten/src/ATen/VmapModeRegistrations.cpp:33 [backend fallback]
E       FuncTorchGradWrapper: registered at /pytorch/aten/src/ATen/functorch/TensorWrapper.cpp:210 [backend fallback]
E       PythonTLSSnapshot: registered at /pytorch/aten/src/ATen/core/PythonFallbackKernel.cpp:202 [backend fallback]
E       FuncTorchDynamicLayerFrontMode: registered at /pytorch/aten/src/ATen/functorch/DynamicLayer.cpp:475 [backend fallback]
E       PreDispatch: registered at /pytorch/aten/src/ATen/core/PythonFallbackKernel.cpp:206 [backend fallback]
E       PythonDispatcher: registered at /pytorch/aten/src/ATen/core/PythonFallbackKernel.cpp:198 [backend fallback]

/root/miniconda/envs/python310_torch29_cuda/lib/python3.10/site-packages/torch/_ops.py:1255: NotImplementedError
_ test_conv_depthwise2d[True-dtype1-dilation0-padding1-stride1-shape_input1-shape_weight1-kernel1] _

shape_input = (18, 16, 4, 4), shape_weight = (16, 1, 2, 2), kernel = (2, 2)
stride = [2, 2], padding = [1, 1], dilation = [1, 1], dtype = torch.float16
bias = True

    @pytest.mark.conv_depthwise2d
    @pytest.mark.parametrize("shape_input, shape_weight, kernel", SHAPE_DEPTHWISE)
    @pytest.mark.parametrize("stride", [[1, 1], [2, 2]])
    @pytest.mark.parametrize("padding", [[0, 0], [1, 1]])
    @pytest.mark.parametrize("dilation", [[1, 1]])
    @pytest.mark.parametrize("dtype", [torch.float32, torch.float16])
    @pytest.mark.parametrize("bias", [True, False])
    def test_conv_depthwise2d(
        shape_input, shape_weight, kernel, stride, padding, dilation, dtype, bias
    ):
        inp = torch.randn(shape_input, dtype=dtype, device=flag_gems.device)
        ref_inp = utils.to_reference(inp, False)
        torch.backends.cudnn.allow_tf32 = False
        weight = torch.randn(shape_weight, dtype=dtype, device=flag_gems.device)
        ref_weight = utils.to_reference(weight, False)
    
        if bias:
            bias_tensor = torch.randn(shape_weight[0], dtype=dtype, device=flag_gems.device)
            ref_bias = utils.to_reference(bias_tensor, False)
        else:
            bias_tensor = None
            ref_bias = None
    
>       ref_out = torch.ops.aten._conv_depthwise2d(
            ref_inp,
            ref_weight,
            kernel,
            ref_bias,
            stride,
            padding,
            dilation,
        )

test_conv_depthwise2d.py:61: 
_ _ _ _ _ _ _ _ _ _ _ _ _ _ _ _ _ _ _ _ _ _ _ _ _ _ _ _ _ _ _ _ _ _ _ _ _ _ _ _ 

self = <OpOverloadPacket(op='aten._conv_depthwise2d')>
args = (tensor([[[[ 0.8906,  0.5801,  1.1543,  2.9668],
          [ 1.3340, -0.0487,  1.8936,  0.9878],
          [-0.8506, -....1279,  0.6016,  0.3416, -1.0146,  0.1460, -0.3523],
       device='cuda:0', dtype=torch.float16), [2, 2], [1, 1], ...)
kwargs = {}

    def __call__(self, /, *args: _P.args, **kwargs: _P.kwargs) -> _T:
        # overloading __call__ to ensure torch.ops.foo.bar()
        # is still callable from JIT
        # We save the function ptr as the `op` attribute on
        # OpOverloadPacket to access it here.
    
        # Directly calling OverloadPacket goes into C++, which will check
        # the schema and cause an error for torchbind op when inputs consist of FakeScriptObject so we
        # intercept it here and call TorchBindOpverload instead.
        if self._has_torchbind_op_overload and _must_dispatch_in_python(args, kwargs):
            return _call_overload_packet_from_python(self, *args, **kwargs)
>       return self._op(*args, **kwargs)
E       NotImplementedError: Could not run 'aten::_conv_depthwise2d' with arguments from the 'CPU' backend. This could be because the operator doesn't exist for this backend, or was omitted during the selective/custom build process (if using custom build). If you are a Facebook employee using PyTorch on mobile, please visit https://fburl.com/ptmfixes for possible resolutions. 'aten::_conv_depthwise2d' is only available for these backends: [CUDA, XLA, XPU, Meta, BackendSelect, Python, FuncTorchDynamicLayerBackMode, Functionalize, Named, Conjugate, Negative, ZeroTensor, ADInplaceOrView, AutogradOther, AutogradCPU, AutogradCUDA, AutogradHIP, AutogradXLA, AutogradMPS, AutogradIPU, AutogradXPU, AutogradHPU, AutogradVE, AutogradLazy, AutogradMTIA, AutogradMAIA, AutogradPrivateUse1, AutogradPrivateUse2, AutogradPrivateUse3, AutogradMeta, AutogradNestedTensor, Tracer, AutocastCPU, AutocastMTIA, AutocastMAIA, AutocastXPU, AutocastMPS, AutocastCUDA, FuncTorchBatched, BatchedNestedTensor, FuncTorchVmapMode, Batched, VmapMode, FuncTorchGradWrapper, PythonTLSSnapshot, FuncTorchDynamicLayerFrontMode, PreDispatch, PythonDispatcher].
E       
E       CUDA: registered at /home/agent/xpytorch/workspace/8ba19c15-fc11-4377-85f3-84daf8eaab09/XMLIR/python/torch_xmlir/csrc/lazy_tensor/ts_backend/ts_eager_fallback.cpp:375 [backend fallback]
E       XLA: registered at /home/agent/xpytorch/workspace/8ba19c15-fc11-4377-85f3-84daf8eaab09/XMLIR/python/torch_xmlir/csrc/lazy_tensor/ts_backend/ts_eager_fallback.cpp:364 [backend fallback]
E       XPU: registered at /home/agent/xpytorch/workspace/8ba19c15-fc11-4377-85f3-84daf8eaab09/XMLIR/python/torch_xmlir/csrc/lazy_tensor/ts_backend/ts_eager_fallback.cpp:371 [backend fallback]
E       Meta: registered at /pytorch/aten/src/ATen/core/MetaFallbackKernel.cpp:23 [backend fallback]
E       BackendSelect: fallthrough registered at /pytorch/aten/src/ATen/core/BackendSelectFallbackKernel.cpp:3 [backend fallback]
E       Python: registered at /pytorch/aten/src/ATen/core/PythonFallbackKernel.cpp:194 [backend fallback]
E       FuncTorchDynamicLayerBackMode: registered at /pytorch/aten/src/ATen/functorch/DynamicLayer.cpp:479 [backend fallback]
E       Functionalize: registered at /pytorch/aten/src/ATen/FunctionalizeFallbackKernel.cpp:387 [backend fallback]
E       Named: registered at /pytorch/aten/src/ATen/core/NamedRegistrations.cpp:7 [backend fallback]
E       Conjugate: registered at /pytorch/aten/src/ATen/ConjugateFallback.cpp:17 [backend fallback]
E       Negative: registered at /pytorch/aten/src/ATen/native/NegateFallback.cpp:18 [backend fallback]
E       ZeroTensor: registered at /pytorch/aten/src/ATen/ZeroTensorFallback.cpp:115 [backend fallback]
E       ADInplaceOrView: fallthrough registered at /pytorch/aten/src/ATen/core/VariableFallbackKernel.cpp:104 [backend fallback]
E       AutogradOther: registered at /pytorch/torch/csrc/autograd/generated/VariableType_1.cpp:17114 [autograd kernel]
E       AutogradCPU: registered at /pytorch/torch/csrc/autograd/generated/VariableType_1.cpp:17114 [autograd kernel]
E       AutogradCUDA: registered at /pytorch/torch/csrc/autograd/generated/VariableType_1.cpp:17114 [autograd kernel]
E       AutogradHIP: registered at /pytorch/torch/csrc/autograd/generated/VariableType_1.cpp:17114 [autograd kernel]
E       AutogradXLA: registered at /pytorch/torch/csrc/autograd/generated/VariableType_1.cpp:17114 [autograd kernel]
E       AutogradMPS: registered at /pytorch/torch/csrc/autograd/generated/VariableType_1.cpp:17114 [autograd kernel]
E       AutogradIPU: registered at /pytorch/torch/csrc/autograd/generated/VariableType_1.cpp:17114 [autograd kernel]
E       AutogradXPU: registered at /pytorch/torch/csrc/autograd/generated/VariableType_1.cpp:17114 [autograd kernel]
E       AutogradHPU: registered at /pytorch/torch/csrc/autograd/generated/VariableType_1.cpp:17114 [autograd kernel]
E       AutogradVE: registered at /pytorch/torch/csrc/autograd/generated/VariableType_1.cpp:17114 [autograd kernel]
E       AutogradLazy: registered at /pytorch/torch/csrc/autograd/generated/VariableType_1.cpp:17114 [autograd kernel]
E       AutogradMTIA: registered at /pytorch/torch/csrc/autograd/generated/VariableType_1.cpp:17114 [autograd kernel]
E       AutogradMAIA: registered at /pytorch/torch/csrc/autograd/generated/VariableType_1.cpp:17114 [autograd kernel]
E       AutogradPrivateUse1: registered at /pytorch/torch/csrc/autograd/generated/VariableType_1.cpp:17114 [autograd kernel]
E       AutogradPrivateUse2: registered at /pytorch/torch/csrc/autograd/generated/VariableType_1.cpp:17114 [autograd kernel]
E       AutogradPrivateUse3: registered at /pytorch/torch/csrc/autograd/generated/VariableType_1.cpp:17114 [autograd kernel]
E       AutogradMeta: registered at /pytorch/torch/csrc/autograd/generated/VariableType_1.cpp:17114 [autograd kernel]
E       AutogradNestedTensor: registered at /pytorch/torch/csrc/autograd/generated/VariableType_1.cpp:17114 [autograd kernel]
E       Tracer: registered at /pytorch/torch/csrc/autograd/generated/TraceType_1.cpp:16331 [kernel]
E       AutocastCPU: fallthrough registered at /pytorch/aten/src/ATen/autocast_mode.cpp:324 [backend fallback]
E       AutocastMTIA: fallthrough registered at /pytorch/aten/src/ATen/autocast_mode.cpp:468 [backend fallback]
E       AutocastMAIA: fallthrough registered at /pytorch/aten/src/ATen/autocast_mode.cpp:506 [backend fallback]
E       AutocastXPU: fallthrough registered at /pytorch/aten/src/ATen/autocast_mode.cpp:544 [backend fallback]
E       AutocastMPS: fallthrough registered at /pytorch/aten/src/ATen/autocast_mode.cpp:209 [backend fallback]
E       AutocastCUDA: fallthrough registered at /pytorch/aten/src/ATen/autocast_mode.cpp:165 [backend fallback]
E       FuncTorchBatched: registered at /pytorch/aten/src/ATen/functorch/LegacyBatchingRegistrations.cpp:731 [backend fallback]
E       BatchedNestedTensor: registered at /pytorch/aten/src/ATen/functorch/LegacyBatchingRegistrations.cpp:758 [backend fallback]
E       FuncTorchVmapMode: fallthrough registered at /pytorch/aten/src/ATen/functorch/VmapModeRegistrations.cpp:27 [backend fallback]
E       Batched: registered at /pytorch/aten/src/ATen/LegacyBatchingRegistrations.cpp:1075 [backend fallback]
E       VmapMode: fallthrough registered at /pytorch/aten/src/ATen/VmapModeRegistrations.cpp:33 [backend fallback]
E       FuncTorchGradWrapper: registered at /pytorch/aten/src/ATen/functorch/TensorWrapper.cpp:210 [backend fallback]
E       PythonTLSSnapshot: registered at /pytorch/aten/src/ATen/core/PythonFallbackKernel.cpp:202 [backend fallback]
E       FuncTorchDynamicLayerFrontMode: registered at /pytorch/aten/src/ATen/functorch/DynamicLayer.cpp:475 [backend fallback]
E       PreDispatch: registered at /pytorch/aten/src/ATen/core/PythonFallbackKernel.cpp:206 [backend fallback]
E       PythonDispatcher: registered at /pytorch/aten/src/ATen/core/PythonFallbackKernel.cpp:198 [backend fallback]

/root/miniconda/envs/python310_torch29_cuda/lib/python3.10/site-packages/torch/_ops.py:1255: NotImplementedError
_ test_conv_depthwise2d[False-dtype0-dilation0-padding0-stride0-shape_input0-shape_weight0-kernel0] _

shape_input = (32, 4, 8, 8), shape_weight = (32, 1, 2, 2), kernel = (2, 2)
stride = [1, 1], padding = [0, 0], dilation = [1, 1], dtype = torch.float32
bias = False

    @pytest.mark.conv_depthwise2d
    @pytest.mark.parametrize("shape_input, shape_weight, kernel", SHAPE_DEPTHWISE)
    @pytest.mark.parametrize("stride", [[1, 1], [2, 2]])
    @pytest.mark.parametrize("padding", [[0, 0], [1, 1]])
    @pytest.mark.parametrize("dilation", [[1, 1]])
    @pytest.mark.parametrize("dtype", [torch.float32, torch.float16])
    @pytest.mark.parametrize("bias", [True, False])
    def test_conv_depthwise2d(
        shape_input, shape_weight, kernel, stride, padding, dilation, dtype, bias
    ):
        inp = torch.randn(shape_input, dtype=dtype, device=flag_gems.device)
        ref_inp = utils.to_reference(inp, False)
        torch.backends.cudnn.allow_tf32 = False
        weight = torch.randn(shape_weight, dtype=dtype, device=flag_gems.device)
        ref_weight = utils.to_reference(weight, False)
    
        if bias:
            bias_tensor = torch.randn(shape_weight[0], dtype=dtype, device=flag_gems.device)
            ref_bias = utils.to_reference(bias_tensor, False)
        else:
            bias_tensor = None
            ref_bias = None
    
>       ref_out = torch.ops.aten._conv_depthwise2d(
            ref_inp,
            ref_weight,
            kernel,
            ref_bias,
            stride,
            padding,
            dilation,
        )

test_conv_depthwise2d.py:61: 
_ _ _ _ _ _ _ _ _ _ _ _ _ _ _ _ _ _ _ _ _ _ _ _ _ _ _ _ _ _ _ _ _ _ _ _ _ _ _ _ 

self = <OpOverloadPacket(op='aten._conv_depthwise2d')>
args = (tensor([[[[-7.8196e-01, -6.8130e-01, -1.1283e+00,  ...,  7.2599e-01,
            1.2544e+00, -2.1336e+00],
          ...,


        [[[ 0.2346, -0.3634],
          [-1.4783,  0.2348]]]], device='cuda:0'), (2, 2), None, [1, 1], [0, 0], ...)
kwargs = {}

    def __call__(self, /, *args: _P.args, **kwargs: _P.kwargs) -> _T:
        # overloading __call__ to ensure torch.ops.foo.bar()
        # is still callable from JIT
        # We save the function ptr as the `op` attribute on
        # OpOverloadPacket to access it here.
    
        # Directly calling OverloadPacket goes into C++, which will check
        # the schema and cause an error for torchbind op when inputs consist of FakeScriptObject so we
        # intercept it here and call TorchBindOpverload instead.
        if self._has_torchbind_op_overload and _must_dispatch_in_python(args, kwargs):
            return _call_overload_packet_from_python(self, *args, **kwargs)
>       return self._op(*args, **kwargs)
E       NotImplementedError: Could not run 'aten::_conv_depthwise2d' with arguments from the 'CPU' backend. This could be because the operator doesn't exist for this backend, or was omitted during the selective/custom build process (if using custom build). If you are a Facebook employee using PyTorch on mobile, please visit https://fburl.com/ptmfixes for possible resolutions. 'aten::_conv_depthwise2d' is only available for these backends: [CUDA, XLA, XPU, Meta, BackendSelect, Python, FuncTorchDynamicLayerBackMode, Functionalize, Named, Conjugate, Negative, ZeroTensor, ADInplaceOrView, AutogradOther, AutogradCPU, AutogradCUDA, AutogradHIP, AutogradXLA, AutogradMPS, AutogradIPU, AutogradXPU, AutogradHPU, AutogradVE, AutogradLazy, AutogradMTIA, AutogradMAIA, AutogradPrivateUse1, AutogradPrivateUse2, AutogradPrivateUse3, AutogradMeta, AutogradNestedTensor, Tracer, AutocastCPU, AutocastMTIA, AutocastMAIA, AutocastXPU, AutocastMPS, AutocastCUDA, FuncTorchBatched, BatchedNestedTensor, FuncTorchVmapMode, Batched, VmapMode, FuncTorchGradWrapper, PythonTLSSnapshot, FuncTorchDynamicLayerFrontMode, PreDispatch, PythonDispatcher].
E       
E       CUDA: registered at /home/agent/xpytorch/workspace/8ba19c15-fc11-4377-85f3-84daf8eaab09/XMLIR/python/torch_xmlir/csrc/lazy_tensor/ts_backend/ts_eager_fallback.cpp:375 [backend fallback]
E       XLA: registered at /home/agent/xpytorch/workspace/8ba19c15-fc11-4377-85f3-84daf8eaab09/XMLIR/python/torch_xmlir/csrc/lazy_tensor/ts_backend/ts_eager_fallback.cpp:364 [backend fallback]
E       XPU: registered at /home/agent/xpytorch/workspace/8ba19c15-fc11-4377-85f3-84daf8eaab09/XMLIR/python/torch_xmlir/csrc/lazy_tensor/ts_backend/ts_eager_fallback.cpp:371 [backend fallback]
E       Meta: registered at /pytorch/aten/src/ATen/core/MetaFallbackKernel.cpp:23 [backend fallback]
E       BackendSelect: fallthrough registered at /pytorch/aten/src/ATen/core/BackendSelectFallbackKernel.cpp:3 [backend fallback]
E       Python: registered at /pytorch/aten/src/ATen/core/PythonFallbackKernel.cpp:194 [backend fallback]
E       FuncTorchDynamicLayerBackMode: registered at /pytorch/aten/src/ATen/functorch/DynamicLayer.cpp:479 [backend fallback]
E       Functionalize: registered at /pytorch/aten/src/ATen/FunctionalizeFallbackKernel.cpp:387 [backend fallback]
E       Named: registered at /pytorch/aten/src/ATen/core/NamedRegistrations.cpp:7 [backend fallback]
E       Conjugate: registered at /pytorch/aten/src/ATen/ConjugateFallback.cpp:17 [backend fallback]
E       Negative: registered at /pytorch/aten/src/ATen/native/NegateFallback.cpp:18 [backend fallback]
E       ZeroTensor: registered at /pytorch/aten/src/ATen/ZeroTensorFallback.cpp:115 [backend fallback]
E       ADInplaceOrView: fallthrough registered at /pytorch/aten/src/ATen/core/VariableFallbackKernel.cpp:104 [backend fallback]
E       AutogradOther: registered at /pytorch/torch/csrc/autograd/generated/VariableType_1.cpp:17114 [autograd kernel]
E       AutogradCPU: registered at /pytorch/torch/csrc/autograd/generated/VariableType_1.cpp:17114 [autograd kernel]
E       AutogradCUDA: registered at /pytorch/torch/csrc/autograd/generated/VariableType_1.cpp:17114 [autograd kernel]
E       AutogradHIP: registered at /pytorch/torch/csrc/autograd/generated/VariableType_1.cpp:17114 [autograd kernel]
E       AutogradXLA: registered at /pytorch/torch/csrc/autograd/generated/VariableType_1.cpp:17114 [autograd kernel]
E       AutogradMPS: registered at /pytorch/torch/csrc/autograd/generated/VariableType_1.cpp:17114 [autograd kernel]
E       AutogradIPU: registered at /pytorch/torch/csrc/autograd/generated/VariableType_1.cpp:17114 [autograd kernel]
E       AutogradXPU: registered at /pytorch/torch/csrc/autograd/generated/VariableType_1.cpp:17114 [autograd kernel]
E       AutogradHPU: registered at /pytorch/torch/csrc/autograd/generated/VariableType_1.cpp:17114 [autograd kernel]
E       AutogradVE: registered at /pytorch/torch/csrc/autograd/generated/VariableType_1.cpp:17114 [autograd kernel]
E       AutogradLazy: registered at /pytorch/torch/csrc/autograd/generated/VariableType_1.cpp:17114 [autograd kernel]
E       AutogradMTIA: registered at /pytorch/torch/csrc/autograd/generated/VariableType_1.cpp:17114 [autograd kernel]
E       AutogradMAIA: registered at /pytorch/torch/csrc/autograd/generated/VariableType_1.cpp:17114 [autograd kernel]
E       AutogradPrivateUse1: registered at /pytorch/torch/csrc/autograd/generated/VariableType_1.cpp:17114 [autograd kernel]
E       AutogradPrivateUse2: registered at /pytorch/torch/csrc/autograd/generated/VariableType_1.cpp:17114 [autograd kernel]
E       AutogradPrivateUse3: registered at /pytorch/torch/csrc/autograd/generated/VariableType_1.cpp:17114 [autograd kernel]
E       AutogradMeta: registered at /pytorch/torch/csrc/autograd/generated/VariableType_1.cpp:17114 [autograd kernel]
E       AutogradNestedTensor: registered at /pytorch/torch/csrc/autograd/generated/VariableType_1.cpp:17114 [autograd kernel]
E       Tracer: registered at /pytorch/torch/csrc/autograd/generated/TraceType_1.cpp:16331 [kernel]
E       AutocastCPU: fallthrough registered at /pytorch/aten/src/ATen/autocast_mode.cpp:324 [backend fallback]
E       AutocastMTIA: fallthrough registered at /pytorch/aten/src/ATen/autocast_mode.cpp:468 [backend fallback]
E       AutocastMAIA: fallthrough registered at /pytorch/aten/src/ATen/autocast_mode.cpp:506 [backend fallback]
E       AutocastXPU: fallthrough registered at /pytorch/aten/src/ATen/autocast_mode.cpp:544 [backend fallback]
E       AutocastMPS: fallthrough registered at /pytorch/aten/src/ATen/autocast_mode.cpp:209 [backend fallback]
E       AutocastCUDA: fallthrough registered at /pytorch/aten/src/ATen/autocast_mode.cpp:165 [backend fallback]
E       FuncTorchBatched: registered at /pytorch/aten/src/ATen/functorch/LegacyBatchingRegistrations.cpp:731 [backend fallback]
E       BatchedNestedTensor: registered at /pytorch/aten/src/ATen/functorch/LegacyBatchingRegistrations.cpp:758 [backend fallback]
E       FuncTorchVmapMode: fallthrough registered at /pytorch/aten/src/ATen/functorch/VmapModeRegistrations.cpp:27 [backend fallback]
E       Batched: registered at /pytorch/aten/src/ATen/LegacyBatchingRegistrations.cpp:1075 [backend fallback]
E       VmapMode: fallthrough registered at /pytorch/aten/src/ATen/VmapModeRegistrations.cpp:33 [backend fallback]
E       FuncTorchGradWrapper: registered at /pytorch/aten/src/ATen/functorch/TensorWrapper.cpp:210 [backend fallback]
E       PythonTLSSnapshot: registered at /pytorch/aten/src/ATen/core/PythonFallbackKernel.cpp:202 [backend fallback]
E       FuncTorchDynamicLayerFrontMode: registered at /pytorch/aten/src/ATen/functorch/DynamicLayer.cpp:475 [backend fallback]
E       PreDispatch: registered at /pytorch/aten/src/ATen/core/PythonFallbackKernel.cpp:206 [backend fallback]
E       PythonDispatcher: registered at /pytorch/aten/src/ATen/core/PythonFallbackKernel.cpp:198 [backend fallback]

/root/miniconda/envs/python310_torch29_cuda/lib/python3.10/site-packages/torch/_ops.py:1255: NotImplementedError
_ test_conv_depthwise2d[False-dtype0-dilation0-padding0-stride0-shape_input1-shape_weight1-kernel1] _

shape_input = (18, 16, 4, 4), shape_weight = (16, 1, 2, 2), kernel = (2, 2)
stride = [1, 1], padding = [0, 0], dilation = [1, 1], dtype = torch.float32
bias = False

    @pytest.mark.conv_depthwise2d
    @pytest.mark.parametrize("shape_input, shape_weight, kernel", SHAPE_DEPTHWISE)
    @pytest.mark.parametrize("stride", [[1, 1], [2, 2]])
    @pytest.mark.parametrize("padding", [[0, 0], [1, 1]])
    @pytest.mark.parametrize("dilation", [[1, 1]])
    @pytest.mark.parametrize("dtype", [torch.float32, torch.float16])
    @pytest.mark.parametrize("bias", [True, False])
    def test_conv_depthwise2d(
        shape_input, shape_weight, kernel, stride, padding, dilation, dtype, bias
    ):
        inp = torch.randn(shape_input, dtype=dtype, device=flag_gems.device)
        ref_inp = utils.to_reference(inp, False)
        torch.backends.cudnn.allow_tf32 = False
        weight = torch.randn(shape_weight, dtype=dtype, device=flag_gems.device)
        ref_weight = utils.to_reference(weight, False)
    
        if bias:
            bias_tensor = torch.randn(shape_weight[0], dtype=dtype, device=flag_gems.device)
            ref_bias = utils.to_reference(bias_tensor, False)
        else:
            bias_tensor = None
            ref_bias = None
    
>       ref_out = torch.ops.aten._conv_depthwise2d(
            ref_inp,
            ref_weight,
            kernel,
            ref_bias,
            stride,
            padding,
            dilation,
        )

test_conv_depthwise2d.py:61: 
_ _ _ _ _ _ _ _ _ _ _ _ _ _ _ _ _ _ _ _ _ _ _ _ _ _ _ _ _ _ _ _ _ _ _ _ _ _ _ _ 

self = <OpOverloadPacket(op='aten._conv_depthwise2d')>
args = (tensor([[[[ 2.0292e+00, -2.3573e+00,  1.1966e+00, -3.4552e-02],
          [ 3.4054e-01, -1.8719e-01,  1.2083e+00, -2....,


        [[[-0.3269, -1.4140],
          [ 1.9419, -1.2224]]]], device='cuda:0'), (2, 2), None, [1, 1], [0, 0], ...)
kwargs = {}

    def __call__(self, /, *args: _P.args, **kwargs: _P.kwargs) -> _T:
        # overloading __call__ to ensure torch.ops.foo.bar()
        # is still callable from JIT
        # We save the function ptr as the `op` attribute on
        # OpOverloadPacket to access it here.
    
        # Directly calling OverloadPacket goes into C++, which will check
        # the schema and cause an error for torchbind op when inputs consist of FakeScriptObject so we
        # intercept it here and call TorchBindOpverload instead.
        if self._has_torchbind_op_overload and _must_dispatch_in_python(args, kwargs):
            return _call_overload_packet_from_python(self, *args, **kwargs)
>       return self._op(*args, **kwargs)
E       NotImplementedError: Could not run 'aten::_conv_depthwise2d' with arguments from the 'CPU' backend. This could be because the operator doesn't exist for this backend, or was omitted during the selective/custom build process (if using custom build). If you are a Facebook employee using PyTorch on mobile, please visit https://fburl.com/ptmfixes for possible resolutions. 'aten::_conv_depthwise2d' is only available for these backends: [CUDA, XLA, XPU, Meta, BackendSelect, Python, FuncTorchDynamicLayerBackMode, Functionalize, Named, Conjugate, Negative, ZeroTensor, ADInplaceOrView, AutogradOther, AutogradCPU, AutogradCUDA, AutogradHIP, AutogradXLA, AutogradMPS, AutogradIPU, AutogradXPU, AutogradHPU, AutogradVE, AutogradLazy, AutogradMTIA, AutogradMAIA, AutogradPrivateUse1, AutogradPrivateUse2, AutogradPrivateUse3, AutogradMeta, AutogradNestedTensor, Tracer, AutocastCPU, AutocastMTIA, AutocastMAIA, AutocastXPU, AutocastMPS, AutocastCUDA, FuncTorchBatched, BatchedNestedTensor, FuncTorchVmapMode, Batched, VmapMode, FuncTorchGradWrapper, PythonTLSSnapshot, FuncTorchDynamicLayerFrontMode, PreDispatch, PythonDispatcher].
E       
E       CUDA: registered at /home/agent/xpytorch/workspace/8ba19c15-fc11-4377-85f3-84daf8eaab09/XMLIR/python/torch_xmlir/csrc/lazy_tensor/ts_backend/ts_eager_fallback.cpp:375 [backend fallback]
E       XLA: registered at /home/agent/xpytorch/workspace/8ba19c15-fc11-4377-85f3-84daf8eaab09/XMLIR/python/torch_xmlir/csrc/lazy_tensor/ts_backend/ts_eager_fallback.cpp:364 [backend fallback]
E       XPU: registered at /home/agent/xpytorch/workspace/8ba19c15-fc11-4377-85f3-84daf8eaab09/XMLIR/python/torch_xmlir/csrc/lazy_tensor/ts_backend/ts_eager_fallback.cpp:371 [backend fallback]
E       Meta: registered at /pytorch/aten/src/ATen/core/MetaFallbackKernel.cpp:23 [backend fallback]
E       BackendSelect: fallthrough registered at /pytorch/aten/src/ATen/core/BackendSelectFallbackKernel.cpp:3 [backend fallback]
E       Python: registered at /pytorch/aten/src/ATen/core/PythonFallbackKernel.cpp:194 [backend fallback]
E       FuncTorchDynamicLayerBackMode: registered at /pytorch/aten/src/ATen/functorch/DynamicLayer.cpp:479 [backend fallback]
E       Functionalize: registered at /pytorch/aten/src/ATen/FunctionalizeFallbackKernel.cpp:387 [backend fallback]
E       Named: registered at /pytorch/aten/src/ATen/core/NamedRegistrations.cpp:7 [backend fallback]
E       Conjugate: registered at /pytorch/aten/src/ATen/ConjugateFallback.cpp:17 [backend fallback]
E       Negative: registered at /pytorch/aten/src/ATen/native/NegateFallback.cpp:18 [backend fallback]
E       ZeroTensor: registered at /pytorch/aten/src/ATen/ZeroTensorFallback.cpp:115 [backend fallback]
E       ADInplaceOrView: fallthrough registered at /pytorch/aten/src/ATen/core/VariableFallbackKernel.cpp:104 [backend fallback]
E       AutogradOther: registered at /pytorch/torch/csrc/autograd/generated/VariableType_1.cpp:17114 [autograd kernel]
E       AutogradCPU: registered at /pytorch/torch/csrc/autograd/generated/VariableType_1.cpp:17114 [autograd kernel]
E       AutogradCUDA: registered at /pytorch/torch/csrc/autograd/generated/VariableType_1.cpp:17114 [autograd kernel]
E       AutogradHIP: registered at /pytorch/torch/csrc/autograd/generated/VariableType_1.cpp:17114 [autograd kernel]
E       AutogradXLA: registered at /pytorch/torch/csrc/autograd/generated/VariableType_1.cpp:17114 [autograd kernel]
E       AutogradMPS: registered at /pytorch/torch/csrc/autograd/generated/VariableType_1.cpp:17114 [autograd kernel]
E       AutogradIPU: registered at /pytorch/torch/csrc/autograd/generated/VariableType_1.cpp:17114 [autograd kernel]
E       AutogradXPU: registered at /pytorch/torch/csrc/autograd/generated/VariableType_1.cpp:17114 [autograd kernel]
E       AutogradHPU: registered at /pytorch/torch/csrc/autograd/generated/VariableType_1.cpp:17114 [autograd kernel]
E       AutogradVE: registered at /pytorch/torch/csrc/autograd/generated/VariableType_1.cpp:17114 [autograd kernel]
E       AutogradLazy: registered at /pytorch/torch/csrc/autograd/generated/VariableType_1.cpp:17114 [autograd kernel]
E       AutogradMTIA: registered at /pytorch/torch/csrc/autograd/generated/VariableType_1.cpp:17114 [autograd kernel]
E       AutogradMAIA: registered at /pytorch/torch/csrc/autograd/generated/VariableType_1.cpp:17114 [autograd kernel]
E       AutogradPrivateUse1: registered at /pytorch/torch/csrc/autograd/generated/VariableType_1.cpp:17114 [autograd kernel]
E       AutogradPrivateUse2: registered at /pytorch/torch/csrc/autograd/generated/VariableType_1.cpp:17114 [autograd kernel]
E       AutogradPrivateUse3: registered at /pytorch/torch/csrc/autograd/generated/VariableType_1.cpp:17114 [autograd kernel]
E       AutogradMeta: registered at /pytorch/torch/csrc/autograd/generated/VariableType_1.cpp:17114 [autograd kernel]
E       AutogradNestedTensor: registered at /pytorch/torch/csrc/autograd/generated/VariableType_1.cpp:17114 [autograd kernel]
E       Tracer: registered at /pytorch/torch/csrc/autograd/generated/TraceType_1.cpp:16331 [kernel]
E       AutocastCPU: fallthrough registered at /pytorch/aten/src/ATen/autocast_mode.cpp:324 [backend fallback]
E       AutocastMTIA: fallthrough registered at /pytorch/aten/src/ATen/autocast_mode.cpp:468 [backend fallback]
E       AutocastMAIA: fallthrough registered at /pytorch/aten/src/ATen/autocast_mode.cpp:506 [backend fallback]
E       AutocastXPU: fallthrough registered at /pytorch/aten/src/ATen/autocast_mode.cpp:544 [backend fallback]
E       AutocastMPS: fallthrough registered at /pytorch/aten/src/ATen/autocast_mode.cpp:209 [backend fallback]
E       AutocastCUDA: fallthrough registered at /pytorch/aten/src/ATen/autocast_mode.cpp:165 [backend fallback]
E       FuncTorchBatched: registered at /pytorch/aten/src/ATen/functorch/LegacyBatchingRegistrations.cpp:731 [backend fallback]
E       BatchedNestedTensor: registered at /pytorch/aten/src/ATen/functorch/LegacyBatchingRegistrations.cpp:758 [backend fallback]
E       FuncTorchVmapMode: fallthrough registered at /pytorch/aten/src/ATen/functorch/VmapModeRegistrations.cpp:27 [backend fallback]
E       Batched: registered at /pytorch/aten/src/ATen/LegacyBatchingRegistrations.cpp:1075 [backend fallback]
E       VmapMode: fallthrough registered at /pytorch/aten/src/ATen/VmapModeRegistrations.cpp:33 [backend fallback]
E       FuncTorchGradWrapper: registered at /pytorch/aten/src/ATen/functorch/TensorWrapper.cpp:210 [backend fallback]
E       PythonTLSSnapshot: registered at /pytorch/aten/src/ATen/core/PythonFallbackKernel.cpp:202 [backend fallback]
E       FuncTorchDynamicLayerFrontMode: registered at /pytorch/aten/src/ATen/functorch/DynamicLayer.cpp:475 [backend fallback]
E       PreDispatch: registered at /pytorch/aten/src/ATen/core/PythonFallbackKernel.cpp:206 [backend fallback]
E       PythonDispatcher: registered at /pytorch/aten/src/ATen/core/PythonFallbackKernel.cpp:198 [backend fallback]

/root/miniconda/envs/python310_torch29_cuda/lib/python3.10/site-packages/torch/_ops.py:1255: NotImplementedError
_ test_conv_depthwise2d[False-dtype0-dilation0-padding0-stride1-shape_input0-shape_weight0-kernel0] _

shape_input = (32, 4, 8, 8), shape_weight = (32, 1, 2, 2), kernel = (2, 2)
stride = [2, 2], padding = [0, 0], dilation = [1, 1], dtype = torch.float32
bias = False

    @pytest.mark.conv_depthwise2d
    @pytest.mark.parametrize("shape_input, shape_weight, kernel", SHAPE_DEPTHWISE)
    @pytest.mark.parametrize("stride", [[1, 1], [2, 2]])
    @pytest.mark.parametrize("padding", [[0, 0], [1, 1]])
    @pytest.mark.parametrize("dilation", [[1, 1]])
    @pytest.mark.parametrize("dtype", [torch.float32, torch.float16])
    @pytest.mark.parametrize("bias", [True, False])
    def test_conv_depthwise2d(
        shape_input, shape_weight, kernel, stride, padding, dilation, dtype, bias
    ):
        inp = torch.randn(shape_input, dtype=dtype, device=flag_gems.device)
        ref_inp = utils.to_reference(inp, False)
        torch.backends.cudnn.allow_tf32 = False
        weight = torch.randn(shape_weight, dtype=dtype, device=flag_gems.device)
        ref_weight = utils.to_reference(weight, False)
    
        if bias:
            bias_tensor = torch.randn(shape_weight[0], dtype=dtype, device=flag_gems.device)
            ref_bias = utils.to_reference(bias_tensor, False)
        else:
            bias_tensor = None
            ref_bias = None
    
>       ref_out = torch.ops.aten._conv_depthwise2d(
            ref_inp,
            ref_weight,
            kernel,
            ref_bias,
            stride,
            padding,
            dilation,
        )

test_conv_depthwise2d.py:61: 
_ _ _ _ _ _ _ _ _ _ _ _ _ _ _ _ _ _ _ _ _ _ _ _ _ _ _ _ _ _ _ _ _ _ _ _ _ _ _ _ 

self = <OpOverloadPacket(op='aten._conv_depthwise2d')>
args = (tensor([[[[-2.1773e+00,  4.4787e-01,  8.8175e-01,  ..., -2.6128e-01,
            1.3465e+00, -8.2983e-01],
          ...,


        [[[-0.9027,  1.0256],
          [ 0.1146, -1.5749]]]], device='cuda:0'), (2, 2), None, [2, 2], [0, 0], ...)
kwargs = {}

    def __call__(self, /, *args: _P.args, **kwargs: _P.kwargs) -> _T:
        # overloading __call__ to ensure torch.ops.foo.bar()
        # is still callable from JIT
        # We save the function ptr as the `op` attribute on
        # OpOverloadPacket to access it here.
    
        # Directly calling OverloadPacket goes into C++, which will check
        # the schema and cause an error for torchbind op when inputs consist of FakeScriptObject so we
        # intercept it here and call TorchBindOpverload instead.
        if self._has_torchbind_op_overload and _must_dispatch_in_python(args, kwargs):
            return _call_overload_packet_from_python(self, *args, **kwargs)
>       return self._op(*args, **kwargs)
E       NotImplementedError: Could not run 'aten::_conv_depthwise2d' with arguments from the 'CPU' backend. This could be because the operator doesn't exist for this backend, or was omitted during the selective/custom build process (if using custom build). If you are a Facebook employee using PyTorch on mobile, please visit https://fburl.com/ptmfixes for possible resolutions. 'aten::_conv_depthwise2d' is only available for these backends: [CUDA, XLA, XPU, Meta, BackendSelect, Python, FuncTorchDynamicLayerBackMode, Functionalize, Named, Conjugate, Negative, ZeroTensor, ADInplaceOrView, AutogradOther, AutogradCPU, AutogradCUDA, AutogradHIP, AutogradXLA, AutogradMPS, AutogradIPU, AutogradXPU, AutogradHPU, AutogradVE, AutogradLazy, AutogradMTIA, AutogradMAIA, AutogradPrivateUse1, AutogradPrivateUse2, AutogradPrivateUse3, AutogradMeta, AutogradNestedTensor, Tracer, AutocastCPU, AutocastMTIA, AutocastMAIA, AutocastXPU, AutocastMPS, AutocastCUDA, FuncTorchBatched, BatchedNestedTensor, FuncTorchVmapMode, Batched, VmapMode, FuncTorchGradWrapper, PythonTLSSnapshot, FuncTorchDynamicLayerFrontMode, PreDispatch, PythonDispatcher].
E       
E       CUDA: registered at /home/agent/xpytorch/workspace/8ba19c15-fc11-4377-85f3-84daf8eaab09/XMLIR/python/torch_xmlir/csrc/lazy_tensor/ts_backend/ts_eager_fallback.cpp:375 [backend fallback]
E       XLA: registered at /home/agent/xpytorch/workspace/8ba19c15-fc11-4377-85f3-84daf8eaab09/XMLIR/python/torch_xmlir/csrc/lazy_tensor/ts_backend/ts_eager_fallback.cpp:364 [backend fallback]
E       XPU: registered at /home/agent/xpytorch/workspace/8ba19c15-fc11-4377-85f3-84daf8eaab09/XMLIR/python/torch_xmlir/csrc/lazy_tensor/ts_backend/ts_eager_fallback.cpp:371 [backend fallback]
E       Meta: registered at /pytorch/aten/src/ATen/core/MetaFallbackKernel.cpp:23 [backend fallback]
E       BackendSelect: fallthrough registered at /pytorch/aten/src/ATen/core/BackendSelectFallbackKernel.cpp:3 [backend fallback]
E       Python: registered at /pytorch/aten/src/ATen/core/PythonFallbackKernel.cpp:194 [backend fallback]
E       FuncTorchDynamicLayerBackMode: registered at /pytorch/aten/src/ATen/functorch/DynamicLayer.cpp:479 [backend fallback]
E       Functionalize: registered at /pytorch/aten/src/ATen/FunctionalizeFallbackKernel.cpp:387 [backend fallback]
E       Named: registered at /pytorch/aten/src/ATen/core/NamedRegistrations.cpp:7 [backend fallback]
E       Conjugate: registered at /pytorch/aten/src/ATen/ConjugateFallback.cpp:17 [backend fallback]
E       Negative: registered at /pytorch/aten/src/ATen/native/NegateFallback.cpp:18 [backend fallback]
E       ZeroTensor: registered at /pytorch/aten/src/ATen/ZeroTensorFallback.cpp:115 [backend fallback]
E       ADInplaceOrView: fallthrough registered at /pytorch/aten/src/ATen/core/VariableFallbackKernel.cpp:104 [backend fallback]
E       AutogradOther: registered at /pytorch/torch/csrc/autograd/generated/VariableType_1.cpp:17114 [autograd kernel]
E       AutogradCPU: registered at /pytorch/torch/csrc/autograd/generated/VariableType_1.cpp:17114 [autograd kernel]
E       AutogradCUDA: registered at /pytorch/torch/csrc/autograd/generated/VariableType_1.cpp:17114 [autograd kernel]
E       AutogradHIP: registered at /pytorch/torch/csrc/autograd/generated/VariableType_1.cpp:17114 [autograd kernel]
E       AutogradXLA: registered at /pytorch/torch/csrc/autograd/generated/VariableType_1.cpp:17114 [autograd kernel]
E       AutogradMPS: registered at /pytorch/torch/csrc/autograd/generated/VariableType_1.cpp:17114 [autograd kernel]
E       AutogradIPU: registered at /pytorch/torch/csrc/autograd/generated/VariableType_1.cpp:17114 [autograd kernel]
E       AutogradXPU: registered at /pytorch/torch/csrc/autograd/generated/VariableType_1.cpp:17114 [autograd kernel]
E       AutogradHPU: registered at /pytorch/torch/csrc/autograd/generated/VariableType_1.cpp:17114 [autograd kernel]
E       AutogradVE: registered at /pytorch/torch/csrc/autograd/generated/VariableType_1.cpp:17114 [autograd kernel]
E       AutogradLazy: registered at /pytorch/torch/csrc/autograd/generated/VariableType_1.cpp:17114 [autograd kernel]
E       AutogradMTIA: registered at /pytorch/torch/csrc/autograd/generated/VariableType_1.cpp:17114 [autograd kernel]
E       AutogradMAIA: registered at /pytorch/torch/csrc/autograd/generated/VariableType_1.cpp:17114 [autograd kernel]
E       AutogradPrivateUse1: registered at /pytorch/torch/csrc/autograd/generated/VariableType_1.cpp:17114 [autograd kernel]
E       AutogradPrivateUse2: registered at /pytorch/torch/csrc/autograd/generated/VariableType_1.cpp:17114 [autograd kernel]
E       AutogradPrivateUse3: registered at /pytorch/torch/csrc/autograd/generated/VariableType_1.cpp:17114 [autograd kernel]
E       AutogradMeta: registered at /pytorch/torch/csrc/autograd/generated/VariableType_1.cpp:17114 [autograd kernel]
E       AutogradNestedTensor: registered at /pytorch/torch/csrc/autograd/generated/VariableType_1.cpp:17114 [autograd kernel]
E       Tracer: registered at /pytorch/torch/csrc/autograd/generated/TraceType_1.cpp:16331 [kernel]
E       AutocastCPU: fallthrough registered at /pytorch/aten/src/ATen/autocast_mode.cpp:324 [backend fallback]
E       AutocastMTIA: fallthrough registered at /pytorch/aten/src/ATen/autocast_mode.cpp:468 [backend fallback]
E       AutocastMAIA: fallthrough registered at /pytorch/aten/src/ATen/autocast_mode.cpp:506 [backend fallback]
E       AutocastXPU: fallthrough registered at /pytorch/aten/src/ATen/autocast_mode.cpp:544 [backend fallback]
E       AutocastMPS: fallthrough registered at /pytorch/aten/src/ATen/autocast_mode.cpp:209 [backend fallback]
E       AutocastCUDA: fallthrough registered at /pytorch/aten/src/ATen/autocast_mode.cpp:165 [backend fallback]
E       FuncTorchBatched: registered at /pytorch/aten/src/ATen/functorch/LegacyBatchingRegistrations.cpp:731 [backend fallback]
E       BatchedNestedTensor: registered at /pytorch/aten/src/ATen/functorch/LegacyBatchingRegistrations.cpp:758 [backend fallback]
E       FuncTorchVmapMode: fallthrough registered at /pytorch/aten/src/ATen/functorch/VmapModeRegistrations.cpp:27 [backend fallback]
E       Batched: registered at /pytorch/aten/src/ATen/LegacyBatchingRegistrations.cpp:1075 [backend fallback]
E       VmapMode: fallthrough registered at /pytorch/aten/src/ATen/VmapModeRegistrations.cpp:33 [backend fallback]
E       FuncTorchGradWrapper: registered at /pytorch/aten/src/ATen/functorch/TensorWrapper.cpp:210 [backend fallback]
E       PythonTLSSnapshot: registered at /pytorch/aten/src/ATen/core/PythonFallbackKernel.cpp:202 [backend fallback]
E       FuncTorchDynamicLayerFrontMode: registered at /pytorch/aten/src/ATen/functorch/DynamicLayer.cpp:475 [backend fallback]
E       PreDispatch: registered at /pytorch/aten/src/ATen/core/PythonFallbackKernel.cpp:206 [backend fallback]
E       PythonDispatcher: registered at /pytorch/aten/src/ATen/core/PythonFallbackKernel.cpp:198 [backend fallback]

/root/miniconda/envs/python310_torch29_cuda/lib/python3.10/site-packages/torch/_ops.py:1255: NotImplementedError
_ test_conv_depthwise2d[False-dtype0-dilation0-padding0-stride1-shape_input1-shape_weight1-kernel1] _

shape_input = (18, 16, 4, 4), shape_weight = (16, 1, 2, 2), kernel = (2, 2)
stride = [2, 2], padding = [0, 0], dilation = [1, 1], dtype = torch.float32
bias = False

    @pytest.mark.conv_depthwise2d
    @pytest.mark.parametrize("shape_input, shape_weight, kernel", SHAPE_DEPTHWISE)
    @pytest.mark.parametrize("stride", [[1, 1], [2, 2]])
    @pytest.mark.parametrize("padding", [[0, 0], [1, 1]])
    @pytest.mark.parametrize("dilation", [[1, 1]])
    @pytest.mark.parametrize("dtype", [torch.float32, torch.float16])
    @pytest.mark.parametrize("bias", [True, False])
    def test_conv_depthwise2d(
        shape_input, shape_weight, kernel, stride, padding, dilation, dtype, bias
    ):
        inp = torch.randn(shape_input, dtype=dtype, device=flag_gems.device)
        ref_inp = utils.to_reference(inp, False)
        torch.backends.cudnn.allow_tf32 = False
        weight = torch.randn(shape_weight, dtype=dtype, device=flag_gems.device)
        ref_weight = utils.to_reference(weight, False)
    
        if bias:
            bias_tensor = torch.randn(shape_weight[0], dtype=dtype, device=flag_gems.device)
            ref_bias = utils.to_reference(bias_tensor, False)
        else:
            bias_tensor = None
            ref_bias = None
    
>       ref_out = torch.ops.aten._conv_depthwise2d(
            ref_inp,
            ref_weight,
            kernel,
            ref_bias,
            stride,
            padding,
            dilation,
        )

test_conv_depthwise2d.py:61: 
_ _ _ _ _ _ _ _ _ _ _ _ _ _ _ _ _ _ _ _ _ _ _ _ _ _ _ _ _ _ _ _ _ _ _ _ _ _ _ _ 

self = <OpOverloadPacket(op='aten._conv_depthwise2d')>
args = (tensor([[[[-0.0888,  0.1253,  1.1119,  1.5022],
          [ 0.7631,  0.7647, -1.2080,  0.1537],
          [ 1.2672,  ...7.6737e-01,  1.7196e-01],
          [-3.0489e-01, -4.0100e-01]]]], device='cuda:0'), (2, 2), None, [2, 2], [0, 0], ...)
kwargs = {}

    def __call__(self, /, *args: _P.args, **kwargs: _P.kwargs) -> _T:
        # overloading __call__ to ensure torch.ops.foo.bar()
        # is still callable from JIT
        # We save the function ptr as the `op` attribute on
        # OpOverloadPacket to access it here.
    
        # Directly calling OverloadPacket goes into C++, which will check
        # the schema and cause an error for torchbind op when inputs consist of FakeScriptObject so we
        # intercept it here and call TorchBindOpverload instead.
        if self._has_torchbind_op_overload and _must_dispatch_in_python(args, kwargs):
            return _call_overload_packet_from_python(self, *args, **kwargs)
>       return self._op(*args, **kwargs)
E       NotImplementedError: Could not run 'aten::_conv_depthwise2d' with arguments from the 'CPU' backend. This could be because the operator doesn't exist for this backend, or was omitted during the selective/custom build process (if using custom build). If you are a Facebook employee using PyTorch on mobile, please visit https://fburl.com/ptmfixes for possible resolutions. 'aten::_conv_depthwise2d' is only available for these backends: [CUDA, XLA, XPU, Meta, BackendSelect, Python, FuncTorchDynamicLayerBackMode, Functionalize, Named, Conjugate, Negative, ZeroTensor, ADInplaceOrView, AutogradOther, AutogradCPU, AutogradCUDA, AutogradHIP, AutogradXLA, AutogradMPS, AutogradIPU, AutogradXPU, AutogradHPU, AutogradVE, AutogradLazy, AutogradMTIA, AutogradMAIA, AutogradPrivateUse1, AutogradPrivateUse2, AutogradPrivateUse3, AutogradMeta, AutogradNestedTensor, Tracer, AutocastCPU, AutocastMTIA, AutocastMAIA, AutocastXPU, AutocastMPS, AutocastCUDA, FuncTorchBatched, BatchedNestedTensor, FuncTorchVmapMode, Batched, VmapMode, FuncTorchGradWrapper, PythonTLSSnapshot, FuncTorchDynamicLayerFrontMode, PreDispatch, PythonDispatcher].
E       
E       CUDA: registered at /home/agent/xpytorch/workspace/8ba19c15-fc11-4377-85f3-84daf8eaab09/XMLIR/python/torch_xmlir/csrc/lazy_tensor/ts_backend/ts_eager_fallback.cpp:375 [backend fallback]
E       XLA: registered at /home/agent/xpytorch/workspace/8ba19c15-fc11-4377-85f3-84daf8eaab09/XMLIR/python/torch_xmlir/csrc/lazy_tensor/ts_backend/ts_eager_fallback.cpp:364 [backend fallback]
E       XPU: registered at /home/agent/xpytorch/workspace/8ba19c15-fc11-4377-85f3-84daf8eaab09/XMLIR/python/torch_xmlir/csrc/lazy_tensor/ts_backend/ts_eager_fallback.cpp:371 [backend fallback]
E       Meta: registered at /pytorch/aten/src/ATen/core/MetaFallbackKernel.cpp:23 [backend fallback]
E       BackendSelect: fallthrough registered at /pytorch/aten/src/ATen/core/BackendSelectFallbackKernel.cpp:3 [backend fallback]
E       Python: registered at /pytorch/aten/src/ATen/core/PythonFallbackKernel.cpp:194 [backend fallback]
E       FuncTorchDynamicLayerBackMode: registered at /pytorch/aten/src/ATen/functorch/DynamicLayer.cpp:479 [backend fallback]
E       Functionalize: registered at /pytorch/aten/src/ATen/FunctionalizeFallbackKernel.cpp:387 [backend fallback]
E       Named: registered at /pytorch/aten/src/ATen/core/NamedRegistrations.cpp:7 [backend fallback]
E       Conjugate: registered at /pytorch/aten/src/ATen/ConjugateFallback.cpp:17 [backend fallback]
E       Negative: registered at /pytorch/aten/src/ATen/native/NegateFallback.cpp:18 [backend fallback]
E       ZeroTensor: registered at /pytorch/aten/src/ATen/ZeroTensorFallback.cpp:115 [backend fallback]
E       ADInplaceOrView: fallthrough registered at /pytorch/aten/src/ATen/core/VariableFallbackKernel.cpp:104 [backend fallback]
E       AutogradOther: registered at /pytorch/torch/csrc/autograd/generated/VariableType_1.cpp:17114 [autograd kernel]
E       AutogradCPU: registered at /pytorch/torch/csrc/autograd/generated/VariableType_1.cpp:17114 [autograd kernel]
E       AutogradCUDA: registered at /pytorch/torch/csrc/autograd/generated/VariableType_1.cpp:17114 [autograd kernel]
E       AutogradHIP: registered at /pytorch/torch/csrc/autograd/generated/VariableType_1.cpp:17114 [autograd kernel]
E       AutogradXLA: registered at /pytorch/torch/csrc/autograd/generated/VariableType_1.cpp:17114 [autograd kernel]
E       AutogradMPS: registered at /pytorch/torch/csrc/autograd/generated/VariableType_1.cpp:17114 [autograd kernel]
E       AutogradIPU: registered at /pytorch/torch/csrc/autograd/generated/VariableType_1.cpp:17114 [autograd kernel]
E       AutogradXPU: registered at /pytorch/torch/csrc/autograd/generated/VariableType_1.cpp:17114 [autograd kernel]
E       AutogradHPU: registered at /pytorch/torch/csrc/autograd/generated/VariableType_1.cpp:17114 [autograd kernel]
E       AutogradVE: registered at /pytorch/torch/csrc/autograd/generated/VariableType_1.cpp:17114 [autograd kernel]
E       AutogradLazy: registered at /pytorch/torch/csrc/autograd/generated/VariableType_1.cpp:17114 [autograd kernel]
E       AutogradMTIA: registered at /pytorch/torch/csrc/autograd/generated/VariableType_1.cpp:17114 [autograd kernel]
E       AutogradMAIA: registered at /pytorch/torch/csrc/autograd/generated/VariableType_1.cpp:17114 [autograd kernel]
E       AutogradPrivateUse1: registered at /pytorch/torch/csrc/autograd/generated/VariableType_1.cpp:17114 [autograd kernel]
E       AutogradPrivateUse2: registered at /pytorch/torch/csrc/autograd/generated/VariableType_1.cpp:17114 [autograd kernel]
E       AutogradPrivateUse3: registered at /pytorch/torch/csrc/autograd/generated/VariableType_1.cpp:17114 [autograd kernel]
E       AutogradMeta: registered at /pytorch/torch/csrc/autograd/generated/VariableType_1.cpp:17114 [autograd kernel]
E       AutogradNestedTensor: registered at /pytorch/torch/csrc/autograd/generated/VariableType_1.cpp:17114 [autograd kernel]
E       Tracer: registered at /pytorch/torch/csrc/autograd/generated/TraceType_1.cpp:16331 [kernel]
E       AutocastCPU: fallthrough registered at /pytorch/aten/src/ATen/autocast_mode.cpp:324 [backend fallback]
E       AutocastMTIA: fallthrough registered at /pytorch/aten/src/ATen/autocast_mode.cpp:468 [backend fallback]
E       AutocastMAIA: fallthrough registered at /pytorch/aten/src/ATen/autocast_mode.cpp:506 [backend fallback]
E       AutocastXPU: fallthrough registered at /pytorch/aten/src/ATen/autocast_mode.cpp:544 [backend fallback]
E       AutocastMPS: fallthrough registered at /pytorch/aten/src/ATen/autocast_mode.cpp:209 [backend fallback]
E       AutocastCUDA: fallthrough registered at /pytorch/aten/src/ATen/autocast_mode.cpp:165 [backend fallback]
E       FuncTorchBatched: registered at /pytorch/aten/src/ATen/functorch/LegacyBatchingRegistrations.cpp:731 [backend fallback]
E       BatchedNestedTensor: registered at /pytorch/aten/src/ATen/functorch/LegacyBatchingRegistrations.cpp:758 [backend fallback]
E       FuncTorchVmapMode: fallthrough registered at /pytorch/aten/src/ATen/functorch/VmapModeRegistrations.cpp:27 [backend fallback]
E       Batched: registered at /pytorch/aten/src/ATen/LegacyBatchingRegistrations.cpp:1075 [backend fallback]
E       VmapMode: fallthrough registered at /pytorch/aten/src/ATen/VmapModeRegistrations.cpp:33 [backend fallback]
E       FuncTorchGradWrapper: registered at /pytorch/aten/src/ATen/functorch/TensorWrapper.cpp:210 [backend fallback]
E       PythonTLSSnapshot: registered at /pytorch/aten/src/ATen/core/PythonFallbackKernel.cpp:202 [backend fallback]
E       FuncTorchDynamicLayerFrontMode: registered at /pytorch/aten/src/ATen/functorch/DynamicLayer.cpp:475 [backend fallback]
E       PreDispatch: registered at /pytorch/aten/src/ATen/core/PythonFallbackKernel.cpp:206 [backend fallback]
E       PythonDispatcher: registered at /pytorch/aten/src/ATen/core/PythonFallbackKernel.cpp:198 [backend fallback]

/root/miniconda/envs/python310_torch29_cuda/lib/python3.10/site-packages/torch/_ops.py:1255: NotImplementedError
_ test_conv_depthwise2d[False-dtype0-dilation0-padding1-stride0-shape_input0-shape_weight0-kernel0] _

shape_input = (32, 4, 8, 8), shape_weight = (32, 1, 2, 2), kernel = (2, 2)
stride = [1, 1], padding = [1, 1], dilation = [1, 1], dtype = torch.float32
bias = False

    @pytest.mark.conv_depthwise2d
    @pytest.mark.parametrize("shape_input, shape_weight, kernel", SHAPE_DEPTHWISE)
    @pytest.mark.parametrize("stride", [[1, 1], [2, 2]])
    @pytest.mark.parametrize("padding", [[0, 0], [1, 1]])
    @pytest.mark.parametrize("dilation", [[1, 1]])
    @pytest.mark.parametrize("dtype", [torch.float32, torch.float16])
    @pytest.mark.parametrize("bias", [True, False])
    def test_conv_depthwise2d(
        shape_input, shape_weight, kernel, stride, padding, dilation, dtype, bias
    ):
        inp = torch.randn(shape_input, dtype=dtype, device=flag_gems.device)
        ref_inp = utils.to_reference(inp, False)
        torch.backends.cudnn.allow_tf32 = False
        weight = torch.randn(shape_weight, dtype=dtype, device=flag_gems.device)
        ref_weight = utils.to_reference(weight, False)
    
        if bias:
            bias_tensor = torch.randn(shape_weight[0], dtype=dtype, device=flag_gems.device)
            ref_bias = utils.to_reference(bias_tensor, False)
        else:
            bias_tensor = None
            ref_bias = None
    
>       ref_out = torch.ops.aten._conv_depthwise2d(
            ref_inp,
            ref_weight,
            kernel,
            ref_bias,
            stride,
            padding,
            dilation,
        )

test_conv_depthwise2d.py:61: 
_ _ _ _ _ _ _ _ _ _ _ _ _ _ _ _ _ _ _ _ _ _ _ _ _ _ _ _ _ _ _ _ _ _ _ _ _ _ _ _ 

self = <OpOverloadPacket(op='aten._conv_depthwise2d')>
args = (tensor([[[[ 1.1664e-01, -1.3670e+00,  2.3765e-01,  ...,  1.4621e+00,
            1.3493e+00, -1.9732e+00],
          ...,


        [[[ 1.4825,  2.1604],
          [ 0.8627, -0.3249]]]], device='cuda:0'), (2, 2), None, [1, 1], [1, 1], ...)
kwargs = {}

    def __call__(self, /, *args: _P.args, **kwargs: _P.kwargs) -> _T:
        # overloading __call__ to ensure torch.ops.foo.bar()
        # is still callable from JIT
        # We save the function ptr as the `op` attribute on
        # OpOverloadPacket to access it here.
    
        # Directly calling OverloadPacket goes into C++, which will check
        # the schema and cause an error for torchbind op when inputs consist of FakeScriptObject so we
        # intercept it here and call TorchBindOpverload instead.
        if self._has_torchbind_op_overload and _must_dispatch_in_python(args, kwargs):
            return _call_overload_packet_from_python(self, *args, **kwargs)
>       return self._op(*args, **kwargs)
E       NotImplementedError: Could not run 'aten::_conv_depthwise2d' with arguments from the 'CPU' backend. This could be because the operator doesn't exist for this backend, or was omitted during the selective/custom build process (if using custom build). If you are a Facebook employee using PyTorch on mobile, please visit https://fburl.com/ptmfixes for possible resolutions. 'aten::_conv_depthwise2d' is only available for these backends: [CUDA, XLA, XPU, Meta, BackendSelect, Python, FuncTorchDynamicLayerBackMode, Functionalize, Named, Conjugate, Negative, ZeroTensor, ADInplaceOrView, AutogradOther, AutogradCPU, AutogradCUDA, AutogradHIP, AutogradXLA, AutogradMPS, AutogradIPU, AutogradXPU, AutogradHPU, AutogradVE, AutogradLazy, AutogradMTIA, AutogradMAIA, AutogradPrivateUse1, AutogradPrivateUse2, AutogradPrivateUse3, AutogradMeta, AutogradNestedTensor, Tracer, AutocastCPU, AutocastMTIA, AutocastMAIA, AutocastXPU, AutocastMPS, AutocastCUDA, FuncTorchBatched, BatchedNestedTensor, FuncTorchVmapMode, Batched, VmapMode, FuncTorchGradWrapper, PythonTLSSnapshot, FuncTorchDynamicLayerFrontMode, PreDispatch, PythonDispatcher].
E       
E       CUDA: registered at /home/agent/xpytorch/workspace/8ba19c15-fc11-4377-85f3-84daf8eaab09/XMLIR/python/torch_xmlir/csrc/lazy_tensor/ts_backend/ts_eager_fallback.cpp:375 [backend fallback]
E       XLA: registered at /home/agent/xpytorch/workspace/8ba19c15-fc11-4377-85f3-84daf8eaab09/XMLIR/python/torch_xmlir/csrc/lazy_tensor/ts_backend/ts_eager_fallback.cpp:364 [backend fallback]
E       XPU: registered at /home/agent/xpytorch/workspace/8ba19c15-fc11-4377-85f3-84daf8eaab09/XMLIR/python/torch_xmlir/csrc/lazy_tensor/ts_backend/ts_eager_fallback.cpp:371 [backend fallback]
E       Meta: registered at /pytorch/aten/src/ATen/core/MetaFallbackKernel.cpp:23 [backend fallback]
E       BackendSelect: fallthrough registered at /pytorch/aten/src/ATen/core/BackendSelectFallbackKernel.cpp:3 [backend fallback]
E       Python: registered at /pytorch/aten/src/ATen/core/PythonFallbackKernel.cpp:194 [backend fallback]
E       FuncTorchDynamicLayerBackMode: registered at /pytorch/aten/src/ATen/functorch/DynamicLayer.cpp:479 [backend fallback]
E       Functionalize: registered at /pytorch/aten/src/ATen/FunctionalizeFallbackKernel.cpp:387 [backend fallback]
E       Named: registered at /pytorch/aten/src/ATen/core/NamedRegistrations.cpp:7 [backend fallback]
E       Conjugate: registered at /pytorch/aten/src/ATen/ConjugateFallback.cpp:17 [backend fallback]
E       Negative: registered at /pytorch/aten/src/ATen/native/NegateFallback.cpp:18 [backend fallback]
E       ZeroTensor: registered at /pytorch/aten/src/ATen/ZeroTensorFallback.cpp:115 [backend fallback]
E       ADInplaceOrView: fallthrough registered at /pytorch/aten/src/ATen/core/VariableFallbackKernel.cpp:104 [backend fallback]
E       AutogradOther: registered at /pytorch/torch/csrc/autograd/generated/VariableType_1.cpp:17114 [autograd kernel]
E       AutogradCPU: registered at /pytorch/torch/csrc/autograd/generated/VariableType_1.cpp:17114 [autograd kernel]
E       AutogradCUDA: registered at /pytorch/torch/csrc/autograd/generated/VariableType_1.cpp:17114 [autograd kernel]
E       AutogradHIP: registered at /pytorch/torch/csrc/autograd/generated/VariableType_1.cpp:17114 [autograd kernel]
E       AutogradXLA: registered at /pytorch/torch/csrc/autograd/generated/VariableType_1.cpp:17114 [autograd kernel]
E       AutogradMPS: registered at /pytorch/torch/csrc/autograd/generated/VariableType_1.cpp:17114 [autograd kernel]
E       AutogradIPU: registered at /pytorch/torch/csrc/autograd/generated/VariableType_1.cpp:17114 [autograd kernel]
E       AutogradXPU: registered at /pytorch/torch/csrc/autograd/generated/VariableType_1.cpp:17114 [autograd kernel]
E       AutogradHPU: registered at /pytorch/torch/csrc/autograd/generated/VariableType_1.cpp:17114 [autograd kernel]
E       AutogradVE: registered at /pytorch/torch/csrc/autograd/generated/VariableType_1.cpp:17114 [autograd kernel]
E       AutogradLazy: registered at /pytorch/torch/csrc/autograd/generated/VariableType_1.cpp:17114 [autograd kernel]
E       AutogradMTIA: registered at /pytorch/torch/csrc/autograd/generated/VariableType_1.cpp:17114 [autograd kernel]
E       AutogradMAIA: registered at /pytorch/torch/csrc/autograd/generated/VariableType_1.cpp:17114 [autograd kernel]
E       AutogradPrivateUse1: registered at /pytorch/torch/csrc/autograd/generated/VariableType_1.cpp:17114 [autograd kernel]
E       AutogradPrivateUse2: registered at /pytorch/torch/csrc/autograd/generated/VariableType_1.cpp:17114 [autograd kernel]
E       AutogradPrivateUse3: registered at /pytorch/torch/csrc/autograd/generated/VariableType_1.cpp:17114 [autograd kernel]
E       AutogradMeta: registered at /pytorch/torch/csrc/autograd/generated/VariableType_1.cpp:17114 [autograd kernel]
E       AutogradNestedTensor: registered at /pytorch/torch/csrc/autograd/generated/VariableType_1.cpp:17114 [autograd kernel]
E       Tracer: registered at /pytorch/torch/csrc/autograd/generated/TraceType_1.cpp:16331 [kernel]
E       AutocastCPU: fallthrough registered at /pytorch/aten/src/ATen/autocast_mode.cpp:324 [backend fallback]
E       AutocastMTIA: fallthrough registered at /pytorch/aten/src/ATen/autocast_mode.cpp:468 [backend fallback]
E       AutocastMAIA: fallthrough registered at /pytorch/aten/src/ATen/autocast_mode.cpp:506 [backend fallback]
E       AutocastXPU: fallthrough registered at /pytorch/aten/src/ATen/autocast_mode.cpp:544 [backend fallback]
E       AutocastMPS: fallthrough registered at /pytorch/aten/src/ATen/autocast_mode.cpp:209 [backend fallback]
E       AutocastCUDA: fallthrough registered at /pytorch/aten/src/ATen/autocast_mode.cpp:165 [backend fallback]
E       FuncTorchBatched: registered at /pytorch/aten/src/ATen/functorch/LegacyBatchingRegistrations.cpp:731 [backend fallback]
E       BatchedNestedTensor: registered at /pytorch/aten/src/ATen/functorch/LegacyBatchingRegistrations.cpp:758 [backend fallback]
E       FuncTorchVmapMode: fallthrough registered at /pytorch/aten/src/ATen/functorch/VmapModeRegistrations.cpp:27 [backend fallback]
E       Batched: registered at /pytorch/aten/src/ATen/LegacyBatchingRegistrations.cpp:1075 [backend fallback]
E       VmapMode: fallthrough registered at /pytorch/aten/src/ATen/VmapModeRegistrations.cpp:33 [backend fallback]
E       FuncTorchGradWrapper: registered at /pytorch/aten/src/ATen/functorch/TensorWrapper.cpp:210 [backend fallback]
E       PythonTLSSnapshot: registered at /pytorch/aten/src/ATen/core/PythonFallbackKernel.cpp:202 [backend fallback]
E       FuncTorchDynamicLayerFrontMode: registered at /pytorch/aten/src/ATen/functorch/DynamicLayer.cpp:475 [backend fallback]
E       PreDispatch: registered at /pytorch/aten/src/ATen/core/PythonFallbackKernel.cpp:206 [backend fallback]
E       PythonDispatcher: registered at /pytorch/aten/src/ATen/core/PythonFallbackKernel.cpp:198 [backend fallback]

/root/miniconda/envs/python310_torch29_cuda/lib/python3.10/site-packages/torch/_ops.py:1255: NotImplementedError
_ test_conv_depthwise2d[False-dtype0-dilation0-padding1-stride0-shape_input1-shape_weight1-kernel1] _

shape_input = (18, 16, 4, 4), shape_weight = (16, 1, 2, 2), kernel = (2, 2)
stride = [1, 1], padding = [1, 1], dilation = [1, 1], dtype = torch.float32
bias = False

    @pytest.mark.conv_depthwise2d
    @pytest.mark.parametrize("shape_input, shape_weight, kernel", SHAPE_DEPTHWISE)
    @pytest.mark.parametrize("stride", [[1, 1], [2, 2]])
    @pytest.mark.parametrize("padding", [[0, 0], [1, 1]])
    @pytest.mark.parametrize("dilation", [[1, 1]])
    @pytest.mark.parametrize("dtype", [torch.float32, torch.float16])
    @pytest.mark.parametrize("bias", [True, False])
    def test_conv_depthwise2d(
        shape_input, shape_weight, kernel, stride, padding, dilation, dtype, bias
    ):
        inp = torch.randn(shape_input, dtype=dtype, device=flag_gems.device)
        ref_inp = utils.to_reference(inp, False)
        torch.backends.cudnn.allow_tf32 = False
        weight = torch.randn(shape_weight, dtype=dtype, device=flag_gems.device)
        ref_weight = utils.to_reference(weight, False)
    
        if bias:
            bias_tensor = torch.randn(shape_weight[0], dtype=dtype, device=flag_gems.device)
            ref_bias = utils.to_reference(bias_tensor, False)
        else:
            bias_tensor = None
            ref_bias = None
    
>       ref_out = torch.ops.aten._conv_depthwise2d(
            ref_inp,
            ref_weight,
            kernel,
            ref_bias,
            stride,
            padding,
            dilation,
        )

test_conv_depthwise2d.py:61: 
_ _ _ _ _ _ _ _ _ _ _ _ _ _ _ _ _ _ _ _ _ _ _ _ _ _ _ _ _ _ _ _ _ _ _ _ _ _ _ _ 

self = <OpOverloadPacket(op='aten._conv_depthwise2d')>
args = (tensor([[[[-2.0567e+00,  1.4381e+00, -1.8442e+00, -8.0324e-01],
          [ 1.5193e-01, -2.0570e-01, -8.4643e-01,  9....,


        [[[ 1.2337, -0.7266],
          [-1.0189, -0.4714]]]], device='cuda:0'), (2, 2), None, [1, 1], [1, 1], ...)
kwargs = {}

    def __call__(self, /, *args: _P.args, **kwargs: _P.kwargs) -> _T:
        # overloading __call__ to ensure torch.ops.foo.bar()
        # is still callable from JIT
        # We save the function ptr as the `op` attribute on
        # OpOverloadPacket to access it here.
    
        # Directly calling OverloadPacket goes into C++, which will check
        # the schema and cause an error for torchbind op when inputs consist of FakeScriptObject so we
        # intercept it here and call TorchBindOpverload instead.
        if self._has_torchbind_op_overload and _must_dispatch_in_python(args, kwargs):
            return _call_overload_packet_from_python(self, *args, **kwargs)
>       return self._op(*args, **kwargs)
E       NotImplementedError: Could not run 'aten::_conv_depthwise2d' with arguments from the 'CPU' backend. This could be because the operator doesn't exist for this backend, or was omitted during the selective/custom build process (if using custom build). If you are a Facebook employee using PyTorch on mobile, please visit https://fburl.com/ptmfixes for possible resolutions. 'aten::_conv_depthwise2d' is only available for these backends: [CUDA, XLA, XPU, Meta, BackendSelect, Python, FuncTorchDynamicLayerBackMode, Functionalize, Named, Conjugate, Negative, ZeroTensor, ADInplaceOrView, AutogradOther, AutogradCPU, AutogradCUDA, AutogradHIP, AutogradXLA, AutogradMPS, AutogradIPU, AutogradXPU, AutogradHPU, AutogradVE, AutogradLazy, AutogradMTIA, AutogradMAIA, AutogradPrivateUse1, AutogradPrivateUse2, AutogradPrivateUse3, AutogradMeta, AutogradNestedTensor, Tracer, AutocastCPU, AutocastMTIA, AutocastMAIA, AutocastXPU, AutocastMPS, AutocastCUDA, FuncTorchBatched, BatchedNestedTensor, FuncTorchVmapMode, Batched, VmapMode, FuncTorchGradWrapper, PythonTLSSnapshot, FuncTorchDynamicLayerFrontMode, PreDispatch, PythonDispatcher].
E       
E       CUDA: registered at /home/agent/xpytorch/workspace/8ba19c15-fc11-4377-85f3-84daf8eaab09/XMLIR/python/torch_xmlir/csrc/lazy_tensor/ts_backend/ts_eager_fallback.cpp:375 [backend fallback]
E       XLA: registered at /home/agent/xpytorch/workspace/8ba19c15-fc11-4377-85f3-84daf8eaab09/XMLIR/python/torch_xmlir/csrc/lazy_tensor/ts_backend/ts_eager_fallback.cpp:364 [backend fallback]
E       XPU: registered at /home/agent/xpytorch/workspace/8ba19c15-fc11-4377-85f3-84daf8eaab09/XMLIR/python/torch_xmlir/csrc/lazy_tensor/ts_backend/ts_eager_fallback.cpp:371 [backend fallback]
E       Meta: registered at /pytorch/aten/src/ATen/core/MetaFallbackKernel.cpp:23 [backend fallback]
E       BackendSelect: fallthrough registered at /pytorch/aten/src/ATen/core/BackendSelectFallbackKernel.cpp:3 [backend fallback]
E       Python: registered at /pytorch/aten/src/ATen/core/PythonFallbackKernel.cpp:194 [backend fallback]
E       FuncTorchDynamicLayerBackMode: registered at /pytorch/aten/src/ATen/functorch/DynamicLayer.cpp:479 [backend fallback]
E       Functionalize: registered at /pytorch/aten/src/ATen/FunctionalizeFallbackKernel.cpp:387 [backend fallback]
E       Named: registered at /pytorch/aten/src/ATen/core/NamedRegistrations.cpp:7 [backend fallback]
E       Conjugate: registered at /pytorch/aten/src/ATen/ConjugateFallback.cpp:17 [backend fallback]
E       Negative: registered at /pytorch/aten/src/ATen/native/NegateFallback.cpp:18 [backend fallback]
E       ZeroTensor: registered at /pytorch/aten/src/ATen/ZeroTensorFallback.cpp:115 [backend fallback]
E       ADInplaceOrView: fallthrough registered at /pytorch/aten/src/ATen/core/VariableFallbackKernel.cpp:104 [backend fallback]
E       AutogradOther: registered at /pytorch/torch/csrc/autograd/generated/VariableType_1.cpp:17114 [autograd kernel]
E       AutogradCPU: registered at /pytorch/torch/csrc/autograd/generated/VariableType_1.cpp:17114 [autograd kernel]
E       AutogradCUDA: registered at /pytorch/torch/csrc/autograd/generated/VariableType_1.cpp:17114 [autograd kernel]
E       AutogradHIP: registered at /pytorch/torch/csrc/autograd/generated/VariableType_1.cpp:17114 [autograd kernel]
E       AutogradXLA: registered at /pytorch/torch/csrc/autograd/generated/VariableType_1.cpp:17114 [autograd kernel]
E       AutogradMPS: registered at /pytorch/torch/csrc/autograd/generated/VariableType_1.cpp:17114 [autograd kernel]
E       AutogradIPU: registered at /pytorch/torch/csrc/autograd/generated/VariableType_1.cpp:17114 [autograd kernel]
E       AutogradXPU: registered at /pytorch/torch/csrc/autograd/generated/VariableType_1.cpp:17114 [autograd kernel]
E       AutogradHPU: registered at /pytorch/torch/csrc/autograd/generated/VariableType_1.cpp:17114 [autograd kernel]
E       AutogradVE: registered at /pytorch/torch/csrc/autograd/generated/VariableType_1.cpp:17114 [autograd kernel]
E       AutogradLazy: registered at /pytorch/torch/csrc/autograd/generated/VariableType_1.cpp:17114 [autograd kernel]
E       AutogradMTIA: registered at /pytorch/torch/csrc/autograd/generated/VariableType_1.cpp:17114 [autograd kernel]
E       AutogradMAIA: registered at /pytorch/torch/csrc/autograd/generated/VariableType_1.cpp:17114 [autograd kernel]
E       AutogradPrivateUse1: registered at /pytorch/torch/csrc/autograd/generated/VariableType_1.cpp:17114 [autograd kernel]
E       AutogradPrivateUse2: registered at /pytorch/torch/csrc/autograd/generated/VariableType_1.cpp:17114 [autograd kernel]
E       AutogradPrivateUse3: registered at /pytorch/torch/csrc/autograd/generated/VariableType_1.cpp:17114 [autograd kernel]
E       AutogradMeta: registered at /pytorch/torch/csrc/autograd/generated/VariableType_1.cpp:17114 [autograd kernel]
E       AutogradNestedTensor: registered at /pytorch/torch/csrc/autograd/generated/VariableType_1.cpp:17114 [autograd kernel]
E       Tracer: registered at /pytorch/torch/csrc/autograd/generated/TraceType_1.cpp:16331 [kernel]
E       AutocastCPU: fallthrough registered at /pytorch/aten/src/ATen/autocast_mode.cpp:324 [backend fallback]
E       AutocastMTIA: fallthrough registered at /pytorch/aten/src/ATen/autocast_mode.cpp:468 [backend fallback]
E       AutocastMAIA: fallthrough registered at /pytorch/aten/src/ATen/autocast_mode.cpp:506 [backend fallback]
E       AutocastXPU: fallthrough registered at /pytorch/aten/src/ATen/autocast_mode.cpp:544 [backend fallback]
E       AutocastMPS: fallthrough registered at /pytorch/aten/src/ATen/autocast_mode.cpp:209 [backend fallback]
E       AutocastCUDA: fallthrough registered at /pytorch/aten/src/ATen/autocast_mode.cpp:165 [backend fallback]
E       FuncTorchBatched: registered at /pytorch/aten/src/ATen/functorch/LegacyBatchingRegistrations.cpp:731 [backend fallback]
E       BatchedNestedTensor: registered at /pytorch/aten/src/ATen/functorch/LegacyBatchingRegistrations.cpp:758 [backend fallback]
E       FuncTorchVmapMode: fallthrough registered at /pytorch/aten/src/ATen/functorch/VmapModeRegistrations.cpp:27 [backend fallback]
E       Batched: registered at /pytorch/aten/src/ATen/LegacyBatchingRegistrations.cpp:1075 [backend fallback]
E       VmapMode: fallthrough registered at /pytorch/aten/src/ATen/VmapModeRegistrations.cpp:33 [backend fallback]
E       FuncTorchGradWrapper: registered at /pytorch/aten/src/ATen/functorch/TensorWrapper.cpp:210 [backend fallback]
E       PythonTLSSnapshot: registered at /pytorch/aten/src/ATen/core/PythonFallbackKernel.cpp:202 [backend fallback]
E       FuncTorchDynamicLayerFrontMode: registered at /pytorch/aten/src/ATen/functorch/DynamicLayer.cpp:475 [backend fallback]
E       PreDispatch: registered at /pytorch/aten/src/ATen/core/PythonFallbackKernel.cpp:206 [backend fallback]
E       PythonDispatcher: registered at /pytorch/aten/src/ATen/core/PythonFallbackKernel.cpp:198 [backend fallback]

/root/miniconda/envs/python310_torch29_cuda/lib/python3.10/site-packages/torch/_ops.py:1255: NotImplementedError
_ test_conv_depthwise2d[False-dtype0-dilation0-padding1-stride1-shape_input0-shape_weight0-kernel0] _

shape_input = (32, 4, 8, 8), shape_weight = (32, 1, 2, 2), kernel = (2, 2)
stride = [2, 2], padding = [1, 1], dilation = [1, 1], dtype = torch.float32
bias = False

    @pytest.mark.conv_depthwise2d
    @pytest.mark.parametrize("shape_input, shape_weight, kernel", SHAPE_DEPTHWISE)
    @pytest.mark.parametrize("stride", [[1, 1], [2, 2]])
    @pytest.mark.parametrize("padding", [[0, 0], [1, 1]])
    @pytest.mark.parametrize("dilation", [[1, 1]])
    @pytest.mark.parametrize("dtype", [torch.float32, torch.float16])
    @pytest.mark.parametrize("bias", [True, False])
    def test_conv_depthwise2d(
        shape_input, shape_weight, kernel, stride, padding, dilation, dtype, bias
    ):
        inp = torch.randn(shape_input, dtype=dtype, device=flag_gems.device)
        ref_inp = utils.to_reference(inp, False)
        torch.backends.cudnn.allow_tf32 = False
        weight = torch.randn(shape_weight, dtype=dtype, device=flag_gems.device)
        ref_weight = utils.to_reference(weight, False)
    
        if bias:
            bias_tensor = torch.randn(shape_weight[0], dtype=dtype, device=flag_gems.device)
            ref_bias = utils.to_reference(bias_tensor, False)
        else:
            bias_tensor = None
            ref_bias = None
    
>       ref_out = torch.ops.aten._conv_depthwise2d(
            ref_inp,
            ref_weight,
            kernel,
            ref_bias,
            stride,
            padding,
            dilation,
        )

test_conv_depthwise2d.py:61: 
_ _ _ _ _ _ _ _ _ _ _ _ _ _ _ _ _ _ _ _ _ _ _ _ _ _ _ _ _ _ _ _ _ _ _ _ _ _ _ _ 

self = <OpOverloadPacket(op='aten._conv_depthwise2d')>
args = (tensor([[[[-1.6665,  1.2612, -1.6798,  ...,  0.1766, -1.8514, -0.0367],
          [ 0.0337, -0.3979, -0.6182,  ...,  ...,


        [[[ 0.5245,  0.0860],
          [-0.2534,  0.3689]]]], device='cuda:0'), (2, 2), None, [2, 2], [1, 1], ...)
kwargs = {}

    def __call__(self, /, *args: _P.args, **kwargs: _P.kwargs) -> _T:
        # overloading __call__ to ensure torch.ops.foo.bar()
        # is still callable from JIT
        # We save the function ptr as the `op` attribute on
        # OpOverloadPacket to access it here.
    
        # Directly calling OverloadPacket goes into C++, which will check
        # the schema and cause an error for torchbind op when inputs consist of FakeScriptObject so we
        # intercept it here and call TorchBindOpverload instead.
        if self._has_torchbind_op_overload and _must_dispatch_in_python(args, kwargs):
            return _call_overload_packet_from_python(self, *args, **kwargs)
>       return self._op(*args, **kwargs)
E       NotImplementedError: Could not run 'aten::_conv_depthwise2d' with arguments from the 'CPU' backend. This could be because the operator doesn't exist for this backend, or was omitted during the selective/custom build process (if using custom build). If you are a Facebook employee using PyTorch on mobile, please visit https://fburl.com/ptmfixes for possible resolutions. 'aten::_conv_depthwise2d' is only available for these backends: [CUDA, XLA, XPU, Meta, BackendSelect, Python, FuncTorchDynamicLayerBackMode, Functionalize, Named, Conjugate, Negative, ZeroTensor, ADInplaceOrView, AutogradOther, AutogradCPU, AutogradCUDA, AutogradHIP, AutogradXLA, AutogradMPS, AutogradIPU, AutogradXPU, AutogradHPU, AutogradVE, AutogradLazy, AutogradMTIA, AutogradMAIA, AutogradPrivateUse1, AutogradPrivateUse2, AutogradPrivateUse3, AutogradMeta, AutogradNestedTensor, Tracer, AutocastCPU, AutocastMTIA, AutocastMAIA, AutocastXPU, AutocastMPS, AutocastCUDA, FuncTorchBatched, BatchedNestedTensor, FuncTorchVmapMode, Batched, VmapMode, FuncTorchGradWrapper, PythonTLSSnapshot, FuncTorchDynamicLayerFrontMode, PreDispatch, PythonDispatcher].
E       
E       CUDA: registered at /home/agent/xpytorch/workspace/8ba19c15-fc11-4377-85f3-84daf8eaab09/XMLIR/python/torch_xmlir/csrc/lazy_tensor/ts_backend/ts_eager_fallback.cpp:375 [backend fallback]
E       XLA: registered at /home/agent/xpytorch/workspace/8ba19c15-fc11-4377-85f3-84daf8eaab09/XMLIR/python/torch_xmlir/csrc/lazy_tensor/ts_backend/ts_eager_fallback.cpp:364 [backend fallback]
E       XPU: registered at /home/agent/xpytorch/workspace/8ba19c15-fc11-4377-85f3-84daf8eaab09/XMLIR/python/torch_xmlir/csrc/lazy_tensor/ts_backend/ts_eager_fallback.cpp:371 [backend fallback]
E       Meta: registered at /pytorch/aten/src/ATen/core/MetaFallbackKernel.cpp:23 [backend fallback]
E       BackendSelect: fallthrough registered at /pytorch/aten/src/ATen/core/BackendSelectFallbackKernel.cpp:3 [backend fallback]
E       Python: registered at /pytorch/aten/src/ATen/core/PythonFallbackKernel.cpp:194 [backend fallback]
E       FuncTorchDynamicLayerBackMode: registered at /pytorch/aten/src/ATen/functorch/DynamicLayer.cpp:479 [backend fallback]
E       Functionalize: registered at /pytorch/aten/src/ATen/FunctionalizeFallbackKernel.cpp:387 [backend fallback]
E       Named: registered at /pytorch/aten/src/ATen/core/NamedRegistrations.cpp:7 [backend fallback]
E       Conjugate: registered at /pytorch/aten/src/ATen/ConjugateFallback.cpp:17 [backend fallback]
E       Negative: registered at /pytorch/aten/src/ATen/native/NegateFallback.cpp:18 [backend fallback]
E       ZeroTensor: registered at /pytorch/aten/src/ATen/ZeroTensorFallback.cpp:115 [backend fallback]
E       ADInplaceOrView: fallthrough registered at /pytorch/aten/src/ATen/core/VariableFallbackKernel.cpp:104 [backend fallback]
E       AutogradOther: registered at /pytorch/torch/csrc/autograd/generated/VariableType_1.cpp:17114 [autograd kernel]
E       AutogradCPU: registered at /pytorch/torch/csrc/autograd/generated/VariableType_1.cpp:17114 [autograd kernel]
E       AutogradCUDA: registered at /pytorch/torch/csrc/autograd/generated/VariableType_1.cpp:17114 [autograd kernel]
E       AutogradHIP: registered at /pytorch/torch/csrc/autograd/generated/VariableType_1.cpp:17114 [autograd kernel]
E       AutogradXLA: registered at /pytorch/torch/csrc/autograd/generated/VariableType_1.cpp:17114 [autograd kernel]
E       AutogradMPS: registered at /pytorch/torch/csrc/autograd/generated/VariableType_1.cpp:17114 [autograd kernel]
E       AutogradIPU: registered at /pytorch/torch/csrc/autograd/generated/VariableType_1.cpp:17114 [autograd kernel]
E       AutogradXPU: registered at /pytorch/torch/csrc/autograd/generated/VariableType_1.cpp:17114 [autograd kernel]
E       AutogradHPU: registered at /pytorch/torch/csrc/autograd/generated/VariableType_1.cpp:17114 [autograd kernel]
E       AutogradVE: registered at /pytorch/torch/csrc/autograd/generated/VariableType_1.cpp:17114 [autograd kernel]
E       AutogradLazy: registered at /pytorch/torch/csrc/autograd/generated/VariableType_1.cpp:17114 [autograd kernel]
E       AutogradMTIA: registered at /pytorch/torch/csrc/autograd/generated/VariableType_1.cpp:17114 [autograd kernel]
E       AutogradMAIA: registered at /pytorch/torch/csrc/autograd/generated/VariableType_1.cpp:17114 [autograd kernel]
E       AutogradPrivateUse1: registered at /pytorch/torch/csrc/autograd/generated/VariableType_1.cpp:17114 [autograd kernel]
E       AutogradPrivateUse2: registered at /pytorch/torch/csrc/autograd/generated/VariableType_1.cpp:17114 [autograd kernel]
E       AutogradPrivateUse3: registered at /pytorch/torch/csrc/autograd/generated/VariableType_1.cpp:17114 [autograd kernel]
E       AutogradMeta: registered at /pytorch/torch/csrc/autograd/generated/VariableType_1.cpp:17114 [autograd kernel]
E       AutogradNestedTensor: registered at /pytorch/torch/csrc/autograd/generated/VariableType_1.cpp:17114 [autograd kernel]
E       Tracer: registered at /pytorch/torch/csrc/autograd/generated/TraceType_1.cpp:16331 [kernel]
E       AutocastCPU: fallthrough registered at /pytorch/aten/src/ATen/autocast_mode.cpp:324 [backend fallback]
E       AutocastMTIA: fallthrough registered at /pytorch/aten/src/ATen/autocast_mode.cpp:468 [backend fallback]
E       AutocastMAIA: fallthrough registered at /pytorch/aten/src/ATen/autocast_mode.cpp:506 [backend fallback]
E       AutocastXPU: fallthrough registered at /pytorch/aten/src/ATen/autocast_mode.cpp:544 [backend fallback]
E       AutocastMPS: fallthrough registered at /pytorch/aten/src/ATen/autocast_mode.cpp:209 [backend fallback]
E       AutocastCUDA: fallthrough registered at /pytorch/aten/src/ATen/autocast_mode.cpp:165 [backend fallback]
E       FuncTorchBatched: registered at /pytorch/aten/src/ATen/functorch/LegacyBatchingRegistrations.cpp:731 [backend fallback]
E       BatchedNestedTensor: registered at /pytorch/aten/src/ATen/functorch/LegacyBatchingRegistrations.cpp:758 [backend fallback]
E       FuncTorchVmapMode: fallthrough registered at /pytorch/aten/src/ATen/functorch/VmapModeRegistrations.cpp:27 [backend fallback]
E       Batched: registered at /pytorch/aten/src/ATen/LegacyBatchingRegistrations.cpp:1075 [backend fallback]
E       VmapMode: fallthrough registered at /pytorch/aten/src/ATen/VmapModeRegistrations.cpp:33 [backend fallback]
E       FuncTorchGradWrapper: registered at /pytorch/aten/src/ATen/functorch/TensorWrapper.cpp:210 [backend fallback]
E       PythonTLSSnapshot: registered at /pytorch/aten/src/ATen/core/PythonFallbackKernel.cpp:202 [backend fallback]
E       FuncTorchDynamicLayerFrontMode: registered at /pytorch/aten/src/ATen/functorch/DynamicLayer.cpp:475 [backend fallback]
E       PreDispatch: registered at /pytorch/aten/src/ATen/core/PythonFallbackKernel.cpp:206 [backend fallback]
E       PythonDispatcher: registered at /pytorch/aten/src/ATen/core/PythonFallbackKernel.cpp:198 [backend fallback]

/root/miniconda/envs/python310_torch29_cuda/lib/python3.10/site-packages/torch/_ops.py:1255: NotImplementedError
_ test_conv_depthwise2d[False-dtype0-dilation0-padding1-stride1-shape_input1-shape_weight1-kernel1] _

shape_input = (18, 16, 4, 4), shape_weight = (16, 1, 2, 2), kernel = (2, 2)
stride = [2, 2], padding = [1, 1], dilation = [1, 1], dtype = torch.float32
bias = False

    @pytest.mark.conv_depthwise2d
    @pytest.mark.parametrize("shape_input, shape_weight, kernel", SHAPE_DEPTHWISE)
    @pytest.mark.parametrize("stride", [[1, 1], [2, 2]])
    @pytest.mark.parametrize("padding", [[0, 0], [1, 1]])
    @pytest.mark.parametrize("dilation", [[1, 1]])
    @pytest.mark.parametrize("dtype", [torch.float32, torch.float16])
    @pytest.mark.parametrize("bias", [True, False])
    def test_conv_depthwise2d(
        shape_input, shape_weight, kernel, stride, padding, dilation, dtype, bias
    ):
        inp = torch.randn(shape_input, dtype=dtype, device=flag_gems.device)
        ref_inp = utils.to_reference(inp, False)
        torch.backends.cudnn.allow_tf32 = False
        weight = torch.randn(shape_weight, dtype=dtype, device=flag_gems.device)
        ref_weight = utils.to_reference(weight, False)
    
        if bias:
            bias_tensor = torch.randn(shape_weight[0], dtype=dtype, device=flag_gems.device)
            ref_bias = utils.to_reference(bias_tensor, False)
        else:
            bias_tensor = None
            ref_bias = None
    
>       ref_out = torch.ops.aten._conv_depthwise2d(
            ref_inp,
            ref_weight,
            kernel,
            ref_bias,
            stride,
            padding,
            dilation,
        )

test_conv_depthwise2d.py:61: 
_ _ _ _ _ _ _ _ _ _ _ _ _ _ _ _ _ _ _ _ _ _ _ _ _ _ _ _ _ _ _ _ _ _ _ _ _ _ _ _ 

self = <OpOverloadPacket(op='aten._conv_depthwise2d')>
args = (tensor([[[[-1.9124e-01,  3.0903e+00, -2.1072e-01, -1.2379e+00],
          [ 3.6895e-01,  3.0830e-01, -4.3253e-02,  1....,


        [[[-0.6249,  1.5400],
          [ 0.4279, -0.8932]]]], device='cuda:0'), (2, 2), None, [2, 2], [1, 1], ...)
kwargs = {}

    def __call__(self, /, *args: _P.args, **kwargs: _P.kwargs) -> _T:
        # overloading __call__ to ensure torch.ops.foo.bar()
        # is still callable from JIT
        # We save the function ptr as the `op` attribute on
        # OpOverloadPacket to access it here.
    
        # Directly calling OverloadPacket goes into C++, which will check
        # the schema and cause an error for torchbind op when inputs consist of FakeScriptObject so we
        # intercept it here and call TorchBindOpverload instead.
        if self._has_torchbind_op_overload and _must_dispatch_in_python(args, kwargs):
            return _call_overload_packet_from_python(self, *args, **kwargs)
>       return self._op(*args, **kwargs)
E       NotImplementedError: Could not run 'aten::_conv_depthwise2d' with arguments from the 'CPU' backend. This could be because the operator doesn't exist for this backend, or was omitted during the selective/custom build process (if using custom build). If you are a Facebook employee using PyTorch on mobile, please visit https://fburl.com/ptmfixes for possible resolutions. 'aten::_conv_depthwise2d' is only available for these backends: [CUDA, XLA, XPU, Meta, BackendSelect, Python, FuncTorchDynamicLayerBackMode, Functionalize, Named, Conjugate, Negative, ZeroTensor, ADInplaceOrView, AutogradOther, AutogradCPU, AutogradCUDA, AutogradHIP, AutogradXLA, AutogradMPS, AutogradIPU, AutogradXPU, AutogradHPU, AutogradVE, AutogradLazy, AutogradMTIA, AutogradMAIA, AutogradPrivateUse1, AutogradPrivateUse2, AutogradPrivateUse3, AutogradMeta, AutogradNestedTensor, Tracer, AutocastCPU, AutocastMTIA, AutocastMAIA, AutocastXPU, AutocastMPS, AutocastCUDA, FuncTorchBatched, BatchedNestedTensor, FuncTorchVmapMode, Batched, VmapMode, FuncTorchGradWrapper, PythonTLSSnapshot, FuncTorchDynamicLayerFrontMode, PreDispatch, PythonDispatcher].
E       
E       CUDA: registered at /home/agent/xpytorch/workspace/8ba19c15-fc11-4377-85f3-84daf8eaab09/XMLIR/python/torch_xmlir/csrc/lazy_tensor/ts_backend/ts_eager_fallback.cpp:375 [backend fallback]
E       XLA: registered at /home/agent/xpytorch/workspace/8ba19c15-fc11-4377-85f3-84daf8eaab09/XMLIR/python/torch_xmlir/csrc/lazy_tensor/ts_backend/ts_eager_fallback.cpp:364 [backend fallback]
E       XPU: registered at /home/agent/xpytorch/workspace/8ba19c15-fc11-4377-85f3-84daf8eaab09/XMLIR/python/torch_xmlir/csrc/lazy_tensor/ts_backend/ts_eager_fallback.cpp:371 [backend fallback]
E       Meta: registered at /pytorch/aten/src/ATen/core/MetaFallbackKernel.cpp:23 [backend fallback]
E       BackendSelect: fallthrough registered at /pytorch/aten/src/ATen/core/BackendSelectFallbackKernel.cpp:3 [backend fallback]
E       Python: registered at /pytorch/aten/src/ATen/core/PythonFallbackKernel.cpp:194 [backend fallback]
E       FuncTorchDynamicLayerBackMode: registered at /pytorch/aten/src/ATen/functorch/DynamicLayer.cpp:479 [backend fallback]
E       Functionalize: registered at /pytorch/aten/src/ATen/FunctionalizeFallbackKernel.cpp:387 [backend fallback]
E       Named: registered at /pytorch/aten/src/ATen/core/NamedRegistrations.cpp:7 [backend fallback]
E       Conjugate: registered at /pytorch/aten/src/ATen/ConjugateFallback.cpp:17 [backend fallback]
E       Negative: registered at /pytorch/aten/src/ATen/native/NegateFallback.cpp:18 [backend fallback]
E       ZeroTensor: registered at /pytorch/aten/src/ATen/ZeroTensorFallback.cpp:115 [backend fallback]
E       ADInplaceOrView: fallthrough registered at /pytorch/aten/src/ATen/core/VariableFallbackKernel.cpp:104 [backend fallback]
E       AutogradOther: registered at /pytorch/torch/csrc/autograd/generated/VariableType_1.cpp:17114 [autograd kernel]
E       AutogradCPU: registered at /pytorch/torch/csrc/autograd/generated/VariableType_1.cpp:17114 [autograd kernel]
E       AutogradCUDA: registered at /pytorch/torch/csrc/autograd/generated/VariableType_1.cpp:17114 [autograd kernel]
E       AutogradHIP: registered at /pytorch/torch/csrc/autograd/generated/VariableType_1.cpp:17114 [autograd kernel]
E       AutogradXLA: registered at /pytorch/torch/csrc/autograd/generated/VariableType_1.cpp:17114 [autograd kernel]
E       AutogradMPS: registered at /pytorch/torch/csrc/autograd/generated/VariableType_1.cpp:17114 [autograd kernel]
E       AutogradIPU: registered at /pytorch/torch/csrc/autograd/generated/VariableType_1.cpp:17114 [autograd kernel]
E       AutogradXPU: registered at /pytorch/torch/csrc/autograd/generated/VariableType_1.cpp:17114 [autograd kernel]
E       AutogradHPU: registered at /pytorch/torch/csrc/autograd/generated/VariableType_1.cpp:17114 [autograd kernel]
E       AutogradVE: registered at /pytorch/torch/csrc/autograd/generated/VariableType_1.cpp:17114 [autograd kernel]
E       AutogradLazy: registered at /pytorch/torch/csrc/autograd/generated/VariableType_1.cpp:17114 [autograd kernel]
E       AutogradMTIA: registered at /pytorch/torch/csrc/autograd/generated/VariableType_1.cpp:17114 [autograd kernel]
E       AutogradMAIA: registered at /pytorch/torch/csrc/autograd/generated/VariableType_1.cpp:17114 [autograd kernel]
E       AutogradPrivateUse1: registered at /pytorch/torch/csrc/autograd/generated/VariableType_1.cpp:17114 [autograd kernel]
E       AutogradPrivateUse2: registered at /pytorch/torch/csrc/autograd/generated/VariableType_1.cpp:17114 [autograd kernel]
E       AutogradPrivateUse3: registered at /pytorch/torch/csrc/autograd/generated/VariableType_1.cpp:17114 [autograd kernel]
E       AutogradMeta: registered at /pytorch/torch/csrc/autograd/generated/VariableType_1.cpp:17114 [autograd kernel]
E       AutogradNestedTensor: registered at /pytorch/torch/csrc/autograd/generated/VariableType_1.cpp:17114 [autograd kernel]
E       Tracer: registered at /pytorch/torch/csrc/autograd/generated/TraceType_1.cpp:16331 [kernel]
E       AutocastCPU: fallthrough registered at /pytorch/aten/src/ATen/autocast_mode.cpp:324 [backend fallback]
E       AutocastMTIA: fallthrough registered at /pytorch/aten/src/ATen/autocast_mode.cpp:468 [backend fallback]
E       AutocastMAIA: fallthrough registered at /pytorch/aten/src/ATen/autocast_mode.cpp:506 [backend fallback]
E       AutocastXPU: fallthrough registered at /pytorch/aten/src/ATen/autocast_mode.cpp:544 [backend fallback]
E       AutocastMPS: fallthrough registered at /pytorch/aten/src/ATen/autocast_mode.cpp:209 [backend fallback]
E       AutocastCUDA: fallthrough registered at /pytorch/aten/src/ATen/autocast_mode.cpp:165 [backend fallback]
E       FuncTorchBatched: registered at /pytorch/aten/src/ATen/functorch/LegacyBatchingRegistrations.cpp:731 [backend fallback]
E       BatchedNestedTensor: registered at /pytorch/aten/src/ATen/functorch/LegacyBatchingRegistrations.cpp:758 [backend fallback]
E       FuncTorchVmapMode: fallthrough registered at /pytorch/aten/src/ATen/functorch/VmapModeRegistrations.cpp:27 [backend fallback]
E       Batched: registered at /pytorch/aten/src/ATen/LegacyBatchingRegistrations.cpp:1075 [backend fallback]
E       VmapMode: fallthrough registered at /pytorch/aten/src/ATen/VmapModeRegistrations.cpp:33 [backend fallback]
E       FuncTorchGradWrapper: registered at /pytorch/aten/src/ATen/functorch/TensorWrapper.cpp:210 [backend fallback]
E       PythonTLSSnapshot: registered at /pytorch/aten/src/ATen/core/PythonFallbackKernel.cpp:202 [backend fallback]
E       FuncTorchDynamicLayerFrontMode: registered at /pytorch/aten/src/ATen/functorch/DynamicLayer.cpp:475 [backend fallback]
E       PreDispatch: registered at /pytorch/aten/src/ATen/core/PythonFallbackKernel.cpp:206 [backend fallback]
E       PythonDispatcher: registered at /pytorch/aten/src/ATen/core/PythonFallbackKernel.cpp:198 [backend fallback]

/root/miniconda/envs/python310_torch29_cuda/lib/python3.10/site-packages/torch/_ops.py:1255: NotImplementedError
_ test_conv_depthwise2d[False-dtype1-dilation0-padding0-stride0-shape_input0-shape_weight0-kernel0] _

shape_input = (32, 4, 8, 8), shape_weight = (32, 1, 2, 2), kernel = (2, 2)
stride = [1, 1], padding = [0, 0], dilation = [1, 1], dtype = torch.float16
bias = False

    @pytest.mark.conv_depthwise2d
    @pytest.mark.parametrize("shape_input, shape_weight, kernel", SHAPE_DEPTHWISE)
    @pytest.mark.parametrize("stride", [[1, 1], [2, 2]])
    @pytest.mark.parametrize("padding", [[0, 0], [1, 1]])
    @pytest.mark.parametrize("dilation", [[1, 1]])
    @pytest.mark.parametrize("dtype", [torch.float32, torch.float16])
    @pytest.mark.parametrize("bias", [True, False])
    def test_conv_depthwise2d(
        shape_input, shape_weight, kernel, stride, padding, dilation, dtype, bias
    ):
        inp = torch.randn(shape_input, dtype=dtype, device=flag_gems.device)
        ref_inp = utils.to_reference(inp, False)
        torch.backends.cudnn.allow_tf32 = False
        weight = torch.randn(shape_weight, dtype=dtype, device=flag_gems.device)
        ref_weight = utils.to_reference(weight, False)
    
        if bias:
            bias_tensor = torch.randn(shape_weight[0], dtype=dtype, device=flag_gems.device)
            ref_bias = utils.to_reference(bias_tensor, False)
        else:
            bias_tensor = None
            ref_bias = None
    
>       ref_out = torch.ops.aten._conv_depthwise2d(
            ref_inp,
            ref_weight,
            kernel,
            ref_bias,
            stride,
            padding,
            dilation,
        )

test_conv_depthwise2d.py:61: 
_ _ _ _ _ _ _ _ _ _ _ _ _ _ _ _ _ _ _ _ _ _ _ _ _ _ _ _ _ _ _ _ _ _ _ _ _ _ _ _ 

self = <OpOverloadPacket(op='aten._conv_depthwise2d')>
args = (tensor([[[[-1.5845e-01, -2.2278e-02,  1.6687e-01,  ..., -1.2422e+00,
           -8.3691e-01,  4.1016e-01],
          ...7, -0.6465],
          [ 1.0625,  0.4993]]]], device='cuda:0', dtype=torch.float16), (2, 2), None, [1, 1], [0, 0], ...)
kwargs = {}

    def __call__(self, /, *args: _P.args, **kwargs: _P.kwargs) -> _T:
        # overloading __call__ to ensure torch.ops.foo.bar()
        # is still callable from JIT
        # We save the function ptr as the `op` attribute on
        # OpOverloadPacket to access it here.
    
        # Directly calling OverloadPacket goes into C++, which will check
        # the schema and cause an error for torchbind op when inputs consist of FakeScriptObject so we
        # intercept it here and call TorchBindOpverload instead.
        if self._has_torchbind_op_overload and _must_dispatch_in_python(args, kwargs):
            return _call_overload_packet_from_python(self, *args, **kwargs)
>       return self._op(*args, **kwargs)
E       NotImplementedError: Could not run 'aten::_conv_depthwise2d' with arguments from the 'CPU' backend. This could be because the operator doesn't exist for this backend, or was omitted during the selective/custom build process (if using custom build). If you are a Facebook employee using PyTorch on mobile, please visit https://fburl.com/ptmfixes for possible resolutions. 'aten::_conv_depthwise2d' is only available for these backends: [CUDA, XLA, XPU, Meta, BackendSelect, Python, FuncTorchDynamicLayerBackMode, Functionalize, Named, Conjugate, Negative, ZeroTensor, ADInplaceOrView, AutogradOther, AutogradCPU, AutogradCUDA, AutogradHIP, AutogradXLA, AutogradMPS, AutogradIPU, AutogradXPU, AutogradHPU, AutogradVE, AutogradLazy, AutogradMTIA, AutogradMAIA, AutogradPrivateUse1, AutogradPrivateUse2, AutogradPrivateUse3, AutogradMeta, AutogradNestedTensor, Tracer, AutocastCPU, AutocastMTIA, AutocastMAIA, AutocastXPU, AutocastMPS, AutocastCUDA, FuncTorchBatched, BatchedNestedTensor, FuncTorchVmapMode, Batched, VmapMode, FuncTorchGradWrapper, PythonTLSSnapshot, FuncTorchDynamicLayerFrontMode, PreDispatch, PythonDispatcher].
E       
E       CUDA: registered at /home/agent/xpytorch/workspace/8ba19c15-fc11-4377-85f3-84daf8eaab09/XMLIR/python/torch_xmlir/csrc/lazy_tensor/ts_backend/ts_eager_fallback.cpp:375 [backend fallback]
E       XLA: registered at /home/agent/xpytorch/workspace/8ba19c15-fc11-4377-85f3-84daf8eaab09/XMLIR/python/torch_xmlir/csrc/lazy_tensor/ts_backend/ts_eager_fallback.cpp:364 [backend fallback]
E       XPU: registered at /home/agent/xpytorch/workspace/8ba19c15-fc11-4377-85f3-84daf8eaab09/XMLIR/python/torch_xmlir/csrc/lazy_tensor/ts_backend/ts_eager_fallback.cpp:371 [backend fallback]
E       Meta: registered at /pytorch/aten/src/ATen/core/MetaFallbackKernel.cpp:23 [backend fallback]
E       BackendSelect: fallthrough registered at /pytorch/aten/src/ATen/core/BackendSelectFallbackKernel.cpp:3 [backend fallback]
E       Python: registered at /pytorch/aten/src/ATen/core/PythonFallbackKernel.cpp:194 [backend fallback]
E       FuncTorchDynamicLayerBackMode: registered at /pytorch/aten/src/ATen/functorch/DynamicLayer.cpp:479 [backend fallback]
E       Functionalize: registered at /pytorch/aten/src/ATen/FunctionalizeFallbackKernel.cpp:387 [backend fallback]
E       Named: registered at /pytorch/aten/src/ATen/core/NamedRegistrations.cpp:7 [backend fallback]
E       Conjugate: registered at /pytorch/aten/src/ATen/ConjugateFallback.cpp:17 [backend fallback]
E       Negative: registered at /pytorch/aten/src/ATen/native/NegateFallback.cpp:18 [backend fallback]
E       ZeroTensor: registered at /pytorch/aten/src/ATen/ZeroTensorFallback.cpp:115 [backend fallback]
E       ADInplaceOrView: fallthrough registered at /pytorch/aten/src/ATen/core/VariableFallbackKernel.cpp:104 [backend fallback]
E       AutogradOther: registered at /pytorch/torch/csrc/autograd/generated/VariableType_1.cpp:17114 [autograd kernel]
E       AutogradCPU: registered at /pytorch/torch/csrc/autograd/generated/VariableType_1.cpp:17114 [autograd kernel]
E       AutogradCUDA: registered at /pytorch/torch/csrc/autograd/generated/VariableType_1.cpp:17114 [autograd kernel]
E       AutogradHIP: registered at /pytorch/torch/csrc/autograd/generated/VariableType_1.cpp:17114 [autograd kernel]
E       AutogradXLA: registered at /pytorch/torch/csrc/autograd/generated/VariableType_1.cpp:17114 [autograd kernel]
E       AutogradMPS: registered at /pytorch/torch/csrc/autograd/generated/VariableType_1.cpp:17114 [autograd kernel]
E       AutogradIPU: registered at /pytorch/torch/csrc/autograd/generated/VariableType_1.cpp:17114 [autograd kernel]
E       AutogradXPU: registered at /pytorch/torch/csrc/autograd/generated/VariableType_1.cpp:17114 [autograd kernel]
E       AutogradHPU: registered at /pytorch/torch/csrc/autograd/generated/VariableType_1.cpp:17114 [autograd kernel]
E       AutogradVE: registered at /pytorch/torch/csrc/autograd/generated/VariableType_1.cpp:17114 [autograd kernel]
E       AutogradLazy: registered at /pytorch/torch/csrc/autograd/generated/VariableType_1.cpp:17114 [autograd kernel]
E       AutogradMTIA: registered at /pytorch/torch/csrc/autograd/generated/VariableType_1.cpp:17114 [autograd kernel]
E       AutogradMAIA: registered at /pytorch/torch/csrc/autograd/generated/VariableType_1.cpp:17114 [autograd kernel]
E       AutogradPrivateUse1: registered at /pytorch/torch/csrc/autograd/generated/VariableType_1.cpp:17114 [autograd kernel]
E       AutogradPrivateUse2: registered at /pytorch/torch/csrc/autograd/generated/VariableType_1.cpp:17114 [autograd kernel]
E       AutogradPrivateUse3: registered at /pytorch/torch/csrc/autograd/generated/VariableType_1.cpp:17114 [autograd kernel]
E       AutogradMeta: registered at /pytorch/torch/csrc/autograd/generated/VariableType_1.cpp:17114 [autograd kernel]
E       AutogradNestedTensor: registered at /pytorch/torch/csrc/autograd/generated/VariableType_1.cpp:17114 [autograd kernel]
E       Tracer: registered at /pytorch/torch/csrc/autograd/generated/TraceType_1.cpp:16331 [kernel]
E       AutocastCPU: fallthrough registered at /pytorch/aten/src/ATen/autocast_mode.cpp:324 [backend fallback]
E       AutocastMTIA: fallthrough registered at /pytorch/aten/src/ATen/autocast_mode.cpp:468 [backend fallback]
E       AutocastMAIA: fallthrough registered at /pytorch/aten/src/ATen/autocast_mode.cpp:506 [backend fallback]
E       AutocastXPU: fallthrough registered at /pytorch/aten/src/ATen/autocast_mode.cpp:544 [backend fallback]
E       AutocastMPS: fallthrough registered at /pytorch/aten/src/ATen/autocast_mode.cpp:209 [backend fallback]
E       AutocastCUDA: fallthrough registered at /pytorch/aten/src/ATen/autocast_mode.cpp:165 [backend fallback]
E       FuncTorchBatched: registered at /pytorch/aten/src/ATen/functorch/LegacyBatchingRegistrations.cpp:731 [backend fallback]
E       BatchedNestedTensor: registered at /pytorch/aten/src/ATen/functorch/LegacyBatchingRegistrations.cpp:758 [backend fallback]
E       FuncTorchVmapMode: fallthrough registered at /pytorch/aten/src/ATen/functorch/VmapModeRegistrations.cpp:27 [backend fallback]
E       Batched: registered at /pytorch/aten/src/ATen/LegacyBatchingRegistrations.cpp:1075 [backend fallback]
E       VmapMode: fallthrough registered at /pytorch/aten/src/ATen/VmapModeRegistrations.cpp:33 [backend fallback]
E       FuncTorchGradWrapper: registered at /pytorch/aten/src/ATen/functorch/TensorWrapper.cpp:210 [backend fallback]
E       PythonTLSSnapshot: registered at /pytorch/aten/src/ATen/core/PythonFallbackKernel.cpp:202 [backend fallback]
E       FuncTorchDynamicLayerFrontMode: registered at /pytorch/aten/src/ATen/functorch/DynamicLayer.cpp:475 [backend fallback]
E       PreDispatch: registered at /pytorch/aten/src/ATen/core/PythonFallbackKernel.cpp:206 [backend fallback]
E       PythonDispatcher: registered at /pytorch/aten/src/ATen/core/PythonFallbackKernel.cpp:198 [backend fallback]

/root/miniconda/envs/python310_torch29_cuda/lib/python3.10/site-packages/torch/_ops.py:1255: NotImplementedError
_ test_conv_depthwise2d[False-dtype1-dilation0-padding0-stride0-shape_input1-shape_weight1-kernel1] _

shape_input = (18, 16, 4, 4), shape_weight = (16, 1, 2, 2), kernel = (2, 2)
stride = [1, 1], padding = [0, 0], dilation = [1, 1], dtype = torch.float16
bias = False

    @pytest.mark.conv_depthwise2d
    @pytest.mark.parametrize("shape_input, shape_weight, kernel", SHAPE_DEPTHWISE)
    @pytest.mark.parametrize("stride", [[1, 1], [2, 2]])
    @pytest.mark.parametrize("padding", [[0, 0], [1, 1]])
    @pytest.mark.parametrize("dilation", [[1, 1]])
    @pytest.mark.parametrize("dtype", [torch.float32, torch.float16])
    @pytest.mark.parametrize("bias", [True, False])
    def test_conv_depthwise2d(
        shape_input, shape_weight, kernel, stride, padding, dilation, dtype, bias
    ):
        inp = torch.randn(shape_input, dtype=dtype, device=flag_gems.device)
        ref_inp = utils.to_reference(inp, False)
        torch.backends.cudnn.allow_tf32 = False
        weight = torch.randn(shape_weight, dtype=dtype, device=flag_gems.device)
        ref_weight = utils.to_reference(weight, False)
    
        if bias:
            bias_tensor = torch.randn(shape_weight[0], dtype=dtype, device=flag_gems.device)
            ref_bias = utils.to_reference(bias_tensor, False)
        else:
            bias_tensor = None
            ref_bias = None
    
>       ref_out = torch.ops.aten._conv_depthwise2d(
            ref_inp,
            ref_weight,
            kernel,
            ref_bias,
            stride,
            padding,
            dilation,
        )

test_conv_depthwise2d.py:61: 
_ _ _ _ _ _ _ _ _ _ _ _ _ _ _ _ _ _ _ _ _ _ _ _ _ _ _ _ _ _ _ _ _ _ _ _ _ _ _ _ 

self = <OpOverloadPacket(op='aten._conv_depthwise2d')>
args = (tensor([[[[ 6.5918e-01,  1.2188e+00,  7.3779e-01,  2.8491e-01],
          [-1.4639e+00, -1.2734e+00,  2.8442e-01, -2....6,  0.0792],
          [ 0.0056, -0.5444]]]], device='cuda:0', dtype=torch.float16), (2, 2), None, [1, 1], [0, 0], ...)
kwargs = {}

    def __call__(self, /, *args: _P.args, **kwargs: _P.kwargs) -> _T:
        # overloading __call__ to ensure torch.ops.foo.bar()
        # is still callable from JIT
        # We save the function ptr as the `op` attribute on
        # OpOverloadPacket to access it here.
    
        # Directly calling OverloadPacket goes into C++, which will check
        # the schema and cause an error for torchbind op when inputs consist of FakeScriptObject so we
        # intercept it here and call TorchBindOpverload instead.
        if self._has_torchbind_op_overload and _must_dispatch_in_python(args, kwargs):
            return _call_overload_packet_from_python(self, *args, **kwargs)
>       return self._op(*args, **kwargs)
E       NotImplementedError: Could not run 'aten::_conv_depthwise2d' with arguments from the 'CPU' backend. This could be because the operator doesn't exist for this backend, or was omitted during the selective/custom build process (if using custom build). If you are a Facebook employee using PyTorch on mobile, please visit https://fburl.com/ptmfixes for possible resolutions. 'aten::_conv_depthwise2d' is only available for these backends: [CUDA, XLA, XPU, Meta, BackendSelect, Python, FuncTorchDynamicLayerBackMode, Functionalize, Named, Conjugate, Negative, ZeroTensor, ADInplaceOrView, AutogradOther, AutogradCPU, AutogradCUDA, AutogradHIP, AutogradXLA, AutogradMPS, AutogradIPU, AutogradXPU, AutogradHPU, AutogradVE, AutogradLazy, AutogradMTIA, AutogradMAIA, AutogradPrivateUse1, AutogradPrivateUse2, AutogradPrivateUse3, AutogradMeta, AutogradNestedTensor, Tracer, AutocastCPU, AutocastMTIA, AutocastMAIA, AutocastXPU, AutocastMPS, AutocastCUDA, FuncTorchBatched, BatchedNestedTensor, FuncTorchVmapMode, Batched, VmapMode, FuncTorchGradWrapper, PythonTLSSnapshot, FuncTorchDynamicLayerFrontMode, PreDispatch, PythonDispatcher].
E       
E       CUDA: registered at /home/agent/xpytorch/workspace/8ba19c15-fc11-4377-85f3-84daf8eaab09/XMLIR/python/torch_xmlir/csrc/lazy_tensor/ts_backend/ts_eager_fallback.cpp:375 [backend fallback]
E       XLA: registered at /home/agent/xpytorch/workspace/8ba19c15-fc11-4377-85f3-84daf8eaab09/XMLIR/python/torch_xmlir/csrc/lazy_tensor/ts_backend/ts_eager_fallback.cpp:364 [backend fallback]
E       XPU: registered at /home/agent/xpytorch/workspace/8ba19c15-fc11-4377-85f3-84daf8eaab09/XMLIR/python/torch_xmlir/csrc/lazy_tensor/ts_backend/ts_eager_fallback.cpp:371 [backend fallback]
E       Meta: registered at /pytorch/aten/src/ATen/core/MetaFallbackKernel.cpp:23 [backend fallback]
E       BackendSelect: fallthrough registered at /pytorch/aten/src/ATen/core/BackendSelectFallbackKernel.cpp:3 [backend fallback]
E       Python: registered at /pytorch/aten/src/ATen/core/PythonFallbackKernel.cpp:194 [backend fallback]
E       FuncTorchDynamicLayerBackMode: registered at /pytorch/aten/src/ATen/functorch/DynamicLayer.cpp:479 [backend fallback]
E       Functionalize: registered at /pytorch/aten/src/ATen/FunctionalizeFallbackKernel.cpp:387 [backend fallback]
E       Named: registered at /pytorch/aten/src/ATen/core/NamedRegistrations.cpp:7 [backend fallback]
E       Conjugate: registered at /pytorch/aten/src/ATen/ConjugateFallback.cpp:17 [backend fallback]
E       Negative: registered at /pytorch/aten/src/ATen/native/NegateFallback.cpp:18 [backend fallback]
E       ZeroTensor: registered at /pytorch/aten/src/ATen/ZeroTensorFallback.cpp:115 [backend fallback]
E       ADInplaceOrView: fallthrough registered at /pytorch/aten/src/ATen/core/VariableFallbackKernel.cpp:104 [backend fallback]
E       AutogradOther: registered at /pytorch/torch/csrc/autograd/generated/VariableType_1.cpp:17114 [autograd kernel]
E       AutogradCPU: registered at /pytorch/torch/csrc/autograd/generated/VariableType_1.cpp:17114 [autograd kernel]
E       AutogradCUDA: registered at /pytorch/torch/csrc/autograd/generated/VariableType_1.cpp:17114 [autograd kernel]
E       AutogradHIP: registered at /pytorch/torch/csrc/autograd/generated/VariableType_1.cpp:17114 [autograd kernel]
E       AutogradXLA: registered at /pytorch/torch/csrc/autograd/generated/VariableType_1.cpp:17114 [autograd kernel]
E       AutogradMPS: registered at /pytorch/torch/csrc/autograd/generated/VariableType_1.cpp:17114 [autograd kernel]
E       AutogradIPU: registered at /pytorch/torch/csrc/autograd/generated/VariableType_1.cpp:17114 [autograd kernel]
E       AutogradXPU: registered at /pytorch/torch/csrc/autograd/generated/VariableType_1.cpp:17114 [autograd kernel]
E       AutogradHPU: registered at /pytorch/torch/csrc/autograd/generated/VariableType_1.cpp:17114 [autograd kernel]
E       AutogradVE: registered at /pytorch/torch/csrc/autograd/generated/VariableType_1.cpp:17114 [autograd kernel]
E       AutogradLazy: registered at /pytorch/torch/csrc/autograd/generated/VariableType_1.cpp:17114 [autograd kernel]
E       AutogradMTIA: registered at /pytorch/torch/csrc/autograd/generated/VariableType_1.cpp:17114 [autograd kernel]
E       AutogradMAIA: registered at /pytorch/torch/csrc/autograd/generated/VariableType_1.cpp:17114 [autograd kernel]
E       AutogradPrivateUse1: registered at /pytorch/torch/csrc/autograd/generated/VariableType_1.cpp:17114 [autograd kernel]
E       AutogradPrivateUse2: registered at /pytorch/torch/csrc/autograd/generated/VariableType_1.cpp:17114 [autograd kernel]
E       AutogradPrivateUse3: registered at /pytorch/torch/csrc/autograd/generated/VariableType_1.cpp:17114 [autograd kernel]
E       AutogradMeta: registered at /pytorch/torch/csrc/autograd/generated/VariableType_1.cpp:17114 [autograd kernel]
E       AutogradNestedTensor: registered at /pytorch/torch/csrc/autograd/generated/VariableType_1.cpp:17114 [autograd kernel]
E       Tracer: registered at /pytorch/torch/csrc/autograd/generated/TraceType_1.cpp:16331 [kernel]
E       AutocastCPU: fallthrough registered at /pytorch/aten/src/ATen/autocast_mode.cpp:324 [backend fallback]
E       AutocastMTIA: fallthrough registered at /pytorch/aten/src/ATen/autocast_mode.cpp:468 [backend fallback]
E       AutocastMAIA: fallthrough registered at /pytorch/aten/src/ATen/autocast_mode.cpp:506 [backend fallback]
E       AutocastXPU: fallthrough registered at /pytorch/aten/src/ATen/autocast_mode.cpp:544 [backend fallback]
E       AutocastMPS: fallthrough registered at /pytorch/aten/src/ATen/autocast_mode.cpp:209 [backend fallback]
E       AutocastCUDA: fallthrough registered at /pytorch/aten/src/ATen/autocast_mode.cpp:165 [backend fallback]
E       FuncTorchBatched: registered at /pytorch/aten/src/ATen/functorch/LegacyBatchingRegistrations.cpp:731 [backend fallback]
E       BatchedNestedTensor: registered at /pytorch/aten/src/ATen/functorch/LegacyBatchingRegistrations.cpp:758 [backend fallback]
E       FuncTorchVmapMode: fallthrough registered at /pytorch/aten/src/ATen/functorch/VmapModeRegistrations.cpp:27 [backend fallback]
E       Batched: registered at /pytorch/aten/src/ATen/LegacyBatchingRegistrations.cpp:1075 [backend fallback]
E       VmapMode: fallthrough registered at /pytorch/aten/src/ATen/VmapModeRegistrations.cpp:33 [backend fallback]
E       FuncTorchGradWrapper: registered at /pytorch/aten/src/ATen/functorch/TensorWrapper.cpp:210 [backend fallback]
E       PythonTLSSnapshot: registered at /pytorch/aten/src/ATen/core/PythonFallbackKernel.cpp:202 [backend fallback]
E       FuncTorchDynamicLayerFrontMode: registered at /pytorch/aten/src/ATen/functorch/DynamicLayer.cpp:475 [backend fallback]
E       PreDispatch: registered at /pytorch/aten/src/ATen/core/PythonFallbackKernel.cpp:206 [backend fallback]
E       PythonDispatcher: registered at /pytorch/aten/src/ATen/core/PythonFallbackKernel.cpp:198 [backend fallback]

/root/miniconda/envs/python310_torch29_cuda/lib/python3.10/site-packages/torch/_ops.py:1255: NotImplementedError
_ test_conv_depthwise2d[False-dtype1-dilation0-padding0-stride1-shape_input0-shape_weight0-kernel0] _

shape_input = (32, 4, 8, 8), shape_weight = (32, 1, 2, 2), kernel = (2, 2)
stride = [2, 2], padding = [0, 0], dilation = [1, 1], dtype = torch.float16
bias = False

    @pytest.mark.conv_depthwise2d
    @pytest.mark.parametrize("shape_input, shape_weight, kernel", SHAPE_DEPTHWISE)
    @pytest.mark.parametrize("stride", [[1, 1], [2, 2]])
    @pytest.mark.parametrize("padding", [[0, 0], [1, 1]])
    @pytest.mark.parametrize("dilation", [[1, 1]])
    @pytest.mark.parametrize("dtype", [torch.float32, torch.float16])
    @pytest.mark.parametrize("bias", [True, False])
    def test_conv_depthwise2d(
        shape_input, shape_weight, kernel, stride, padding, dilation, dtype, bias
    ):
        inp = torch.randn(shape_input, dtype=dtype, device=flag_gems.device)
        ref_inp = utils.to_reference(inp, False)
        torch.backends.cudnn.allow_tf32 = False
        weight = torch.randn(shape_weight, dtype=dtype, device=flag_gems.device)
        ref_weight = utils.to_reference(weight, False)
    
        if bias:
            bias_tensor = torch.randn(shape_weight[0], dtype=dtype, device=flag_gems.device)
            ref_bias = utils.to_reference(bias_tensor, False)
        else:
            bias_tensor = None
            ref_bias = None
    
>       ref_out = torch.ops.aten._conv_depthwise2d(
            ref_inp,
            ref_weight,
            kernel,
            ref_bias,
            stride,
            padding,
            dilation,
        )

test_conv_depthwise2d.py:61: 
_ _ _ _ _ _ _ _ _ _ _ _ _ _ _ _ _ _ _ _ _ _ _ _ _ _ _ _ _ _ _ _ _ _ _ _ _ _ _ _ 

self = <OpOverloadPacket(op='aten._conv_depthwise2d')>
args = (tensor([[[[ 1.4414e+00, -1.5957e+00, -4.5654e-02,  ..., -5.6543e-01,
            2.3499e-01, -1.1699e+00],
          ...7, -1.5459],
          [-1.6631,  1.5684]]]], device='cuda:0', dtype=torch.float16), (2, 2), None, [2, 2], [0, 0], ...)
kwargs = {}

    def __call__(self, /, *args: _P.args, **kwargs: _P.kwargs) -> _T:
        # overloading __call__ to ensure torch.ops.foo.bar()
        # is still callable from JIT
        # We save the function ptr as the `op` attribute on
        # OpOverloadPacket to access it here.
    
        # Directly calling OverloadPacket goes into C++, which will check
        # the schema and cause an error for torchbind op when inputs consist of FakeScriptObject so we
        # intercept it here and call TorchBindOpverload instead.
        if self._has_torchbind_op_overload and _must_dispatch_in_python(args, kwargs):
            return _call_overload_packet_from_python(self, *args, **kwargs)
>       return self._op(*args, **kwargs)
E       NotImplementedError: Could not run 'aten::_conv_depthwise2d' with arguments from the 'CPU' backend. This could be because the operator doesn't exist for this backend, or was omitted during the selective/custom build process (if using custom build). If you are a Facebook employee using PyTorch on mobile, please visit https://fburl.com/ptmfixes for possible resolutions. 'aten::_conv_depthwise2d' is only available for these backends: [CUDA, XLA, XPU, Meta, BackendSelect, Python, FuncTorchDynamicLayerBackMode, Functionalize, Named, Conjugate, Negative, ZeroTensor, ADInplaceOrView, AutogradOther, AutogradCPU, AutogradCUDA, AutogradHIP, AutogradXLA, AutogradMPS, AutogradIPU, AutogradXPU, AutogradHPU, AutogradVE, AutogradLazy, AutogradMTIA, AutogradMAIA, AutogradPrivateUse1, AutogradPrivateUse2, AutogradPrivateUse3, AutogradMeta, AutogradNestedTensor, Tracer, AutocastCPU, AutocastMTIA, AutocastMAIA, AutocastXPU, AutocastMPS, AutocastCUDA, FuncTorchBatched, BatchedNestedTensor, FuncTorchVmapMode, Batched, VmapMode, FuncTorchGradWrapper, PythonTLSSnapshot, FuncTorchDynamicLayerFrontMode, PreDispatch, PythonDispatcher].
E       
E       CUDA: registered at /home/agent/xpytorch/workspace/8ba19c15-fc11-4377-85f3-84daf8eaab09/XMLIR/python/torch_xmlir/csrc/lazy_tensor/ts_backend/ts_eager_fallback.cpp:375 [backend fallback]
E       XLA: registered at /home/agent/xpytorch/workspace/8ba19c15-fc11-4377-85f3-84daf8eaab09/XMLIR/python/torch_xmlir/csrc/lazy_tensor/ts_backend/ts_eager_fallback.cpp:364 [backend fallback]
E       XPU: registered at /home/agent/xpytorch/workspace/8ba19c15-fc11-4377-85f3-84daf8eaab09/XMLIR/python/torch_xmlir/csrc/lazy_tensor/ts_backend/ts_eager_fallback.cpp:371 [backend fallback]
E       Meta: registered at /pytorch/aten/src/ATen/core/MetaFallbackKernel.cpp:23 [backend fallback]
E       BackendSelect: fallthrough registered at /pytorch/aten/src/ATen/core/BackendSelectFallbackKernel.cpp:3 [backend fallback]
E       Python: registered at /pytorch/aten/src/ATen/core/PythonFallbackKernel.cpp:194 [backend fallback]
E       FuncTorchDynamicLayerBackMode: registered at /pytorch/aten/src/ATen/functorch/DynamicLayer.cpp:479 [backend fallback]
E       Functionalize: registered at /pytorch/aten/src/ATen/FunctionalizeFallbackKernel.cpp:387 [backend fallback]
E       Named: registered at /pytorch/aten/src/ATen/core/NamedRegistrations.cpp:7 [backend fallback]
E       Conjugate: registered at /pytorch/aten/src/ATen/ConjugateFallback.cpp:17 [backend fallback]
E       Negative: registered at /pytorch/aten/src/ATen/native/NegateFallback.cpp:18 [backend fallback]
E       ZeroTensor: registered at /pytorch/aten/src/ATen/ZeroTensorFallback.cpp:115 [backend fallback]
E       ADInplaceOrView: fallthrough registered at /pytorch/aten/src/ATen/core/VariableFallbackKernel.cpp:104 [backend fallback]
E       AutogradOther: registered at /pytorch/torch/csrc/autograd/generated/VariableType_1.cpp:17114 [autograd kernel]
E       AutogradCPU: registered at /pytorch/torch/csrc/autograd/generated/VariableType_1.cpp:17114 [autograd kernel]
E       AutogradCUDA: registered at /pytorch/torch/csrc/autograd/generated/VariableType_1.cpp:17114 [autograd kernel]
E       AutogradHIP: registered at /pytorch/torch/csrc/autograd/generated/VariableType_1.cpp:17114 [autograd kernel]
E       AutogradXLA: registered at /pytorch/torch/csrc/autograd/generated/VariableType_1.cpp:17114 [autograd kernel]
E       AutogradMPS: registered at /pytorch/torch/csrc/autograd/generated/VariableType_1.cpp:17114 [autograd kernel]
E       AutogradIPU: registered at /pytorch/torch/csrc/autograd/generated/VariableType_1.cpp:17114 [autograd kernel]
E       AutogradXPU: registered at /pytorch/torch/csrc/autograd/generated/VariableType_1.cpp:17114 [autograd kernel]
E       AutogradHPU: registered at /pytorch/torch/csrc/autograd/generated/VariableType_1.cpp:17114 [autograd kernel]
E       AutogradVE: registered at /pytorch/torch/csrc/autograd/generated/VariableType_1.cpp:17114 [autograd kernel]
E       AutogradLazy: registered at /pytorch/torch/csrc/autograd/generated/VariableType_1.cpp:17114 [autograd kernel]
E       AutogradMTIA: registered at /pytorch/torch/csrc/autograd/generated/VariableType_1.cpp:17114 [autograd kernel]
E       AutogradMAIA: registered at /pytorch/torch/csrc/autograd/generated/VariableType_1.cpp:17114 [autograd kernel]
E       AutogradPrivateUse1: registered at /pytorch/torch/csrc/autograd/generated/VariableType_1.cpp:17114 [autograd kernel]
E       AutogradPrivateUse2: registered at /pytorch/torch/csrc/autograd/generated/VariableType_1.cpp:17114 [autograd kernel]
E       AutogradPrivateUse3: registered at /pytorch/torch/csrc/autograd/generated/VariableType_1.cpp:17114 [autograd kernel]
E       AutogradMeta: registered at /pytorch/torch/csrc/autograd/generated/VariableType_1.cpp:17114 [autograd kernel]
E       AutogradNestedTensor: registered at /pytorch/torch/csrc/autograd/generated/VariableType_1.cpp:17114 [autograd kernel]
E       Tracer: registered at /pytorch/torch/csrc/autograd/generated/TraceType_1.cpp:16331 [kernel]
E       AutocastCPU: fallthrough registered at /pytorch/aten/src/ATen/autocast_mode.cpp:324 [backend fallback]
E       AutocastMTIA: fallthrough registered at /pytorch/aten/src/ATen/autocast_mode.cpp:468 [backend fallback]
E       AutocastMAIA: fallthrough registered at /pytorch/aten/src/ATen/autocast_mode.cpp:506 [backend fallback]
E       AutocastXPU: fallthrough registered at /pytorch/aten/src/ATen/autocast_mode.cpp:544 [backend fallback]
E       AutocastMPS: fallthrough registered at /pytorch/aten/src/ATen/autocast_mode.cpp:209 [backend fallback]
E       AutocastCUDA: fallthrough registered at /pytorch/aten/src/ATen/autocast_mode.cpp:165 [backend fallback]
E       FuncTorchBatched: registered at /pytorch/aten/src/ATen/functorch/LegacyBatchingRegistrations.cpp:731 [backend fallback]
E       BatchedNestedTensor: registered at /pytorch/aten/src/ATen/functorch/LegacyBatchingRegistrations.cpp:758 [backend fallback]
E       FuncTorchVmapMode: fallthrough registered at /pytorch/aten/src/ATen/functorch/VmapModeRegistrations.cpp:27 [backend fallback]
E       Batched: registered at /pytorch/aten/src/ATen/LegacyBatchingRegistrations.cpp:1075 [backend fallback]
E       VmapMode: fallthrough registered at /pytorch/aten/src/ATen/VmapModeRegistrations.cpp:33 [backend fallback]
E       FuncTorchGradWrapper: registered at /pytorch/aten/src/ATen/functorch/TensorWrapper.cpp:210 [backend fallback]
E       PythonTLSSnapshot: registered at /pytorch/aten/src/ATen/core/PythonFallbackKernel.cpp:202 [backend fallback]
E       FuncTorchDynamicLayerFrontMode: registered at /pytorch/aten/src/ATen/functorch/DynamicLayer.cpp:475 [backend fallback]
E       PreDispatch: registered at /pytorch/aten/src/ATen/core/PythonFallbackKernel.cpp:206 [backend fallback]
E       PythonDispatcher: registered at /pytorch/aten/src/ATen/core/PythonFallbackKernel.cpp:198 [backend fallback]

/root/miniconda/envs/python310_torch29_cuda/lib/python3.10/site-packages/torch/_ops.py:1255: NotImplementedError
_ test_conv_depthwise2d[False-dtype1-dilation0-padding0-stride1-shape_input1-shape_weight1-kernel1] _

shape_input = (18, 16, 4, 4), shape_weight = (16, 1, 2, 2), kernel = (2, 2)
stride = [2, 2], padding = [0, 0], dilation = [1, 1], dtype = torch.float16
bias = False

    @pytest.mark.conv_depthwise2d
    @pytest.mark.parametrize("shape_input, shape_weight, kernel", SHAPE_DEPTHWISE)
    @pytest.mark.parametrize("stride", [[1, 1], [2, 2]])
    @pytest.mark.parametrize("padding", [[0, 0], [1, 1]])
    @pytest.mark.parametrize("dilation", [[1, 1]])
    @pytest.mark.parametrize("dtype", [torch.float32, torch.float16])
    @pytest.mark.parametrize("bias", [True, False])
    def test_conv_depthwise2d(
        shape_input, shape_weight, kernel, stride, padding, dilation, dtype, bias
    ):
        inp = torch.randn(shape_input, dtype=dtype, device=flag_gems.device)
        ref_inp = utils.to_reference(inp, False)
        torch.backends.cudnn.allow_tf32 = False
        weight = torch.randn(shape_weight, dtype=dtype, device=flag_gems.device)
        ref_weight = utils.to_reference(weight, False)
    
        if bias:
            bias_tensor = torch.randn(shape_weight[0], dtype=dtype, device=flag_gems.device)
            ref_bias = utils.to_reference(bias_tensor, False)
        else:
            bias_tensor = None
            ref_bias = None
    
>       ref_out = torch.ops.aten._conv_depthwise2d(
            ref_inp,
            ref_weight,
            kernel,
            ref_bias,
            stride,
            padding,
            dilation,
        )

test_conv_depthwise2d.py:61: 
_ _ _ _ _ _ _ _ _ _ _ _ _ _ _ _ _ _ _ _ _ _ _ _ _ _ _ _ _ _ _ _ _ _ _ _ _ _ _ _ 

self = <OpOverloadPacket(op='aten._conv_depthwise2d')>
args = (tensor([[[[-6.2451e-01, -6.3135e-01, -4.1699e-01, -6.7334e-01],
          [ 7.0361e-01,  1.1221e+00, -1.1211e+00,  9....3,  0.0591],
          [-3.2383,  0.0624]]]], device='cuda:0', dtype=torch.float16), (2, 2), None, [2, 2], [0, 0], ...)
kwargs = {}

    def __call__(self, /, *args: _P.args, **kwargs: _P.kwargs) -> _T:
        # overloading __call__ to ensure torch.ops.foo.bar()
        # is still callable from JIT
        # We save the function ptr as the `op` attribute on
        # OpOverloadPacket to access it here.
    
        # Directly calling OverloadPacket goes into C++, which will check
        # the schema and cause an error for torchbind op when inputs consist of FakeScriptObject so we
        # intercept it here and call TorchBindOpverload instead.
        if self._has_torchbind_op_overload and _must_dispatch_in_python(args, kwargs):
            return _call_overload_packet_from_python(self, *args, **kwargs)
>       return self._op(*args, **kwargs)
E       NotImplementedError: Could not run 'aten::_conv_depthwise2d' with arguments from the 'CPU' backend. This could be because the operator doesn't exist for this backend, or was omitted during the selective/custom build process (if using custom build). If you are a Facebook employee using PyTorch on mobile, please visit https://fburl.com/ptmfixes for possible resolutions. 'aten::_conv_depthwise2d' is only available for these backends: [CUDA, XLA, XPU, Meta, BackendSelect, Python, FuncTorchDynamicLayerBackMode, Functionalize, Named, Conjugate, Negative, ZeroTensor, ADInplaceOrView, AutogradOther, AutogradCPU, AutogradCUDA, AutogradHIP, AutogradXLA, AutogradMPS, AutogradIPU, AutogradXPU, AutogradHPU, AutogradVE, AutogradLazy, AutogradMTIA, AutogradMAIA, AutogradPrivateUse1, AutogradPrivateUse2, AutogradPrivateUse3, AutogradMeta, AutogradNestedTensor, Tracer, AutocastCPU, AutocastMTIA, AutocastMAIA, AutocastXPU, AutocastMPS, AutocastCUDA, FuncTorchBatched, BatchedNestedTensor, FuncTorchVmapMode, Batched, VmapMode, FuncTorchGradWrapper, PythonTLSSnapshot, FuncTorchDynamicLayerFrontMode, PreDispatch, PythonDispatcher].
E       
E       CUDA: registered at /home/agent/xpytorch/workspace/8ba19c15-fc11-4377-85f3-84daf8eaab09/XMLIR/python/torch_xmlir/csrc/lazy_tensor/ts_backend/ts_eager_fallback.cpp:375 [backend fallback]
E       XLA: registered at /home/agent/xpytorch/workspace/8ba19c15-fc11-4377-85f3-84daf8eaab09/XMLIR/python/torch_xmlir/csrc/lazy_tensor/ts_backend/ts_eager_fallback.cpp:364 [backend fallback]
E       XPU: registered at /home/agent/xpytorch/workspace/8ba19c15-fc11-4377-85f3-84daf8eaab09/XMLIR/python/torch_xmlir/csrc/lazy_tensor/ts_backend/ts_eager_fallback.cpp:371 [backend fallback]
E       Meta: registered at /pytorch/aten/src/ATen/core/MetaFallbackKernel.cpp:23 [backend fallback]
E       BackendSelect: fallthrough registered at /pytorch/aten/src/ATen/core/BackendSelectFallbackKernel.cpp:3 [backend fallback]
E       Python: registered at /pytorch/aten/src/ATen/core/PythonFallbackKernel.cpp:194 [backend fallback]
E       FuncTorchDynamicLayerBackMode: registered at /pytorch/aten/src/ATen/functorch/DynamicLayer.cpp:479 [backend fallback]
E       Functionalize: registered at /pytorch/aten/src/ATen/FunctionalizeFallbackKernel.cpp:387 [backend fallback]
E       Named: registered at /pytorch/aten/src/ATen/core/NamedRegistrations.cpp:7 [backend fallback]
E       Conjugate: registered at /pytorch/aten/src/ATen/ConjugateFallback.cpp:17 [backend fallback]
E       Negative: registered at /pytorch/aten/src/ATen/native/NegateFallback.cpp:18 [backend fallback]
E       ZeroTensor: registered at /pytorch/aten/src/ATen/ZeroTensorFallback.cpp:115 [backend fallback]
E       ADInplaceOrView: fallthrough registered at /pytorch/aten/src/ATen/core/VariableFallbackKernel.cpp:104 [backend fallback]
E       AutogradOther: registered at /pytorch/torch/csrc/autograd/generated/VariableType_1.cpp:17114 [autograd kernel]
E       AutogradCPU: registered at /pytorch/torch/csrc/autograd/generated/VariableType_1.cpp:17114 [autograd kernel]
E       AutogradCUDA: registered at /pytorch/torch/csrc/autograd/generated/VariableType_1.cpp:17114 [autograd kernel]
E       AutogradHIP: registered at /pytorch/torch/csrc/autograd/generated/VariableType_1.cpp:17114 [autograd kernel]
E       AutogradXLA: registered at /pytorch/torch/csrc/autograd/generated/VariableType_1.cpp:17114 [autograd kernel]
E       AutogradMPS: registered at /pytorch/torch/csrc/autograd/generated/VariableType_1.cpp:17114 [autograd kernel]
E       AutogradIPU: registered at /pytorch/torch/csrc/autograd/generated/VariableType_1.cpp:17114 [autograd kernel]
E       AutogradXPU: registered at /pytorch/torch/csrc/autograd/generated/VariableType_1.cpp:17114 [autograd kernel]
E       AutogradHPU: registered at /pytorch/torch/csrc/autograd/generated/VariableType_1.cpp:17114 [autograd kernel]
E       AutogradVE: registered at /pytorch/torch/csrc/autograd/generated/VariableType_1.cpp:17114 [autograd kernel]
E       AutogradLazy: registered at /pytorch/torch/csrc/autograd/generated/VariableType_1.cpp:17114 [autograd kernel]
E       AutogradMTIA: registered at /pytorch/torch/csrc/autograd/generated/VariableType_1.cpp:17114 [autograd kernel]
E       AutogradMAIA: registered at /pytorch/torch/csrc/autograd/generated/VariableType_1.cpp:17114 [autograd kernel]
E       AutogradPrivateUse1: registered at /pytorch/torch/csrc/autograd/generated/VariableType_1.cpp:17114 [autograd kernel]
E       AutogradPrivateUse2: registered at /pytorch/torch/csrc/autograd/generated/VariableType_1.cpp:17114 [autograd kernel]
E       AutogradPrivateUse3: registered at /pytorch/torch/csrc/autograd/generated/VariableType_1.cpp:17114 [autograd kernel]
E       AutogradMeta: registered at /pytorch/torch/csrc/autograd/generated/VariableType_1.cpp:17114 [autograd kernel]
E       AutogradNestedTensor: registered at /pytorch/torch/csrc/autograd/generated/VariableType_1.cpp:17114 [autograd kernel]
E       Tracer: registered at /pytorch/torch/csrc/autograd/generated/TraceType_1.cpp:16331 [kernel]
E       AutocastCPU: fallthrough registered at /pytorch/aten/src/ATen/autocast_mode.cpp:324 [backend fallback]
E       AutocastMTIA: fallthrough registered at /pytorch/aten/src/ATen/autocast_mode.cpp:468 [backend fallback]
E       AutocastMAIA: fallthrough registered at /pytorch/aten/src/ATen/autocast_mode.cpp:506 [backend fallback]
E       AutocastXPU: fallthrough registered at /pytorch/aten/src/ATen/autocast_mode.cpp:544 [backend fallback]
E       AutocastMPS: fallthrough registered at /pytorch/aten/src/ATen/autocast_mode.cpp:209 [backend fallback]
E       AutocastCUDA: fallthrough registered at /pytorch/aten/src/ATen/autocast_mode.cpp:165 [backend fallback]
E       FuncTorchBatched: registered at /pytorch/aten/src/ATen/functorch/LegacyBatchingRegistrations.cpp:731 [backend fallback]
E       BatchedNestedTensor: registered at /pytorch/aten/src/ATen/functorch/LegacyBatchingRegistrations.cpp:758 [backend fallback]
E       FuncTorchVmapMode: fallthrough registered at /pytorch/aten/src/ATen/functorch/VmapModeRegistrations.cpp:27 [backend fallback]
E       Batched: registered at /pytorch/aten/src/ATen/LegacyBatchingRegistrations.cpp:1075 [backend fallback]
E       VmapMode: fallthrough registered at /pytorch/aten/src/ATen/VmapModeRegistrations.cpp:33 [backend fallback]
E       FuncTorchGradWrapper: registered at /pytorch/aten/src/ATen/functorch/TensorWrapper.cpp:210 [backend fallback]
E       PythonTLSSnapshot: registered at /pytorch/aten/src/ATen/core/PythonFallbackKernel.cpp:202 [backend fallback]
E       FuncTorchDynamicLayerFrontMode: registered at /pytorch/aten/src/ATen/functorch/DynamicLayer.cpp:475 [backend fallback]
E       PreDispatch: registered at /pytorch/aten/src/ATen/core/PythonFallbackKernel.cpp:206 [backend fallback]
E       PythonDispatcher: registered at /pytorch/aten/src/ATen/core/PythonFallbackKernel.cpp:198 [backend fallback]

/root/miniconda/envs/python310_torch29_cuda/lib/python3.10/site-packages/torch/_ops.py:1255: NotImplementedError
_ test_conv_depthwise2d[False-dtype1-dilation0-padding1-stride0-shape_input0-shape_weight0-kernel0] _

shape_input = (32, 4, 8, 8), shape_weight = (32, 1, 2, 2), kernel = (2, 2)
stride = [1, 1], padding = [1, 1], dilation = [1, 1], dtype = torch.float16
bias = False

    @pytest.mark.conv_depthwise2d
    @pytest.mark.parametrize("shape_input, shape_weight, kernel", SHAPE_DEPTHWISE)
    @pytest.mark.parametrize("stride", [[1, 1], [2, 2]])
    @pytest.mark.parametrize("padding", [[0, 0], [1, 1]])
    @pytest.mark.parametrize("dilation", [[1, 1]])
    @pytest.mark.parametrize("dtype", [torch.float32, torch.float16])
    @pytest.mark.parametrize("bias", [True, False])
    def test_conv_depthwise2d(
        shape_input, shape_weight, kernel, stride, padding, dilation, dtype, bias
    ):
        inp = torch.randn(shape_input, dtype=dtype, device=flag_gems.device)
        ref_inp = utils.to_reference(inp, False)
        torch.backends.cudnn.allow_tf32 = False
        weight = torch.randn(shape_weight, dtype=dtype, device=flag_gems.device)
        ref_weight = utils.to_reference(weight, False)
    
        if bias:
            bias_tensor = torch.randn(shape_weight[0], dtype=dtype, device=flag_gems.device)
            ref_bias = utils.to_reference(bias_tensor, False)
        else:
            bias_tensor = None
            ref_bias = None
    
>       ref_out = torch.ops.aten._conv_depthwise2d(
            ref_inp,
            ref_weight,
            kernel,
            ref_bias,
            stride,
            padding,
            dilation,
        )

test_conv_depthwise2d.py:61: 
_ _ _ _ _ _ _ _ _ _ _ _ _ _ _ _ _ _ _ _ _ _ _ _ _ _ _ _ _ _ _ _ _ _ _ _ _ _ _ _ 

self = <OpOverloadPacket(op='aten._conv_depthwise2d')>
args = (tensor([[[[ 4.9658e-01, -3.8281e-01, -1.2549e-01,  ..., -1.0773e-01,
            3.2202e-01, -1.4561e+00],
          ...8,  0.3755],
          [-1.7598,  2.0645]]]], device='cuda:0', dtype=torch.float16), (2, 2), None, [1, 1], [1, 1], ...)
kwargs = {}

    def __call__(self, /, *args: _P.args, **kwargs: _P.kwargs) -> _T:
        # overloading __call__ to ensure torch.ops.foo.bar()
        # is still callable from JIT
        # We save the function ptr as the `op` attribute on
        # OpOverloadPacket to access it here.
    
        # Directly calling OverloadPacket goes into C++, which will check
        # the schema and cause an error for torchbind op when inputs consist of FakeScriptObject so we
        # intercept it here and call TorchBindOpverload instead.
        if self._has_torchbind_op_overload and _must_dispatch_in_python(args, kwargs):
            return _call_overload_packet_from_python(self, *args, **kwargs)
>       return self._op(*args, **kwargs)
E       NotImplementedError: Could not run 'aten::_conv_depthwise2d' with arguments from the 'CPU' backend. This could be because the operator doesn't exist for this backend, or was omitted during the selective/custom build process (if using custom build). If you are a Facebook employee using PyTorch on mobile, please visit https://fburl.com/ptmfixes for possible resolutions. 'aten::_conv_depthwise2d' is only available for these backends: [CUDA, XLA, XPU, Meta, BackendSelect, Python, FuncTorchDynamicLayerBackMode, Functionalize, Named, Conjugate, Negative, ZeroTensor, ADInplaceOrView, AutogradOther, AutogradCPU, AutogradCUDA, AutogradHIP, AutogradXLA, AutogradMPS, AutogradIPU, AutogradXPU, AutogradHPU, AutogradVE, AutogradLazy, AutogradMTIA, AutogradMAIA, AutogradPrivateUse1, AutogradPrivateUse2, AutogradPrivateUse3, AutogradMeta, AutogradNestedTensor, Tracer, AutocastCPU, AutocastMTIA, AutocastMAIA, AutocastXPU, AutocastMPS, AutocastCUDA, FuncTorchBatched, BatchedNestedTensor, FuncTorchVmapMode, Batched, VmapMode, FuncTorchGradWrapper, PythonTLSSnapshot, FuncTorchDynamicLayerFrontMode, PreDispatch, PythonDispatcher].
E       
E       CUDA: registered at /home/agent/xpytorch/workspace/8ba19c15-fc11-4377-85f3-84daf8eaab09/XMLIR/python/torch_xmlir/csrc/lazy_tensor/ts_backend/ts_eager_fallback.cpp:375 [backend fallback]
E       XLA: registered at /home/agent/xpytorch/workspace/8ba19c15-fc11-4377-85f3-84daf8eaab09/XMLIR/python/torch_xmlir/csrc/lazy_tensor/ts_backend/ts_eager_fallback.cpp:364 [backend fallback]
E       XPU: registered at /home/agent/xpytorch/workspace/8ba19c15-fc11-4377-85f3-84daf8eaab09/XMLIR/python/torch_xmlir/csrc/lazy_tensor/ts_backend/ts_eager_fallback.cpp:371 [backend fallback]
E       Meta: registered at /pytorch/aten/src/ATen/core/MetaFallbackKernel.cpp:23 [backend fallback]
E       BackendSelect: fallthrough registered at /pytorch/aten/src/ATen/core/BackendSelectFallbackKernel.cpp:3 [backend fallback]
E       Python: registered at /pytorch/aten/src/ATen/core/PythonFallbackKernel.cpp:194 [backend fallback]
E       FuncTorchDynamicLayerBackMode: registered at /pytorch/aten/src/ATen/functorch/DynamicLayer.cpp:479 [backend fallback]
E       Functionalize: registered at /pytorch/aten/src/ATen/FunctionalizeFallbackKernel.cpp:387 [backend fallback]
E       Named: registered at /pytorch/aten/src/ATen/core/NamedRegistrations.cpp:7 [backend fallback]
E       Conjugate: registered at /pytorch/aten/src/ATen/ConjugateFallback.cpp:17 [backend fallback]
E       Negative: registered at /pytorch/aten/src/ATen/native/NegateFallback.cpp:18 [backend fallback]
E       ZeroTensor: registered at /pytorch/aten/src/ATen/ZeroTensorFallback.cpp:115 [backend fallback]
E       ADInplaceOrView: fallthrough registered at /pytorch/aten/src/ATen/core/VariableFallbackKernel.cpp:104 [backend fallback]
E       AutogradOther: registered at /pytorch/torch/csrc/autograd/generated/VariableType_1.cpp:17114 [autograd kernel]
E       AutogradCPU: registered at /pytorch/torch/csrc/autograd/generated/VariableType_1.cpp:17114 [autograd kernel]
E       AutogradCUDA: registered at /pytorch/torch/csrc/autograd/generated/VariableType_1.cpp:17114 [autograd kernel]
E       AutogradHIP: registered at /pytorch/torch/csrc/autograd/generated/VariableType_1.cpp:17114 [autograd kernel]
E       AutogradXLA: registered at /pytorch/torch/csrc/autograd/generated/VariableType_1.cpp:17114 [autograd kernel]
E       AutogradMPS: registered at /pytorch/torch/csrc/autograd/generated/VariableType_1.cpp:17114 [autograd kernel]
E       AutogradIPU: registered at /pytorch/torch/csrc/autograd/generated/VariableType_1.cpp:17114 [autograd kernel]
E       AutogradXPU: registered at /pytorch/torch/csrc/autograd/generated/VariableType_1.cpp:17114 [autograd kernel]
E       AutogradHPU: registered at /pytorch/torch/csrc/autograd/generated/VariableType_1.cpp:17114 [autograd kernel]
E       AutogradVE: registered at /pytorch/torch/csrc/autograd/generated/VariableType_1.cpp:17114 [autograd kernel]
E       AutogradLazy: registered at /pytorch/torch/csrc/autograd/generated/VariableType_1.cpp:17114 [autograd kernel]
E       AutogradMTIA: registered at /pytorch/torch/csrc/autograd/generated/VariableType_1.cpp:17114 [autograd kernel]
E       AutogradMAIA: registered at /pytorch/torch/csrc/autograd/generated/VariableType_1.cpp:17114 [autograd kernel]
E       AutogradPrivateUse1: registered at /pytorch/torch/csrc/autograd/generated/VariableType_1.cpp:17114 [autograd kernel]
E       AutogradPrivateUse2: registered at /pytorch/torch/csrc/autograd/generated/VariableType_1.cpp:17114 [autograd kernel]
E       AutogradPrivateUse3: registered at /pytorch/torch/csrc/autograd/generated/VariableType_1.cpp:17114 [autograd kernel]
E       AutogradMeta: registered at /pytorch/torch/csrc/autograd/generated/VariableType_1.cpp:17114 [autograd kernel]
E       AutogradNestedTensor: registered at /pytorch/torch/csrc/autograd/generated/VariableType_1.cpp:17114 [autograd kernel]
E       Tracer: registered at /pytorch/torch/csrc/autograd/generated/TraceType_1.cpp:16331 [kernel]
E       AutocastCPU: fallthrough registered at /pytorch/aten/src/ATen/autocast_mode.cpp:324 [backend fallback]
E       AutocastMTIA: fallthrough registered at /pytorch/aten/src/ATen/autocast_mode.cpp:468 [backend fallback]
E       AutocastMAIA: fallthrough registered at /pytorch/aten/src/ATen/autocast_mode.cpp:506 [backend fallback]
E       AutocastXPU: fallthrough registered at /pytorch/aten/src/ATen/autocast_mode.cpp:544 [backend fallback]
E       AutocastMPS: fallthrough registered at /pytorch/aten/src/ATen/autocast_mode.cpp:209 [backend fallback]
E       AutocastCUDA: fallthrough registered at /pytorch/aten/src/ATen/autocast_mode.cpp:165 [backend fallback]
E       FuncTorchBatched: registered at /pytorch/aten/src/ATen/functorch/LegacyBatchingRegistrations.cpp:731 [backend fallback]
E       BatchedNestedTensor: registered at /pytorch/aten/src/ATen/functorch/LegacyBatchingRegistrations.cpp:758 [backend fallback]
E       FuncTorchVmapMode: fallthrough registered at /pytorch/aten/src/ATen/functorch/VmapModeRegistrations.cpp:27 [backend fallback]
E       Batched: registered at /pytorch/aten/src/ATen/LegacyBatchingRegistrations.cpp:1075 [backend fallback]
E       VmapMode: fallthrough registered at /pytorch/aten/src/ATen/VmapModeRegistrations.cpp:33 [backend fallback]
E       FuncTorchGradWrapper: registered at /pytorch/aten/src/ATen/functorch/TensorWrapper.cpp:210 [backend fallback]
E       PythonTLSSnapshot: registered at /pytorch/aten/src/ATen/core/PythonFallbackKernel.cpp:202 [backend fallback]
E       FuncTorchDynamicLayerFrontMode: registered at /pytorch/aten/src/ATen/functorch/DynamicLayer.cpp:475 [backend fallback]
E       PreDispatch: registered at /pytorch/aten/src/ATen/core/PythonFallbackKernel.cpp:206 [backend fallback]
E       PythonDispatcher: registered at /pytorch/aten/src/ATen/core/PythonFallbackKernel.cpp:198 [backend fallback]

/root/miniconda/envs/python310_torch29_cuda/lib/python3.10/site-packages/torch/_ops.py:1255: NotImplementedError
_ test_conv_depthwise2d[False-dtype1-dilation0-padding1-stride0-shape_input1-shape_weight1-kernel1] _

shape_input = (18, 16, 4, 4), shape_weight = (16, 1, 2, 2), kernel = (2, 2)
stride = [1, 1], padding = [1, 1], dilation = [1, 1], dtype = torch.float16
bias = False

    @pytest.mark.conv_depthwise2d
    @pytest.mark.parametrize("shape_input, shape_weight, kernel", SHAPE_DEPTHWISE)
    @pytest.mark.parametrize("stride", [[1, 1], [2, 2]])
    @pytest.mark.parametrize("padding", [[0, 0], [1, 1]])
    @pytest.mark.parametrize("dilation", [[1, 1]])
    @pytest.mark.parametrize("dtype", [torch.float32, torch.float16])
    @pytest.mark.parametrize("bias", [True, False])
    def test_conv_depthwise2d(
        shape_input, shape_weight, kernel, stride, padding, dilation, dtype, bias
    ):
        inp = torch.randn(shape_input, dtype=dtype, device=flag_gems.device)
        ref_inp = utils.to_reference(inp, False)
        torch.backends.cudnn.allow_tf32 = False
        weight = torch.randn(shape_weight, dtype=dtype, device=flag_gems.device)
        ref_weight = utils.to_reference(weight, False)
    
        if bias:
            bias_tensor = torch.randn(shape_weight[0], dtype=dtype, device=flag_gems.device)
            ref_bias = utils.to_reference(bias_tensor, False)
        else:
            bias_tensor = None
            ref_bias = None
    
>       ref_out = torch.ops.aten._conv_depthwise2d(
            ref_inp,
            ref_weight,
            kernel,
            ref_bias,
            stride,
            padding,
            dilation,
        )

test_conv_depthwise2d.py:61: 
_ _ _ _ _ _ _ _ _ _ _ _ _ _ _ _ _ _ _ _ _ _ _ _ _ _ _ _ _ _ _ _ _ _ _ _ _ _ _ _ 

self = <OpOverloadPacket(op='aten._conv_depthwise2d')>
args = (tensor([[[[-7.3047e-01,  2.0911e-01,  1.8555e-01,  6.5491e-02],
          [-1.5908e+00,  7.8613e-01,  1.1143e+00,  5....2, -1.0264],
          [ 0.2136, -0.4409]]]], device='cuda:0', dtype=torch.float16), (2, 2), None, [1, 1], [1, 1], ...)
kwargs = {}

    def __call__(self, /, *args: _P.args, **kwargs: _P.kwargs) -> _T:
        # overloading __call__ to ensure torch.ops.foo.bar()
        # is still callable from JIT
        # We save the function ptr as the `op` attribute on
        # OpOverloadPacket to access it here.
    
        # Directly calling OverloadPacket goes into C++, which will check
        # the schema and cause an error for torchbind op when inputs consist of FakeScriptObject so we
        # intercept it here and call TorchBindOpverload instead.
        if self._has_torchbind_op_overload and _must_dispatch_in_python(args, kwargs):
            return _call_overload_packet_from_python(self, *args, **kwargs)
>       return self._op(*args, **kwargs)
E       NotImplementedError: Could not run 'aten::_conv_depthwise2d' with arguments from the 'CPU' backend. This could be because the operator doesn't exist for this backend, or was omitted during the selective/custom build process (if using custom build). If you are a Facebook employee using PyTorch on mobile, please visit https://fburl.com/ptmfixes for possible resolutions. 'aten::_conv_depthwise2d' is only available for these backends: [CUDA, XLA, XPU, Meta, BackendSelect, Python, FuncTorchDynamicLayerBackMode, Functionalize, Named, Conjugate, Negative, ZeroTensor, ADInplaceOrView, AutogradOther, AutogradCPU, AutogradCUDA, AutogradHIP, AutogradXLA, AutogradMPS, AutogradIPU, AutogradXPU, AutogradHPU, AutogradVE, AutogradLazy, AutogradMTIA, AutogradMAIA, AutogradPrivateUse1, AutogradPrivateUse2, AutogradPrivateUse3, AutogradMeta, AutogradNestedTensor, Tracer, AutocastCPU, AutocastMTIA, AutocastMAIA, AutocastXPU, AutocastMPS, AutocastCUDA, FuncTorchBatched, BatchedNestedTensor, FuncTorchVmapMode, Batched, VmapMode, FuncTorchGradWrapper, PythonTLSSnapshot, FuncTorchDynamicLayerFrontMode, PreDispatch, PythonDispatcher].
E       
E       CUDA: registered at /home/agent/xpytorch/workspace/8ba19c15-fc11-4377-85f3-84daf8eaab09/XMLIR/python/torch_xmlir/csrc/lazy_tensor/ts_backend/ts_eager_fallback.cpp:375 [backend fallback]
E       XLA: registered at /home/agent/xpytorch/workspace/8ba19c15-fc11-4377-85f3-84daf8eaab09/XMLIR/python/torch_xmlir/csrc/lazy_tensor/ts_backend/ts_eager_fallback.cpp:364 [backend fallback]
E       XPU: registered at /home/agent/xpytorch/workspace/8ba19c15-fc11-4377-85f3-84daf8eaab09/XMLIR/python/torch_xmlir/csrc/lazy_tensor/ts_backend/ts_eager_fallback.cpp:371 [backend fallback]
E       Meta: registered at /pytorch/aten/src/ATen/core/MetaFallbackKernel.cpp:23 [backend fallback]
E       BackendSelect: fallthrough registered at /pytorch/aten/src/ATen/core/BackendSelectFallbackKernel.cpp:3 [backend fallback]
E       Python: registered at /pytorch/aten/src/ATen/core/PythonFallbackKernel.cpp:194 [backend fallback]
E       FuncTorchDynamicLayerBackMode: registered at /pytorch/aten/src/ATen/functorch/DynamicLayer.cpp:479 [backend fallback]
E       Functionalize: registered at /pytorch/aten/src/ATen/FunctionalizeFallbackKernel.cpp:387 [backend fallback]
E       Named: registered at /pytorch/aten/src/ATen/core/NamedRegistrations.cpp:7 [backend fallback]
E       Conjugate: registered at /pytorch/aten/src/ATen/ConjugateFallback.cpp:17 [backend fallback]
E       Negative: registered at /pytorch/aten/src/ATen/native/NegateFallback.cpp:18 [backend fallback]
E       ZeroTensor: registered at /pytorch/aten/src/ATen/ZeroTensorFallback.cpp:115 [backend fallback]
E       ADInplaceOrView: fallthrough registered at /pytorch/aten/src/ATen/core/VariableFallbackKernel.cpp:104 [backend fallback]
E       AutogradOther: registered at /pytorch/torch/csrc/autograd/generated/VariableType_1.cpp:17114 [autograd kernel]
E       AutogradCPU: registered at /pytorch/torch/csrc/autograd/generated/VariableType_1.cpp:17114 [autograd kernel]
E       AutogradCUDA: registered at /pytorch/torch/csrc/autograd/generated/VariableType_1.cpp:17114 [autograd kernel]
E       AutogradHIP: registered at /pytorch/torch/csrc/autograd/generated/VariableType_1.cpp:17114 [autograd kernel]
E       AutogradXLA: registered at /pytorch/torch/csrc/autograd/generated/VariableType_1.cpp:17114 [autograd kernel]
E       AutogradMPS: registered at /pytorch/torch/csrc/autograd/generated/VariableType_1.cpp:17114 [autograd kernel]
E       AutogradIPU: registered at /pytorch/torch/csrc/autograd/generated/VariableType_1.cpp:17114 [autograd kernel]
E       AutogradXPU: registered at /pytorch/torch/csrc/autograd/generated/VariableType_1.cpp:17114 [autograd kernel]
E       AutogradHPU: registered at /pytorch/torch/csrc/autograd/generated/VariableType_1.cpp:17114 [autograd kernel]
E       AutogradVE: registered at /pytorch/torch/csrc/autograd/generated/VariableType_1.cpp:17114 [autograd kernel]
E       AutogradLazy: registered at /pytorch/torch/csrc/autograd/generated/VariableType_1.cpp:17114 [autograd kernel]
E       AutogradMTIA: registered at /pytorch/torch/csrc/autograd/generated/VariableType_1.cpp:17114 [autograd kernel]
E       AutogradMAIA: registered at /pytorch/torch/csrc/autograd/generated/VariableType_1.cpp:17114 [autograd kernel]
E       AutogradPrivateUse1: registered at /pytorch/torch/csrc/autograd/generated/VariableType_1.cpp:17114 [autograd kernel]
E       AutogradPrivateUse2: registered at /pytorch/torch/csrc/autograd/generated/VariableType_1.cpp:17114 [autograd kernel]
E       AutogradPrivateUse3: registered at /pytorch/torch/csrc/autograd/generated/VariableType_1.cpp:17114 [autograd kernel]
E       AutogradMeta: registered at /pytorch/torch/csrc/autograd/generated/VariableType_1.cpp:17114 [autograd kernel]
E       AutogradNestedTensor: registered at /pytorch/torch/csrc/autograd/generated/VariableType_1.cpp:17114 [autograd kernel]
E       Tracer: registered at /pytorch/torch/csrc/autograd/generated/TraceType_1.cpp:16331 [kernel]
E       AutocastCPU: fallthrough registered at /pytorch/aten/src/ATen/autocast_mode.cpp:324 [backend fallback]
E       AutocastMTIA: fallthrough registered at /pytorch/aten/src/ATen/autocast_mode.cpp:468 [backend fallback]
E       AutocastMAIA: fallthrough registered at /pytorch/aten/src/ATen/autocast_mode.cpp:506 [backend fallback]
E       AutocastXPU: fallthrough registered at /pytorch/aten/src/ATen/autocast_mode.cpp:544 [backend fallback]
E       AutocastMPS: fallthrough registered at /pytorch/aten/src/ATen/autocast_mode.cpp:209 [backend fallback]
E       AutocastCUDA: fallthrough registered at /pytorch/aten/src/ATen/autocast_mode.cpp:165 [backend fallback]
E       FuncTorchBatched: registered at /pytorch/aten/src/ATen/functorch/LegacyBatchingRegistrations.cpp:731 [backend fallback]
E       BatchedNestedTensor: registered at /pytorch/aten/src/ATen/functorch/LegacyBatchingRegistrations.cpp:758 [backend fallback]
E       FuncTorchVmapMode: fallthrough registered at /pytorch/aten/src/ATen/functorch/VmapModeRegistrations.cpp:27 [backend fallback]
E       Batched: registered at /pytorch/aten/src/ATen/LegacyBatchingRegistrations.cpp:1075 [backend fallback]
E       VmapMode: fallthrough registered at /pytorch/aten/src/ATen/VmapModeRegistrations.cpp:33 [backend fallback]
E       FuncTorchGradWrapper: registered at /pytorch/aten/src/ATen/functorch/TensorWrapper.cpp:210 [backend fallback]
E       PythonTLSSnapshot: registered at /pytorch/aten/src/ATen/core/PythonFallbackKernel.cpp:202 [backend fallback]
E       FuncTorchDynamicLayerFrontMode: registered at /pytorch/aten/src/ATen/functorch/DynamicLayer.cpp:475 [backend fallback]
E       PreDispatch: registered at /pytorch/aten/src/ATen/core/PythonFallbackKernel.cpp:206 [backend fallback]
E       PythonDispatcher: registered at /pytorch/aten/src/ATen/core/PythonFallbackKernel.cpp:198 [backend fallback]

/root/miniconda/envs/python310_torch29_cuda/lib/python3.10/site-packages/torch/_ops.py:1255: NotImplementedError
_ test_conv_depthwise2d[False-dtype1-dilation0-padding1-stride1-shape_input0-shape_weight0-kernel0] _

shape_input = (32, 4, 8, 8), shape_weight = (32, 1, 2, 2), kernel = (2, 2)
stride = [2, 2], padding = [1, 1], dilation = [1, 1], dtype = torch.float16
bias = False

    @pytest.mark.conv_depthwise2d
    @pytest.mark.parametrize("shape_input, shape_weight, kernel", SHAPE_DEPTHWISE)
    @pytest.mark.parametrize("stride", [[1, 1], [2, 2]])
    @pytest.mark.parametrize("padding", [[0, 0], [1, 1]])
    @pytest.mark.parametrize("dilation", [[1, 1]])
    @pytest.mark.parametrize("dtype", [torch.float32, torch.float16])
    @pytest.mark.parametrize("bias", [True, False])
    def test_conv_depthwise2d(
        shape_input, shape_weight, kernel, stride, padding, dilation, dtype, bias
    ):
        inp = torch.randn(shape_input, dtype=dtype, device=flag_gems.device)
        ref_inp = utils.to_reference(inp, False)
        torch.backends.cudnn.allow_tf32 = False
        weight = torch.randn(shape_weight, dtype=dtype, device=flag_gems.device)
        ref_weight = utils.to_reference(weight, False)
    
        if bias:
            bias_tensor = torch.randn(shape_weight[0], dtype=dtype, device=flag_gems.device)
            ref_bias = utils.to_reference(bias_tensor, False)
        else:
            bias_tensor = None
            ref_bias = None
    
>       ref_out = torch.ops.aten._conv_depthwise2d(
            ref_inp,
            ref_weight,
            kernel,
            ref_bias,
            stride,
            padding,
            dilation,
        )

test_conv_depthwise2d.py:61: 
_ _ _ _ _ _ _ _ _ _ _ _ _ _ _ _ _ _ _ _ _ _ _ _ _ _ _ _ _ _ _ _ _ _ _ _ _ _ _ _ 

self = <OpOverloadPacket(op='aten._conv_depthwise2d')>
args = (tensor([[[[-8.9307e-01, -7.1777e-01, -4.7217e-01,  ...,  6.3477e-01,
           -1.0732e+00, -3.3667e-01],
          ...01],
          [ 2.9321e-01,  1.0371e+00]]]], device='cuda:0', dtype=torch.float16), (2, 2), None, [2, 2], [1, 1], ...)
kwargs = {}

    def __call__(self, /, *args: _P.args, **kwargs: _P.kwargs) -> _T:
        # overloading __call__ to ensure torch.ops.foo.bar()
        # is still callable from JIT
        # We save the function ptr as the `op` attribute on
        # OpOverloadPacket to access it here.
    
        # Directly calling OverloadPacket goes into C++, which will check
        # the schema and cause an error for torchbind op when inputs consist of FakeScriptObject so we
        # intercept it here and call TorchBindOpverload instead.
        if self._has_torchbind_op_overload and _must_dispatch_in_python(args, kwargs):
            return _call_overload_packet_from_python(self, *args, **kwargs)
>       return self._op(*args, **kwargs)
E       NotImplementedError: Could not run 'aten::_conv_depthwise2d' with arguments from the 'CPU' backend. This could be because the operator doesn't exist for this backend, or was omitted during the selective/custom build process (if using custom build). If you are a Facebook employee using PyTorch on mobile, please visit https://fburl.com/ptmfixes for possible resolutions. 'aten::_conv_depthwise2d' is only available for these backends: [CUDA, XLA, XPU, Meta, BackendSelect, Python, FuncTorchDynamicLayerBackMode, Functionalize, Named, Conjugate, Negative, ZeroTensor, ADInplaceOrView, AutogradOther, AutogradCPU, AutogradCUDA, AutogradHIP, AutogradXLA, AutogradMPS, AutogradIPU, AutogradXPU, AutogradHPU, AutogradVE, AutogradLazy, AutogradMTIA, AutogradMAIA, AutogradPrivateUse1, AutogradPrivateUse2, AutogradPrivateUse3, AutogradMeta, AutogradNestedTensor, Tracer, AutocastCPU, AutocastMTIA, AutocastMAIA, AutocastXPU, AutocastMPS, AutocastCUDA, FuncTorchBatched, BatchedNestedTensor, FuncTorchVmapMode, Batched, VmapMode, FuncTorchGradWrapper, PythonTLSSnapshot, FuncTorchDynamicLayerFrontMode, PreDispatch, PythonDispatcher].
E       
E       CUDA: registered at /home/agent/xpytorch/workspace/8ba19c15-fc11-4377-85f3-84daf8eaab09/XMLIR/python/torch_xmlir/csrc/lazy_tensor/ts_backend/ts_eager_fallback.cpp:375 [backend fallback]
E       XLA: registered at /home/agent/xpytorch/workspace/8ba19c15-fc11-4377-85f3-84daf8eaab09/XMLIR/python/torch_xmlir/csrc/lazy_tensor/ts_backend/ts_eager_fallback.cpp:364 [backend fallback]
E       XPU: registered at /home/agent/xpytorch/workspace/8ba19c15-fc11-4377-85f3-84daf8eaab09/XMLIR/python/torch_xmlir/csrc/lazy_tensor/ts_backend/ts_eager_fallback.cpp:371 [backend fallback]
E       Meta: registered at /pytorch/aten/src/ATen/core/MetaFallbackKernel.cpp:23 [backend fallback]
E       BackendSelect: fallthrough registered at /pytorch/aten/src/ATen/core/BackendSelectFallbackKernel.cpp:3 [backend fallback]
E       Python: registered at /pytorch/aten/src/ATen/core/PythonFallbackKernel.cpp:194 [backend fallback]
E       FuncTorchDynamicLayerBackMode: registered at /pytorch/aten/src/ATen/functorch/DynamicLayer.cpp:479 [backend fallback]
E       Functionalize: registered at /pytorch/aten/src/ATen/FunctionalizeFallbackKernel.cpp:387 [backend fallback]
E       Named: registered at /pytorch/aten/src/ATen/core/NamedRegistrations.cpp:7 [backend fallback]
E       Conjugate: registered at /pytorch/aten/src/ATen/ConjugateFallback.cpp:17 [backend fallback]
E       Negative: registered at /pytorch/aten/src/ATen/native/NegateFallback.cpp:18 [backend fallback]
E       ZeroTensor: registered at /pytorch/aten/src/ATen/ZeroTensorFallback.cpp:115 [backend fallback]
E       ADInplaceOrView: fallthrough registered at /pytorch/aten/src/ATen/core/VariableFallbackKernel.cpp:104 [backend fallback]
E       AutogradOther: registered at /pytorch/torch/csrc/autograd/generated/VariableType_1.cpp:17114 [autograd kernel]
E       AutogradCPU: registered at /pytorch/torch/csrc/autograd/generated/VariableType_1.cpp:17114 [autograd kernel]
E       AutogradCUDA: registered at /pytorch/torch/csrc/autograd/generated/VariableType_1.cpp:17114 [autograd kernel]
E       AutogradHIP: registered at /pytorch/torch/csrc/autograd/generated/VariableType_1.cpp:17114 [autograd kernel]
E       AutogradXLA: registered at /pytorch/torch/csrc/autograd/generated/VariableType_1.cpp:17114 [autograd kernel]
E       AutogradMPS: registered at /pytorch/torch/csrc/autograd/generated/VariableType_1.cpp:17114 [autograd kernel]
E       AutogradIPU: registered at /pytorch/torch/csrc/autograd/generated/VariableType_1.cpp:17114 [autograd kernel]
E       AutogradXPU: registered at /pytorch/torch/csrc/autograd/generated/VariableType_1.cpp:17114 [autograd kernel]
E       AutogradHPU: registered at /pytorch/torch/csrc/autograd/generated/VariableType_1.cpp:17114 [autograd kernel]
E       AutogradVE: registered at /pytorch/torch/csrc/autograd/generated/VariableType_1.cpp:17114 [autograd kernel]
E       AutogradLazy: registered at /pytorch/torch/csrc/autograd/generated/VariableType_1.cpp:17114 [autograd kernel]
E       AutogradMTIA: registered at /pytorch/torch/csrc/autograd/generated/VariableType_1.cpp:17114 [autograd kernel]
E       AutogradMAIA: registered at /pytorch/torch/csrc/autograd/generated/VariableType_1.cpp:17114 [autograd kernel]
E       AutogradPrivateUse1: registered at /pytorch/torch/csrc/autograd/generated/VariableType_1.cpp:17114 [autograd kernel]
E       AutogradPrivateUse2: registered at /pytorch/torch/csrc/autograd/generated/VariableType_1.cpp:17114 [autograd kernel]
E       AutogradPrivateUse3: registered at /pytorch/torch/csrc/autograd/generated/VariableType_1.cpp:17114 [autograd kernel]
E       AutogradMeta: registered at /pytorch/torch/csrc/autograd/generated/VariableType_1.cpp:17114 [autograd kernel]
E       AutogradNestedTensor: registered at /pytorch/torch/csrc/autograd/generated/VariableType_1.cpp:17114 [autograd kernel]
E       Tracer: registered at /pytorch/torch/csrc/autograd/generated/TraceType_1.cpp:16331 [kernel]
E       AutocastCPU: fallthrough registered at /pytorch/aten/src/ATen/autocast_mode.cpp:324 [backend fallback]
E       AutocastMTIA: fallthrough registered at /pytorch/aten/src/ATen/autocast_mode.cpp:468 [backend fallback]
E       AutocastMAIA: fallthrough registered at /pytorch/aten/src/ATen/autocast_mode.cpp:506 [backend fallback]
E       AutocastXPU: fallthrough registered at /pytorch/aten/src/ATen/autocast_mode.cpp:544 [backend fallback]
E       AutocastMPS: fallthrough registered at /pytorch/aten/src/ATen/autocast_mode.cpp:209 [backend fallback]
E       AutocastCUDA: fallthrough registered at /pytorch/aten/src/ATen/autocast_mode.cpp:165 [backend fallback]
E       FuncTorchBatched: registered at /pytorch/aten/src/ATen/functorch/LegacyBatchingRegistrations.cpp:731 [backend fallback]
E       BatchedNestedTensor: registered at /pytorch/aten/src/ATen/functorch/LegacyBatchingRegistrations.cpp:758 [backend fallback]
E       FuncTorchVmapMode: fallthrough registered at /pytorch/aten/src/ATen/functorch/VmapModeRegistrations.cpp:27 [backend fallback]
E       Batched: registered at /pytorch/aten/src/ATen/LegacyBatchingRegistrations.cpp:1075 [backend fallback]
E       VmapMode: fallthrough registered at /pytorch/aten/src/ATen/VmapModeRegistrations.cpp:33 [backend fallback]
E       FuncTorchGradWrapper: registered at /pytorch/aten/src/ATen/functorch/TensorWrapper.cpp:210 [backend fallback]
E       PythonTLSSnapshot: registered at /pytorch/aten/src/ATen/core/PythonFallbackKernel.cpp:202 [backend fallback]
E       FuncTorchDynamicLayerFrontMode: registered at /pytorch/aten/src/ATen/functorch/DynamicLayer.cpp:475 [backend fallback]
E       PreDispatch: registered at /pytorch/aten/src/ATen/core/PythonFallbackKernel.cpp:206 [backend fallback]
E       PythonDispatcher: registered at /pytorch/aten/src/ATen/core/PythonFallbackKernel.cpp:198 [backend fallback]

/root/miniconda/envs/python310_torch29_cuda/lib/python3.10/site-packages/torch/_ops.py:1255: NotImplementedError
_ test_conv_depthwise2d[False-dtype1-dilation0-padding1-stride1-shape_input1-shape_weight1-kernel1] _

shape_input = (18, 16, 4, 4), shape_weight = (16, 1, 2, 2), kernel = (2, 2)
stride = [2, 2], padding = [1, 1], dilation = [1, 1], dtype = torch.float16
bias = False

    @pytest.mark.conv_depthwise2d
    @pytest.mark.parametrize("shape_input, shape_weight, kernel", SHAPE_DEPTHWISE)
    @pytest.mark.parametrize("stride", [[1, 1], [2, 2]])
    @pytest.mark.parametrize("padding", [[0, 0], [1, 1]])
    @pytest.mark.parametrize("dilation", [[1, 1]])
    @pytest.mark.parametrize("dtype", [torch.float32, torch.float16])
    @pytest.mark.parametrize("bias", [True, False])
    def test_conv_depthwise2d(
        shape_input, shape_weight, kernel, stride, padding, dilation, dtype, bias
    ):
        inp = torch.randn(shape_input, dtype=dtype, device=flag_gems.device)
        ref_inp = utils.to_reference(inp, False)
        torch.backends.cudnn.allow_tf32 = False
        weight = torch.randn(shape_weight, dtype=dtype, device=flag_gems.device)
        ref_weight = utils.to_reference(weight, False)
    
        if bias:
            bias_tensor = torch.randn(shape_weight[0], dtype=dtype, device=flag_gems.device)
            ref_bias = utils.to_reference(bias_tensor, False)
        else:
            bias_tensor = None
            ref_bias = None
    
>       ref_out = torch.ops.aten._conv_depthwise2d(
            ref_inp,
            ref_weight,
            kernel,
            ref_bias,
            stride,
            padding,
            dilation,
        )

test_conv_depthwise2d.py:61: 
_ _ _ _ _ _ _ _ _ _ _ _ _ _ _ _ _ _ _ _ _ _ _ _ _ _ _ _ _ _ _ _ _ _ _ _ _ _ _ _ 

self = <OpOverloadPacket(op='aten._conv_depthwise2d')>
args = (tensor([[[[ 1.1582e+00,  1.8301e-03,  2.0117e+00,  1.3428e+00],
          [ 1.0322e+00,  1.5928e+00, -1.5125e-01, -4....7,  0.9019],
          [ 1.9990, -0.0381]]]], device='cuda:0', dtype=torch.float16), (2, 2), None, [2, 2], [1, 1], ...)
kwargs = {}

    def __call__(self, /, *args: _P.args, **kwargs: _P.kwargs) -> _T:
        # overloading __call__ to ensure torch.ops.foo.bar()
        # is still callable from JIT
        # We save the function ptr as the `op` attribute on
        # OpOverloadPacket to access it here.
    
        # Directly calling OverloadPacket goes into C++, which will check
        # the schema and cause an error for torchbind op when inputs consist of FakeScriptObject so we
        # intercept it here and call TorchBindOpverload instead.
        if self._has_torchbind_op_overload and _must_dispatch_in_python(args, kwargs):
            return _call_overload_packet_from_python(self, *args, **kwargs)
>       return self._op(*args, **kwargs)
E       NotImplementedError: Could not run 'aten::_conv_depthwise2d' with arguments from the 'CPU' backend. This could be because the operator doesn't exist for this backend, or was omitted during the selective/custom build process (if using custom build). If you are a Facebook employee using PyTorch on mobile, please visit https://fburl.com/ptmfixes for possible resolutions. 'aten::_conv_depthwise2d' is only available for these backends: [CUDA, XLA, XPU, Meta, BackendSelect, Python, FuncTorchDynamicLayerBackMode, Functionalize, Named, Conjugate, Negative, ZeroTensor, ADInplaceOrView, AutogradOther, AutogradCPU, AutogradCUDA, AutogradHIP, AutogradXLA, AutogradMPS, AutogradIPU, AutogradXPU, AutogradHPU, AutogradVE, AutogradLazy, AutogradMTIA, AutogradMAIA, AutogradPrivateUse1, AutogradPrivateUse2, AutogradPrivateUse3, AutogradMeta, AutogradNestedTensor, Tracer, AutocastCPU, AutocastMTIA, AutocastMAIA, AutocastXPU, AutocastMPS, AutocastCUDA, FuncTorchBatched, BatchedNestedTensor, FuncTorchVmapMode, Batched, VmapMode, FuncTorchGradWrapper, PythonTLSSnapshot, FuncTorchDynamicLayerFrontMode, PreDispatch, PythonDispatcher].
E       
E       CUDA: registered at /home/agent/xpytorch/workspace/8ba19c15-fc11-4377-85f3-84daf8eaab09/XMLIR/python/torch_xmlir/csrc/lazy_tensor/ts_backend/ts_eager_fallback.cpp:375 [backend fallback]
E       XLA: registered at /home/agent/xpytorch/workspace/8ba19c15-fc11-4377-85f3-84daf8eaab09/XMLIR/python/torch_xmlir/csrc/lazy_tensor/ts_backend/ts_eager_fallback.cpp:364 [backend fallback]
E       XPU: registered at /home/agent/xpytorch/workspace/8ba19c15-fc11-4377-85f3-84daf8eaab09/XMLIR/python/torch_xmlir/csrc/lazy_tensor/ts_backend/ts_eager_fallback.cpp:371 [backend fallback]
E       Meta: registered at /pytorch/aten/src/ATen/core/MetaFallbackKernel.cpp:23 [backend fallback]
E       BackendSelect: fallthrough registered at /pytorch/aten/src/ATen/core/BackendSelectFallbackKernel.cpp:3 [backend fallback]
E       Python: registered at /pytorch/aten/src/ATen/core/PythonFallbackKernel.cpp:194 [backend fallback]
E       FuncTorchDynamicLayerBackMode: registered at /pytorch/aten/src/ATen/functorch/DynamicLayer.cpp:479 [backend fallback]
E       Functionalize: registered at /pytorch/aten/src/ATen/FunctionalizeFallbackKernel.cpp:387 [backend fallback]
E       Named: registered at /pytorch/aten/src/ATen/core/NamedRegistrations.cpp:7 [backend fallback]
E       Conjugate: registered at /pytorch/aten/src/ATen/ConjugateFallback.cpp:17 [backend fallback]
E       Negative: registered at /pytorch/aten/src/ATen/native/NegateFallback.cpp:18 [backend fallback]
E       ZeroTensor: registered at /pytorch/aten/src/ATen/ZeroTensorFallback.cpp:115 [backend fallback]
E       ADInplaceOrView: fallthrough registered at /pytorch/aten/src/ATen/core/VariableFallbackKernel.cpp:104 [backend fallback]
E       AutogradOther: registered at /pytorch/torch/csrc/autograd/generated/VariableType_1.cpp:17114 [autograd kernel]
E       AutogradCPU: registered at /pytorch/torch/csrc/autograd/generated/VariableType_1.cpp:17114 [autograd kernel]
E       AutogradCUDA: registered at /pytorch/torch/csrc/autograd/generated/VariableType_1.cpp:17114 [autograd kernel]
E       AutogradHIP: registered at /pytorch/torch/csrc/autograd/generated/VariableType_1.cpp:17114 [autograd kernel]
E       AutogradXLA: registered at /pytorch/torch/csrc/autograd/generated/VariableType_1.cpp:17114 [autograd kernel]
E       AutogradMPS: registered at /pytorch/torch/csrc/autograd/generated/VariableType_1.cpp:17114 [autograd kernel]
E       AutogradIPU: registered at /pytorch/torch/csrc/autograd/generated/VariableType_1.cpp:17114 [autograd kernel]
E       AutogradXPU: registered at /pytorch/torch/csrc/autograd/generated/VariableType_1.cpp:17114 [autograd kernel]
E       AutogradHPU: registered at /pytorch/torch/csrc/autograd/generated/VariableType_1.cpp:17114 [autograd kernel]
E       AutogradVE: registered at /pytorch/torch/csrc/autograd/generated/VariableType_1.cpp:17114 [autograd kernel]
E       AutogradLazy: registered at /pytorch/torch/csrc/autograd/generated/VariableType_1.cpp:17114 [autograd kernel]
E       AutogradMTIA: registered at /pytorch/torch/csrc/autograd/generated/VariableType_1.cpp:17114 [autograd kernel]
E       AutogradMAIA: registered at /pytorch/torch/csrc/autograd/generated/VariableType_1.cpp:17114 [autograd kernel]
E       AutogradPrivateUse1: registered at /pytorch/torch/csrc/autograd/generated/VariableType_1.cpp:17114 [autograd kernel]
E       AutogradPrivateUse2: registered at /pytorch/torch/csrc/autograd/generated/VariableType_1.cpp:17114 [autograd kernel]
E       AutogradPrivateUse3: registered at /pytorch/torch/csrc/autograd/generated/VariableType_1.cpp:17114 [autograd kernel]
E       AutogradMeta: registered at /pytorch/torch/csrc/autograd/generated/VariableType_1.cpp:17114 [autograd kernel]
E       AutogradNestedTensor: registered at /pytorch/torch/csrc/autograd/generated/VariableType_1.cpp:17114 [autograd kernel]
E       Tracer: registered at /pytorch/torch/csrc/autograd/generated/TraceType_1.cpp:16331 [kernel]
E       AutocastCPU: fallthrough registered at /pytorch/aten/src/ATen/autocast_mode.cpp:324 [backend fallback]
E       AutocastMTIA: fallthrough registered at /pytorch/aten/src/ATen/autocast_mode.cpp:468 [backend fallback]
E       AutocastMAIA: fallthrough registered at /pytorch/aten/src/ATen/autocast_mode.cpp:506 [backend fallback]
E       AutocastXPU: fallthrough registered at /pytorch/aten/src/ATen/autocast_mode.cpp:544 [backend fallback]
E       AutocastMPS: fallthrough registered at /pytorch/aten/src/ATen/autocast_mode.cpp:209 [backend fallback]
E       AutocastCUDA: fallthrough registered at /pytorch/aten/src/ATen/autocast_mode.cpp:165 [backend fallback]
E       FuncTorchBatched: registered at /pytorch/aten/src/ATen/functorch/LegacyBatchingRegistrations.cpp:731 [backend fallback]
E       BatchedNestedTensor: registered at /pytorch/aten/src/ATen/functorch/LegacyBatchingRegistrations.cpp:758 [backend fallback]
E       FuncTorchVmapMode: fallthrough registered at /pytorch/aten/src/ATen/functorch/VmapModeRegistrations.cpp:27 [backend fallback]
E       Batched: registered at /pytorch/aten/src/ATen/LegacyBatchingRegistrations.cpp:1075 [backend fallback]
E       VmapMode: fallthrough registered at /pytorch/aten/src/ATen/VmapModeRegistrations.cpp:33 [backend fallback]
E       FuncTorchGradWrapper: registered at /pytorch/aten/src/ATen/functorch/TensorWrapper.cpp:210 [backend fallback]
E       PythonTLSSnapshot: registered at /pytorch/aten/src/ATen/core/PythonFallbackKernel.cpp:202 [backend fallback]
E       FuncTorchDynamicLayerFrontMode: registered at /pytorch/aten/src/ATen/functorch/DynamicLayer.cpp:475 [backend fallback]
E       PreDispatch: registered at /pytorch/aten/src/ATen/core/PythonFallbackKernel.cpp:206 [backend fallback]
E       PythonDispatcher: registered at /pytorch/aten/src/ATen/core/PythonFallbackKernel.cpp:198 [backend fallback]

/root/miniconda/envs/python310_torch29_cuda/lib/python3.10/site-packages/torch/_ops.py:1255: NotImplementedError
=============================== warnings summary ===============================
tests/test_conv_depthwise2d.py::test_conv_depthwise2d[True-dtype0-dilation0-padding0-stride0-shape_input0-shape_weight0-kernel0]
  /root/miniconda/envs/python310_torch29_cuda/lib/python3.10/site-packages/torch/backends/__init__.py:46: UserWarning: Please use the new API settings to control TF32 behavior, such as torch.backends.cudnn.conv.fp32_precision = 'tf32' or torch.backends.cuda.matmul.fp32_precision = 'ieee'. Old settings, e.g, torch.backends.cuda.matmul.allow_tf32 = True, torch.backends.cudnn.allow_tf32 = True, allowTF32CuDNN() and allowTF32CuBLAS() will be deprecated after Pytorch 2.9. Please see https://pytorch.org/docs/main/notes/cuda.html#tensorfloat-32-tf32-on-ampere-and-later-devices (Triggered internally at /pytorch/aten/src/ATen/Context.cpp:80.)
    self.setter(val)

-- Docs: https://docs.pytest.org/en/stable/how-to/capture-warnings.html
=========================== short test summary info ============================
FAILED test_conv_depthwise2d.py::test_conv_depthwise2d[True-dtype0-dilation0-padding0-stride0-shape_input0-shape_weight0-kernel0]
FAILED test_conv_depthwise2d.py::test_conv_depthwise2d[True-dtype0-dilation0-padding0-stride0-shape_input1-shape_weight1-kernel1]
FAILED test_conv_depthwise2d.py::test_conv_depthwise2d[True-dtype0-dilation0-padding0-stride1-shape_input0-shape_weight0-kernel0]
FAILED test_conv_depthwise2d.py::test_conv_depthwise2d[True-dtype0-dilation0-padding0-stride1-shape_input1-shape_weight1-kernel1]
FAILED test_conv_depthwise2d.py::test_conv_depthwise2d[True-dtype0-dilation0-padding1-stride0-shape_input0-shape_weight0-kernel0]
FAILED test_conv_depthwise2d.py::test_conv_depthwise2d[True-dtype0-dilation0-padding1-stride0-shape_input1-shape_weight1-kernel1]
FAILED test_conv_depthwise2d.py::test_conv_depthwise2d[True-dtype0-dilation0-padding1-stride1-shape_input0-shape_weight0-kernel0]
FAILED test_conv_depthwise2d.py::test_conv_depthwise2d[True-dtype0-dilation0-padding1-stride1-shape_input1-shape_weight1-kernel1]
FAILED test_conv_depthwise2d.py::test_conv_depthwise2d[True-dtype1-dilation0-padding0-stride0-shape_input0-shape_weight0-kernel0]
FAILED test_conv_depthwise2d.py::test_conv_depthwise2d[True-dtype1-dilation0-padding0-stride0-shape_input1-shape_weight1-kernel1]
FAILED test_conv_depthwise2d.py::test_conv_depthwise2d[True-dtype1-dilation0-padding0-stride1-shape_input0-shape_weight0-kernel0]
FAILED test_conv_depthwise2d.py::test_conv_depthwise2d[True-dtype1-dilation0-padding0-stride1-shape_input1-shape_weight1-kernel1]
FAILED test_conv_depthwise2d.py::test_conv_depthwise2d[True-dtype1-dilation0-padding1-stride0-shape_input0-shape_weight0-kernel0]
FAILED test_conv_depthwise2d.py::test_conv_depthwise2d[True-dtype1-dilation0-padding1-stride0-shape_input1-shape_weight1-kernel1]
FAILED test_conv_depthwise2d.py::test_conv_depthwise2d[True-dtype1-dilation0-padding1-stride1-shape_input0-shape_weight0-kernel0]
FAILED test_conv_depthwise2d.py::test_conv_depthwise2d[True-dtype1-dilation0-padding1-stride1-shape_input1-shape_weight1-kernel1]
FAILED test_conv_depthwise2d.py::test_conv_depthwise2d[False-dtype0-dilation0-padding0-stride0-shape_input0-shape_weight0-kernel0]
FAILED test_conv_depthwise2d.py::test_conv_depthwise2d[False-dtype0-dilation0-padding0-stride0-shape_input1-shape_weight1-kernel1]
FAILED test_conv_depthwise2d.py::test_conv_depthwise2d[False-dtype0-dilation0-padding0-stride1-shape_input0-shape_weight0-kernel0]
FAILED test_conv_depthwise2d.py::test_conv_depthwise2d[False-dtype0-dilation0-padding0-stride1-shape_input1-shape_weight1-kernel1]
FAILED test_conv_depthwise2d.py::test_conv_depthwise2d[False-dtype0-dilation0-padding1-stride0-shape_input0-shape_weight0-kernel0]
FAILED test_conv_depthwise2d.py::test_conv_depthwise2d[False-dtype0-dilation0-padding1-stride0-shape_input1-shape_weight1-kernel1]
FAILED test_conv_depthwise2d.py::test_conv_depthwise2d[False-dtype0-dilation0-padding1-stride1-shape_input0-shape_weight0-kernel0]
FAILED test_conv_depthwise2d.py::test_conv_depthwise2d[False-dtype0-dilation0-padding1-stride1-shape_input1-shape_weight1-kernel1]
FAILED test_conv_depthwise2d.py::test_conv_depthwise2d[False-dtype1-dilation0-padding0-stride0-shape_input0-shape_weight0-kernel0]
FAILED test_conv_depthwise2d.py::test_conv_depthwise2d[False-dtype1-dilation0-padding0-stride0-shape_input1-shape_weight1-kernel1]
FAILED test_conv_depthwise2d.py::test_conv_depthwise2d[False-dtype1-dilation0-padding0-stride1-shape_input0-shape_weight0-kernel0]
FAILED test_conv_depthwise2d.py::test_conv_depthwise2d[False-dtype1-dilation0-padding0-stride1-shape_input1-shape_weight1-kernel1]
FAILED test_conv_depthwise2d.py::test_conv_depthwise2d[False-dtype1-dilation0-padding1-stride0-shape_input0-shape_weight0-kernel0]
FAILED test_conv_depthwise2d.py::test_conv_depthwise2d[False-dtype1-dilation0-padding1-stride0-shape_input1-shape_weight1-kernel1]
FAILED test_conv_depthwise2d.py::test_conv_depthwise2d[False-dtype1-dilation0-padding1-stride1-shape_input0-shape_weight0-kernel0]
FAILED test_conv_depthwise2d.py::test_conv_depthwise2d[False-dtype1-dilation0-padding1-stride1-shape_input1-shape_weight1-kernel1]
=============== 32 failed, 51641 deselected, 1 warning in 12.60s ===============
