nohup: ignoring input
XCCL /root/miniconda/envs/python310_torch29_cuda/lib/python3.10/site-packages/torch_xmlir/libbkcl.so loaded
[35mSYMBOL_REWRITE [0m[32mtorch success[0m
[INFO] Test started at ... 2026-07-23 23:05:59
[INFO] PyTorch detected ... 2.9.0+cu129
[INFO] PyTorch CUDA support ... True
[INFO] PyTorch device name ... GPU
[INFO] PyTorch device count ... 8
[INFO] FlagTree (flagtree) detected ... 0.5.1+xpu3.0
[INFO] Triton (triton) detected ... 3.0.0
[INFO] Triton (triton) has Config ... [True]
[INFO] flag_gems detected ... 5.3.1.post1.dev44+gb445d153e
[INFO] flag_gems vendor detection ... kunlunxin
[INFO] flag_gems device detection ... cuda
[INFO] vllm detected ... 0.17.0
[INFO] Testing 820 operators ...
[INFO] Collecting accuracy test marks ...
[INFO] Found accuracy tests for 834 operators
[INFO] Collecting benchmark marks ...
[INFO] Found benchmark tests for 832 operators
[INFO] [23:07:06][GPU  0] accuracy  abs                                      ...
[INFO] [23:07:06][GPU  1] accuracy  abs_                                     ...
[INFO] [23:07:06][GPU  2] accuracy  absolute                                 ...
[INFO] [23:07:06][GPU  3] accuracy  acos                                     ...
[INFO] [23:07:06][GPU  4] accuracy  acosh                                    ...
[INFO] [23:07:06][GPU  5] accuracy  acosh_                                   ...
[INFO] [23:07:06][GPU  6] accuracy  act_quant_triton                         ...
[INFO] [23:07:06][GPU  7] accuracy  adaptive_avg_pool2d                      ...
[INFO] [23:07:28][GPU  0] accuracy  abs                                      [OK         22.0s]  (  0%   0/820 ops)
[INFO] [23:07:28][GPU  0] benchmark abs                                      ...
[INFO] [23:07:29][GPU  1] accuracy  abs_                                     [OK         22.7s]  (  0%   1/820 ops)
[INFO] [23:07:29][GPU  1] benchmark abs_                                     ...
[INFO] [23:07:29][GPU  2] accuracy  absolute                                 [OK         23.3s]  (  0%   1/820 ops)
[INFO] [23:07:29][GPU  2] benchmark absolute                                 ...
[INFO] [23:07:31][GPU  5] accuracy  acosh_                                   [OK         24.7s]  (  0%   2/820 ops)
[INFO] [23:07:31][GPU  5] benchmark acosh_                                   ...
[INFO] [23:07:31][GPU  4] accuracy  acosh                                    [OK         24.8s]  (  0%   2/820 ops)
[INFO] [23:07:31][GPU  4] benchmark acosh                                    ...
[INFO] [23:07:54][GPU  1] benchmark abs_                                     [OK         25.3s]  (  0%   3/820 ops)
[INFO] [23:07:54][GPU  1] accuracy  adaptive_max_pool3d_backward             ...
[INFO] [23:07:54][GPU  0] benchmark abs                                      [OK         26.2s]  (  0%   3/820 ops)
[INFO] [23:07:54][GPU  0] accuracy  add                                      ...
[INFO] [23:07:56][GPU  2] benchmark absolute                                 [OK         26.1s]  (  0%   4/820 ops)
[INFO] [23:07:56][GPU  2] accuracy  add_                                     ...
[INFO] [23:07:58][GPU  5] benchmark acosh_                                   [FAILED     27.1s]  (  0%   4/820 ops)
[INFO] [23:07:58][GPU  5] accuracy  add_rms_norm                             ...
[INFO] [23:07:59][GPU  4] benchmark acosh                                    [FAILED     28.1s]  (  0%   5/820 ops)
[INFO] [23:07:59][GPU  4] accuracy  addcdiv                                  ...
[INFO] [23:08:07][GPU  7] accuracy  adaptive_avg_pool2d                      [FAILED     61.2s]  (  0%   5/820 ops)
[INFO] [23:08:07][GPU  7] benchmark adaptive_avg_pool2d                      ...
[INFO] [23:08:27][GPU  4] accuracy  addcdiv                                  [OK         28.0s]  (  0%   6/820 ops)
[INFO] [23:08:27][GPU  4] benchmark addcdiv                                  ...
[INFO] [23:08:33][GPU  5] accuracy  add_rms_norm                             [FAILED     35.0s]  (  0%   6/820 ops)
[INFO] [23:08:33][GPU  5] benchmark add_rms_norm                             ...
[INFO] [23:08:52][GPU  5] benchmark add_rms_norm                             [FAILED     19.4s]  (  0%   7/820 ops)
[INFO] [23:08:52][GPU  5] accuracy  addcdiv_                                 ...
[INFO] [23:08:59][GPU  4] benchmark addcdiv                                  [OK         32.0s]  (  0%   7/820 ops)
[INFO] [23:08:59][GPU  4] accuracy  addcdiv_out                              ...
[INFO] [23:09:00][GPU  7] benchmark adaptive_avg_pool2d                      [OK         52.7s]  (  0%   8/820 ops)
[INFO] [23:09:00][GPU  7] accuracy  addcmul                                  ...
[INFO] [23:09:05][GPU  2] accuracy  add_                                     [OK         69.2s]  (  0%   8/820 ops)
[INFO] [23:09:05][GPU  2] benchmark add_                                     ...
[INFO] [23:09:12][GPU  0] accuracy  add                                      [OK         78.0s]  (  1%   9/820 ops)
[INFO] [23:09:12][GPU  0] benchmark add                                      ...
[INFO] [23:09:16][GPU  5] accuracy  addcdiv_                                 [OK         23.1s]  (  1%   9/820 ops)
[INFO] [23:09:16][GPU  5] benchmark addcdiv_                                 ...
[INFO] [23:09:21][GPU  4] accuracy  addcdiv_out                              [OK         21.8s]  (  1%  10/820 ops)
[INFO] [23:09:21][GPU  4] benchmark addcdiv_out                              ...
[INFO] [23:09:22][GPU  7] accuracy  addcmul                                  [OK         22.2s]  (  1%  10/820 ops)
[INFO] [23:09:22][GPU  7] benchmark addcmul                                  ...
[INFO] [23:09:31][GPU  2] benchmark add_                                     [OK         26.5s]  (  1%  11/820 ops)
[INFO] [23:09:31][GPU  2] accuracy  addcmul_                                 ...
[INFO] [23:09:39][GPU  0] benchmark add                                      [FAILED     26.6s]  (  1%  11/820 ops)
[INFO] [23:09:39][GPU  0] accuracy  addcmul_out                              ...
[INFO] [23:09:46][GPU  5] benchmark addcdiv_                                 [OK         30.5s]  (  1%  12/820 ops)
[INFO] [23:09:46][GPU  5] accuracy  addmm                                    ...
[INFO] [23:09:50][GPU  7] benchmark addcmul                                  [OK         27.9s]  (  1%  12/820 ops)
[INFO] [23:09:50][GPU  7] accuracy  addmm_                                   ...
[INFO] [23:09:51][GPU  4] benchmark addcdiv_out                              [OK         30.2s]  (  1%  13/820 ops)
[INFO] [23:09:51][GPU  4] accuracy  addmm_dtype                              ...
[INFO] [23:09:53][GPU  2] accuracy  addcmul_                                 [OK         21.3s]  (  1%  13/820 ops)
[INFO] [23:09:53][GPU  2] benchmark addcmul_                                 ...
[INFO] [23:10:00][GPU  0] accuracy  addcmul_out                              [OK         21.4s]  (  1%  14/820 ops)
[INFO] [23:10:00][GPU  0] benchmark addcmul_out                              ...
[INFO] [23:10:13][GPU  4] accuracy  addmm_dtype                              [OK         22.2s]  (  1%  14/820 ops)
[INFO] [23:10:13][GPU  4] benchmark addmm_dtype                              ...
[INFO] [23:10:15][GPU  7] accuracy  addmm_                                   [OK         24.7s]  (  1%  15/820 ops)
[INFO] [23:10:15][GPU  7] benchmark addmm_                                   ...
[INFO] [23:10:24][GPU  2] benchmark addcmul_                                 [OK         31.0s]  (  1%  15/820 ops)
[INFO] [23:10:24][GPU  2] accuracy  addmm_dtype_out                          ...
[INFO] [23:10:28][GPU  0] benchmark addcmul_out                              [OK         27.3s]  (  1%  16/820 ops)
[INFO] [23:10:28][GPU  0] accuracy  addmm_out                                ...
[INFO] [23:10:30][GPU  4] benchmark addmm_dtype                              [FAILED     16.6s]  (  1%  16/820 ops)
[INFO] [23:10:30][GPU  4] accuracy  addmv                                    ...
[INFO] [23:10:46][GPU  2] accuracy  addmm_dtype_out                          [OK         22.1s]  (  2%  17/820 ops)
[INFO] [23:10:46][GPU  2] benchmark addmm_dtype_out                          ...
[INFO] [23:10:50][GPU  5] accuracy  addmm                                    [OK         64.0s]  (  2%  17/820 ops)
[INFO] [23:10:50][GPU  5] benchmark addmm                                    ...
[INFO] [23:10:54][GPU  4] accuracy  addmv                                    [OK         23.8s]  (  2%  18/820 ops)
[INFO] [23:10:54][GPU  4] benchmark addmv                                    ...
[INFO] [23:11:00][GPU  7] benchmark addmm_                                   [OK         45.3s]  (  2%  18/820 ops)
[INFO] [23:11:00][GPU  7] accuracy  addmv_out                                ...
[INFO] [23:11:03][GPU  2] benchmark addmm_dtype_out                          [FAILED     17.0s]  (  2%  19/820 ops)
[INFO] [23:11:03][GPU  2] accuracy  addr                                     ...
[INFO] [23:11:21][GPU  0] accuracy  addmm_out                                [OK         53.2s]  (  2%  19/820 ops)
[INFO] [23:11:21][GPU  0] benchmark addmm_out                                ...
[INFO] [23:11:23][GPU  7] accuracy  addmv_out                                [OK         22.7s]  (  2%  20/820 ops)
[INFO] [23:11:23][GPU  7] benchmark addmv_out                                ...
[INFO] [23:11:24][GPU  2] accuracy  addr                                     [OK         21.0s]  (  2%  20/820 ops)
[INFO] [23:11:24][GPU  2] benchmark addr                                     ...
[INFO] [23:11:55][GPU  4] benchmark addmv                                    [OK         61.2s]  (  2%  21/820 ops)
[INFO] [23:11:55][GPU  4] accuracy  affine_grid_generator                    ...
[INFO] [23:12:05][GPU  7] benchmark addmv_out                                [OK         42.5s]  (  2%  21/820 ops)
[INFO] [23:12:05][GPU  7] accuracy  alias_copy                               ...
[INFO] [23:12:15][GPU  4] accuracy  affine_grid_generator                    [FAILED     19.9s]  (  2%  22/820 ops)
[INFO] [23:12:15][GPU  4] benchmark affine_grid_generator                    ...
[INFO] [23:12:22][GPU  2] benchmark addr                                     [OK         58.4s]  (  2%  22/820 ops)
[INFO] [23:12:22][GPU  2] accuracy  alias_copy_out                           ...
[INFO] [23:12:26][GPU  7] accuracy  alias_copy                               [OK         20.8s]  (  2%  23/820 ops)
[INFO] [23:12:26][GPU  7] benchmark alias_copy                               ...
[INFO] [23:12:37][GPU  4] benchmark affine_grid_generator                    [OK         22.3s]  (  2%  23/820 ops)
[INFO] [23:12:37][GPU  4] accuracy  all                                      ...
[INFO] [23:12:42][GPU  2] accuracy  alias_copy_out                           [NOTFOUND   19.6s]  (  2%  24/820 ops)
[INFO] [23:12:42][GPU  2] benchmark alias_copy_out                           ...
[INFO] [23:12:52][GPU  7] benchmark alias_copy                               [OK         26.0s]  (  2%  24/820 ops)
[INFO] [23:12:52][GPU  7] accuracy  all_dim                                  ...
[INFO] [23:12:59][GPU  4] accuracy  all                                      [OK         21.7s]  (  3%  25/820 ops)
[INFO] [23:12:59][GPU  4] benchmark all                                      ...
[INFO] [23:13:11][GPU  2] benchmark alias_copy_out                           [OK         29.1s]  (  3%  25/820 ops)
[INFO] [23:13:11][GPU  2] accuracy  all_dims                                 ...
[INFO] [23:13:20][GPU  7] accuracy  all_dim                                  [FAILED     28.0s]  (  3%  26/820 ops)
[INFO] [23:13:20][GPU  7] benchmark all_dim                                  ...
[INFO] [23:13:27][GPU  4] benchmark all                                      [OK         28.3s]  (  3%  26/820 ops)
[INFO] [23:13:27][GPU  4] accuracy  allclose                                 ...
[INFO] [23:13:34][GPU  2] accuracy  all_dims                                 [FAILED     22.6s]  (  3%  27/820 ops)
[INFO] [23:13:34][GPU  2] benchmark all_dims                                 ...
[INFO] [23:13:47][GPU  7] benchmark all_dim                                  [OK         27.0s]  (  3%  27/820 ops)
[INFO] [23:13:47][GPU  7] accuracy  alpha_dropout                            ...
[INFO] [23:13:55][GPU  4] accuracy  allclose                                 [OK         28.1s]  (  3%  28/820 ops)
[INFO] [23:13:55][GPU  4] benchmark allclose                                 ...
[INFO] [23:13:58][GPU  2] benchmark all_dims                                 [FAILED     24.0s]  (  3%  28/820 ops)
[INFO] [23:13:58][GPU  2] accuracy  amax                                     ...
[INFO] [23:13:59][GPU  5] benchmark addmm                                    [OK        188.4s]  (  3%  29/820 ops)
[INFO] [23:13:59][GPU  5] accuracy  amin                                     ...
[INFO] [23:14:02][GPU  0] benchmark addmm_out                                [OK        160.9s]  (  3%  29/820 ops)
[INFO] [23:14:02][GPU  0] accuracy  amin_                                    ...
[INFO] [23:14:11][GPU  7] accuracy  alpha_dropout                            [OK         24.0s]  (  3%  30/820 ops)
[INFO] [23:14:11][GPU  7] benchmark alpha_dropout                            ...
[INFO] [23:14:19][GPU  2] accuracy  amax                                     [FAILED     21.8s]  (  3%  30/820 ops)
[INFO] [23:14:19][GPU  2] benchmark amax                                     ...
[INFO] [23:14:21][GPU  5] accuracy  amin                                     [FAILED     22.7s]  (  3%  31/820 ops)
[INFO] [23:14:21][GPU  5] benchmark amin                                     ...
[INFO] [23:14:25][GPU  0] accuracy  amin_                                    [FAILED     22.7s]  (  3%  31/820 ops)
[INFO] [23:14:25][GPU  0] benchmark amin_                                    ...
[INFO] [23:14:44][GPU  4] benchmark allclose                                 [OK         48.3s]  (  3%  32/820 ops)
[INFO] [23:14:44][GPU  4] accuracy  aminmax                                  ...
[INFO] [23:14:46][GPU  2] benchmark amax                                     [OK         26.7s]  (  3%  32/820 ops)
[INFO] [23:14:46][GPU  2] accuracy  amp_foreach_non_finite_check_and_unsc... ...
[INFO] [23:14:51][GPU  5] benchmark amin                                     [OK         29.3s]  (  4%  33/820 ops)
[INFO] [23:14:51][GPU  5] accuracy  and_scalar                               ...
[INFO] [23:14:54][GPU  7] benchmark alpha_dropout                            [OK         42.8s]  (  4%  33/820 ops)
[INFO] [23:14:54][GPU  7] accuracy  and_tensor                               ...
[INFO] [23:14:55][GPU  0] benchmark amin_                                    [OK         30.0s]  (  4%  34/820 ops)
[INFO] [23:14:55][GPU  0] accuracy  angle                                    ...
[INFO] [23:15:06][GPU  4] accuracy  aminmax                                  [FAILED     22.1s]  (  4%  34/820 ops)
[INFO] [23:15:06][GPU  4] benchmark aminmax                                  ...
[INFO] [23:15:07][GPU  2] accuracy  amp_foreach_non_finite_check_and_unsc... [FAILED     21.0s]  (  4%  35/820 ops)
[INFO] [23:15:07][GPU  2] benchmark amp_foreach_non_finite_check_and_unsc... ...
[INFO] [23:15:11][GPU  5] accuracy  and_scalar                               [NOTFOUND   19.9s]  (  4%  35/820 ops)
[INFO] [23:15:11][GPU  5] benchmark and_scalar                               ...
[INFO] [23:15:14][GPU  7] accuracy  and_tensor                               [NOTFOUND   20.2s]  (  4%  36/820 ops)
[INFO] [23:15:14][GPU  7] benchmark and_tensor                               ...
[INFO] [23:15:18][GPU  0] accuracy  angle                                    [OK         23.1s]  (  4%  36/820 ops)
[INFO] [23:15:18][GPU  0] benchmark angle                                    ...
[INFO] [23:15:27][GPU  5] benchmark and_scalar                               [NOTFOUND   16.7s]  (  4%  37/820 ops)
[INFO] [23:15:27][GPU  5] accuracy  any                                      ...
[INFO] [23:15:28][GPU  4] benchmark aminmax                                  [FAILED     22.5s]  (  4%  37/820 ops)
[INFO] [23:15:28][GPU  4] accuracy  any_dim                                  ...
[INFO] [23:15:31][GPU  7] benchmark and_tensor                               [NOTFOUND   16.5s]  (  4%  38/820 ops)
[INFO] [23:15:31][GPU  7] accuracy  any_dims                                 ...
[INFO] [23:15:37][GPU  2] benchmark amp_foreach_non_finite_check_and_unsc... [OK         29.5s]  (  4%  38/820 ops)
[INFO] [23:15:37][GPU  2] accuracy  apply_repetition_penalties               ...
[INFO] [23:15:49][GPU  5] accuracy  any                                      [OK         21.9s]  (  4%  39/820 ops)
[INFO] [23:15:49][GPU  5] benchmark any                                      ...
[INFO] [23:15:54][GPU  7] accuracy  any_dims                                 [FAILED     23.0s]  (  4%  39/820 ops)
[INFO] [23:15:54][GPU  7] benchmark any_dims                                 ...
[INFO] [23:15:59][GPU  0] benchmark angle                                    [OK         40.8s]  (  4%  40/820 ops)
[INFO] [23:15:59][GPU  0] accuracy  apply_rotary_pos_emb                     ...
[INFO] [23:16:01][GPU  2] accuracy  apply_repetition_penalties               [OK         24.5s]  (  4%  40/820 ops)
[INFO] [23:16:01][GPU  2] benchmark apply_repetition_penalties               ...
[INFO] [23:16:01][GPU  4] accuracy  any_dim                                  [FAILED     33.0s]  (  5%  41/820 ops)
[INFO] [23:16:01][GPU  4] benchmark any_dim                                  ...
[INFO] [23:16:16][GPU  7] benchmark any_dims                                 [FAILED     22.4s]  (  5%  41/820 ops)
[INFO] [23:16:16][GPU  7] accuracy  arange                                   ...
[INFO] [23:16:17][GPU  2] benchmark apply_repetition_penalties               [SKIPPED    16.2s]  (  5%  42/820 ops)
[INFO] [23:16:17][GPU  2] accuracy  arange_start                             ...
[INFO] [23:16:19][GPU  0] accuracy  apply_rotary_pos_emb                     [OK         20.8s]  (  5%  42/820 ops)
[INFO] [23:16:19][GPU  0] benchmark apply_rotary_pos_emb                     ...
[INFO] [23:16:21][GPU  5] benchmark any                                      [OK         32.1s]  (  5%  43/820 ops)
[INFO] [23:16:21][GPU  5] accuracy  arange_start_step                        ...
[INFO] [23:16:33][GPU  4] benchmark any_dim                                  [OK         31.8s]  (  5%  43/820 ops)
[INFO] [23:16:33][GPU  4] accuracy  arccos                                   ...
[INFO] [23:16:37][GPU  7] accuracy  arange                                   [OK         21.0s]  (  5%  44/820 ops)
[INFO] [23:16:37][GPU  7] benchmark arange                                   ...
[INFO] [23:16:40][GPU  2] accuracy  arange_start                             [OK         23.0s]  (  5%  44/820 ops)
[INFO] [23:16:40][GPU  2] benchmark arange_start                             ...
[INFO] [23:16:44][GPU  5] accuracy  arange_start_step                        [OK         22.9s]  (  5%  45/820 ops)
[INFO] [23:16:44][GPU  5] benchmark arange_start_step                        ...
[INFO] [23:16:55][GPU  4] accuracy  arccos                                   [FAILED     21.6s]  (  5%  45/820 ops)
[INFO] [23:16:55][GPU  4] benchmark arccos                                   ...
[INFO] [23:16:56][GPU  0] benchmark apply_rotary_pos_emb                     [OK         36.5s]  (  5%  46/820 ops)
[INFO] [23:16:56][GPU  0] accuracy  arccos_                                  ...
[INFO] [23:17:04][GPU  7] benchmark arange                                   [OK         26.4s]  (  5%  46/820 ops)
[INFO] [23:17:04][GPU  7] accuracy  arcsin                                   ...
[INFO] [23:17:07][GPU  2] benchmark arange_start                             [OK         26.8s]  (  5%  47/820 ops)
[INFO] [23:17:07][GPU  2] accuracy  arcsin_                                  ...
[INFO] [23:17:11][GPU  5] benchmark arange_start_step                        [OK         26.9s]  (  5%  47/820 ops)
[INFO] [23:17:11][GPU  5] accuracy  arcsin_out                               ...
[INFO] [23:17:16][GPU  3] accuracy  acos                                     [TIMEOUT   610.0s]  (  5%  48/820 ops)
[INFO] [23:17:16][GPU  3] benchmark acos                                     ...
[INFO] [23:17:16][GPU  6] accuracy  act_quant_triton                         [TIMEOUT   610.0s]  (  5%  48/820 ops)
[INFO] [23:17:16][GPU  6] benchmark act_quant_triton                         ...
[INFO] [23:17:20][GPU  0] accuracy  arccos_                                  [FAILED     24.5s]  (  5%  49/820 ops)
[INFO] [23:17:20][GPU  0] benchmark arccos_                                  ...
[INFO] [23:17:28][GPU  7] accuracy  arcsin                                   [FAILED     24.3s]  (  5%  49/820 ops)
[INFO] [23:17:28][GPU  7] benchmark arcsin                                   ...
[INFO] [23:17:29][GPU  4] benchmark arccos                                   [OK         34.2s]  (  6%  50/820 ops)
[INFO] [23:17:29][GPU  4] accuracy  arcsinh                                  ...
[INFO] [23:17:34][GPU  2] accuracy  arcsin_                                  [FAILED     26.8s]  (  6%  50/820 ops)
[INFO] [23:17:34][GPU  2] benchmark arcsin_                                  ...
[INFO] [23:17:34][GPU  5] accuracy  arcsin_out                               [FAILED     23.2s]  (  6%  51/820 ops)
[INFO] [23:17:34][GPU  5] benchmark arcsin_out                               ...
[INFO] [23:17:35][GPU  6] benchmark act_quant_triton                         [SKIPPED    19.1s]  (  6%  51/820 ops)
[INFO] [23:17:35][GPU  6] accuracy  arcsinh_                                 ...
[INFO] [23:17:51][GPU  4] accuracy  arcsinh                                  [OK         21.7s]  (  6%  52/820 ops)
[INFO] [23:17:51][GPU  4] benchmark arcsinh                                  ...
[INFO] [23:17:52][GPU  0] benchmark arccos_                                  [OK         31.6s]  (  6%  52/820 ops)
[INFO] [23:17:52][GPU  0] accuracy  arcsinh_out                              ...
[INFO] [23:18:00][GPU  7] benchmark arcsin                                   [OK         31.6s]  (  6%  53/820 ops)
[INFO] [23:18:00][GPU  7] accuracy  arctan                                   ...
[INFO] [23:18:04][GPU  1] accuracy  adaptive_max_pool3d_backward             [TIMEOUT   610.0s]  (  6%  53/820 ops)
[INFO] [23:18:04][GPU  1] benchmark adaptive_max_pool3d_backward             ...
[INFO] [23:18:07][GPU  5] benchmark arcsin_out                               [OK         32.2s]  (  6%  54/820 ops)
[INFO] [23:18:07][GPU  5] accuracy  arctan_                                  ...
[INFO] [23:18:07][GPU  2] benchmark arcsin_                                  [OK         32.7s]  (  6%  54/820 ops)
[INFO] [23:18:07][GPU  2] accuracy  arctanh_                                 ...
[INFO] [23:18:13][GPU  0] accuracy  arcsinh_out                              [OK         21.4s]  (  6%  55/820 ops)
[INFO] [23:18:13][GPU  0] benchmark arcsinh_out                              ...
[INFO] [23:18:18][GPU  4] benchmark arcsinh                                  [FAILED     27.6s]  (  6%  55/820 ops)
[INFO] [23:18:18][GPU  4] accuracy  argmax                                   ...
[INFO] [23:18:21][GPU  7] accuracy  arctan                                   [OK         21.3s]  (  6%  56/820 ops)
[INFO] [23:18:21][GPU  7] benchmark arctan                                   ...
[INFO] [23:18:28][GPU  5] accuracy  arctan_                                  [OK         20.9s]  (  6%  56/820 ops)
[INFO] [23:18:28][GPU  5] benchmark arctan_                                  ...
[INFO] [23:18:29][GPU  2] accuracy  arctanh_                                 [OK         22.5s]  (  6%  57/820 ops)
[INFO] [23:18:29][GPU  2] benchmark arctanh_                                 ...
[INFO] [23:18:41][GPU  0] benchmark arcsinh_out                              [FAILED     28.0s]  (  6%  57/820 ops)
[INFO] [23:18:41][GPU  0] accuracy  argmin                                   ...
[INFO] [23:18:48][GPU  4] accuracy  argmax                                   [OK         29.4s]  (  7%  58/820 ops)
[INFO] [23:18:48][GPU  4] benchmark argmax                                   ...
[INFO] [23:18:53][GPU  7] benchmark arctan                                   [OK         32.1s]  (  7%  58/820 ops)
[INFO] [23:18:53][GPU  7] accuracy  argsort                                  ...
[INFO] [23:18:57][GPU  2] benchmark arctanh_                                 [FAILED     28.0s]  (  7%  59/820 ops)
[INFO] [23:18:57][GPU  2] accuracy  as_strided_copy                          ...
[INFO] [23:18:59][GPU  5] benchmark arctan_                                  [OK         31.9s]  (  7%  59/820 ops)
[INFO] [23:18:59][GPU  5] accuracy  as_strided_copy_out                      ...
[INFO] [23:19:17][GPU  4] benchmark argmax                                   [OK         29.4s]  (  7%  60/820 ops)
[INFO] [23:19:17][GPU  4] accuracy  asin                                     ...
[INFO] [23:19:19][GPU  2] accuracy  as_strided_copy                          [OK         21.4s]  (  7%  60/820 ops)
[INFO] [23:19:19][GPU  2] benchmark as_strided_copy                          ...
[INFO] [23:19:21][GPU  0] accuracy  argmin                                   [OK         39.7s]  (  7%  61/820 ops)
[INFO] [23:19:21][GPU  0] benchmark argmin                                   ...
[INFO] [23:19:21][GPU  5] accuracy  as_strided_copy_out                      [OK         21.7s]  (  7%  61/820 ops)
[INFO] [23:19:21][GPU  5] benchmark as_strided_copy_out                      ...
[INFO] [23:19:36][GPU  7] accuracy  argsort                                  [OK         42.5s]  (  7%  62/820 ops)
[INFO] [23:19:36][GPU  7] benchmark argsort                                  ...
[INFO] [23:19:39][GPU  4] accuracy  asin                                     [FAILED     22.1s]  (  7%  62/820 ops)
[INFO] [23:19:39][GPU  4] benchmark asin                                     ...
[INFO] [23:19:50][GPU  2] benchmark as_strided_copy                          [NOTFOUND   31.3s]  (  7%  63/820 ops)
[INFO] [23:19:50][GPU  2] accuracy  asin_                                    ...
[INFO] [23:19:50][GPU  0] benchmark argmin                                   [OK         29.2s]  (  7%  63/820 ops)
[INFO] [23:19:50][GPU  0] accuracy  asinh                                    ...
[INFO] [23:19:52][GPU  7] benchmark argsort                                  [NOTFOUND   16.7s]  (  7%  64/820 ops)
[INFO] [23:19:52][GPU  7] accuracy  asinh_                                   ...
[INFO] [23:19:55][GPU  5] benchmark as_strided_copy_out                      [NOTFOUND   33.4s]  (  7%  64/820 ops)
[INFO] [23:19:55][GPU  5] accuracy  assert_async                             ...
[INFO] [23:20:11][GPU  4] benchmark asin                                     [OK         31.8s]  (  7%  65/820 ops)
[INFO] [23:20:11][GPU  4] accuracy  atan                                     ...
[INFO] [23:20:16][GPU  2] accuracy  asin_                                    [FAILED     25.9s]  (  7%  65/820 ops)
[INFO] [23:20:16][GPU  2] benchmark asin_                                    ...
[INFO] [23:20:17][GPU  5] accuracy  assert_async                             [OK         22.4s]  (  8%  66/820 ops)
[INFO] [23:20:17][GPU  5] benchmark assert_async                             ...
[INFO] [23:20:17][GPU  0] accuracy  asinh                                    [OK         27.0s]  (  8%  66/820 ops)
[INFO] [23:20:17][GPU  0] benchmark asinh                                    ...
[INFO] [23:20:17][GPU  7] accuracy  asinh_                                   [OK         25.1s]  (  8%  67/820 ops)
[INFO] [23:20:17][GPU  7] benchmark asinh_                                   ...
[INFO] [23:20:32][GPU  4] accuracy  atan                                     [OK         21.0s]  (  8%  67/820 ops)
[INFO] [23:20:32][GPU  4] benchmark atan                                     ...
[INFO] [23:20:45][GPU  7] benchmark asinh_                                   [FAILED     27.6s]  (  8%  68/820 ops)
[INFO] [23:20:45][GPU  7] accuracy  atan2                                    ...
[INFO] [23:20:46][GPU  5] benchmark assert_async                             [OK         28.8s]  (  8%  68/820 ops)
[INFO] [23:20:46][GPU  5] accuracy  atan2_out                                ...
[INFO] [23:20:46][GPU  0] benchmark asinh                                    [FAILED     28.7s]  (  8%  69/820 ops)
[INFO] [23:20:46][GPU  0] accuracy  atan_                                    ...
[INFO] [23:20:47][GPU  2] benchmark asin_                                    [OK         31.5s]  (  8%  69/820 ops)
[INFO] [23:20:47][GPU  2] accuracy  atanh                                    ...
[INFO] [23:21:04][GPU  4] benchmark atan                                     [OK         32.5s]  (  8%  70/820 ops)
[INFO] [23:21:04][GPU  4] accuracy  atanh_                                   ...
[INFO] [23:21:07][GPU  7] accuracy  atan2                                    [FAILED     22.3s]  (  8%  70/820 ops)
[INFO] [23:21:07][GPU  7] benchmark atan2                                    ...
[INFO] [23:21:08][GPU  5] accuracy  atan2_out                                [FAILED     22.6s]  (  8%  71/820 ops)
[INFO] [23:21:08][GPU  5] benchmark atan2_out                                ...
[INFO] [23:21:09][GPU  0] accuracy  atan_                                    [OK         23.2s]  (  8%  71/820 ops)
[INFO] [23:21:09][GPU  0] benchmark atan_                                    ...
[INFO] [23:21:09][GPU  2] accuracy  atanh                                    [OK         22.0s]  (  8%  72/820 ops)
[INFO] [23:21:09][GPU  2] benchmark atanh                                    ...
[INFO] [23:21:24][GPU  4] accuracy  atanh_                                   [FAILED     19.9s]  (  8%  72/820 ops)
[INFO] [23:21:24][GPU  4] benchmark atanh_                                   ...
[INFO] [23:21:38][GPU  2] benchmark atanh                                    [FAILED     28.2s]  (  8%  73/820 ops)
[INFO] [23:21:38][GPU  2] accuracy  avg_pool2d                               ...
[INFO] [23:21:41][GPU  0] benchmark atan_                                    [OK         31.4s]  (  8%  73/820 ops)
[INFO] [23:21:41][GPU  0] accuracy  avg_pool2d_backward                      ...
[INFO] [23:21:41][GPU  7] benchmark atan2                                    [OK         33.7s]  (  9%  74/820 ops)
[INFO] [23:21:41][GPU  7] accuracy  avg_pool3d                               ...
[INFO] [23:21:41][GPU  5] benchmark atan2_out                                [OK         33.1s]  (  9%  74/820 ops)
[INFO] [23:21:41][GPU  5] accuracy  avg_pool3d_backward                      ...
[INFO] [23:21:51][GPU  4] benchmark atanh_                                   [FAILED     26.3s]  (  9%  75/820 ops)
[INFO] [23:21:51][GPU  4] accuracy  baddbmm                                  ...
[INFO] [23:22:00][GPU  2] accuracy  avg_pool2d                               [OK         22.5s]  (  9%  75/820 ops)
[INFO] [23:22:00][GPU  2] benchmark avg_pool2d                               ...
[INFO] [23:22:07][GPU  0] accuracy  avg_pool2d_backward                      [FAILED     25.8s]  (  9%  76/820 ops)
[INFO] [23:22:07][GPU  0] benchmark avg_pool2d_backward                      ...
[INFO] [23:22:14][GPU  7] accuracy  avg_pool3d                               [FAILED     33.2s]  (  9%  76/820 ops)
[INFO] [23:22:14][GPU  7] benchmark avg_pool3d                               ...
[INFO] [23:22:16][GPU  5] accuracy  avg_pool3d_backward                      [FAILED     35.0s]  (  9%  77/820 ops)
[INFO] [23:22:16][GPU  5] benchmark avg_pool3d_backward                      ...
[INFO] [23:22:32][GPU  7] benchmark avg_pool3d                               [FAILED     17.6s]  (  9%  77/820 ops)
[INFO] [23:22:32][GPU  7] accuracy  baddbmm_out                              ...
[INFO] [23:22:32][GPU  2] benchmark avg_pool2d                               [OK         31.7s]  (  9%  78/820 ops)
[INFO] [23:22:32][GPU  2] accuracy  batch_norm                               ...
[INFO] [23:22:35][GPU  5] benchmark avg_pool3d_backward                      [FAILED     18.3s]  (  9%  78/820 ops)
[INFO] [23:22:35][GPU  5] accuracy  batch_norm_backward                      ...
[INFO] [23:22:55][GPU  7] accuracy  baddbmm_out                              [FAILED     23.1s]  (  9%  79/820 ops)
[INFO] [23:22:55][GPU  7] benchmark baddbmm_out                              ...
[INFO] [23:22:57][GPU  2] accuracy  batch_norm                               [FAILED     24.9s]  (  9%  79/820 ops)
[INFO] [23:22:57][GPU  2] benchmark batch_norm                               ...
[INFO] [23:22:58][GPU  0] benchmark avg_pool2d_backward                      [OK         51.9s]  (  9%  80/820 ops)
[INFO] [23:22:58][GPU  0] accuracy  batch_norm_no_update                     ...
[INFO] [23:23:00][GPU  5] accuracy  batch_norm_backward                      [FAILED     24.8s]  (  9%  80/820 ops)
[INFO] [23:23:00][GPU  5] benchmark batch_norm_backward                      ...
[INFO] [23:23:11][GPU  4] accuracy  baddbmm                                  [OK         80.6s]  (  9%  81/820 ops)
[INFO] [23:23:11][GPU  4] benchmark baddbmm                                  ...
[INFO] [23:23:14][GPU  7] benchmark baddbmm_out                              [NOTFOUND   19.5s]  (  9%  81/820 ops)
[INFO] [23:23:14][GPU  7] accuracy  beam_search_score                        ...
[INFO] [23:23:30][GPU  2] benchmark batch_norm                               [OK         33.9s]  ( 10%  82/820 ops)
[INFO] [23:23:31][GPU  2] accuracy  beam_search_score_                       ...
[INFO] [23:23:31][GPU  4] benchmark baddbmm                                  [NOTFOUND   19.7s]  ( 10%  82/820 ops)
[INFO] [23:23:31][GPU  4] accuracy  bernoulli                                ...
[INFO] [23:23:31][GPU  0] accuracy  batch_norm_no_update                     [FAILED     33.0s]  ( 10%  83/820 ops)
[INFO] [23:23:31][GPU  0] benchmark batch_norm_no_update                     ...
[INFO] [23:23:34][GPU  5] benchmark batch_norm_backward                      [OK         34.2s]  ( 10%  83/820 ops)
[INFO] [23:23:34][GPU  5] accuracy  bernoulli_                               ...
[INFO] [23:23:36][GPU  7] accuracy  beam_search_score                        [OK         21.4s]  ( 10%  84/820 ops)
[INFO] [23:23:36][GPU  7] benchmark beam_search_score                        ...
[INFO] [23:23:49][GPU  0] benchmark batch_norm_no_update                     [FAILED     17.4s]  ( 10%  84/820 ops)
[INFO] [23:23:49][GPU  0] accuracy  bf16_paged_mqa_logits                    ...
[INFO] [23:23:52][GPU  2] accuracy  beam_search_score_                       [OK         21.1s]  ( 10%  85/820 ops)
[INFO] [23:23:52][GPU  2] benchmark beam_search_score_                       ...
[INFO] [23:23:54][GPU  5] accuracy  bernoulli_                               [OK         20.4s]  ( 10%  85/820 ops)
[INFO] [23:23:54][GPU  5] benchmark bernoulli_                               ...
[INFO] [23:23:57][GPU  4] accuracy  bernoulli                                [OK         25.9s]  ( 10%  86/820 ops)
[INFO] [23:23:57][GPU  4] benchmark bernoulli                                ...
[INFO] [23:24:07][GPU  0] accuracy  bf16_paged_mqa_logits                    [ERROR      18.5s]  ( 10%  86/820 ops)
[INFO] [23:24:07][GPU  0] benchmark bf16_paged_mqa_logits                    ...
[INFO] [23:24:12][GPU  7] benchmark beam_search_score                        [OK         36.1s]  ( 10%  87/820 ops)
[INFO] [23:24:12][GPU  7] accuracy  binary_cross_entropy_with_logits         ...
[INFO] [23:24:24][GPU  0] benchmark bf16_paged_mqa_logits                    [NOTFOUND   16.7s]  ( 10%  87/820 ops)
[INFO] [23:24:24][GPU  0] accuracy  bincount                                 ...
[INFO] [23:24:27][GPU  2] benchmark beam_search_score_                       [OK         35.7s]  ( 10%  88/820 ops)
[INFO] [23:24:27][GPU  2] accuracy  bitwise_and_scalar                       ...
[INFO] [23:24:28][GPU  5] benchmark bernoulli_                               [OK         33.5s]  ( 10%  88/820 ops)
[INFO] [23:24:28][GPU  5] accuracy  bitwise_and_scalar_                      ...
[INFO] [23:24:41][GPU  4] benchmark bernoulli                                [OK         44.2s]  ( 10%  89/820 ops)
[INFO] [23:24:41][GPU  4] accuracy  bitwise_and_scalar_tensor                ...
[INFO] [23:24:47][GPU  7] accuracy  binary_cross_entropy_with_logits         [FAILED     34.7s]  ( 10%  89/820 ops)
[INFO] [23:24:47][GPU  7] benchmark binary_cross_entropy_with_logits         ...
[INFO] [23:24:49][GPU  2] accuracy  bitwise_and_scalar                       [OK         21.6s]  ( 10%  90/820 ops)
[INFO] [23:24:49][GPU  2] benchmark bitwise_and_scalar                       ...
[INFO] [23:24:49][GPU  5] accuracy  bitwise_and_scalar_                      [OK         21.7s]  ( 10%  90/820 ops)
[INFO] [23:24:49][GPU  5] benchmark bitwise_and_scalar_                      ...
[INFO] [23:24:51][GPU  0] accuracy  bincount                                 [OK         26.5s]  ( 11%  91/820 ops)
[INFO] [23:24:51][GPU  0] benchmark bincount                                 ...
[INFO] [23:25:02][GPU  4] accuracy  bitwise_and_scalar_tensor                [OK         21.5s]  ( 11%  91/820 ops)
[INFO] [23:25:02][GPU  4] benchmark bitwise_and_scalar_tensor                ...
[INFO] [23:25:16][GPU  5] benchmark bitwise_and_scalar_                      [OK         26.9s]  ( 11%  92/820 ops)
[INFO] [23:25:16][GPU  5] accuracy  bitwise_and_tensor                       ...
[INFO] [23:25:19][GPU  2] benchmark bitwise_and_scalar                       [OK         29.7s]  ( 11%  92/820 ops)
[INFO] [23:25:19][GPU  2] accuracy  bitwise_and_tensor_                      ...
[INFO] [23:25:19][GPU  4] benchmark bitwise_and_scalar_tensor                [FAILED     16.6s]  ( 11%  93/820 ops)
[INFO] [23:25:19][GPU  4] accuracy  bitwise_left_shift                       ...
[INFO] [23:25:23][GPU  7] benchmark binary_cross_entropy_with_logits         [OK         36.2s]  ( 11%  93/820 ops)
[INFO] [23:25:23][GPU  7] accuracy  bitwise_left_shift_                      ...
[INFO] [23:25:37][GPU  5] accuracy  bitwise_and_tensor                       [OK         21.2s]  ( 11%  94/820 ops)
[INFO] [23:25:37][GPU  5] benchmark bitwise_and_tensor                       ...
[INFO] [23:25:41][GPU  4] accuracy  bitwise_left_shift                       [OK         21.4s]  ( 11%  94/820 ops)
[INFO] [23:25:41][GPU  4] benchmark bitwise_left_shift                       ...
[INFO] [23:25:41][GPU  2] accuracy  bitwise_and_tensor_                      [OK         22.1s]  ( 11%  95/820 ops)
[INFO] [23:25:41][GPU  2] benchmark bitwise_and_tensor_                      ...
[INFO] [23:25:44][GPU  7] accuracy  bitwise_left_shift_                      [OK         21.1s]  ( 11%  95/820 ops)
[INFO] [23:25:44][GPU  7] benchmark bitwise_left_shift_                      ...
[INFO] [23:25:50][GPU  0] benchmark bincount                                 [FAILED     59.5s]  ( 11%  96/820 ops)
[INFO] [23:25:50][GPU  0] accuracy  bitwise_not                              ...
[INFO] [23:26:05][GPU  5] benchmark bitwise_and_tensor                       [OK         27.6s]  ( 11%  96/820 ops)
[INFO] [23:26:05][GPU  5] accuracy  bitwise_not_                             ...
[INFO] [23:26:07][GPU  2] benchmark bitwise_and_tensor_                      [OK         26.4s]  ( 11%  97/820 ops)
[INFO] [23:26:07][GPU  2] accuracy  bitwise_or_scalar                        ...
[INFO] [23:26:14][GPU  0] accuracy  bitwise_not                              [FAILED     23.6s]  ( 11%  97/820 ops)
[INFO] [23:26:14][GPU  0] benchmark bitwise_not                              ...
[INFO] [23:26:14][GPU  4] benchmark bitwise_left_shift                       [OK         33.7s]  ( 11%  98/820 ops)
[INFO] [23:26:14][GPU  4] accuracy  bitwise_or_scalar_                       ...
[INFO] [23:26:18][GPU  7] benchmark bitwise_left_shift_                      [OK         33.6s]  ( 11%  98/820 ops)
[INFO] [23:26:18][GPU  7] accuracy  bitwise_or_scalar_tensor                 ...
[INFO] [23:26:28][GPU  2] accuracy  bitwise_or_scalar                        [OK         21.1s]  ( 12%  99/820 ops)
[INFO] [23:26:28][GPU  2] benchmark bitwise_or_scalar                        ...
[INFO] [23:26:29][GPU  5] accuracy  bitwise_not_                             [FAILED     23.9s]  ( 12%  99/820 ops)
[INFO] [23:26:29][GPU  5] benchmark bitwise_not_                             ...
[INFO] [23:26:31][GPU  0] benchmark bitwise_not                              [FAILED     17.6s]  ( 12% 100/820 ops)
[INFO] [23:26:31][GPU  0] accuracy  bitwise_or_tensor                        ...
[INFO] [23:26:35][GPU  4] accuracy  bitwise_or_scalar_                       [OK         21.3s]  ( 12% 100/820 ops)
[INFO] [23:26:35][GPU  4] benchmark bitwise_or_scalar_                       ...
[INFO] [23:26:39][GPU  7] accuracy  bitwise_or_scalar_tensor                 [OK         21.5s]  ( 12% 101/820 ops)
[INFO] [23:26:39][GPU  7] benchmark bitwise_or_scalar_tensor                 ...
[INFO] [23:26:46][GPU  5] benchmark bitwise_not_                             [FAILED     17.4s]  ( 12% 101/820 ops)
[INFO] [23:26:46][GPU  5] accuracy  bitwise_or_tensor_                       ...
[INFO] [23:26:53][GPU  0] accuracy  bitwise_or_tensor                        [OK         21.4s]  ( 12% 102/820 ops)
[INFO] [23:26:53][GPU  0] benchmark bitwise_or_tensor                        ...
[INFO] [23:26:56][GPU  7] benchmark bitwise_or_scalar_tensor                 [FAILED     16.5s]  ( 12% 102/820 ops)
[INFO] [23:26:56][GPU  7] accuracy  bitwise_right_shift                      ...
[INFO] [23:26:56][GPU  2] benchmark bitwise_or_scalar                        [OK         27.8s]  ( 12% 103/820 ops)
[INFO] [23:26:56][GPU  2] accuracy  bitwise_right_shift_                     ...
[INFO] [23:27:02][GPU  4] benchmark bitwise_or_scalar_                       [OK         26.8s]  ( 12% 103/820 ops)
[INFO] [23:27:02][GPU  4] accuracy  bitwise_xor_scalar                       ...
[INFO] [23:27:07][GPU  5] accuracy  bitwise_or_tensor_                       [OK         21.1s]  ( 12% 104/820 ops)
[INFO] [23:27:07][GPU  5] benchmark bitwise_or_tensor_                       ...
[INFO] [23:27:19][GPU  2] accuracy  bitwise_right_shift_                     [OK         22.7s]  ( 12% 104/820 ops)
[INFO] [23:27:19][GPU  2] benchmark bitwise_right_shift_                     ...
[INFO] [23:27:19][GPU  7] accuracy  bitwise_right_shift                      [OK         23.4s]  ( 12% 105/820 ops)
[INFO] [23:27:19][GPU  7] benchmark bitwise_right_shift                      ...
[INFO] [23:27:21][GPU  0] benchmark bitwise_or_tensor                        [OK         28.0s]  ( 12% 105/820 ops)
[INFO] [23:27:21][GPU  0] accuracy  bitwise_xor_scalar_                      ...
[INFO] [23:27:24][GPU  4] accuracy  bitwise_xor_scalar                       [OK         21.2s]  ( 12% 106/820 ops)
[INFO] [23:27:24][GPU  4] benchmark bitwise_xor_scalar                       ...
[INFO] [23:27:26][GPU  3] benchmark acos                                     [TIMEOUT   610.0s]  ( 12% 106/820 ops)
[INFO] [23:27:26][GPU  3] accuracy  bitwise_xor_scalar_tensor                ...
[INFO] [23:27:37][GPU  5] benchmark bitwise_or_tensor_                       [OK         30.0s]  ( 13% 107/820 ops)
[INFO] [23:27:37][GPU  5] accuracy  bitwise_xor_tensor                       ...
[INFO] [23:27:42][GPU  0] accuracy  bitwise_xor_scalar_                      [OK         21.1s]  ( 13% 107/820 ops)
[INFO] [23:27:42][GPU  0] benchmark bitwise_xor_scalar_                      ...
[INFO] [23:27:45][GPU  7] benchmark bitwise_right_shift                      [OK         25.8s]  ( 13% 108/820 ops)
[INFO] [23:27:45][GPU  7] accuracy  bitwise_xor_tensor_                      ...
[INFO] [23:27:45][GPU  6] accuracy  arcsinh_                                 [TIMEOUT   610.0s]  ( 13% 108/820 ops)
[INFO] [23:27:45][GPU  6] benchmark arcsinh_                                 ...
[INFO] [23:27:45][GPU  2] benchmark bitwise_right_shift_                     [OK         26.6s]  ( 13% 109/820 ops)
[INFO] [23:27:45][GPU  2] accuracy  bmm                                      ...
[INFO] [23:27:57][GPU  4] benchmark bitwise_xor_scalar                       [OK         33.6s]  ( 13% 109/820 ops)
[INFO] [23:27:57][GPU  4] accuracy  bmm_out                                  ...
[INFO] [23:27:59][GPU  5] accuracy  bitwise_xor_tensor                       [OK         21.4s]  ( 13% 110/820 ops)
[INFO] [23:27:59][GPU  5] benchmark bitwise_xor_tensor                       ...
[INFO] [23:28:06][GPU  7] accuracy  bitwise_xor_tensor_                      [OK         21.2s]  ( 13% 110/820 ops)
[INFO] [23:28:06][GPU  7] benchmark bitwise_xor_tensor_                      ...
[INFO] [23:28:13][GPU  0] benchmark bitwise_xor_scalar_                      [OK         31.0s]  ( 13% 111/820 ops)
[INFO] [23:28:13][GPU  0] accuracy  broadcast_tensors                        ...
[INFO] [23:28:14][GPU  1] benchmark adaptive_max_pool3d_backward             [TIMEOUT   610.0s]  ( 13% 111/820 ops)
[INFO] [23:28:14][GPU  1] accuracy  broadcast_to                             ...
[INFO] [23:28:32][GPU  5] benchmark bitwise_xor_tensor                       [OK         32.7s]  ( 13% 112/820 ops)
[INFO] [23:28:32][GPU  5] accuracy  bucket_sort_topk                         ...
[INFO] [23:28:36][GPU  2] accuracy  bmm                                      [FAILED     50.6s]  ( 13% 112/820 ops)
[INFO] [23:28:36][GPU  2] benchmark bmm                                      ...
[INFO] [23:28:36][GPU  0] accuracy  broadcast_tensors                        [FAILED     23.5s]  ( 13% 113/820 ops)
[INFO] [23:28:36][GPU  0] benchmark broadcast_tensors                        ...
[INFO] [23:28:37][GPU  7] benchmark bitwise_xor_tensor_                      [OK         31.4s]  ( 13% 113/820 ops)
[INFO] [23:28:37][GPU  7] accuracy  bucketize                                ...
[INFO] [23:28:47][GPU  4] accuracy  bmm_out                                  [OK         49.5s]  ( 13% 114/820 ops)
[INFO] [23:28:47][GPU  4] benchmark bmm_out                                  ...
[INFO] [23:28:52][GPU  5] accuracy  bucket_sort_topk                         [SKIPPED    20.1s]  ( 13% 114/820 ops)
[INFO] [23:28:52][GPU  5] benchmark bucket_sort_topk                         ...
[INFO] [23:28:53][GPU  0] benchmark broadcast_tensors                        [FAILED     17.0s]  ( 14% 115/820 ops)
[INFO] [23:28:53][GPU  0] accuracy  cat                                      ...
[INFO] [23:29:02][GPU  2] benchmark bmm                                      [NOTFOUND   25.9s]  ( 14% 115/820 ops)
[INFO] [23:29:02][GPU  2] accuracy  cat_out                                  ...
[INFO] [23:29:06][GPU  7] accuracy  bucketize                                [FAILED     28.4s]  ( 14% 116/820 ops)
[INFO] [23:29:06][GPU  7] benchmark bucketize                                ...
[INFO] [23:29:08][GPU  5] benchmark bucket_sort_topk                         [NOTFOUND   16.5s]  ( 14% 116/820 ops)
[INFO] [23:29:08][GPU  5] accuracy  cauchy                                   ...
[INFO] [23:29:13][GPU  4] benchmark bmm_out                                  [NOTFOUND   26.5s]  ( 14% 117/820 ops)
[INFO] [23:29:13][GPU  4] accuracy  cauchy_                                  ...
[INFO] [23:29:23][GPU  2] accuracy  cat_out                                  [OK         20.7s]  ( 14% 117/820 ops)
[INFO] [23:29:23][GPU  2] benchmark cat_out                                  ...
[INFO] [23:29:23][GPU  7] benchmark bucketize                                [FAILED     17.6s]  ( 14% 118/820 ops)
[INFO] [23:29:23][GPU  7] accuracy  cdist_backward                           ...
[INFO] [23:29:30][GPU  0] accuracy  cat                                      [FAILED     36.9s]  ( 14% 118/820 ops)
[INFO] [23:29:30][GPU  0] benchmark cat                                      ...
[INFO] [23:29:35][GPU  5] accuracy  cauchy                                   [OK         26.4s]  ( 14% 119/820 ops)
[INFO] [23:29:35][GPU  5] benchmark cauchy                                   ...
[INFO] [23:29:40][GPU  4] accuracy  cauchy_                                  [OK         27.2s]  ( 14% 119/820 ops)
[INFO] [23:29:40][GPU  4] benchmark cauchy_                                  ...
[INFO] [23:29:42][GPU  7] accuracy  cdist_backward                           [ERROR      18.8s]  ( 14% 120/820 ops)
[INFO] [23:29:42][GPU  7] benchmark cdist_backward                           ...
[INFO] [23:29:59][GPU  7] benchmark cdist_backward                           [FAILED     16.5s]  ( 14% 120/820 ops)
[INFO] [23:29:59][GPU  7] accuracy  ceil                                     ...
[INFO] [23:30:06][GPU  2] benchmark cat_out                                  [OK         43.3s]  ( 14% 121/820 ops)
[INFO] [23:30:06][GPU  2] accuracy  ceil_                                    ...
[INFO] [23:30:11][GPU  0] benchmark cat                                      [OK         41.0s]  ( 14% 121/820 ops)
[INFO] [23:30:11][GPU  0] accuracy  ceil_out                                 ...
[INFO] [23:30:20][GPU  7] accuracy  ceil                                     [OK         21.6s]  ( 14% 122/820 ops)
[INFO] [23:30:20][GPU  7] benchmark ceil                                     ...
[INFO] [23:30:27][GPU  2] accuracy  ceil_                                    [OK         21.2s]  ( 14% 122/820 ops)
[INFO] [23:30:27][GPU  2] benchmark ceil_                                    ...
[INFO] [23:30:32][GPU  0] accuracy  ceil_out                                 [OK         21.3s]  ( 15% 123/820 ops)
[INFO] [23:30:32][GPU  0] benchmark ceil_out                                 ...
[INFO] [23:30:40][GPU  5] benchmark cauchy                                   [OK         65.3s]  ( 15% 123/820 ops)
[INFO] [23:30:40][GPU  5] accuracy  celu                                     ...
[INFO] [23:30:46][GPU  4] benchmark cauchy_                                  [OK         65.9s]  ( 15% 124/820 ops)
[INFO] [23:30:46][GPU  4] accuracy  celu_                                    ...
[INFO] [23:30:50][GPU  7] benchmark ceil                                     [OK         30.0s]  ( 15% 124/820 ops)
[INFO] [23:30:50][GPU  7] accuracy  channel_shuffle                          ...
[INFO] [23:30:57][GPU  2] benchmark ceil_                                    [OK         29.9s]  ( 15% 125/820 ops)
[INFO] [23:30:57][GPU  2] accuracy  chunk_gated_delta_rule_fwd               ...
[INFO] [23:31:01][GPU  5] accuracy  celu                                     [OK         21.6s]  ( 15% 125/820 ops)
[INFO] [23:31:01][GPU  5] benchmark celu                                     ...
[INFO] [23:31:02][GPU  0] benchmark ceil_out                                 [OK         29.6s]  ( 15% 126/820 ops)
[INFO] [23:31:02][GPU  0] accuracy  clamp                                    ...
[INFO] [23:31:08][GPU  4] accuracy  celu_                                    [OK         21.6s]  ( 15% 126/820 ops)
[INFO] [23:31:08][GPU  4] benchmark celu_                                    ...
[INFO] [23:31:13][GPU  7] accuracy  channel_shuffle                          [OK         22.3s]  ( 15% 127/820 ops)
[INFO] [23:31:13][GPU  7] benchmark channel_shuffle                          ...
[INFO] [23:31:16][GPU  2] accuracy  chunk_gated_delta_rule_fwd               [ERROR      18.8s]  ( 15% 127/820 ops)
[INFO] [23:31:16][GPU  2] benchmark chunk_gated_delta_rule_fwd               ...
[INFO] [23:31:31][GPU  5] benchmark celu                                     [OK         29.3s]  ( 15% 128/820 ops)
[INFO] [23:31:31][GPU  5] accuracy  clamp_                                   ...
[INFO] [23:31:33][GPU  2] benchmark chunk_gated_delta_rule_fwd               [NOTFOUND   17.3s]  ( 15% 128/820 ops)
[INFO] [23:31:33][GPU  2] accuracy  clamp_max                                ...
[INFO] [23:31:38][GPU  4] benchmark celu_                                    [OK         29.8s]  ( 15% 129/820 ops)
[INFO] [23:31:38][GPU  4] accuracy  clamp_max_                               ...
[INFO] [23:31:40][GPU  0] accuracy  clamp                                    [OK         37.9s]  ( 15% 129/820 ops)
[INFO] [23:31:40][GPU  0] benchmark clamp                                    ...
[INFO] [23:31:44][GPU  7] benchmark channel_shuffle                          [OK         31.3s]  ( 15% 130/820 ops)
[INFO] [23:31:44][GPU  7] accuracy  clamp_min                                ...
[INFO] [23:32:02][GPU  2] accuracy  clamp_max                                [OK         28.8s]  ( 15% 130/820 ops)
[INFO] [23:32:02][GPU  2] benchmark clamp_max                                ...
[INFO] [23:32:07][GPU  7] accuracy  clamp_min                                [OK         22.7s]  ( 15% 131/820 ops)
[INFO] [23:32:07][GPU  7] benchmark clamp_min                                ...
[INFO] [23:32:08][GPU  4] accuracy  clamp_max_                               [OK         30.0s]  ( 15% 131/820 ops)
[INFO] [23:32:08][GPU  4] benchmark clamp_max_                               ...
[INFO] [23:32:08][GPU  0] benchmark clamp                                    [OK         28.0s]  ( 16% 132/820 ops)
[INFO] [23:32:08][GPU  0] accuracy  clamp_min_                               ...
[INFO] [23:32:15][GPU  5] accuracy  clamp_                                   [OK         44.2s]  ( 16% 132/820 ops)
[INFO] [23:32:15][GPU  5] benchmark clamp_                                   ...
[INFO] [23:32:29][GPU  2] benchmark clamp_max                                [OK         27.3s]  ( 16% 133/820 ops)
[INFO] [23:32:29][GPU  2] accuracy  clamp_tensor                             ...
[INFO] [23:32:30][GPU  0] accuracy  clamp_min_                               [OK         21.9s]  ( 16% 133/820 ops)
[INFO] [23:32:30][GPU  0] benchmark clamp_min_                               ...
[INFO] [23:32:33][GPU  4] benchmark clamp_max_                               [OK         25.6s]  ( 16% 134/820 ops)
[INFO] [23:32:33][GPU  4] accuracy  clamp_tensor_                            ...
[INFO] [23:32:42][GPU  5] benchmark clamp_                                   [OK         27.3s]  ( 16% 134/820 ops)
[INFO] [23:32:42][GPU  5] accuracy  clip                                     ...
[INFO] [23:32:48][GPU  7] benchmark clamp_min                                [OK         41.3s]  ( 16% 135/820 ops)
[INFO] [23:32:48][GPU  7] accuracy  clip_                                    ...
[INFO] [23:32:53][GPU  2] accuracy  clamp_tensor                             [OK         23.9s]  ( 16% 135/820 ops)
[INFO] [23:32:53][GPU  2] benchmark clamp_tensor                             ...
[INFO] [23:32:56][GPU  4] accuracy  clamp_tensor_                            [OK         22.9s]  ( 16% 136/820 ops)
[INFO] [23:32:56][GPU  4] benchmark clamp_tensor_                            ...
[INFO] [23:33:13][GPU  0] benchmark clamp_min_                               [OK         42.8s]  ( 16% 136/820 ops)
[INFO] [23:33:13][GPU  0] accuracy  clone                                    ...
[INFO] [23:33:21][GPU  2] benchmark clamp_tensor                             [OK         27.9s]  ( 16% 137/820 ops)
[INFO] [23:33:21][GPU  2] accuracy  col2im                                   ...
[INFO] [23:33:24][GPU  4] benchmark clamp_tensor_                            [OK         28.0s]  ( 16% 137/820 ops)
[INFO] [23:33:24][GPU  4] accuracy  combine_topk_swa_indices                 ...
[INFO] [23:33:33][GPU  5] accuracy  clip                                     [OK         50.9s]  ( 16% 138/820 ops)
[INFO] [23:33:33][GPU  5] benchmark clip                                     ...
[INFO] [23:33:34][GPU  0] accuracy  clone                                    [NOTFOUND   21.9s]  ( 16% 138/820 ops)
[INFO] [23:33:34][GPU  0] benchmark clone                                    ...
[INFO] [23:33:37][GPU  7] accuracy  clip_                                    [OK         49.1s]  ( 16% 139/820 ops)
[INFO] [23:33:37][GPU  7] benchmark clip_                                    ...
[INFO] [23:33:45][GPU  4] accuracy  combine_topk_swa_indices                 [FAILED     21.5s]  ( 16% 139/820 ops)
[INFO] [23:33:45][GPU  4] benchmark combine_topk_swa_indices                 ...
[INFO] [23:33:51][GPU  0] benchmark clone                                    [NOTFOUND   16.4s]  ( 17% 140/820 ops)
[INFO] [23:33:51][GPU  0] accuracy  compute_global_topk_indices_and_lens     ...
[INFO] [23:34:00][GPU  5] benchmark clip                                     [OK         26.4s]  ( 17% 140/820 ops)
[INFO] [23:34:00][GPU  5] accuracy  concat                                   ...
[INFO] [23:34:02][GPU  7] benchmark clip_                                    [OK         24.6s]  ( 17% 141/820 ops)
[INFO] [23:34:02][GPU  7] accuracy  concat_and_cache_mla                     ...
[INFO] [23:34:02][GPU  4] benchmark combine_topk_swa_indices                 [NOTFOUND   16.5s]  ( 17% 141/820 ops)
[INFO] [23:34:02][GPU  4] accuracy  concatenate                              ...
[INFO] [23:34:12][GPU  0] accuracy  compute_global_topk_indices_and_lens     [FAILED     21.2s]  ( 17% 142/820 ops)
[INFO] [23:34:12][GPU  0] benchmark compute_global_topk_indices_and_lens     ...
[INFO] [23:34:16][GPU  2] accuracy  col2im                                   [FAILED     55.0s]  ( 17% 142/820 ops)
[INFO] [23:34:16][GPU  2] benchmark col2im                                   ...
[INFO] [23:34:23][GPU  7] accuracy  concat_and_cache_mla                     [OK         21.1s]  ( 17% 143/820 ops)
[INFO] [23:34:23][GPU  7] benchmark concat_and_cache_mla                     ...
[INFO] [23:34:29][GPU  0] benchmark compute_global_topk_indices_and_lens     [SKIPPED    17.1s]  ( 17% 143/820 ops)
[INFO] [23:34:29][GPU  0] accuracy  conj                                     ...
[INFO] [23:34:38][GPU  5] accuracy  concat                                   [FAILED     37.9s]  ( 17% 144/820 ops)
[INFO] [23:34:38][GPU  5] benchmark concat                                   ...
[INFO] [23:34:39][GPU  7] benchmark concat_and_cache_mla                     [FAILED     16.7s]  ( 17% 144/820 ops)
[INFO] [23:34:39][GPU  7] accuracy  conj_physical                            ...
[INFO] [23:34:40][GPU  4] accuracy  concatenate                              [FAILED     38.1s]  ( 17% 145/820 ops)
[INFO] [23:34:40][GPU  4] benchmark concatenate                              ...
[INFO] [23:34:51][GPU  0] accuracy  conj                                     [OK         21.8s]  ( 17% 145/820 ops)
[INFO] [23:34:51][GPU  0] benchmark conj                                     ...
[INFO] [23:35:01][GPU  7] accuracy  conj_physical                            [OK         21.6s]  ( 17% 146/820 ops)
[INFO] [23:35:01][GPU  7] benchmark conj_physical                            ...
[INFO] [23:35:12][GPU  0] benchmark conj                                     [OK         21.2s]  ( 17% 146/820 ops)
[INFO] [23:35:12][GPU  0] accuracy  constant_pad_nd                          ...
[INFO] [23:35:21][GPU  4] benchmark concatenate                              [OK         40.5s]  ( 17% 147/820 ops)
[INFO] [23:35:21][GPU  4] accuracy  conv1d                                   ...
[INFO] [23:35:29][GPU  5] benchmark concat                                   [OK         51.5s]  ( 17% 147/820 ops)
[INFO] [23:35:29][GPU  5] accuracy  conv1d_padding                           ...
[INFO] [23:35:35][GPU  0] accuracy  constant_pad_nd                          [OK         22.3s]  ( 18% 148/820 ops)
[INFO] [23:35:35][GPU  0] benchmark constant_pad_nd                          ...
[INFO] [23:35:37][GPU  7] benchmark conj_physical                            [OK         36.0s]  ( 18% 148/820 ops)
[INFO] [23:35:37][GPU  7] accuracy  conv2d                                   ...
[INFO] [23:35:43][GPU  4] accuracy  conv1d                                   [OK         22.7s]  ( 18% 149/820 ops)
[INFO] [23:35:43][GPU  4] benchmark conv1d                                   ...
[INFO] [23:35:52][GPU  5] accuracy  conv1d_padding                           [OK         23.3s]  ( 18% 149/820 ops)
[INFO] [23:35:52][GPU  5] benchmark conv1d_padding                           ...
[INFO] [23:35:54][GPU  2] benchmark col2im                                   [FAILED     98.2s]  ( 18% 150/820 ops)
[INFO] [23:35:54][GPU  2] accuracy  conv2d_padding                           ...
[INFO] [23:36:03][GPU  7] accuracy  conv2d                                   [OK         26.4s]  ( 18% 150/820 ops)
[INFO] [23:36:03][GPU  7] benchmark conv2d                                   ...
[INFO] [23:36:04][GPU  0] benchmark constant_pad_nd                          [OK         29.5s]  ( 18% 151/820 ops)
[INFO] [23:36:04][GPU  0] accuracy  conv3d                                   ...
[INFO] [23:36:11][GPU  4] benchmark conv1d                                   [OK         27.6s]  ( 18% 151/820 ops)
[INFO] [23:36:11][GPU  4] accuracy  conv3d_padding                           ...
[INFO] [23:36:15][GPU  2] accuracy  conv2d_padding                           [FAILED     20.6s]  ( 18% 152/820 ops)
[INFO] [23:36:15][GPU  2] benchmark conv2d_padding                           ...
[INFO] [23:36:31][GPU  0] accuracy  conv3d                                   [OK         26.7s]  ( 18% 152/820 ops)
[INFO] [23:36:31][GPU  0] benchmark conv3d                                   ...
[INFO] [23:36:34][GPU  4] accuracy  conv3d_padding                           [OK         23.2s]  ( 18% 153/820 ops)
[INFO] [23:36:34][GPU  4] benchmark conv3d_padding                           ...
[INFO] [23:36:46][GPU  5] benchmark conv1d_padding                           [OK         53.5s]  ( 18% 153/820 ops)
[INFO] [23:36:46][GPU  5] accuracy  conv_depthwise2d                         ...
[INFO] [23:37:08][GPU  5] accuracy  conv_depthwise2d                         [FAILED     22.2s]  ( 18% 154/820 ops)
[INFO] [23:37:08][GPU  5] benchmark conv_depthwise2d                         ...
[INFO] [23:37:12][GPU  2] benchmark conv2d_padding                           [OK         56.7s]  ( 18% 154/820 ops)
[INFO] [23:37:12][GPU  2] accuracy  conv_transpose1d                         ...
[INFO] [23:37:12][GPU  7] benchmark conv2d                                   [OK         68.4s]  ( 18% 155/820 ops)
[INFO] [23:37:12][GPU  7] accuracy  conv_transpose2d                         ...
[INFO] [23:37:19][GPU  4] benchmark conv3d_padding                           [OK         45.0s]  ( 18% 155/820 ops)
[INFO] [23:37:19][GPU  4] accuracy  copy                                     ...
[INFO] [23:37:22][GPU  0] benchmark conv3d                                   [OK         51.0s]  ( 19% 156/820 ops)
[INFO] [23:37:22][GPU  0] accuracy  copy_                                    ...
[INFO] [23:37:25][GPU  5] benchmark conv_depthwise2d                         [FAILED     16.6s]  ( 19% 156/820 ops)
[INFO] [23:37:25][GPU  5] accuracy  copysign                                 ...
[INFO] [23:37:36][GPU  3] accuracy  bitwise_xor_scalar_tensor                [TIMEOUT   610.0s]  ( 19% 157/820 ops)
[INFO] [23:37:36][GPU  3] benchmark bitwise_xor_scalar_tensor                ...
[INFO] [23:37:39][GPU  7] accuracy  conv_transpose2d                         [FAILED     27.5s]  ( 19% 157/820 ops)
[INFO] [23:37:39][GPU  7] benchmark conv_transpose2d                         ...
[INFO] [23:37:43][GPU  4] accuracy  copy                                     [OK         23.6s]  ( 19% 158/820 ops)
[INFO] [23:37:43][GPU  4] benchmark copy                                     ...
[INFO] [23:37:43][GPU  0] accuracy  copy_                                    [FAILED     21.1s]  ( 19% 158/820 ops)
[INFO] [23:37:43][GPU  0] benchmark copy_                                    ...
[INFO] [23:37:46][GPU  5] accuracy  copysign                                 [OK         21.6s]  ( 19% 159/820 ops)
[INFO] [23:37:46][GPU  5] benchmark copysign                                 ...
[INFO] [23:37:55][GPU  6] benchmark arcsinh_                                 [TIMEOUT   610.0s]  ( 19% 159/820 ops)
[INFO] [23:37:55][GPU  6] accuracy  copysign_                                ...
[INFO] [23:37:57][GPU  7] benchmark conv_transpose2d                         [FAILED     17.4s]  ( 19% 160/820 ops)
[INFO] [23:37:57][GPU  7] accuracy  copysign_out                             ...
[INFO] [23:38:12][GPU  5] benchmark copysign                                 [OK         26.1s]  ( 19% 160/820 ops)
[INFO] [23:38:12][GPU  5] accuracy  cos                                      ...
[INFO] [23:38:18][GPU  7] accuracy  copysign_out                             [OK         20.9s]  ( 19% 161/820 ops)
[INFO] [23:38:18][GPU  7] benchmark copysign_out                             ...
[INFO] [23:38:20][GPU  0] benchmark copy_                                    [OK         37.3s]  ( 19% 161/820 ops)
[INFO] [23:38:20][GPU  0] accuracy  cos_                                     ...
[INFO] [23:38:24][GPU  1] accuracy  broadcast_to                             [TIMEOUT   610.0s]  ( 19% 162/820 ops)
[INFO] [23:38:24][GPU  1] benchmark broadcast_to                             ...
[INFO] [23:38:28][GPU  4] benchmark copy                                     [OK         44.9s]  ( 19% 162/820 ops)
[INFO] [23:38:28][GPU  4] accuracy  cosh                                     ...
[INFO] [23:38:34][GPU  5] accuracy  cos                                      [OK         21.4s]  ( 19% 163/820 ops)
[INFO] [23:38:34][GPU  5] benchmark cos                                      ...
[INFO] [23:38:43][GPU  0] accuracy  cos_                                     [OK         22.4s]  ( 19% 163/820 ops)
[INFO] [23:38:43][GPU  0] benchmark cos_                                     ...
[INFO] [23:38:48][GPU  7] benchmark copysign_out                             [OK         30.6s]  ( 20% 164/820 ops)
[INFO] [23:38:48][GPU  7] accuracy  cosh_                                    ...
[INFO] [23:38:49][GPU  4] accuracy  cosh                                     [OK         21.7s]  ( 20% 164/820 ops)
[INFO] [23:38:49][GPU  4] benchmark cosh                                     ...
[INFO] [23:38:59][GPU  2] accuracy  conv_transpose1d                         [FAILED    107.0s]  ( 20% 165/820 ops)
[INFO] [23:38:59][GPU  2] benchmark conv_transpose1d                         ...
[INFO] [23:39:03][GPU  5] benchmark cos                                      [OK         28.7s]  ( 20% 165/820 ops)
[INFO] [23:39:03][GPU  5] accuracy  cosh_out                                 ...
[INFO] [23:39:09][GPU  7] accuracy  cosh_                                    [OK         21.1s]  ( 20% 166/820 ops)
[INFO] [23:39:09][GPU  7] benchmark cosh_                                    ...
[INFO] [23:39:11][GPU  0] benchmark cos_                                     [OK         27.9s]  ( 20% 166/820 ops)
[INFO] [23:39:11][GPU  0] accuracy  count_nonzero                            ...
[INFO] [23:39:17][GPU  4] benchmark cosh                                     [FAILED     27.7s]  ( 20% 167/820 ops)
[INFO] [23:39:17][GPU  4] accuracy  cp_gather_indexer_k_quant_cache          ...
[INFO] [23:39:24][GPU  5] accuracy  cosh_out                                 [OK         21.0s]  ( 20% 167/820 ops)
[INFO] [23:39:24][GPU  5] benchmark cosh_out                                 ...
[INFO] [23:39:33][GPU  0] accuracy  count_nonzero                            [FAILED     22.8s]  ( 20% 168/820 ops)
[INFO] [23:39:33][GPU  0] benchmark count_nonzero                            ...
[INFO] [23:39:37][GPU  7] benchmark cosh_                                    [FAILED     27.6s]  ( 20% 168/820 ops)
[INFO] [23:39:37][GPU  7] accuracy  cudnn_batch_norm_backward                ...
[INFO] [23:39:37][GPU  4] accuracy  cp_gather_indexer_k_quant_cache          [FAILED     20.0s]  ( 20% 169/820 ops)
[INFO] [23:39:37][GPU  4] benchmark cp_gather_indexer_k_quant_cache          ...
[INFO] [23:39:52][GPU  5] benchmark cosh_out                                 [FAILED     28.0s]  ( 20% 169/820 ops)
[INFO] [23:39:52][GPU  5] accuracy  cudnn_convolution                        ...
[INFO] [23:39:53][GPU  4] benchmark cp_gather_indexer_k_quant_cache          [SKIPPED    16.3s]  ( 20% 170/820 ops)
[INFO] [23:39:53][GPU  4] accuracy  cummax                                   ...
[INFO] [23:39:58][GPU  0] benchmark count_nonzero                            [FAILED     24.3s]  ( 20% 170/820 ops)
[INFO] [23:39:58][GPU  0] accuracy  cummin                                   ...
[INFO] [23:40:00][GPU  7] accuracy  cudnn_batch_norm_backward                [FAILED     23.3s]  ( 20% 171/820 ops)
[INFO] [23:40:00][GPU  7] benchmark cudnn_batch_norm_backward                ...
[INFO] [23:40:03][GPU  2] benchmark conv_transpose1d                         [OK         64.8s]  ( 20% 171/820 ops)
[INFO] [23:40:03][GPU  2] accuracy  cumprod                                  ...
[INFO] [23:40:12][GPU  5] accuracy  cudnn_convolution                        [FAILED     20.7s]  ( 20% 172/820 ops)
[INFO] [23:40:12][GPU  5] benchmark cudnn_convolution                        ...
[INFO] [23:40:16][GPU  4] accuracy  cummax                                   [FAILED     22.9s]  ( 20% 172/820 ops)
[INFO] [23:40:16][GPU  4] benchmark cummax                                   ...
[INFO] [23:40:17][GPU  7] benchmark cudnn_batch_norm_backward                [FAILED     16.4s]  ( 21% 173/820 ops)
[INFO] [23:40:17][GPU  7] accuracy  cumprod_                                 ...
[INFO] [23:40:21][GPU  0] accuracy  cummin                                   [FAILED     23.4s]  ( 21% 173/820 ops)
[INFO] [23:40:21][GPU  0] benchmark cummin                                   ...
[INFO] [23:40:27][GPU  2] accuracy  cumprod                                  [OK         24.0s]  ( 21% 174/820 ops)
[INFO] [23:40:27][GPU  2] benchmark cumprod                                  ...
[INFO] [23:40:29][GPU  5] benchmark cudnn_convolution                        [FAILED     16.8s]  ( 21% 174/820 ops)
[INFO] [23:40:29][GPU  5] accuracy  cumsum                                   ...
[INFO] [23:40:46][GPU  7] accuracy  cumprod_                                 [FAILED     29.3s]  ( 21% 175/820 ops)
[INFO] [23:40:46][GPU  7] benchmark cumprod_                                 ...
[INFO] [23:40:55][GPU  5] accuracy  cumsum                                   [OK         25.6s]  ( 21% 175/820 ops)
[INFO] [23:40:55][GPU  5] benchmark cumsum                                   ...
[INFO] [23:41:36][GPU  7] benchmark cumprod_                                 [FAILED     49.5s]  ( 21% 176/820 ops)
[INFO] [23:41:36][GPU  7] accuracy  cumsum_out                               ...
[INFO] [23:41:45][GPU  5] benchmark cumsum                                   [OK         49.8s]  ( 21% 176/820 ops)
[INFO] [23:41:45][GPU  5] accuracy  cutlass_scaled_mm                        ...
[INFO] [23:41:58][GPU  7] accuracy  cumsum_out                               [OK         22.0s]  ( 21% 177/820 ops)
[INFO] [23:41:58][GPU  7] benchmark cumsum_out                               ...
[INFO] [23:42:05][GPU  5] accuracy  cutlass_scaled_mm                        [SKIPPED    20.0s]  ( 21% 177/820 ops)
[INFO] [23:42:05][GPU  5] benchmark cutlass_scaled_mm                        ...
[INFO] [23:42:11][GPU  4] benchmark cummax                                   [OK        114.3s]  ( 21% 178/820 ops)
[INFO] [23:42:11][GPU  4] accuracy  deg2rad                                  ...
[INFO] [23:42:14][GPU  2] benchmark cumprod                                  [OK        106.2s]  ( 21% 178/820 ops)
[INFO] [23:42:14][GPU  2] accuracy  deg2rad_                                 ...
[INFO] [23:42:14][GPU  7] benchmark cumsum_out                               [NOTFOUND   16.2s]  ( 21% 179/820 ops)
[INFO] [23:42:14][GPU  7] accuracy  deg2rad_out                              ...
[INFO] [23:42:21][GPU  5] benchmark cutlass_scaled_mm                        [SKIPPED    16.3s]  ( 21% 179/820 ops)
[INFO] [23:42:21][GPU  5] accuracy  dequantize                               ...
[INFO] [23:42:30][GPU  0] benchmark cummin                                   [OK        129.1s]  ( 21% 180/820 ops)
[INFO] [23:42:30][GPU  0] accuracy  dequantize_and_gather_k_cache            ...
[INFO] [23:42:32][GPU  4] accuracy  deg2rad                                  [OK         21.3s]  ( 21% 180/820 ops)
[INFO] [23:42:32][GPU  4] benchmark deg2rad                                  ...
[INFO] [23:42:36][GPU  2] accuracy  deg2rad_                                 [OK         22.8s]  ( 22% 181/820 ops)
[INFO] [23:42:36][GPU  2] benchmark deg2rad_                                 ...
[INFO] [23:42:37][GPU  7] accuracy  deg2rad_out                              [OK         22.9s]  ( 22% 181/820 ops)
[INFO] [23:42:37][GPU  7] benchmark deg2rad_out                              ...
[INFO] [23:42:42][GPU  5] accuracy  dequantize                               [FAILED     21.5s]  ( 22% 182/820 ops)
[INFO] [23:42:42][GPU  5] benchmark dequantize                               ...
[INFO] [23:42:50][GPU  0] accuracy  dequantize_and_gather_k_cache            [SKIPPED    19.9s]  ( 22% 182/820 ops)
[INFO] [23:42:50][GPU  0] benchmark dequantize_and_gather_k_cache            ...
[INFO] [23:42:58][GPU  4] benchmark deg2rad                                  [OK         26.2s]  ( 22% 183/820 ops)
[INFO] [23:42:58][GPU  4] accuracy  dgeglu                                   ...
[INFO] [23:42:59][GPU  5] benchmark dequantize                               [FAILED     16.6s]  ( 22% 183/820 ops)
[INFO] [23:42:59][GPU  5] accuracy  diag                                     ...
[INFO] [23:43:01][GPU  2] benchmark deg2rad_                                 [OK         24.9s]  ( 22% 184/820 ops)
[INFO] [23:43:01][GPU  2] accuracy  diag_embed                               ...
[INFO] [23:43:02][GPU  7] benchmark deg2rad_out                              [OK         25.2s]  ( 22% 184/820 ops)
[INFO] [23:43:02][GPU  7] accuracy  diagonal_backward                        ...
[INFO] [23:43:07][GPU  0] benchmark dequantize_and_gather_k_cache            [NOTFOUND   16.4s]  ( 22% 185/820 ops)
[INFO] [23:43:07][GPU  0] accuracy  diagonal_copy                            ...
[INFO] [23:43:22][GPU  4] accuracy  dgeglu                                   [FAILED     24.1s]  ( 22% 185/820 ops)
[INFO] [23:43:22][GPU  4] benchmark dgeglu                                   ...
[INFO] [23:43:29][GPU  5] accuracy  diag                                     [OK         29.8s]  ( 22% 186/820 ops)
[INFO] [23:43:29][GPU  5] benchmark diag                                     ...
[INFO] [23:43:32][GPU  0] accuracy  diagonal_copy                            [OK         25.8s]  ( 22% 186/820 ops)
[INFO] [23:43:32][GPU  0] benchmark diagonal_copy                            ...
[INFO] [23:43:39][GPU  4] benchmark dgeglu                                   [FAILED     16.9s]  ( 22% 187/820 ops)
[INFO] [23:43:39][GPU  4] accuracy  diagonal_scatter                         ...
[INFO] [23:44:03][GPU  4] accuracy  diagonal_scatter                         [FAILED     23.6s]  ( 22% 187/820 ops)
[INFO] [23:44:03][GPU  4] benchmark diagonal_scatter                         ...
[INFO] [23:44:10][GPU  0] benchmark diagonal_copy                            [OK         37.3s]  ( 22% 188/820 ops)
[INFO] [23:44:10][GPU  0] accuracy  diff                                     ...
[INFO] [23:44:12][GPU  5] benchmark diag                                     [OK         43.7s]  ( 22% 188/820 ops)
[INFO] [23:44:12][GPU  5] accuracy  digamma                                  ...
[INFO] [23:44:35][GPU  5] accuracy  digamma                                  [FAILED     22.1s]  ( 23% 189/820 ops)
[INFO] [23:44:35][GPU  5] benchmark digamma                                  ...
[INFO] [23:44:37][GPU  0] accuracy  diff                                     [FAILED     27.5s]  ( 23% 189/820 ops)
[INFO] [23:44:37][GPU  0] benchmark diff                                     ...
[INFO] [23:44:59][GPU  5] benchmark digamma                                  [FAILED     24.7s]  ( 23% 190/820 ops)
[INFO] [23:44:59][GPU  5] accuracy  digamma_                                 ...
[INFO] [23:45:04][GPU  4] benchmark diagonal_scatter                         [OK         60.8s]  ( 23% 190/820 ops)
[INFO] [23:45:04][GPU  4] accuracy  dispatch_fused_moe_kernel                ...
[INFO] [23:45:21][GPU  5] accuracy  digamma_                                 [OK         21.4s]  ( 23% 191/820 ops)
[INFO] [23:45:21][GPU  5] benchmark digamma_                                 ...
[INFO] [23:45:24][GPU  4] accuracy  dispatch_fused_moe_kernel                [NOTFOUND   20.0s]  ( 23% 191/820 ops)
[INFO] [23:45:24][GPU  4] benchmark dispatch_fused_moe_kernel                ...
[INFO] [23:45:24][GPU  7] accuracy  diagonal_backward                        [OK        142.3s]  ( 23% 192/820 ops)
[INFO] [23:45:24][GPU  7] benchmark diagonal_backward                        ...
[INFO] [23:45:40][GPU  4] benchmark dispatch_fused_moe_kernel                [NOTFOUND   16.1s]  ( 23% 192/820 ops)
[INFO] [23:45:40][GPU  4] accuracy  div_mode                                 ...
[INFO] [23:45:59][GPU  5] benchmark digamma_                                 [OK         37.9s]  ( 23% 193/820 ops)
[INFO] [23:45:59][GPU  5] accuracy  div_mode_                                ...
[INFO] [23:46:02][GPU  7] benchmark diagonal_backward                        [OK         37.1s]  ( 23% 193/820 ops)
[INFO] [23:46:02][GPU  7] accuracy  div_out                                  ...
[INFO] [23:46:03][GPU  4] accuracy  div_mode                                 [FAILED     23.4s]  ( 23% 194/820 ops)
[INFO] [23:46:03][GPU  4] benchmark div_mode                                 ...
[INFO] [23:46:20][GPU  4] benchmark div_mode                                 [NOTFOUND   17.1s]  ( 23% 194/820 ops)
[INFO] [23:46:20][GPU  4] accuracy  div_scalar                               ...
[INFO] [23:46:27][GPU  5] accuracy  div_mode_                                [FAILED     28.5s]  ( 23% 195/820 ops)
[INFO] [23:46:27][GPU  5] benchmark div_mode_                                ...
[INFO] [23:46:29][GPU  7] accuracy  div_out                                  [OK         27.7s]  ( 23% 195/820 ops)
[INFO] [23:46:29][GPU  7] benchmark div_out                                  ...
[INFO] [23:46:44][GPU  5] benchmark div_mode_                                [NOTFOUND   16.8s]  ( 23% 196/820 ops)
[INFO] [23:46:44][GPU  5] accuracy  div_scalar_                              ...
[INFO] [23:46:46][GPU  4] accuracy  div_scalar                               [FAILED     25.9s]  ( 23% 196/820 ops)
[INFO] [23:46:46][GPU  4] benchmark div_scalar                               ...
[INFO] [23:46:58][GPU  7] benchmark div_out                                  [OK         29.1s]  ( 24% 197/820 ops)
[INFO] [23:46:58][GPU  7] accuracy  div_tensor                               ...
[INFO] [23:47:08][GPU  5] accuracy  div_scalar_                              [OK         23.5s]  ( 24% 197/820 ops)
[INFO] [23:47:08][GPU  5] benchmark div_scalar_                              ...
[INFO] [23:47:16][GPU  4] benchmark div_scalar                               [OK         29.5s]  ( 24% 198/820 ops)
[INFO] [23:47:16][GPU  4] accuracy  div_tensor_                              ...
[INFO] [23:47:26][GPU  7] accuracy  div_tensor                               [FAILED     27.2s]  ( 24% 198/820 ops)
[INFO] [23:47:26][GPU  7] benchmark div_tensor                               ...
[INFO] [23:47:39][GPU  4] accuracy  div_tensor_                              [OK         22.8s]  ( 24% 199/820 ops)
[INFO] [23:47:39][GPU  4] benchmark div_tensor_                              ...
[INFO] [23:47:46][GPU  3] benchmark bitwise_xor_scalar_tensor                [TIMEOUT   610.0s]  ( 24% 199/820 ops)
[INFO] [23:47:46][GPU  3] accuracy  dot                                      ...
[INFO] [23:47:49][GPU  5] benchmark div_scalar_                              [OK         41.0s]  ( 24% 200/820 ops)
[INFO] [23:47:49][GPU  5] accuracy  dreglu                                   ...
[INFO] [23:48:05][GPU  6] accuracy  copysign_                                [TIMEOUT   610.0s]  ( 24% 200/820 ops)
[INFO] [23:48:05][GPU  6] benchmark copysign_                                ...
[INFO] [23:48:08][GPU  7] benchmark div_tensor                               [OK         42.1s]  ( 24% 201/820 ops)
[INFO] [23:48:08][GPU  7] accuracy  dropout                                  ...
[INFO] [23:48:08][GPU  4] benchmark div_tensor_                              [OK         29.3s]  ( 24% 201/820 ops)
[INFO] [23:48:08][GPU  4] accuracy  dropout_backward                         ...
[INFO] [23:48:21][GPU  5] accuracy  dreglu                                   [OK         32.8s]  ( 24% 202/820 ops)
[INFO] [23:48:21][GPU  5] benchmark dreglu                                   ...
[INFO] [23:48:30][GPU  7] accuracy  dropout                                  [OK         21.8s]  ( 24% 202/820 ops)
[INFO] [23:48:30][GPU  7] benchmark dropout                                  ...
[INFO] [23:48:34][GPU  1] benchmark broadcast_to                             [TIMEOUT   610.0s]  ( 24% 203/820 ops)
[INFO] [23:48:34][GPU  1] accuracy  dswiglu                                  ...
[INFO] [23:48:41][GPU  4] accuracy  dropout_backward                         [OK         33.3s]  ( 24% 203/820 ops)
[INFO] [23:48:41][GPU  4] benchmark dropout_backward                         ...
[INFO] [23:48:58][GPU  5] benchmark dreglu                                   [OK         37.1s]  ( 24% 204/820 ops)
[INFO] [23:48:58][GPU  5] accuracy  dunder_ior_scalar                        ...
[INFO] [23:49:01][GPU  7] benchmark dropout                                  [OK         31.9s]  ( 24% 204/820 ops)
[INFO] [23:49:01][GPU  7] accuracy  dunder_ior_tensor                        ...
[INFO] [23:49:10][GPU  0] benchmark diff                                     [OK        273.0s]  ( 25% 205/820 ops)
[INFO] [23:49:10][GPU  0] accuracy  dunder_or_scalar                         ...
[INFO] [23:49:11][GPU  4] benchmark dropout_backward                         [OK         29.5s]  ( 25% 205/820 ops)
[INFO] [23:49:11][GPU  4] accuracy  dunder_or_tensor                         ...
[INFO] [23:49:19][GPU  5] accuracy  dunder_ior_scalar                        [OK         20.8s]  ( 25% 206/820 ops)
[INFO] [23:49:19][GPU  5] benchmark dunder_ior_scalar                        ...
[INFO] [23:49:23][GPU  7] accuracy  dunder_ior_tensor                        [OK         21.5s]  ( 25% 206/820 ops)
[INFO] [23:49:23][GPU  7] benchmark dunder_ior_tensor                        ...
[INFO] [23:49:31][GPU  0] accuracy  dunder_or_scalar                         [OK         21.2s]  ( 25% 207/820 ops)
[INFO] [23:49:31][GPU  0] benchmark dunder_or_scalar                         ...
[INFO] [23:49:33][GPU  4] accuracy  dunder_or_tensor                         [OK         22.3s]  ( 25% 207/820 ops)
[INFO] [23:49:33][GPU  4] benchmark dunder_or_tensor                         ...
[INFO] [23:49:46][GPU  5] benchmark dunder_ior_scalar                        [OK         27.1s]  ( 25% 208/820 ops)
[INFO] [23:49:46][GPU  5] accuracy  efficient_attention_backward             ...
[INFO] [23:49:50][GPU  7] benchmark dunder_ior_tensor                        [OK         27.1s]  ( 25% 208/820 ops)
[INFO] [23:49:50][GPU  7] accuracy  einsum                                   ...
[INFO] [23:50:01][GPU  0] benchmark dunder_or_scalar                         [OK         29.4s]  ( 25% 209/820 ops)
[INFO] [23:50:01][GPU  0] accuracy  elu                                      ...
[INFO] [23:50:01][GPU  4] benchmark dunder_or_tensor                         [OK         28.0s]  ( 25% 209/820 ops)
[INFO] [23:50:01][GPU  4] accuracy  elu_                                     ...
[INFO] [23:50:09][GPU  5] accuracy  efficient_attention_backward             [FAILED     22.1s]  ( 25% 210/820 ops)
[INFO] [23:50:09][GPU  5] benchmark efficient_attention_backward             ...
[INFO] [23:50:22][GPU  0] accuracy  elu                                      [OK         21.4s]  ( 25% 210/820 ops)
[INFO] [23:50:22][GPU  0] benchmark elu                                      ...
[INFO] [23:50:22][GPU  4] accuracy  elu_                                     [OK         21.3s]  ( 25% 211/820 ops)
[INFO] [23:50:22][GPU  4] benchmark elu_                                     ...
[INFO] [23:50:25][GPU  7] accuracy  einsum                                   [FAILED     35.5s]  ( 25% 211/820 ops)
[INFO] [23:50:25][GPU  7] benchmark einsum                                   ...
[INFO] [23:50:26][GPU  5] benchmark efficient_attention_backward             [FAILED     17.1s]  ( 25% 212/820 ops)
[INFO] [23:50:26][GPU  5] accuracy  elu_backward                             ...
[INFO] [23:50:47][GPU  5] accuracy  elu_backward                             [OK         21.5s]  ( 25% 212/820 ops)
[INFO] [23:50:47][GPU  5] benchmark elu_backward                             ...
[INFO] [23:50:52][GPU  4] benchmark elu_                                     [OK         29.9s]  ( 25% 213/820 ops)
[INFO] [23:50:52][GPU  4] accuracy  embedding                                ...
[INFO] [23:50:52][GPU  0] benchmark elu                                      [OK         30.2s]  ( 25% 213/820 ops)
[INFO] [23:50:52][GPU  0] accuracy  embedding_backward                       ...
[INFO] [23:51:13][GPU  4] accuracy  embedding                                [OK         21.0s]  ( 26% 214/820 ops)
[INFO] [23:51:13][GPU  4] benchmark embedding                                ...
[INFO] [23:51:18][GPU  0] accuracy  embedding_backward                       [FAILED     25.1s]  ( 26% 214/820 ops)
[INFO] [23:51:18][GPU  0] benchmark embedding_backward                       ...
[INFO] [23:51:18][GPU  5] benchmark elu_backward                             [OK         31.3s]  ( 26% 215/820 ops)
[INFO] [23:51:19][GPU  5] accuracy  embedding_bag_dense_backward             ...
[INFO] [23:51:39][GPU  4] benchmark embedding                                [OK         25.4s]  ( 26% 215/820 ops)
[INFO] [23:51:39][GPU  4] accuracy  embedding_dense_backward                 ...
[INFO] [23:51:41][GPU  5] accuracy  embedding_bag_dense_backward             [FAILED     22.1s]  ( 26% 216/820 ops)
[INFO] [23:51:41][GPU  5] benchmark embedding_bag_dense_backward             ...
[INFO] [23:51:53][GPU  0] benchmark embedding_backward                       [OK         35.3s]  ( 26% 216/820 ops)
[INFO] [23:51:53][GPU  0] accuracy  empty                                    ...
[INFO] [23:51:57][GPU  5] benchmark embedding_bag_dense_backward             [FAILED     16.7s]  ( 26% 217/820 ops)
[INFO] [23:51:57][GPU  5] accuracy  eq                                       ...
[INFO] [23:52:03][GPU  4] accuracy  embedding_dense_backward                 [FAILED     23.6s]  ( 26% 217/820 ops)
[INFO] [23:52:03][GPU  4] benchmark embedding_dense_backward                 ...
[INFO] [23:52:17][GPU  0] accuracy  empty                                    [FAILED     23.9s]  ( 26% 218/820 ops)
[INFO] [23:52:17][GPU  0] benchmark empty                                    ...
[INFO] [23:52:20][GPU  5] accuracy  eq                                       [OK         22.3s]  ( 26% 218/820 ops)
[INFO] [23:52:20][GPU  5] benchmark eq                                       ...
[INFO] [23:52:29][GPU  4] benchmark embedding_dense_backward                 [FAILED     26.8s]  ( 26% 219/820 ops)
[INFO] [23:52:29][GPU  4] accuracy  eq_scalar                                ...
[INFO] [23:52:37][GPU  0] benchmark empty                                    [OK         19.8s]  ( 26% 219/820 ops)
[INFO] [23:52:37][GPU  0] accuracy  equal                                    ...
[INFO] [23:52:47][GPU  5] benchmark eq                                       [OK         26.8s]  ( 26% 220/820 ops)
[INFO] [23:52:47][GPU  5] accuracy  erf                                      ...
[INFO] [23:52:50][GPU  4] accuracy  eq_scalar                                [OK         20.8s]  ( 26% 220/820 ops)
[INFO] [23:52:50][GPU  4] benchmark eq_scalar                                ...
[INFO] [23:52:58][GPU  0] accuracy  equal                                    [OK         21.3s]  ( 26% 221/820 ops)
[INFO] [23:52:58][GPU  0] benchmark equal                                    ...
[INFO] [23:53:02][GPU  2] accuracy  diag_embed                               [TIMEOUT   600.3s]  ( 26% 221/820 ops)
[INFO] [23:53:02][GPU  2] benchmark diag_embed                               ...
[INFO] [23:53:08][GPU  5] accuracy  erf                                      [OK         21.3s]  ( 27% 222/820 ops)
[INFO] [23:53:08][GPU  5] benchmark erf                                      ...
[INFO] [23:53:13][GPU  7] benchmark einsum                                   [OK        167.1s]  ( 27% 222/820 ops)
[INFO] [23:53:13][GPU  7] accuracy  erf_                                     ...
[INFO] [23:53:19][GPU  4] benchmark eq_scalar                                [OK         28.7s]  ( 27% 223/820 ops)
[INFO] [23:53:19][GPU  4] accuracy  erfinv                                   ...
[INFO] [23:53:25][GPU  0] benchmark equal                                    [OK         27.0s]  ( 27% 223/820 ops)
[INFO] [23:53:25][GPU  0] accuracy  erfinv_                                  ...
[INFO] [23:53:33][GPU  7] accuracy  erf_                                     [OK         20.9s]  ( 27% 224/820 ops)
[INFO] [23:53:33][GPU  7] benchmark erf_                                     ...
[INFO] [23:53:39][GPU  5] benchmark erf                                      [OK         31.5s]  ( 27% 224/820 ops)
[INFO] [23:53:39][GPU  5] accuracy  euclidean_dist                           ...
[INFO] [23:53:40][GPU  4] accuracy  erfinv                                   [OK         21.3s]  ( 27% 225/820 ops)
[INFO] [23:53:40][GPU  4] benchmark erfinv                                   ...
[INFO] [23:53:47][GPU  0] accuracy  erfinv_                                  [OK         21.9s]  ( 27% 225/820 ops)
[INFO] [23:53:47][GPU  0] benchmark erfinv_                                  ...
[INFO] [23:53:57][GPU  2] benchmark diag_embed                               [OK         55.3s]  ( 27% 226/820 ops)
[INFO] [23:53:57][GPU  2] accuracy  exp                                      ...
[INFO] [23:54:00][GPU  5] accuracy  euclidean_dist                           [OK         20.6s]  ( 27% 226/820 ops)
[INFO] [23:54:00][GPU  5] benchmark euclidean_dist                           ...
[INFO] [23:54:04][GPU  7] benchmark erf_                                     [OK         30.9s]  ( 27% 227/820 ops)
[INFO] [23:54:04][GPU  7] accuracy  exp2                                     ...
[INFO] [23:54:13][GPU  4] benchmark erfinv                                   [OK         33.0s]  ( 27% 227/820 ops)
[INFO] [23:54:13][GPU  4] accuracy  exp2_                                    ...
[INFO] [23:54:18][GPU  2] accuracy  exp                                      [OK         21.0s]  ( 27% 228/820 ops)
[INFO] [23:54:18][GPU  2] benchmark exp                                      ...
[INFO] [23:54:20][GPU  0] benchmark erfinv_                                  [OK         32.7s]  ( 27% 228/820 ops)
[INFO] [23:54:20][GPU  0] accuracy  exp_                                     ...
[INFO] [23:54:21][GPU  5] benchmark euclidean_dist                           [OK         21.0s]  ( 27% 229/820 ops)
[INFO] [23:54:21][GPU  5] accuracy  exp_out                                  ...
[INFO] [23:54:26][GPU  7] accuracy  exp2                                     [OK         21.3s]  ( 27% 229/820 ops)
[INFO] [23:54:26][GPU  7] benchmark exp2                                     ...
[INFO] [23:54:34][GPU  4] accuracy  exp2_                                    [OK         21.2s]  ( 28% 230/820 ops)
[INFO] [23:54:34][GPU  4] benchmark exp2_                                    ...
[INFO] [23:54:40][GPU  0] accuracy  exp_                                     [OK         20.8s]  ( 28% 230/820 ops)
[INFO] [23:54:40][GPU  0] benchmark exp_                                     ...
[INFO] [23:54:42][GPU  5] accuracy  exp_out                                  [OK         21.2s]  ( 28% 231/820 ops)
[INFO] [23:54:42][GPU  5] benchmark exp_out                                  ...
[INFO] [23:54:46][GPU  2] benchmark exp                                      [OK         28.0s]  ( 28% 231/820 ops)
[INFO] [23:54:46][GPU  2] accuracy  expand                                   ...
[INFO] [23:54:55][GPU  7] benchmark exp2                                     [OK         29.3s]  ( 28% 232/820 ops)
[INFO] [23:54:55][GPU  7] accuracy  expand_                                  ...
[INFO] [23:55:04][GPU  4] benchmark exp2_                                    [OK         29.3s]  ( 28% 232/820 ops)
[INFO] [23:55:04][GPU  4] accuracy  expm1                                    ...
[INFO] [23:55:07][GPU  2] accuracy  expand                                   [OK         20.7s]  ( 28% 233/820 ops)
[INFO] [23:55:07][GPU  2] benchmark expand                                   ...
[INFO] [23:55:08][GPU  0] benchmark exp_                                     [OK         27.6s]  ( 28% 233/820 ops)
[INFO] [23:55:08][GPU  0] accuracy  expm1_                                   ...
[INFO] [23:55:10][GPU  5] benchmark exp_out                                  [OK         27.4s]  ( 28% 234/820 ops)
[INFO] [23:55:10][GPU  5] accuracy  expm1_out                                ...
[INFO] [23:55:16][GPU  7] accuracy  expand_                                  [OK         21.0s]  ( 28% 234/820 ops)
[INFO] [23:55:16][GPU  7] benchmark expand_                                  ...
[INFO] [23:55:25][GPU  4] accuracy  expm1                                    [OK         21.3s]  ( 28% 235/820 ops)
[INFO] [23:55:25][GPU  4] benchmark expm1                                    ...
[INFO] [23:55:29][GPU  0] accuracy  expm1_                                   [OK         21.4s]  ( 28% 235/820 ops)
[INFO] [23:55:29][GPU  0] benchmark expm1_                                   ...
[INFO] [23:55:31][GPU  5] accuracy  expm1_out                                [OK         21.7s]  ( 28% 236/820 ops)
[INFO] [23:55:31][GPU  5] benchmark expm1_out                                ...
[INFO] [23:55:37][GPU  2] benchmark expand                                   [OK         30.6s]  ( 28% 236/820 ops)
[INFO] [23:55:37][GPU  2] accuracy  exponential_                             ...
[INFO] [23:55:46][GPU  7] benchmark expand_                                  [OK         29.7s]  ( 28% 237/820 ops)
[INFO] [23:55:46][GPU  7] accuracy  eye                                      ...
[INFO] [23:55:55][GPU  4] benchmark expm1                                    [OK         29.9s]  ( 28% 237/820 ops)
[INFO] [23:55:55][GPU  4] accuracy  eye_m                                    ...
[INFO] [23:55:59][GPU  0] benchmark expm1_                                   [OK         29.3s]  ( 29% 238/820 ops)
[INFO] [23:55:59][GPU  0] accuracy  feature_dropout                          ...
[INFO] [23:56:01][GPU  5] benchmark expm1_out                                [OK         29.2s]  ( 29% 238/820 ops)
[INFO] [23:56:01][GPU  5] accuracy  feature_dropout_                         ...
[INFO] [23:56:01][GPU  2] accuracy  exponential_                             [OK         23.7s]  ( 29% 239/820 ops)
[INFO] [23:56:01][GPU  2] benchmark exponential_                             ...
[INFO] [23:56:16][GPU  7] accuracy  eye                                      [OK         30.3s]  ( 29% 239/820 ops)
[INFO] [23:56:16][GPU  7] benchmark eye                                      ...
[INFO] [23:56:21][GPU  0] accuracy  feature_dropout                          [OK         22.0s]  ( 29% 240/820 ops)
[INFO] [23:56:21][GPU  0] benchmark feature_dropout                          ...
[INFO] [23:56:21][GPU  4] accuracy  eye_m                                    [OK         26.0s]  ( 29% 240/820 ops)
[INFO] [23:56:21][GPU  4] benchmark eye_m                                    ...
[INFO] [23:56:23][GPU  5] accuracy  feature_dropout_                         [OK         21.8s]  ( 29% 241/820 ops)
[INFO] [23:56:23][GPU  5] benchmark feature_dropout_                         ...
[INFO] [23:56:42][GPU  7] benchmark eye                                      [OK         25.8s]  ( 29% 241/820 ops)
[INFO] [23:56:42][GPU  7] accuracy  fill_scalar                              ...
[INFO] [23:56:46][GPU  4] benchmark eye_m                                    [OK         25.4s]  ( 29% 242/820 ops)
[INFO] [23:56:46][GPU  4] accuracy  fill_scalar_                             ...
[INFO] [23:56:58][GPU  0] benchmark feature_dropout                          [OK         37.7s]  ( 29% 242/820 ops)
[INFO] [23:56:58][GPU  0] accuracy  fill_scalar_out                          ...
[INFO] [23:57:00][GPU  5] benchmark feature_dropout_                         [OK         37.5s]  ( 29% 243/820 ops)
[INFO] [23:57:00][GPU  5] accuracy  fill_tensor                              ...
[INFO] [23:57:08][GPU  7] accuracy  fill_scalar                              [OK         26.5s]  ( 29% 243/820 ops)
[INFO] [23:57:08][GPU  7] benchmark fill_scalar                              ...
[INFO] [23:57:08][GPU  4] accuracy  fill_scalar_                             [OK         22.0s]  ( 29% 244/820 ops)
[INFO] [23:57:08][GPU  4] benchmark fill_scalar_                             ...
[INFO] [23:57:26][GPU  0] accuracy  fill_scalar_out                          [OK         27.3s]  ( 29% 244/820 ops)
[INFO] [23:57:26][GPU  0] benchmark fill_scalar_out                          ...
[INFO] [23:57:33][GPU  5] accuracy  fill_tensor                              [OK         33.0s]  ( 29% 245/820 ops)
[INFO] [23:57:33][GPU  5] benchmark fill_tensor                              ...
[INFO] [23:57:34][GPU  4] benchmark fill_scalar_                             [OK         25.2s]  ( 29% 245/820 ops)
[INFO] [23:57:34][GPU  4] accuracy  fill_tensor_                             ...
[INFO] [23:57:34][GPU  7] benchmark fill_scalar                              [OK         25.6s]  ( 30% 246/820 ops)
[INFO] [23:57:34][GPU  7] accuracy  fill_tensor_out                          ...
[INFO] [23:57:39][GPU  2] benchmark exponential_                             [OK         98.2s]  ( 30% 246/820 ops)
[INFO] [23:57:39][GPU  2] accuracy  fix                                      ...
[INFO] [23:57:52][GPU  0] benchmark fill_scalar_out                          [OK         26.3s]  ( 30% 247/820 ops)
[INFO] [23:57:52][GPU  0] accuracy  flash_attention_backward                 ...
[INFO] [23:57:56][GPU  3] accuracy  dot                                      [TIMEOUT   610.0s]  ( 30% 247/820 ops)
[INFO] [23:57:56][GPU  3] benchmark dot                                      ...
[INFO] [23:58:01][GPU  5] benchmark fill_tensor                              [OK         27.8s]  ( 30% 248/820 ops)
[INFO] [23:58:01][GPU  5] accuracy  flash_attention_forward                  ...
[INFO] [23:58:02][GPU  4] accuracy  fill_tensor_                             [FAILED     27.8s]  ( 30% 248/820 ops)
[INFO] [23:58:02][GPU  4] benchmark fill_tensor_                             ...
[INFO] [23:58:04][GPU  2] accuracy  fix                                      [OK         24.5s]  ( 30% 249/820 ops)
[INFO] [23:58:04][GPU  2] benchmark fix                                      ...
[INFO] [23:58:04][GPU  7] accuracy  fill_tensor_out                          [OK         30.2s]  ( 30% 249/820 ops)
[INFO] [23:58:04][GPU  7] benchmark fill_tensor_out                          ...
[INFO] [23:58:15][GPU  0] accuracy  flash_attention_backward                 [FAILED     23.1s]  ( 30% 250/820 ops)
[INFO] [23:58:15][GPU  0] benchmark flash_attention_backward                 ...
[INFO] [23:58:15][GPU  6] benchmark copysign_                                [TIMEOUT   610.0s]  ( 30% 250/820 ops)
[INFO] [23:58:15][GPU  6] accuracy  flash_attn_varlen_func                   ...
[INFO] [23:58:22][GPU  5] accuracy  flash_attention_forward                  [FAILED     20.9s]  ( 30% 251/820 ops)
[INFO] [23:58:22][GPU  5] benchmark flash_attention_forward                  ...
[INFO] [23:58:27][GPU  4] benchmark fill_tensor_                             [OK         25.0s]  ( 30% 251/820 ops)
[INFO] [23:58:27][GPU  4] accuracy  flash_attn_varlen_opt_func               ...
[INFO] [23:58:31][GPU  7] benchmark fill_tensor_out                          [OK         26.7s]  ( 30% 252/820 ops)
[INFO] [23:58:31][GPU  7] accuracy  flash_mla                                ...
[INFO] [23:58:33][GPU  0] benchmark flash_attention_backward                 [FAILED     17.3s]  ( 30% 252/820 ops)
[INFO] [23:58:33][GPU  0] accuracy  flash_mla_sparse_fwd                     ...
[INFO] [23:58:38][GPU  5] benchmark flash_attention_forward                  [FAILED     16.7s]  ( 30% 253/820 ops)
[INFO] [23:58:38][GPU  5] accuracy  flip                                     ...
[INFO] [23:58:40][GPU  2] benchmark fix                                      [OK         35.8s]  ( 30% 253/820 ops)
[INFO] [23:58:40][GPU  2] accuracy  floor                                    ...
[INFO] [23:58:44][GPU  1] accuracy  dswiglu                                  [TIMEOUT   610.0s]  ( 30% 254/820 ops)
[INFO] [23:58:44][GPU  1] benchmark dswiglu                                  ...
[INFO] [23:58:47][GPU  4] accuracy  flash_attn_varlen_opt_func               [FAILED     20.7s]  ( 30% 254/820 ops)
[INFO] [23:58:47][GPU  4] benchmark flash_attn_varlen_opt_func               ...
[INFO] [23:58:57][GPU  0] accuracy  flash_mla_sparse_fwd                     [FAILED     24.0s]  ( 31% 255/820 ops)
[INFO] [23:58:57][GPU  0] benchmark flash_mla_sparse_fwd                     ...
[INFO] [23:59:06][GPU  4] benchmark flash_attn_varlen_opt_func               [SKIPPED    18.3s]  ( 31% 255/820 ops)
[INFO] [23:59:06][GPU  4] accuracy  floor_                                   ...
[INFO] [23:59:06][GPU  2] accuracy  floor                                    [OK         26.6s]  ( 31% 256/820 ops)
[INFO] [23:59:06][GPU  2] benchmark floor                                    ...
[INFO] [23:59:20][GPU  0] benchmark flash_mla_sparse_fwd                     [FAILED     23.5s]  ( 31% 256/820 ops)
[INFO] [23:59:20][GPU  0] accuracy  floor_divide_scalar                      ...
[INFO] [23:59:35][GPU  4] accuracy  floor_                                   [OK         29.0s]  ( 31% 257/820 ops)
[INFO] [23:59:35][GPU  4] benchmark floor_                                   ...
[INFO] [23:59:46][GPU  0] accuracy  floor_divide_scalar                      [FAILED     25.4s]  ( 31% 257/820 ops)
[INFO] [23:59:46][GPU  0] benchmark floor_divide_scalar                      ...
[INFO] [23:59:46][GPU  2] benchmark floor                                    [OK         40.4s]  ( 31% 258/820 ops)
[INFO] [23:59:46][GPU  2] accuracy  floor_divide_scalar_                     ...
[INFO] [00:00:11][GPU  4] benchmark floor_                                   [OK         36.0s]  ( 31% 258/820 ops)
[INFO] [00:00:11][GPU  4] accuracy  floor_divide_tensor                      ...
[INFO] [00:00:20][GPU  0] benchmark floor_divide_scalar                      [OK         34.1s]  ( 31% 259/820 ops)
[INFO] [00:00:20][GPU  0] accuracy  floor_divide_tensor_                     ...
[INFO] [00:00:21][GPU  2] accuracy  floor_divide_scalar_                     [OK         34.1s]  ( 31% 259/820 ops)
[INFO] [00:00:21][GPU  2] benchmark floor_divide_scalar_                     ...
[INFO] [00:00:42][GPU  4] accuracy  floor_divide_tensor                      [OK         31.3s]  ( 31% 260/820 ops)
[INFO] [00:00:42][GPU  4] benchmark floor_divide_tensor                      ...
[INFO] [00:00:51][GPU  0] accuracy  floor_divide_tensor_                     [OK         31.2s]  ( 31% 260/820 ops)
[INFO] [00:00:51][GPU  0] benchmark floor_divide_tensor_                     ...
[INFO] [00:00:54][GPU  2] benchmark floor_divide_scalar_                     [OK         33.2s]  ( 31% 261/820 ops)
[INFO] [00:00:54][GPU  2] accuracy  floor_out                                ...
[INFO] [00:01:01][GPU  7] accuracy  flash_mla                                [OK        150.2s]  ( 31% 261/820 ops)
[INFO] [00:01:01][GPU  7] benchmark flash_mla                                ...
[INFO] [00:01:15][GPU  2] accuracy  floor_out                                [OK         21.6s]  ( 31% 262/820 ops)
[INFO] [00:01:15][GPU  2] benchmark floor_out                                ...
[INFO] [00:01:20][GPU  4] benchmark floor_divide_tensor                      [OK         38.5s]  ( 31% 262/820 ops)
[INFO] [00:01:20][GPU  4] accuracy  fmax                                     ...
[INFO] [00:01:25][GPU  0] benchmark floor_divide_tensor_                     [OK         34.6s]  ( 32% 263/820 ops)
[INFO] [00:01:25][GPU  0] accuracy  fmax_out                                 ...
[INFO] [00:01:33][GPU  7] benchmark flash_mla                                [OK         31.9s]  ( 32% 263/820 ops)
[INFO] [00:01:33][GPU  7] accuracy  fmin                                     ...
[INFO] [00:01:40][GPU  4] accuracy  fmax                                     [ERROR      19.2s]  ( 32% 264/820 ops)
[INFO] [00:01:40][GPU  4] benchmark fmax                                     ...
[INFO] [00:01:44][GPU  0] accuracy  fmax_out                                 [ERROR      19.1s]  ( 32% 264/820 ops)
[INFO] [00:01:44][GPU  0] benchmark fmax_out                                 ...
[INFO] [00:01:46][GPU  2] benchmark floor_out                                [OK         31.0s]  ( 32% 265/820 ops)
[INFO] [00:01:46][GPU  2] accuracy  fmin_out                                 ...
[INFO] [00:01:55][GPU  7] accuracy  fmin                                     [OK         21.6s]  ( 32% 265/820 ops)
[INFO] [00:01:55][GPU  7] benchmark fmin                                     ...
[INFO] [00:02:03][GPU  4] benchmark fmax                                     [NOTFOUND   23.4s]  ( 32% 266/820 ops)
[INFO] [00:02:03][GPU  4] accuracy  fmod_                                    ...
[INFO] [00:02:09][GPU  0] benchmark fmax_out                                 [NOTFOUND   24.1s]  ( 32% 266/820 ops)
[INFO] [00:02:09][GPU  0] accuracy  fmod_scalar                              ...
[INFO] [00:02:09][GPU  2] accuracy  fmin_out                                 [OK         22.4s]  ( 32% 267/820 ops)
[INFO] [00:02:09][GPU  2] benchmark fmin_out                                 ...
[INFO] [00:02:25][GPU  4] accuracy  fmod_                                    [FAILED     22.4s]  ( 32% 267/820 ops)
[INFO] [00:02:25][GPU  4] benchmark fmod_                                    ...
[INFO] [00:02:32][GPU  0] accuracy  fmod_scalar                              [OK         23.2s]  ( 32% 268/820 ops)
[INFO] [00:02:32][GPU  0] benchmark fmod_scalar                              ...
[INFO] [00:02:34][GPU  7] benchmark fmin                                     [OK         39.1s]  ( 32% 268/820 ops)
[INFO] [00:02:34][GPU  7] accuracy  fmod_scalar_                             ...
[INFO] [00:02:47][GPU  2] benchmark fmin_out                                 [OK         38.2s]  ( 32% 269/820 ops)
[INFO] [00:02:47][GPU  2] accuracy  fmod_tensor                              ...
[INFO] [00:02:53][GPU  4] benchmark fmod_                                    [FAILED     27.9s]  ( 32% 269/820 ops)
[INFO] [00:02:53][GPU  4] accuracy  fmod_tensor_                             ...
[INFO] [00:02:55][GPU  7] accuracy  fmod_scalar_                             [OK         21.5s]  ( 32% 270/820 ops)
[INFO] [00:02:55][GPU  7] benchmark fmod_scalar_                             ...
[INFO] [00:03:00][GPU  0] benchmark fmod_scalar                              [FAILED     28.4s]  ( 32% 270/820 ops)
[INFO] [00:03:00][GPU  0] accuracy  fp8_fp4_mega_moe                         ...
[INFO] [00:03:08][GPU  2] accuracy  fmod_tensor                              [OK         21.4s]  ( 33% 271/820 ops)
[INFO] [00:03:08][GPU  2] benchmark fmod_tensor                              ...
[INFO] [00:03:15][GPU  4] accuracy  fmod_tensor_                             [OK         21.4s]  ( 33% 271/820 ops)
[INFO] [00:03:15][GPU  4] benchmark fmod_tensor_                             ...
[INFO] [00:03:21][GPU  0] accuracy  fp8_fp4_mega_moe                         [SKIPPED    20.2s]  ( 33% 272/820 ops)
[INFO] [00:03:21][GPU  0] benchmark fp8_fp4_mega_moe                         ...
[INFO] [00:03:23][GPU  7] benchmark fmod_scalar_                             [FAILED     27.8s]  ( 33% 272/820 ops)
[INFO] [00:03:23][GPU  7] accuracy  fp8_fp4_mqa_logits                       ...
[INFO] [00:03:37][GPU  2] benchmark fmod_tensor                              [FAILED     28.2s]  ( 33% 273/820 ops)
[INFO] [00:03:37][GPU  2] accuracy  fp8_fp4_paged_mqa_logits                 ...
[INFO] [00:03:37][GPU  0] benchmark fp8_fp4_mega_moe                         [SKIPPED    16.2s]  ( 33% 273/820 ops)
[INFO] [00:03:37][GPU  0] accuracy  fp8_mqa_logits                           ...
[INFO] [00:03:42][GPU  4] benchmark fmod_tensor_                             [FAILED     27.6s]  ( 33% 274/820 ops)
[INFO] [00:03:42][GPU  4] accuracy  frac                                     ...
[INFO] [00:03:43][GPU  7] accuracy  fp8_fp4_mqa_logits                       [SKIPPED    20.1s]  ( 33% 274/820 ops)
[INFO] [00:03:43][GPU  7] benchmark fp8_fp4_mqa_logits                       ...
[INFO] [00:03:57][GPU  0] accuracy  fp8_mqa_logits                           [SKIPPED    20.2s]  ( 33% 275/820 ops)
[INFO] [00:03:57][GPU  0] benchmark fp8_mqa_logits                           ...
[INFO] [00:03:57][GPU  2] accuracy  fp8_fp4_paged_mqa_logits                 [SKIPPED    20.3s]  ( 33% 275/820 ops)
[INFO] [00:03:57][GPU  2] benchmark fp8_fp4_paged_mqa_logits                 ...
[INFO] [00:03:59][GPU  7] benchmark fp8_fp4_mqa_logits                       [SKIPPED    16.1s]  ( 33% 276/820 ops)
[INFO] [00:03:59][GPU  7] accuracy  frac_                                    ...
[INFO] [00:04:03][GPU  4] accuracy  frac                                     [OK         21.0s]  ( 33% 276/820 ops)
[INFO] [00:04:03][GPU  4] benchmark frac                                     ...
[INFO] [00:04:13][GPU  0] benchmark fp8_mqa_logits                           [SKIPPED    16.4s]  ( 33% 277/820 ops)
[INFO] [00:04:13][GPU  0] accuracy  fractional_max_pool2d                    ...
[INFO] [00:04:13][GPU  2] benchmark fp8_fp4_paged_mqa_logits                 [SKIPPED    16.4s]  ( 33% 277/820 ops)
[INFO] [00:04:13][GPU  2] accuracy  fractional_max_pool2d_backward           ...
[INFO] [00:04:20][GPU  7] accuracy  frac_                                    [OK         20.8s]  ( 33% 278/820 ops)
[INFO] [00:04:20][GPU  7] benchmark frac_                                    ...
[INFO] [00:04:35][GPU  0] accuracy  fractional_max_pool2d                    [ERROR      21.2s]  ( 33% 278/820 ops)
[INFO] [00:04:35][GPU  0] benchmark fractional_max_pool2d                    ...
[INFO] [00:04:36][GPU  2] accuracy  fractional_max_pool2d_backward           [ERROR      22.3s]  ( 34% 279/820 ops)
[INFO] [00:04:36][GPU  2] benchmark fractional_max_pool2d_backward           ...
[INFO] [00:04:41][GPU  4] benchmark frac                                     [OK         37.5s]  ( 34% 279/820 ops)
[INFO] [00:04:41][GPU  4] accuracy  full                                     ...
[INFO] [00:04:51][GPU  0] benchmark fractional_max_pool2d                    [FAILED     16.9s]  ( 34% 280/820 ops)
[INFO] [00:04:52][GPU  0] accuracy  full_like                                ...
[INFO] [00:04:52][GPU  2] benchmark fractional_max_pool2d_backward           [FAILED     16.6s]  ( 34% 280/820 ops)
[INFO] [00:04:52][GPU  2] accuracy  functional_sym_constrain_range           ...
[INFO] [00:04:57][GPU  7] benchmark frac_                                    [OK         36.7s]  ( 34% 281/820 ops)
[INFO] [00:04:57][GPU  7] accuracy  functional_sym_constrain_range_for_size  ...
[INFO] [00:05:05][GPU  4] accuracy  full                                     [OK         24.1s]  ( 34% 281/820 ops)
[INFO] [00:05:05][GPU  4] benchmark full                                     ...
[INFO] [00:05:15][GPU  2] accuracy  functional_sym_constrain_range           [OK         23.0s]  ( 34% 282/820 ops)
[INFO] [00:05:15][GPU  2] benchmark functional_sym_constrain_range           ...
[INFO] [00:05:20][GPU  7] accuracy  functional_sym_constrain_range_for_size  [OK         23.5s]  ( 34% 282/820 ops)
[INFO] [00:05:20][GPU  7] benchmark functional_sym_constrain_range_for_size  ...
[INFO] [00:05:21][GPU  0] accuracy  full_like                                [OK         29.3s]  ( 34% 283/820 ops)
[INFO] [00:05:21][GPU  0] benchmark full_like                                ...
[INFO] [00:05:30][GPU  4] benchmark full                                     [OK         25.0s]  ( 34% 283/820 ops)
[INFO] [00:05:30][GPU  4] accuracy  fused_adam                               ...
[INFO] [00:05:41][GPU  2] benchmark functional_sym_constrain_range           [OK         26.1s]  ( 34% 284/820 ops)
[INFO] [00:05:41][GPU  2] accuracy  fused_adam_                              ...
[INFO] [00:05:44][GPU  0] benchmark full_like                                [OK         23.6s]  ( 34% 284/820 ops)
[INFO] [00:05:44][GPU  0] accuracy  fused_add_rms_norm                       ...
[INFO] [00:05:47][GPU  7] benchmark functional_sym_constrain_range_for_size  [OK         26.4s]  ( 34% 285/820 ops)
[INFO] [00:05:47][GPU  7] accuracy  fused_deepseek_v4_qnorm_rope_kv_rope_... ...
[INFO] [00:05:50][GPU  4] accuracy  fused_adam                               [OK         20.5s]  ( 34% 285/820 ops)
[INFO] [00:05:50][GPU  4] benchmark fused_adam                               ...
[INFO] [00:06:02][GPU  2] accuracy  fused_adam_                              [OK         20.4s]  ( 34% 286/820 ops)
[INFO] [00:06:02][GPU  2] benchmark fused_adam_                              ...
[INFO] [00:06:05][GPU  7] accuracy  fused_deepseek_v4_qnorm_rope_kv_rope_... [ERROR      18.5s]  ( 34% 286/820 ops)
[INFO] [00:06:05][GPU  7] benchmark fused_deepseek_v4_qnorm_rope_kv_rope_... ...
[INFO] [00:06:06][GPU  0] accuracy  fused_add_rms_norm                       [OK         21.1s]  ( 35% 287/820 ops)
[INFO] [00:06:06][GPU  0] benchmark fused_add_rms_norm                       ...
[INFO] [00:06:16][GPU  4] benchmark fused_adam                               [OK         25.5s]  ( 35% 287/820 ops)
[INFO] [00:06:16][GPU  4] accuracy  fused_deepseek_v4_qnorm_rope_kv_rope_... ...
[INFO] [00:06:22][GPU  7] benchmark fused_deepseek_v4_qnorm_rope_kv_rope_... [NOTFOUND   16.7s]  ( 35% 288/820 ops)
[INFO] [00:06:22][GPU  7] accuracy  fused_experts_impl                       ...
[INFO] [00:06:27][GPU  2] benchmark fused_adam_                              [OK         25.1s]  ( 35% 288/820 ops)
[INFO] [00:06:27][GPU  2] accuracy  fused_indexer_q_rope_quant               ...
[INFO] [00:06:36][GPU  4] accuracy  fused_deepseek_v4_qnorm_rope_kv_rope_... [SKIPPED    20.0s]  ( 35% 289/820 ops)
[INFO] [00:06:36][GPU  4] benchmark fused_deepseek_v4_qnorm_rope_kv_rope_... ...
[INFO] [00:06:42][GPU  7] accuracy  fused_experts_impl                       [ERROR      20.2s]  ( 35% 289/820 ops)
[INFO] [00:06:42][GPU  7] benchmark fused_experts_impl                       ...
[INFO] [00:06:44][GPU  0] benchmark fused_add_rms_norm                       [OK         38.6s]  ( 35% 290/820 ops)
[INFO] [00:06:44][GPU  0] accuracy  fused_moe                                ...
[INFO] [00:06:47][GPU  2] accuracy  fused_indexer_q_rope_quant               [SKIPPED    20.3s]  ( 35% 290/820 ops)
[INFO] [00:06:47][GPU  2] benchmark fused_indexer_q_rope_quant               ...
[INFO] [00:06:52][GPU  4] benchmark fused_deepseek_v4_qnorm_rope_kv_rope_... [SKIPPED    16.3s]  ( 35% 291/820 ops)
[INFO] [00:06:52][GPU  4] accuracy  fused_q_kv_rmsnorm                       ...
[INFO] [00:06:59][GPU  7] benchmark fused_experts_impl                       [SKIPPED    16.7s]  ( 35% 291/820 ops)
[INFO] [00:06:59][GPU  7] accuracy  fused_recurrent_gated_delta_rule_fwd     ...
[INFO] [00:07:04][GPU  2] benchmark fused_indexer_q_rope_quant               [SKIPPED    16.4s]  ( 35% 292/820 ops)
[INFO] [00:07:04][GPU  2] accuracy  gather                                   ...
[INFO] [00:07:05][GPU  0] accuracy  fused_moe                                [NOTFOUND   20.7s]  ( 35% 292/820 ops)
[INFO] [00:07:05][GPU  0] benchmark fused_moe                                ...
[INFO] [00:07:13][GPU  4] accuracy  fused_q_kv_rmsnorm                       [OK         21.0s]  ( 35% 293/820 ops)
[INFO] [00:07:13][GPU  4] benchmark fused_q_kv_rmsnorm                       ...
[INFO] [00:07:18][GPU  7] accuracy  fused_recurrent_gated_delta_rule_fwd     [ERROR      18.9s]  ( 35% 293/820 ops)
[INFO] [00:07:18][GPU  7] benchmark fused_recurrent_gated_delta_rule_fwd     ...
[INFO] [00:07:21][GPU  0] benchmark fused_moe                                [SKIPPED    16.3s]  ( 35% 294/820 ops)
[INFO] [00:07:21][GPU  0] accuracy  gather_backward                          ...
[INFO] [00:07:30][GPU  4] benchmark fused_q_kv_rmsnorm                       [NOTFOUND   16.3s]  ( 35% 294/820 ops)
[INFO] [00:07:30][GPU  4] accuracy  gather_block_quantized                   ...
[INFO] [00:07:34][GPU  7] benchmark fused_recurrent_gated_delta_rule_fwd     [NOTFOUND   16.6s]  ( 35% 295/820 ops)
[INFO] [00:07:34][GPU  7] accuracy  gcd                                      ...
[INFO] [00:07:41][GPU  2] accuracy  gather                                   [OK         37.9s]  ( 35% 295/820 ops)
[INFO] [00:07:41][GPU  2] benchmark gather                                   ...
[INFO] [00:07:51][GPU  4] accuracy  gather_block_quantized                   [OK         21.3s]  ( 36% 296/820 ops)
[INFO] [00:07:51][GPU  4] benchmark gather_block_quantized                   ...
[INFO] [00:07:58][GPU  7] accuracy  gcd                                      [FAILED     23.9s]  ( 36% 296/820 ops)
[INFO] [00:07:58][GPU  7] benchmark gcd                                      ...
[INFO] [00:08:06][GPU  3] benchmark dot                                      [TIMEOUT   610.0s]  ( 36% 297/820 ops)
[INFO] [00:08:06][GPU  3] accuracy  gcd_out                                  ...
[INFO] [00:08:15][GPU  4] benchmark gather_block_quantized                   [OK         24.1s]  ( 36% 297/820 ops)
[INFO] [00:08:15][GPU  4] accuracy  gcd_                                     ...
[INFO] [00:08:16][GPU  0] accuracy  gather_backward                          [FAILED     54.9s]  ( 36% 298/820 ops)
[INFO] [00:08:16][GPU  0] benchmark gather_backward                          ...
[INFO] [00:08:18][GPU  7] benchmark gcd                                      [FAILED     19.4s]  ( 36% 298/820 ops)
[INFO] [00:08:18][GPU  7] accuracy  ge                                       ...
[INFO] [00:08:25][GPU  6] accuracy  flash_attn_varlen_func                   [TIMEOUT   610.0s]  ( 36% 299/820 ops)
[INFO] [00:08:25][GPU  6] benchmark flash_attn_varlen_func                   ...
[INFO] [00:08:37][GPU  2] benchmark gather                                   [OK         56.0s]  ( 36% 299/820 ops)
[INFO] [00:08:37][GPU  2] accuracy  ge_scalar                                ...
[INFO] [00:08:38][GPU  4] accuracy  gcd_                                     [FAILED     23.3s]  ( 36% 300/820 ops)
[INFO] [00:08:38][GPU  4] benchmark gcd_                                     ...
[INFO] [00:08:39][GPU  5] accuracy  flip                                     [TIMEOUT   600.3s]  ( 36% 300/820 ops)
[INFO] [00:08:39][GPU  5] benchmark flip                                     ...
[INFO] [00:08:39][GPU  7] accuracy  ge                                       [OK         21.3s]  ( 36% 301/820 ops)
[INFO] [00:08:39][GPU  7] benchmark ge                                       ...
[INFO] [00:08:54][GPU  1] benchmark dswiglu                                  [TIMEOUT   610.0s]  ( 36% 301/820 ops)
[INFO] [00:08:54][GPU  1] accuracy  geglu                                    ...
[INFO] [00:08:57][GPU  4] benchmark gcd_                                     [FAILED     18.2s]  ( 36% 302/820 ops)
[INFO] [00:08:57][GPU  4] accuracy  gelu                                     ...
[INFO] [00:08:58][GPU  2] accuracy  ge_scalar                                [OK         21.0s]  ( 36% 302/820 ops)
[INFO] [00:08:58][GPU  2] benchmark ge_scalar                                ...
[INFO] [00:09:07][GPU  7] benchmark ge                                       [OK         27.7s]  ( 36% 303/820 ops)
[INFO] [00:09:07][GPU  7] accuracy  gelu_                                    ...
[INFO] [00:09:18][GPU  4] accuracy  gelu                                     [OK         21.3s]  ( 36% 303/820 ops)
[INFO] [00:09:18][GPU  4] benchmark gelu                                     ...
[INFO] [00:09:26][GPU  5] benchmark flip                                     [OK         47.0s]  ( 37% 304/820 ops)
[INFO] [00:09:26][GPU  5] accuracy  gelu_and_mul                             ...
[INFO] [00:09:26][GPU  2] benchmark ge_scalar                                [OK         28.0s]  ( 37% 304/820 ops)
[INFO] [00:09:26][GPU  2] accuracy  gelu_backward                            ...
[INFO] [00:09:28][GPU  7] accuracy  gelu_                                    [OK         21.3s]  ( 37% 305/820 ops)
[INFO] [00:09:28][GPU  7] benchmark gelu_                                    ...
[INFO] [00:09:51][GPU  4] benchmark gelu                                     [OK         32.8s]  ( 37% 305/820 ops)
[INFO] [00:09:51][GPU  4] accuracy  geometric                                ...
[INFO] [00:09:52][GPU  5] accuracy  gelu_and_mul                             [OK         25.9s]  ( 37% 306/820 ops)
[INFO] [00:09:52][GPU  5] benchmark gelu_and_mul                             ...
[INFO] [00:09:52][GPU  2] accuracy  gelu_backward                            [OK         25.2s]  ( 37% 306/820 ops)
[INFO] [00:09:52][GPU  2] benchmark gelu_backward                            ...
[INFO] [00:10:00][GPU  7] benchmark gelu_                                    [OK         31.7s]  ( 37% 307/820 ops)
[INFO] [00:10:00][GPU  7] accuracy  geometric_                               ...
[INFO] [00:10:11][GPU  4] accuracy  geometric                                [OK         20.7s]  ( 37% 307/820 ops)
[INFO] [00:10:11][GPU  4] benchmark geometric                                ...
[INFO] [00:10:20][GPU  7] accuracy  geometric_                               [OK         20.1s]  ( 37% 308/820 ops)
[INFO] [00:10:20][GPU  7] benchmark geometric_                               ...
[INFO] [00:10:24][GPU  5] benchmark gelu_and_mul                             [OK         32.6s]  ( 37% 308/820 ops)
[INFO] [00:10:24][GPU  5] accuracy  get_paged_mqa_logits_metadata            ...
[INFO] [00:10:26][GPU  2] benchmark gelu_backward                            [OK         34.3s]  ( 37% 309/820 ops)
[INFO] [00:10:26][GPU  2] accuracy  get_scheduler_metadata                   ...
[INFO] [00:10:44][GPU  5] accuracy  get_paged_mqa_logits_metadata            [SKIPPED    19.8s]  ( 37% 309/820 ops)
[INFO] [00:10:44][GPU  5] benchmark get_paged_mqa_logits_metadata            ...
[INFO] [00:10:46][GPU  2] accuracy  get_scheduler_metadata                   [SKIPPED    20.4s]  ( 37% 310/820 ops)
[INFO] [00:10:46][GPU  2] benchmark get_scheduler_metadata                   ...
[INFO] [00:11:00][GPU  5] benchmark get_paged_mqa_logits_metadata            [SKIPPED    16.3s]  ( 37% 310/820 ops)
[INFO] [00:11:00][GPU  5] accuracy  glu                                      ...
[INFO] [00:11:02][GPU  2] benchmark get_scheduler_metadata                   [SKIPPED    16.0s]  ( 37% 311/820 ops)
[INFO] [00:11:02][GPU  2] accuracy  glu_backward                             ...
[INFO] [00:11:12][GPU  4] benchmark geometric                                [OK         60.4s]  ( 37% 311/820 ops)
[INFO] [00:11:12][GPU  4] accuracy  greater                                  ...
[INFO] [00:11:19][GPU  7] benchmark geometric_                               [OK         59.1s]  ( 38% 312/820 ops)
[INFO] [00:11:19][GPU  7] accuracy  greater_equal_                           ...
[INFO] [00:11:22][GPU  5] accuracy  glu                                      [OK         21.3s]  ( 38% 312/820 ops)
[INFO] [00:11:22][GPU  5] benchmark glu                                      ...
[INFO] [00:11:24][GPU  2] accuracy  glu_backward                             [OK         21.2s]  ( 38% 313/820 ops)
[INFO] [00:11:24][GPU  2] benchmark glu_backward                             ...
[INFO] [00:11:33][GPU  4] accuracy  greater                                  [OK         21.2s]  ( 38% 313/820 ops)
[INFO] [00:11:33][GPU  4] benchmark greater                                  ...
[INFO] [00:11:40][GPU  7] accuracy  greater_equal_                           [OK         20.9s]  ( 38% 314/820 ops)
[INFO] [00:11:40][GPU  7] benchmark greater_equal_                           ...
[INFO] [00:11:53][GPU  5] benchmark glu                                      [OK         31.1s]  ( 38% 314/820 ops)
[INFO] [00:11:53][GPU  5] accuracy  greater_out                              ...
[INFO] [00:11:56][GPU  2] benchmark glu_backward                             [OK         32.0s]  ( 38% 315/820 ops)
[INFO] [00:11:56][GPU  2] accuracy  greater_scalar                           ...
[INFO] [00:12:00][GPU  4] benchmark greater                                  [OK         26.6s]  ( 38% 315/820 ops)
[INFO] [00:12:00][GPU  4] accuracy  greater_scalar_out                       ...
[INFO] [00:12:11][GPU  7] benchmark greater_equal_                           [OK         31.1s]  ( 38% 316/820 ops)
[INFO] [00:12:11][GPU  7] accuracy  grid_sample                              ...
[INFO] [00:12:13][GPU  5] accuracy  greater_out                              [OK         20.3s]  ( 38% 316/820 ops)
[INFO] [00:12:13][GPU  5] benchmark greater_out                              ...
[INFO] [00:12:17][GPU  2] accuracy  greater_scalar                           [OK         21.0s]  ( 38% 317/820 ops)
[INFO] [00:12:17][GPU  2] benchmark greater_scalar                           ...
[INFO] [00:12:21][GPU  4] accuracy  greater_scalar_out                       [OK         21.1s]  ( 38% 317/820 ops)
[INFO] [00:12:21][GPU  4] benchmark greater_scalar_out                       ...
[INFO] [00:12:37][GPU  5] benchmark greater_out                              [OK         24.1s]  ( 38% 318/820 ops)
[INFO] [00:12:37][GPU  5] accuracy  group_norm                               ...
[INFO] [00:12:44][GPU  2] benchmark greater_scalar                           [OK         27.8s]  ( 38% 318/820 ops)
[INFO] [00:12:44][GPU  2] accuracy  group_norm_backward                      ...
[INFO] [00:12:48][GPU  4] benchmark greater_scalar_out                       [OK         27.4s]  ( 38% 319/820 ops)
[INFO] [00:12:48][GPU  4] accuracy  grouped_mm                               ...
[INFO] [00:12:59][GPU  5] accuracy  group_norm                               [OK         21.4s]  ( 38% 319/820 ops)
[INFO] [00:12:59][GPU  5] benchmark group_norm                               ...
[INFO] [00:13:06][GPU  2] accuracy  group_norm_backward                      [OK         21.4s]  ( 39% 320/820 ops)
[INFO] [00:13:06][GPU  2] benchmark group_norm_backward                      ...
[INFO] [00:13:19][GPU  7] accuracy  grid_sample                              [ERROR      67.5s]  ( 39% 320/820 ops)
[INFO] [00:13:19][GPU  7] benchmark grid_sample                              ...
[INFO] [00:13:20][GPU  4] accuracy  grouped_mm                               [OK         32.2s]  ( 39% 321/820 ops)
[INFO] [00:13:20][GPU  4] benchmark grouped_mm                               ...
[INFO] [00:13:23][GPU  2] benchmark group_norm_backward                      [NOTFOUND   17.3s]  ( 39% 321/820 ops)
[INFO] [00:13:23][GPU  2] accuracy  grouped_topk                             ...
[INFO] [00:13:28][GPU  5] benchmark group_norm                               [OK         29.8s]  ( 39% 322/820 ops)
[INFO] [00:13:28][GPU  5] accuracy  gt                                       ...
[INFO] [00:13:37][GPU  4] benchmark grouped_mm                               [FAILED     16.3s]  ( 39% 322/820 ops)
[INFO] [00:13:37][GPU  4] accuracy  gt_scalar                                ...
[INFO] [00:13:50][GPU  5] accuracy  gt                                       [OK         21.3s]  ( 39% 323/820 ops)
[INFO] [00:13:50][GPU  5] benchmark gt                                       ...
[INFO] [00:13:53][GPU  2] accuracy  grouped_topk                             [FAILED     29.8s]  ( 39% 323/820 ops)
[INFO] [00:13:53][GPU  2] benchmark grouped_topk                             ...
[INFO] [00:13:58][GPU  4] accuracy  gt_scalar                                [OK         20.8s]  ( 39% 324/820 ops)
[INFO] [00:13:58][GPU  4] benchmark gt_scalar                                ...
[INFO] [00:14:00][GPU  0] benchmark gather_backward                          [OK        344.3s]  ( 39% 324/820 ops)
[INFO] [00:14:00][GPU  0] accuracy  gt_scalar_                               ...
[INFO] [00:14:09][GPU  2] benchmark grouped_topk                             [SKIPPED    16.3s]  ( 39% 325/820 ops)
[INFO] [00:14:09][GPU  2] accuracy  gt_tensor_                               ...
[INFO] [00:14:17][GPU  5] benchmark gt                                       [OK         26.9s]  ( 39% 325/820 ops)
[INFO] [00:14:17][GPU  5] accuracy  hardsigmoid                              ...
[INFO] [00:14:18][GPU  7] benchmark grid_sample                              [FAILED     59.0s]  ( 39% 326/820 ops)
[INFO] [00:14:18][GPU  7] accuracy  hardsigmoid_out                          ...
[INFO] [00:14:21][GPU  0] accuracy  gt_scalar_                               [OK         20.9s]  ( 39% 326/820 ops)
[INFO] [00:14:21][GPU  0] benchmark gt_scalar_                               ...
[INFO] [00:14:26][GPU  4] benchmark gt_scalar                                [OK         28.1s]  ( 39% 327/820 ops)
[INFO] [00:14:26][GPU  4] accuracy  hardswish_                               ...
[INFO] [00:14:30][GPU  2] accuracy  gt_tensor_                               [OK         21.0s]  ( 39% 327/820 ops)
[INFO] [00:14:30][GPU  2] benchmark gt_tensor_                               ...
[INFO] [00:14:37][GPU  5] accuracy  hardsigmoid                              [OK         20.6s]  ( 40% 328/820 ops)
[INFO] [00:14:37][GPU  5] benchmark hardsigmoid                              ...
[INFO] [00:14:39][GPU  7] accuracy  hardsigmoid_out                          [OK         21.0s]  ( 40% 328/820 ops)
[INFO] [00:14:39][GPU  7] benchmark hardsigmoid_out                          ...
[INFO] [00:14:47][GPU  4] accuracy  hardswish_                               [OK         21.6s]  ( 40% 329/820 ops)
[INFO] [00:14:47][GPU  4] benchmark hardswish_                               ...
[INFO] [00:14:54][GPU  0] benchmark gt_scalar_                               [OK         32.3s]  ( 40% 329/820 ops)
[INFO] [00:14:54][GPU  0] accuracy  hc_head_fused_kernel                     ...
[INFO] [00:15:03][GPU  2] benchmark gt_tensor_                               [OK         32.5s]  ( 40% 330/820 ops)
[INFO] [00:15:03][GPU  2] accuracy  hc_split_sinkhorn_forward                ...
[INFO] [00:15:03][GPU  5] benchmark hardsigmoid                              [OK         26.1s]  ( 40% 330/820 ops)
[INFO] [00:15:03][GPU  5] accuracy  histc                                    ...
[INFO] [00:15:04][GPU  7] benchmark hardsigmoid_out                          [OK         25.3s]  ( 40% 331/820 ops)
[INFO] [00:15:04][GPU  7] accuracy  hstack                                   ...
[INFO] [00:15:15][GPU  4] benchmark hardswish_                               [FAILED     27.3s]  ( 40% 331/820 ops)
[INFO] [00:15:15][GPU  4] accuracy  hypot                                    ...
[INFO] [00:15:20][GPU  0] accuracy  hc_head_fused_kernel                     [OK         26.0s]  ( 40% 332/820 ops)
[INFO] [00:15:20][GPU  0] benchmark hc_head_fused_kernel                     ...
[INFO] [00:15:26][GPU  5] accuracy  histc                                    [FAILED     22.0s]  ( 40% 332/820 ops)
[INFO] [00:15:26][GPU  5] benchmark histc                                    ...
[INFO] [00:15:26][GPU  7] accuracy  hstack                                   [OK         21.7s]  ( 40% 333/820 ops)
[INFO] [00:15:26][GPU  7] benchmark hstack                                   ...
[INFO] [00:15:26][GPU  2] accuracy  hc_split_sinkhorn_forward                [FAILED     23.7s]  ( 40% 333/820 ops)
[INFO] [00:15:26][GPU  2] benchmark hc_split_sinkhorn_forward                ...
[INFO] [00:15:36][GPU  0] benchmark hc_head_fused_kernel                     [SKIPPED    16.6s]  ( 40% 334/820 ops)
[INFO] [00:15:36][GPU  0] accuracy  hypot_out                                ...
[INFO] [00:15:37][GPU  4] accuracy  hypot                                    [OK         22.8s]  ( 40% 334/820 ops)
[INFO] [00:15:37][GPU  4] benchmark hypot                                    ...
[INFO] [00:15:56][GPU  7] benchmark hstack                                   [OK         29.7s]  ( 40% 335/820 ops)
[INFO] [00:15:56][GPU  7] accuracy  i0                                       ...
[INFO] [00:15:57][GPU  0] accuracy  hypot_out                                [OK         20.9s]  ( 40% 335/820 ops)
[INFO] [00:15:57][GPU  0] benchmark hypot_out                                ...
[INFO] [00:16:16][GPU  4] benchmark hypot                                    [OK         38.5s]  ( 40% 336/820 ops)
[INFO] [00:16:16][GPU  4] accuracy  i0_                                      ...
[INFO] [00:16:18][GPU  7] accuracy  i0                                       [OK         22.1s]  ( 40% 336/820 ops)
[INFO] [00:16:18][GPU  7] benchmark i0                                       ...
[INFO] [00:16:38][GPU  0] benchmark hypot_out                                [OK         41.3s]  ( 41% 337/820 ops)
[INFO] [00:16:39][GPU  0] accuracy  i0_out                                   ...
[INFO] [00:16:39][GPU  4] accuracy  i0_                                      [OK         22.8s]  ( 41% 337/820 ops)
[INFO] [00:16:39][GPU  4] benchmark i0_                                      ...
[INFO] [00:16:55][GPU  7] benchmark i0                                       [OK         36.9s]  ( 41% 338/820 ops)
[INFO] [00:16:55][GPU  7] accuracy  igammac_                                 ...
[INFO] [00:17:00][GPU  0] accuracy  i0_out                                   [OK         21.6s]  ( 41% 338/820 ops)
[INFO] [00:17:00][GPU  0] benchmark i0_out                                   ...
[INFO] [00:17:15][GPU  4] benchmark i0_                                      [OK         36.6s]  ( 41% 339/820 ops)
[INFO] [00:17:15][GPU  4] accuracy  ilshift                                  ...
[INFO] [00:17:17][GPU  7] accuracy  igammac_                                 [FAILED     22.8s]  ( 41% 339/820 ops)
[INFO] [00:17:17][GPU  7] benchmark igammac_                                 ...
[INFO] [00:17:24][GPU  5] benchmark histc                                    [OK        118.2s]  ( 41% 340/820 ops)
[INFO] [00:17:24][GPU  5] accuracy  im2col                                   ...
[INFO] [00:17:36][GPU  7] benchmark igammac_                                 [FAILED     18.8s]  ( 41% 340/820 ops)
[INFO] [00:17:36][GPU  7] accuracy  index                                    ...
[INFO] [00:17:36][GPU  4] accuracy  ilshift                                  [OK         21.1s]  ( 41% 341/820 ops)
[INFO] [00:17:36][GPU  4] benchmark ilshift                                  ...
[INFO] [00:17:37][GPU  0] benchmark i0_out                                   [OK         37.4s]  ( 41% 341/820 ops)
[INFO] [00:17:37][GPU  0] accuracy  index_add                                ...
[INFO] [00:18:00][GPU  0] accuracy  index_add                                [FAILED     22.4s]  ( 41% 342/820 ops)
[INFO] [00:18:00][GPU  0] benchmark index_add                                ...
[INFO] [00:18:07][GPU  4] benchmark ilshift                                  [OK         30.9s]  ( 41% 342/820 ops)
[INFO] [00:18:07][GPU  4] accuracy  index_add_                               ...
[INFO] [00:18:14][GPU  7] accuracy  index                                    [OK         38.3s]  ( 41% 343/820 ops)
[INFO] [00:18:14][GPU  7] benchmark index                                    ...
[INFO] [00:18:15][GPU  5] accuracy  im2col                                   [FAILED     51.1s]  ( 41% 343/820 ops)
[INFO] [00:18:15][GPU  5] benchmark im2col                                   ...
[INFO] [00:18:16][GPU  3] accuracy  gcd_out                                  [TIMEOUT   610.0s]  ( 41% 344/820 ops)
[INFO] [00:18:16][GPU  3] benchmark gcd_out                                  ...
[INFO] [00:18:33][GPU  4] accuracy  index_add_                               [FAILED     26.0s]  ( 41% 344/820 ops)
[INFO] [00:18:33][GPU  4] benchmark index_add_                               ...
[INFO] [00:18:35][GPU  6] benchmark flash_attn_varlen_func                   [TIMEOUT   610.0s]  ( 42% 345/820 ops)
[INFO] [00:18:35][GPU  6] accuracy  index_copy                               ...
[INFO] [00:18:41][GPU  0] benchmark index_add                                [OK         41.3s]  ( 42% 345/820 ops)
[INFO] [00:18:41][GPU  0] accuracy  index_copy_                              ...
[INFO] [00:19:03][GPU  0] accuracy  index_copy_                              [OK         22.1s]  ( 42% 346/820 ops)
[INFO] [00:19:03][GPU  0] benchmark index_copy_                              ...
[INFO] [00:19:04][GPU  7] benchmark index                                    [OK         49.2s]  ( 42% 346/820 ops)
[INFO] [00:19:04][GPU  7] accuracy  index_put                                ...
[INFO] [00:19:04][GPU  1] accuracy  geglu                                    [TIMEOUT   610.0s]  ( 42% 347/820 ops)
[INFO] [00:19:04][GPU  1] benchmark geglu                                    ...
[INFO] [00:19:12][GPU  4] benchmark index_add_                               [OK         39.0s]  ( 42% 347/820 ops)
[INFO] [00:19:12][GPU  4] accuracy  index_put_                               ...
[INFO] [00:19:37][GPU  5] benchmark im2col                                   [FAILED     82.5s]  ( 42% 348/820 ops)
[INFO] [00:19:37][GPU  5] accuracy  index_put_impl                           ...
[INFO] [00:19:38][GPU  0] benchmark index_copy_                              [OK         35.0s]  ( 42% 348/820 ops)
[INFO] [00:19:38][GPU  0] accuracy  index_reduce_                            ...
[INFO] [00:20:02][GPU  0] accuracy  index_reduce_                            [ERROR      23.2s]  ( 42% 349/820 ops)
[INFO] [00:20:02][GPU  0] benchmark index_reduce_                            ...
[INFO] [00:20:15][GPU  5] accuracy  index_put_impl                           [FAILED     37.7s]  ( 42% 349/820 ops)
[INFO] [00:20:15][GPU  5] benchmark index_put_impl                           ...
[INFO] [00:20:21][GPU  0] benchmark index_reduce_                            [NOTFOUND   18.9s]  ( 42% 350/820 ops)
[INFO] [00:20:21][GPU  0] accuracy  index_select                             ...
[INFO] [00:20:22][GPU  7] accuracy  index_put                                [OK         78.7s]  ( 42% 350/820 ops)
[INFO] [00:20:22][GPU  7] benchmark index_put                                ...
[INFO] [00:20:31][GPU  4] accuracy  index_put_                               [OK         78.8s]  ( 42% 351/820 ops)
[INFO] [00:20:31][GPU  4] benchmark index_put_                               ...
[INFO] [00:20:45][GPU  0] accuracy  index_select                             [OK         24.3s]  ( 42% 351/820 ops)
[INFO] [00:20:45][GPU  0] benchmark index_select                             ...
[INFO] [00:21:12][GPU  0] benchmark index_select                             [OK         27.5s]  ( 42% 352/820 ops)
[INFO] [00:21:12][GPU  0] accuracy  index_select_backward                    ...
[INFO] [00:21:12][GPU  7] benchmark index_put                                [OK         50.1s]  ( 42% 352/820 ops)
[INFO] [00:21:12][GPU  7] accuracy  indexer_k_quant_and_cache                ...
[INFO] [00:21:32][GPU  7] accuracy  indexer_k_quant_and_cache                [SKIPPED    20.0s]  ( 43% 353/820 ops)
[INFO] [00:21:32][GPU  7] benchmark indexer_k_quant_and_cache                ...
[INFO] [00:21:37][GPU  0] accuracy  index_select_backward                    [FAILED     24.5s]  ( 43% 353/820 ops)
[INFO] [00:21:37][GPU  0] benchmark index_select_backward                    ...
[INFO] [00:21:43][GPU  5] benchmark index_put_impl                           [OK         88.4s]  ( 43% 354/820 ops)
[INFO] [00:21:43][GPU  5] accuracy  inplace_fused_experts                    ...
[INFO] [00:21:49][GPU  7] benchmark indexer_k_quant_and_cache                [SKIPPED    16.2s]  ( 43% 354/820 ops)
[INFO] [00:21:49][GPU  7] accuracy  instance_norm                            ...
[INFO] [00:22:02][GPU  4] benchmark index_put_                               [OK         90.3s]  ( 43% 355/820 ops)
[INFO] [00:22:02][GPU  4] accuracy  irshift                                  ...
[INFO] [00:22:03][GPU  5] accuracy  inplace_fused_experts                    [ERROR      19.8s]  ( 43% 355/820 ops)
[INFO] [00:22:03][GPU  5] benchmark inplace_fused_experts                    ...
[INFO] [00:22:20][GPU  5] benchmark inplace_fused_experts                    [FAILED     16.7s]  ( 43% 356/820 ops)
[INFO] [00:22:20][GPU  5] accuracy  is_all_true                              ...
[INFO] [00:22:25][GPU  4] accuracy  irshift                                  [OK         23.2s]  ( 43% 356/820 ops)
[INFO] [00:22:25][GPU  4] benchmark irshift                                  ...
[INFO] [00:22:26][GPU  7] accuracy  instance_norm                            [FAILED     36.9s]  ( 43% 357/820 ops)
[INFO] [00:22:26][GPU  7] benchmark instance_norm                            ...
[INFO] [00:22:41][GPU  5] accuracy  is_all_true                              [OK         20.8s]  ( 43% 357/820 ops)
[INFO] [00:22:41][GPU  5] benchmark is_all_true                              ...
[INFO] [00:22:41][GPU  4] benchmark irshift                                  [NOTFOUND   16.4s]  ( 43% 358/820 ops)
[INFO] [00:22:41][GPU  4] accuracy  is_nonzero                               ...
[INFO] [00:22:57][GPU  7] benchmark instance_norm                            [OK         31.2s]  ( 43% 358/820 ops)
[INFO] [00:22:57][GPU  7] accuracy  isclose                                  ...
[INFO] [00:23:01][GPU  5] benchmark is_all_true                              [OK         20.4s]  ( 43% 359/820 ops)
[INFO] [00:23:01][GPU  5] accuracy  isfinite                                 ...
[INFO] [00:23:02][GPU  4] accuracy  is_nonzero                               [OK         20.6s]  ( 43% 359/820 ops)
[INFO] [00:23:02][GPU  4] benchmark is_nonzero                               ...
[INFO] [00:23:23][GPU  5] accuracy  isfinite                                 [OK         22.1s]  ( 43% 360/820 ops)
[INFO] [00:23:23][GPU  5] benchmark isfinite                                 ...
[INFO] [00:23:23][GPU  4] benchmark is_nonzero                               [OK         21.7s]  ( 43% 360/820 ops)
[INFO] [00:23:23][GPU  4] accuracy  isin                                     ...
[INFO] [00:23:31][GPU  7] accuracy  isclose                                  [OK         34.0s]  ( 44% 361/820 ops)
[INFO] [00:23:31][GPU  7] benchmark isclose                                  ...
[INFO] [00:23:49][GPU  5] benchmark isfinite                                 [OK         26.2s]  ( 44% 361/820 ops)
[INFO] [00:23:49][GPU  5] accuracy  isin_scalar_tensor                       ...
[INFO] [00:24:13][GPU  4] accuracy  isin                                     [FAILED     49.9s]  ( 44% 362/820 ops)
[INFO] [00:24:13][GPU  4] benchmark isin                                     ...
[INFO] [00:24:16][GPU  7] benchmark isclose                                  [OK         45.4s]  ( 44% 362/820 ops)
[INFO] [00:24:16][GPU  7] accuracy  isin_tensor_scalar                       ...
[INFO] [00:24:39][GPU  4] benchmark isin                                     [OK         25.1s]  ( 44% 363/820 ops)
[INFO] [00:24:39][GPU  4] accuracy  isinf                                    ...
[INFO] [00:24:45][GPU  7] accuracy  isin_tensor_scalar                       [OK         28.8s]  ( 44% 363/820 ops)
[INFO] [00:24:45][GPU  7] benchmark isin_tensor_scalar                       ...
[INFO] [00:24:56][GPU  5] accuracy  isin_scalar_tensor                       [FAILED     66.9s]  ( 44% 364/820 ops)
[INFO] [00:24:56][GPU  5] benchmark isin_scalar_tensor                       ...
[INFO] [00:25:00][GPU  4] accuracy  isinf                                    [OK         21.0s]  ( 44% 364/820 ops)
[INFO] [00:25:00][GPU  4] benchmark isinf                                    ...
[INFO] [00:25:05][GPU  0] benchmark index_select_backward                    [OK        208.3s]  ( 44% 365/820 ops)
[INFO] [00:25:05][GPU  0] accuracy  isnan                                    ...
[INFO] [00:25:22][GPU  7] benchmark isin_tensor_scalar                       [OK         36.6s]  ( 44% 365/820 ops)
[INFO] [00:25:22][GPU  7] accuracy  isneginf                                 ...
[INFO] [00:25:26][GPU  4] benchmark isinf                                    [OK         26.7s]  ( 44% 366/820 ops)
[INFO] [00:25:26][GPU  4] accuracy  isneginf_out                             ...
[INFO] [00:25:27][GPU  0] accuracy  isnan                                    [OK         21.5s]  ( 44% 366/820 ops)
[INFO] [00:25:27][GPU  0] benchmark isnan                                    ...
[INFO] [00:25:35][GPU  5] benchmark isin_scalar_tensor                       [FAILED     38.5s]  ( 44% 367/820 ops)
[INFO] [00:25:35][GPU  5] accuracy  jagged_to_padded_dense_forward           ...
[INFO] [00:25:36][GPU  2] benchmark hc_split_sinkhorn_forward                [TIMEOUT   610.0s]  ( 44% 367/820 ops)
[INFO] [00:25:36][GPU  2] accuracy  kron                                     ...
[INFO] [00:25:43][GPU  7] accuracy  isneginf                                 [OK         21.2s]  ( 44% 368/820 ops)
[INFO] [00:25:43][GPU  7] benchmark isneginf                                 ...
[INFO] [00:25:47][GPU  4] accuracy  isneginf_out                             [OK         20.9s]  ( 44% 368/820 ops)
[INFO] [00:25:47][GPU  4] benchmark isneginf_out                             ...
[INFO] [00:25:53][GPU  0] benchmark isnan                                    [OK         26.6s]  ( 45% 369/820 ops)
[INFO] [00:25:53][GPU  0] accuracy  kthvalue                                 ...
[INFO] [00:26:03][GPU  4] benchmark isneginf_out                             [SKIPPED    16.1s]  ( 45% 369/820 ops)
[INFO] [00:26:03][GPU  4] accuracy  layer_norm                               ...
[INFO] [00:26:07][GPU  5] accuracy  jagged_to_padded_dense_forward           [OK         32.5s]  ( 45% 370/820 ops)
[INFO] [00:26:07][GPU  5] benchmark jagged_to_padded_dense_forward           ...
[INFO] [00:26:13][GPU  0] accuracy  kthvalue                                 [ERROR      19.7s]  ( 45% 370/820 ops)
[INFO] [00:26:13][GPU  0] benchmark kthvalue                                 ...
[INFO] [00:26:13][GPU  7] benchmark isneginf                                 [OK         30.5s]  ( 45% 371/820 ops)
[INFO] [00:26:13][GPU  7] accuracy  layer_norm_backward                      ...
[INFO] [00:26:25][GPU  4] accuracy  layer_norm                               [OK         21.4s]  ( 45% 371/820 ops)
[INFO] [00:26:25][GPU  4] benchmark layer_norm                               ...
[INFO] [00:26:29][GPU  0] benchmark kthvalue                                 [NOTFOUND   16.2s]  ( 45% 372/820 ops)
[INFO] [00:26:29][GPU  0] accuracy  lcm                                      ...
[INFO] [00:26:52][GPU  4] benchmark layer_norm                               [OK         26.9s]  ( 45% 372/820 ops)
[INFO] [00:26:52][GPU  4] accuracy  lcm_                                     ...
[INFO] [00:26:55][GPU  5] benchmark jagged_to_padded_dense_forward           [OK         47.6s]  ( 45% 373/820 ops)
[INFO] [00:26:55][GPU  5] accuracy  le                                       ...
[INFO] [00:26:57][GPU  7] accuracy  layer_norm_backward                      [OK         43.5s]  ( 45% 373/820 ops)
[INFO] [00:26:57][GPU  7] benchmark layer_norm_backward                      ...
[INFO] [00:27:16][GPU  5] accuracy  le                                       [OK         20.7s]  ( 45% 374/820 ops)
[INFO] [00:27:16][GPU  5] benchmark le                                       ...
[INFO] [00:27:37][GPU  7] benchmark layer_norm_backward                      [OK         39.8s]  ( 45% 374/820 ops)
[INFO] [00:27:37][GPU  7] accuracy  le_scalar                                ...
[INFO] [00:27:42][GPU  5] benchmark le                                       [OK         26.3s]  ( 45% 375/820 ops)
[INFO] [00:27:42][GPU  5] accuracy  leaky_relu                               ...
[INFO] [00:27:57][GPU  7] accuracy  le_scalar                                [OK         20.5s]  ( 45% 375/820 ops)
[INFO] [00:27:57][GPU  7] benchmark le_scalar                                ...
[INFO] [00:28:02][GPU  5] accuracy  leaky_relu                               [OK         20.4s]  ( 45% 376/820 ops)
[INFO] [00:28:02][GPU  5] benchmark leaky_relu                               ...
[INFO] [00:28:25][GPU  7] benchmark le_scalar                                [OK         27.6s]  ( 45% 376/820 ops)
[INFO] [00:28:25][GPU  7] accuracy  leaky_relu_                              ...
[INFO] [00:28:26][GPU  3] benchmark gcd_out                                  [TIMEOUT   610.0s]  ( 45% 377/820 ops)
[INFO] [00:28:26][GPU  3] accuracy  leaky_relu_out                           ...
[INFO] [00:28:30][GPU  5] benchmark leaky_relu                               [OK         28.0s]  ( 45% 377/820 ops)
[INFO] [00:28:30][GPU  5] accuracy  lerp_scalar                              ...
[INFO] [00:28:45][GPU  6] accuracy  index_copy                               [TIMEOUT   610.0s]  ( 46% 378/820 ops)
[INFO] [00:28:45][GPU  6] benchmark index_copy                               ...
[INFO] [00:28:49][GPU  7] accuracy  leaky_relu_                              [OK         24.4s]  ( 46% 378/820 ops)
[INFO] [00:28:49][GPU  7] benchmark leaky_relu_                              ...
[INFO] [00:28:51][GPU  5] accuracy  lerp_scalar                              [OK         20.9s]  ( 46% 379/820 ops)
[INFO] [00:28:51][GPU  5] benchmark lerp_scalar                              ...
[INFO] [00:29:14][GPU  7] benchmark leaky_relu_                              [OK         24.6s]  ( 46% 379/820 ops)
[INFO] [00:29:14][GPU  7] accuracy  lerp_scalar_                             ...
[INFO] [00:29:14][GPU  1] benchmark geglu                                    [TIMEOUT   610.0s]  ( 46% 380/820 ops)
[INFO] [00:29:14][GPU  1] accuracy  lerp_tensor                              ...
[INFO] [00:29:18][GPU  5] benchmark lerp_scalar                              [OK         26.9s]  ( 46% 380/820 ops)
[INFO] [00:29:18][GPU  5] accuracy  lerp_tensor_                             ...
[INFO] [00:29:35][GPU  7] accuracy  lerp_scalar_                             [OK         21.3s]  ( 46% 381/820 ops)
[INFO] [00:29:35][GPU  7] benchmark lerp_scalar_                             ...
[INFO] [00:29:40][GPU  5] accuracy  lerp_tensor_                             [OK         21.2s]  ( 46% 381/820 ops)
[INFO] [00:29:40][GPU  5] benchmark lerp_tensor_                             ...
[INFO] [00:30:01][GPU  7] benchmark lerp_scalar_                             [OK         25.8s]  ( 46% 382/820 ops)
[INFO] [00:30:01][GPU  7] accuracy  less_equal                               ...
[INFO] [00:30:07][GPU  5] benchmark lerp_tensor_                             [OK         27.2s]  ( 46% 382/820 ops)
[INFO] [00:30:07][GPU  5] accuracy  less_equal_scalar                        ...
[INFO] [00:30:22][GPU  7] accuracy  less_equal                               [OK         20.4s]  ( 46% 383/820 ops)
[INFO] [00:30:22][GPU  7] benchmark less_equal                               ...
[INFO] [00:30:28][GPU  5] accuracy  less_equal_scalar                        [OK         20.7s]  ( 46% 383/820 ops)
[INFO] [00:30:28][GPU  5] benchmark less_equal_scalar                        ...
[INFO] [00:30:48][GPU  7] benchmark less_equal                               [OK         26.2s]  ( 46% 384/820 ops)
[INFO] [00:30:48][GPU  7] accuracy  lgamma                                   ...
[INFO] [00:30:55][GPU  5] benchmark less_equal_scalar                        [OK         27.4s]  ( 46% 384/820 ops)
[INFO] [00:30:55][GPU  5] accuracy  lgamma_                                  ...
[INFO] [00:31:12][GPU  7] accuracy  lgamma                                   [FAILED     24.5s]  ( 46% 385/820 ops)
[INFO] [00:31:12][GPU  7] benchmark lgamma                                   ...
[INFO] [00:31:21][GPU  5] accuracy  lgamma_                                  [FAILED     26.0s]  ( 46% 385/820 ops)
[INFO] [00:31:21][GPU  5] benchmark lgamma_                                  ...
[INFO] [00:31:30][GPU  7] benchmark lgamma                                   [FAILED     17.3s]  ( 47% 386/820 ops)
[INFO] [00:31:30][GPU  7] accuracy  lift                                     ...
[INFO] [00:31:38][GPU  5] benchmark lgamma_                                  [FAILED     17.0s]  ( 47% 386/820 ops)
[INFO] [00:31:38][GPU  5] accuracy  lift_out                                 ...
[INFO] [00:31:50][GPU  7] accuracy  lift                                     [OK         20.0s]  ( 47% 387/820 ops)
[INFO] [00:31:50][GPU  7] benchmark lift                                     ...
[INFO] [00:31:59][GPU  5] accuracy  lift_out                                 [OK         20.7s]  ( 47% 387/820 ops)
[INFO] [00:31:59][GPU  5] benchmark lift_out                                 ...
[INFO] [00:32:09][GPU  7] benchmark lift                                     [OK         19.6s]  ( 47% 388/820 ops)
[INFO] [00:32:09][GPU  7] accuracy  lift_fresh_copy                          ...
[INFO] [00:32:24][GPU  5] benchmark lift_out                                 [OK         25.3s]  ( 47% 388/820 ops)
[INFO] [00:32:24][GPU  5] accuracy  linalg_cholesky                          ...
[INFO] [00:32:29][GPU  7] accuracy  lift_fresh_copy                          [OK         20.2s]  ( 47% 389/820 ops)
[INFO] [00:32:29][GPU  7] benchmark lift_fresh_copy                          ...
[INFO] [00:32:45][GPU  5] accuracy  linalg_cholesky                          [FAILED     20.6s]  ( 47% 389/820 ops)
[INFO] [00:32:45][GPU  5] benchmark linalg_cholesky                          ...
[INFO] [00:32:55][GPU  7] benchmark lift_fresh_copy                          [OK         25.7s]  ( 47% 390/820 ops)
[INFO] [00:32:55][GPU  7] accuracy  linalg_eigvals                           ...
[INFO] [00:33:16][GPU  7] accuracy  linalg_eigvals                           [OK         21.0s]  ( 47% 390/820 ops)
[INFO] [00:33:16][GPU  7] benchmark linalg_eigvals                           ...
[INFO] [00:34:06][GPU  5] benchmark linalg_cholesky                          [OK         81.6s]  ( 47% 391/820 ops)
[INFO] [00:34:06][GPU  5] accuracy  linalg_ldl_factor                        ...
[INFO] [00:34:15][GPU  7] benchmark linalg_eigvals                           [OK         59.1s]  ( 47% 391/820 ops)
[INFO] [00:34:15][GPU  7] accuracy  linalg_ldl_factor_ex                     ...
[INFO] [00:34:27][GPU  5] accuracy  linalg_ldl_factor                        [FAILED     20.9s]  ( 47% 392/820 ops)
[INFO] [00:34:27][GPU  5] benchmark linalg_ldl_factor                        ...
[INFO] [00:34:35][GPU  7] accuracy  linalg_ldl_factor_ex                     [OK         19.9s]  ( 47% 392/820 ops)
[INFO] [00:34:35][GPU  7] benchmark linalg_ldl_factor_ex                     ...
[INFO] [00:35:02][GPU  7] benchmark linalg_ldl_factor_ex                     [OK         26.6s]  ( 47% 393/820 ops)
[INFO] [00:35:02][GPU  7] accuracy  linalg_slogdet                           ...
[INFO] [00:35:05][GPU  5] benchmark linalg_ldl_factor                        [OK         38.1s]  ( 47% 393/820 ops)
[INFO] [00:35:05][GPU  5] accuracy  linalg_svdvals                           ...
[INFO] [00:35:22][GPU  7] accuracy  linalg_slogdet                           [FAILED     20.2s]  ( 48% 394/820 ops)
[INFO] [00:35:22][GPU  7] benchmark linalg_slogdet                           ...
[INFO] [00:35:26][GPU  5] accuracy  linalg_svdvals                           [OK         20.4s]  ( 48% 394/820 ops)
[INFO] [00:35:26][GPU  5] benchmark linalg_svdvals                           ...
[INFO] [00:35:46][GPU  2] accuracy  kron                                     [TIMEOUT   610.0s]  ( 48% 395/820 ops)
[INFO] [00:35:46][GPU  2] benchmark kron                                     ...
[INFO] [00:35:51][GPU  7] benchmark linalg_slogdet                           [OK         28.7s]  ( 48% 395/820 ops)
[INFO] [00:35:51][GPU  7] accuracy  linear                                   ...
[INFO] [00:36:12][GPU  7] accuracy  linear                                   [OK         21.4s]  ( 48% 396/820 ops)
[INFO] [00:36:12][GPU  7] benchmark linear                                   ...
[INFO] [00:36:30][GPU  0] accuracy  lcm                                      [TIMEOUT   600.3s]  ( 48% 396/820 ops)
[INFO] [00:36:30][GPU  0] benchmark lcm                                      ...
[INFO] [00:36:52][GPU  4] accuracy  lcm_                                     [TIMEOUT   600.3s]  ( 48% 397/820 ops)
[INFO] [00:36:52][GPU  4] benchmark lcm_                                     ...
[INFO] [00:37:21][GPU  5] benchmark linalg_svdvals                           [OK        115.5s]  ( 48% 397/820 ops)
[INFO] [00:37:21][GPU  5] accuracy  linear_backward                          ...
[INFO] [00:38:33][GPU  5] accuracy  linear_backward                          [FAILED     71.9s]  ( 48% 398/820 ops)
[INFO] [00:38:33][GPU  5] benchmark linear_backward                          ...
[INFO] [00:38:36][GPU  3] accuracy  leaky_relu_out                           [TIMEOUT   610.0s]  ( 48% 398/820 ops)
[INFO] [00:38:36][GPU  3] benchmark leaky_relu_out                           ...
[INFO] [00:38:53][GPU  5] benchmark linear_backward                          [FAILED     19.3s]  ( 48% 399/820 ops)
[INFO] [00:38:53][GPU  5] accuracy  linspace                                 ...
[INFO] [00:38:55][GPU  6] benchmark index_copy                               [TIMEOUT   610.0s]  ( 48% 399/820 ops)
[INFO] [00:38:55][GPU  6] accuracy  log                                      ...
[INFO] [00:39:22][GPU  5] accuracy  linspace                                 [OK         29.3s]  ( 48% 400/820 ops)
[INFO] [00:39:22][GPU  5] benchmark linspace                                 ...
[INFO] [00:39:24][GPU  1] accuracy  lerp_tensor                              [TIMEOUT   610.0s]  ( 48% 400/820 ops)
[INFO] [00:39:24][GPU  1] benchmark lerp_tensor                              ...
[INFO] [00:39:48][GPU  5] benchmark linspace                                 [OK         25.9s]  ( 48% 401/820 ops)
[INFO] [00:39:48][GPU  5] accuracy  log10                                    ...
[INFO] [00:40:08][GPU  5] accuracy  log10                                    [OK         20.5s]  ( 48% 401/820 ops)
[INFO] [00:40:08][GPU  5] benchmark log10                                    ...
[INFO] [00:40:35][GPU  5] benchmark log10                                    [FAILED     26.5s]  ( 49% 402/820 ops)
[INFO] [00:40:35][GPU  5] accuracy  log10_                                   ...
[INFO] [00:40:55][GPU  5] accuracy  log10_                                   [OK         20.3s]  ( 49% 402/820 ops)
[INFO] [00:40:55][GPU  5] benchmark log10_                                   ...
[INFO] [00:41:21][GPU  5] benchmark log10_                                   [FAILED     25.8s]  ( 49% 403/820 ops)
[INFO] [00:41:21][GPU  5] accuracy  log10_out                                ...
[INFO] [00:41:41][GPU  5] accuracy  log10_out                                [OK         20.4s]  ( 49% 403/820 ops)
[INFO] [00:41:41][GPU  5] benchmark log10_out                                ...
[INFO] [00:42:08][GPU  5] benchmark log10_out                                [FAILED     26.2s]  ( 49% 404/820 ops)
[INFO] [00:42:08][GPU  5] accuracy  log1p                                    ...
[INFO] [00:42:28][GPU  5] accuracy  log1p                                    [OK         20.1s]  ( 49% 404/820 ops)
[INFO] [00:42:28][GPU  5] benchmark log1p                                    ...
[INFO] [00:42:56][GPU  5] benchmark log1p                                    [OK         28.5s]  ( 49% 405/820 ops)
[INFO] [00:42:56][GPU  5] accuracy  log1p_                                   ...
[INFO] [00:43:16][GPU  5] accuracy  log1p_                                   [OK         20.2s]  ( 49% 405/820 ops)
[INFO] [00:43:16][GPU  5] benchmark log1p_                                   ...
[INFO] [00:43:44][GPU  5] benchmark log1p_                                   [OK         27.6s]  ( 49% 406/820 ops)
[INFO] [00:43:44][GPU  5] accuracy  log2                                     ...
[INFO] [00:44:05][GPU  5] accuracy  log2                                     [FAILED     21.3s]  ( 49% 406/820 ops)
[INFO] [00:44:05][GPU  5] benchmark log2                                     ...
[INFO] [00:44:32][GPU  5] benchmark log2                                     [FAILED     26.5s]  ( 49% 407/820 ops)
[INFO] [00:44:32][GPU  5] accuracy  log2_                                    ...
[INFO] [00:44:53][GPU  5] accuracy  log2_                                    [FAILED     21.4s]  ( 49% 407/820 ops)
[INFO] [00:44:53][GPU  5] benchmark log2_                                    ...
[INFO] [00:45:19][GPU  5] benchmark log2_                                    [FAILED     25.9s]  ( 49% 408/820 ops)
[INFO] [00:45:19][GPU  5] accuracy  log_normal_                              ...
[INFO] [00:45:40][GPU  5] accuracy  log_normal_                              [OK         20.7s]  ( 49% 408/820 ops)
[INFO] [00:45:40][GPU  5] benchmark log_normal_                              ...
[INFO] [00:45:56][GPU  2] benchmark kron                                     [TIMEOUT   610.0s]  ( 49% 409/820 ops)
[INFO] [00:45:56][GPU  2] accuracy  log_sigmoid                              ...
[INFO] [00:46:22][GPU  7] benchmark linear                                   [TIMEOUT   610.0s]  ( 49% 409/820 ops)
[INFO] [00:46:22][GPU  7] accuracy  log_softmax                              ...
[INFO] [00:46:30][GPU  0] benchmark lcm                                      [TIMEOUT   600.2s]  ( 50% 410/820 ops)
[INFO] [00:46:30][GPU  0] accuracy  log_softmax_backward_data                ...
[INFO] [00:46:44][GPU  7] accuracy  log_softmax                              [FAILED     21.4s]  ( 50% 410/820 ops)
[INFO] [00:46:44][GPU  7] benchmark log_softmax                              ...
[INFO] [00:46:46][GPU  5] benchmark log_normal_                              [OK         65.9s]  ( 50% 411/820 ops)
[INFO] [00:46:46][GPU  5] accuracy  log_softmax_backward_data_out            ...
[INFO] [00:46:51][GPU  0] accuracy  log_softmax_backward_data                [FAILED     20.8s]  ( 50% 411/820 ops)
[INFO] [00:46:51][GPU  0] benchmark log_softmax_backward_data                ...
[INFO] [00:46:52][GPU  4] benchmark lcm_                                     [TIMEOUT   600.2s]  ( 50% 412/820 ops)
[INFO] [00:46:52][GPU  4] accuracy  log_softmax_out                          ...
[INFO] [00:47:21][GPU  4] accuracy  log_softmax_out                          [FAILED     28.8s]  ( 50% 412/820 ops)
[INFO] [00:47:21][GPU  4] benchmark log_softmax_out                          ...
[INFO] [00:47:25][GPU  7] benchmark log_softmax                              [OK         41.6s]  ( 50% 413/820 ops)
[INFO] [00:47:25][GPU  7] accuracy  logaddexp2                               ...
[INFO] [00:47:28][GPU  0] benchmark log_softmax_backward_data                [OK         37.9s]  ( 50% 413/820 ops)
[INFO] [00:47:28][GPU  0] accuracy  logaddexp2_out                           ...
[INFO] [00:47:44][GPU  4] benchmark log_softmax_out                          [FAILED     23.3s]  ( 50% 414/820 ops)
[INFO] [00:47:44][GPU  4] accuracy  xlogy                                    ...
[INFO] [00:47:46][GPU  7] accuracy  logaddexp2                               [OK         21.0s]  ( 50% 414/820 ops)
[INFO] [00:47:46][GPU  7] benchmark logaddexp2                               ...
[INFO] [00:47:50][GPU  0] accuracy  logaddexp2_out                           [OK         21.2s]  ( 50% 415/820 ops)
[INFO] [00:47:50][GPU  0] benchmark logaddexp2_out                           ...
[INFO] [00:48:05][GPU  4] accuracy  xlogy                                    [OK         21.0s]  ( 50% 415/820 ops)
[INFO] [00:48:05][GPU  4] benchmark xlogy                                    ...
[INFO] [00:48:16][GPU  5] accuracy  log_softmax_backward_data_out            [FAILED     90.4s]  ( 50% 416/820 ops)
[INFO] [00:48:16][GPU  5] benchmark log_softmax_backward_data_out            ...
[INFO] [00:48:20][GPU  7] benchmark logaddexp2                               [OK         33.3s]  ( 50% 416/820 ops)
[INFO] [00:48:20][GPU  7] accuracy  xlogy_out                                ...
[INFO] [00:48:22][GPU  0] benchmark logaddexp2_out                           [OK         32.6s]  ( 50% 417/820 ops)
[INFO] [00:48:22][GPU  0] accuracy  xlogy_tensor_scalar                      ...
[INFO] [00:48:37][GPU  4] benchmark xlogy                                    [OK         32.2s]  ( 50% 417/820 ops)
[INFO] [00:48:37][GPU  4] accuracy  xlogy_tensor_scalar_out                  ...
[INFO] [00:48:41][GPU  7] accuracy  xlogy_out                                [OK         21.2s]  ( 50% 418/820 ops)
[INFO] [00:48:41][GPU  7] benchmark xlogy_out                                ...
[INFO] [00:48:43][GPU  0] accuracy  xlogy_tensor_scalar                      [OK         20.8s]  ( 50% 418/820 ops)
[INFO] [00:48:43][GPU  0] benchmark xlogy_tensor_scalar                      ...
[INFO] [00:48:46][GPU  3] benchmark leaky_relu_out                           [TIMEOUT   610.0s]  ( 51% 419/820 ops)
[INFO] [00:48:46][GPU  3] accuracy  xlogy_scalar_tensor                      ...
[INFO] [00:49:01][GPU  4] accuracy  xlogy_tensor_scalar_out                  [OK         23.4s]  ( 51% 419/820 ops)
[INFO] [00:49:01][GPU  4] benchmark xlogy_tensor_scalar_out                  ...
[INFO] [00:49:03][GPU  0] benchmark xlogy_tensor_scalar                      [FAILED     19.6s]  ( 51% 420/820 ops)
[INFO] [00:49:03][GPU  0] accuracy  xlogy_scalar_tensor_out                  ...
[INFO] [00:49:05][GPU  6] accuracy  log                                      [TIMEOUT   610.0s]  ( 51% 420/820 ops)
[INFO] [00:49:05][GPU  6] benchmark log                                      ...
[INFO] [00:49:13][GPU  7] benchmark xlogy_out                                [OK         32.2s]  ( 51% 421/820 ops)
[INFO] [00:49:13][GPU  7] accuracy  logaddexp                                ...
[INFO] [00:49:18][GPU  4] benchmark xlogy_tensor_scalar_out                  [FAILED     16.7s]  ( 51% 421/820 ops)
[INFO] [00:49:18][GPU  4] accuracy  logaddexp_out                            ...
[INFO] [00:49:25][GPU  0] accuracy  xlogy_scalar_tensor_out                  [OK         22.4s]  ( 51% 422/820 ops)
[INFO] [00:49:25][GPU  0] benchmark xlogy_scalar_tensor_out                  ...
[INFO] [00:49:34][GPU  1] benchmark lerp_tensor                              [TIMEOUT   610.0s]  ( 51% 422/820 ops)
[INFO] [00:49:34][GPU  1] accuracy  logcumsumexp                             ...
[INFO] [00:49:36][GPU  7] accuracy  logaddexp                                [FAILED     22.5s]  ( 51% 423/820 ops)
[INFO] [00:49:36][GPU  7] benchmark logaddexp                                ...
[INFO] [00:49:40][GPU  4] accuracy  logaddexp_out                            [FAILED     22.0s]  ( 51% 423/820 ops)
[INFO] [00:49:40][GPU  4] benchmark logaddexp_out                            ...
[INFO] [00:49:43][GPU  0] benchmark xlogy_scalar_tensor_out                  [FAILED     18.2s]  ( 51% 424/820 ops)
[INFO] [00:49:43][GPU  0] accuracy  logcumsumexp_out                         ...
[INFO] [00:49:58][GPU  5] benchmark log_softmax_backward_data_out            [OK        101.8s]  ( 51% 424/820 ops)
[INFO] [00:49:58][GPU  5] accuracy  logical_and                              ...
[INFO] [00:50:06][GPU  0] accuracy  logcumsumexp_out                         [FAILED     23.1s]  ( 51% 425/820 ops)
[INFO] [00:50:06][GPU  0] benchmark logcumsumexp_out                         ...
[INFO] [00:50:12][GPU  7] benchmark logaddexp                                [OK         36.1s]  ( 51% 425/820 ops)
[INFO] [00:50:12][GPU  7] accuracy  logical_and_                             ...
[INFO] [00:50:14][GPU  4] benchmark logaddexp_out                            [OK         34.5s]  ( 51% 426/820 ops)
[INFO] [00:50:14][GPU  4] accuracy  logical_not                              ...
[INFO] [00:50:21][GPU  5] accuracy  logical_and                              [OK         22.5s]  ( 51% 426/820 ops)
[INFO] [00:50:21][GPU  5] benchmark logical_and                              ...
[INFO] [00:50:34][GPU  7] accuracy  logical_and_                             [OK         22.2s]  ( 52% 427/820 ops)
[INFO] [00:50:34][GPU  7] benchmark logical_and_                             ...
[INFO] [00:50:36][GPU  4] accuracy  logical_not                              [OK         21.8s]  ( 52% 427/820 ops)
[INFO] [00:50:36][GPU  4] benchmark logical_not                              ...
[INFO] [00:50:49][GPU  5] benchmark logical_and                              [OK         28.4s]  ( 52% 428/820 ops)
[INFO] [00:50:49][GPU  5] accuracy  logical_not_                             ...
[INFO] [00:50:55][GPU  0] benchmark logcumsumexp_out                         [OK         48.9s]  ( 52% 428/820 ops)
[INFO] [00:50:55][GPU  0] accuracy  logical_or                               ...
[INFO] [00:51:03][GPU  7] benchmark logical_and_                             [OK         28.9s]  ( 52% 429/820 ops)
[INFO] [00:51:03][GPU  7] accuracy  logical_or_                              ...
[INFO] [00:51:04][GPU  4] benchmark logical_not                              [OK         27.6s]  ( 52% 429/820 ops)
[INFO] [00:51:04][GPU  4] accuracy  logical_xor                              ...
[INFO] [00:51:11][GPU  5] accuracy  logical_not_                             [OK         21.5s]  ( 52% 430/820 ops)
[INFO] [00:51:11][GPU  5] benchmark logical_not_                             ...
[INFO] [00:51:17][GPU  0] accuracy  logical_or                               [OK         21.9s]  ( 52% 430/820 ops)
[INFO] [00:51:17][GPU  0] benchmark logical_or                               ...
[INFO] [00:51:25][GPU  7] accuracy  logical_or_                              [OK         22.6s]  ( 52% 431/820 ops)
[INFO] [00:51:25][GPU  7] benchmark logical_or_                              ...
[INFO] [00:51:26][GPU  4] accuracy  logical_xor                              [OK         22.3s]  ( 52% 431/820 ops)
[INFO] [00:51:26][GPU  4] benchmark logical_xor                              ...
[INFO] [00:51:38][GPU  5] benchmark logical_not_                             [OK         27.3s]  ( 52% 432/820 ops)
[INFO] [00:51:38][GPU  5] accuracy  logical_xor_                             ...
[INFO] [00:51:46][GPU  0] benchmark logical_or                               [OK         28.3s]  ( 52% 432/820 ops)
[INFO] [00:51:46][GPU  0] accuracy  logit                                    ...
[INFO] [00:51:55][GPU  4] benchmark logical_xor                              [OK         29.0s]  ( 52% 433/820 ops)
[INFO] [00:51:55][GPU  4] accuracy  logit_                                   ...
[INFO] [00:51:55][GPU  7] benchmark logical_or_                              [OK         29.6s]  ( 52% 433/820 ops)
[INFO] [00:51:55][GPU  7] accuracy  logit_out                                ...
[INFO] [00:52:00][GPU  5] accuracy  logical_xor_                             [OK         22.1s]  ( 52% 434/820 ops)
[INFO] [00:52:00][GPU  5] benchmark logical_xor_                             ...
[INFO] [00:52:07][GPU  0] accuracy  logit                                    [OK         21.8s]  ( 52% 434/820 ops)
[INFO] [00:52:07][GPU  0] benchmark logit                                    ...
[INFO] [00:52:17][GPU  4] accuracy  logit_                                   [OK         21.8s]  ( 53% 435/820 ops)
[INFO] [00:52:17][GPU  4] benchmark logit_                                   ...
[INFO] [00:52:17][GPU  7] accuracy  logit_out                                [OK         22.1s]  ( 53% 435/820 ops)
[INFO] [00:52:17][GPU  7] benchmark logit_out                                ...
[INFO] [00:52:31][GPU  5] benchmark logical_xor_                             [OK         30.6s]  ( 53% 436/820 ops)
[INFO] [00:52:31][GPU  5] accuracy  logspace                                 ...
[INFO] [00:52:44][GPU  0] benchmark logit                                    [OK         36.4s]  ( 53% 436/820 ops)
[INFO] [00:52:44][GPU  0] accuracy  logsumexp                                ...
[INFO] [00:52:53][GPU  4] benchmark logit_                                   [OK         36.6s]  ( 53% 437/820 ops)
[INFO] [00:52:53][GPU  4] accuracy  lshift                                   ...
[INFO] [00:52:54][GPU  5] accuracy  logspace                                 [OK         23.9s]  ( 53% 437/820 ops)
[INFO] [00:52:54][GPU  5] benchmark logspace                                 ...
[INFO] [00:52:55][GPU  7] benchmark logit_out                                [OK         38.4s]  ( 53% 438/820 ops)
[INFO] [00:52:55][GPU  7] accuracy  lt                                       ...
[INFO] [00:53:06][GPU  0] accuracy  logsumexp                                [OK         21.9s]  ( 53% 438/820 ops)
[INFO] [00:53:06][GPU  0] benchmark logsumexp                                ...
[INFO] [00:53:14][GPU  4] accuracy  lshift                                   [OK         20.5s]  ( 53% 439/820 ops)
[INFO] [00:53:14][GPU  4] benchmark lshift                                   ...
[INFO] [00:53:17][GPU  7] accuracy  lt                                       [OK         21.8s]  ( 53% 439/820 ops)
[INFO] [00:53:17][GPU  7] benchmark lt                                       ...
[INFO] [00:53:30][GPU  5] benchmark logspace                                 [OK         35.7s]  ( 53% 440/820 ops)
[INFO] [00:53:30][GPU  5] accuracy  lt_                                      ...
[INFO] [00:53:41][GPU  0] benchmark logsumexp                                [OK         35.1s]  ( 53% 440/820 ops)
[INFO] [00:53:41][GPU  0] accuracy  lt_scalar                                ...
[INFO] [00:53:44][GPU  7] benchmark lt                                       [OK         27.0s]  ( 53% 441/820 ops)
[INFO] [00:53:44][GPU  7] accuracy  lt_scalar_                               ...
[INFO] [00:53:48][GPU  4] benchmark lshift                                   [OK         33.7s]  ( 53% 441/820 ops)
[INFO] [00:53:48][GPU  4] accuracy  margin_ranking_loss                      ...
[INFO] [00:53:51][GPU  5] accuracy  lt_                                      [OK         20.8s]  ( 53% 442/820 ops)
[INFO] [00:53:51][GPU  5] benchmark lt_                                      ...
[INFO] [00:54:05][GPU  7] accuracy  lt_scalar_                               [OK         20.6s]  ( 53% 442/820 ops)
[INFO] [00:54:05][GPU  7] benchmark lt_scalar_                               ...
[INFO] [00:54:06][GPU  0] accuracy  lt_scalar                                [OK         25.6s]  ( 54% 443/820 ops)
[INFO] [00:54:06][GPU  0] benchmark lt_scalar                                ...
[INFO] [00:54:08][GPU  4] accuracy  margin_ranking_loss                      [FAILED     20.7s]  ( 54% 443/820 ops)
[INFO] [00:54:08][GPU  4] benchmark margin_ranking_loss                      ...
[INFO] [00:54:22][GPU  5] benchmark lt_                                      [OK         31.4s]  ( 54% 444/820 ops)
[INFO] [00:54:22][GPU  5] accuracy  masked_fill                              ...
[INFO] [00:54:25][GPU  4] benchmark margin_ranking_loss                      [FAILED     16.3s]  ( 54% 444/820 ops)
[INFO] [00:54:25][GPU  4] accuracy  masked_fill_                             ...
[INFO] [00:54:36][GPU  7] benchmark lt_scalar_                               [OK         30.8s]  ( 54% 445/820 ops)
[INFO] [00:54:36][GPU  7] accuracy  masked_fill_scalar                       ...
[INFO] [00:54:37][GPU  0] benchmark lt_scalar                                [OK         30.7s]  ( 54% 445/820 ops)
[INFO] [00:54:37][GPU  0] accuracy  masked_fill_scalar_                      ...
[INFO] [00:54:46][GPU  5] accuracy  masked_fill                              [OK         23.3s]  ( 54% 446/820 ops)
[INFO] [00:54:46][GPU  5] benchmark masked_fill                              ...
[INFO] [00:54:48][GPU  4] accuracy  masked_fill_                             [OK         23.4s]  ( 54% 446/820 ops)
[INFO] [00:54:48][GPU  4] benchmark masked_fill_                             ...
[INFO] [00:54:57][GPU  7] accuracy  masked_fill_scalar                       [OK         21.7s]  ( 54% 447/820 ops)
[INFO] [00:54:57][GPU  7] benchmark masked_fill_scalar                       ...
[INFO] [00:55:01][GPU  0] accuracy  masked_fill_scalar_                      [OK         24.3s]  ( 54% 447/820 ops)
[INFO] [00:55:01][GPU  0] benchmark masked_fill_scalar_                      ...
[INFO] [00:55:13][GPU  5] benchmark masked_fill                              [OK         27.7s]  ( 54% 448/820 ops)
[INFO] [00:55:14][GPU  5] accuracy  masked_scale                             ...
[INFO] [00:55:16][GPU  4] benchmark masked_fill_                             [OK         28.1s]  ( 54% 448/820 ops)
[INFO] [00:55:16][GPU  4] accuracy  masked_scatter                           ...
[INFO] [00:55:25][GPU  7] benchmark masked_fill_scalar                       [OK         27.9s]  ( 54% 449/820 ops)
[INFO] [00:55:25][GPU  7] accuracy  masked_scatter_                          ...
[INFO] [00:55:29][GPU  0] benchmark masked_fill_scalar_                      [OK         27.7s]  ( 54% 449/820 ops)
[INFO] [00:55:29][GPU  0] accuracy  masked_select                            ...
[INFO] [00:55:34][GPU  5] accuracy  masked_scale                             [OK         20.6s]  ( 54% 450/820 ops)
[INFO] [00:55:34][GPU  5] benchmark masked_scale                             ...
[INFO] [00:55:38][GPU  4] accuracy  masked_scatter                           [OK         21.8s]  ( 54% 450/820 ops)
[INFO] [00:55:38][GPU  4] benchmark masked_scatter                           ...
[INFO] [00:55:47][GPU  7] accuracy  masked_scatter_                          [OK         21.5s]  ( 55% 451/820 ops)
[INFO] [00:55:47][GPU  7] benchmark masked_scatter_                          ...
[INFO] [00:55:50][GPU  0] accuracy  masked_select                            [FAILED     21.2s]  ( 55% 451/820 ops)
[INFO] [00:55:50][GPU  0] benchmark masked_select                            ...
[INFO] [00:55:51][GPU  5] benchmark masked_scale                             [FAILED     16.6s]  ( 55% 452/820 ops)
[INFO] [00:55:51][GPU  5] accuracy  matmul_bias_activation                   ...
[INFO] [00:56:07][GPU  2] accuracy  log_sigmoid                              [TIMEOUT   610.0s]  ( 55% 452/820 ops)
[INFO] [00:56:07][GPU  2] benchmark log_sigmoid                              ...
[INFO] [00:56:10][GPU  5] accuracy  matmul_bias_activation                   [ERROR      19.6s]  ( 55% 453/820 ops)
[INFO] [00:56:10][GPU  5] benchmark matmul_bias_activation                   ...
[INFO] [00:56:11][GPU  0] benchmark masked_select                            [FAILED     20.8s]  ( 55% 453/820 ops)
[INFO] [00:56:11][GPU  0] accuracy  matmuladd                                ...
[INFO] [00:56:23][GPU  4] benchmark masked_scatter                           [OK         45.3s]  ( 55% 454/820 ops)
[INFO] [00:56:23][GPU  4] accuracy  max                                      ...
[INFO] [00:56:27][GPU  5] benchmark matmul_bias_activation                   [NOTFOUND   16.9s]  ( 55% 454/820 ops)
[INFO] [00:56:27][GPU  5] accuracy  max_dim                                  ...
[INFO] [00:56:31][GPU  7] benchmark masked_scatter_                          [OK         44.1s]  ( 55% 455/820 ops)
[INFO] [00:56:31][GPU  7] accuracy  max_pool2d_backward                      ...
[INFO] [00:56:36][GPU  0] accuracy  matmuladd                                [OK         25.0s]  ( 55% 455/820 ops)
[INFO] [00:56:36][GPU  0] benchmark matmuladd                                ...
[INFO] [00:56:48][GPU  4] accuracy  max                                      [OK         24.7s]  ( 55% 456/820 ops)
[INFO] [00:56:48][GPU  4] benchmark max                                      ...
[INFO] [00:56:53][GPU  7] accuracy  max_pool2d_backward                      [FAILED     21.7s]  ( 55% 456/820 ops)
[INFO] [00:56:53][GPU  7] benchmark max_pool2d_backward                      ...
[INFO] [00:56:54][GPU  5] accuracy  max_dim                                  [OK         26.5s]  ( 55% 457/820 ops)
[INFO] [00:56:54][GPU  5] benchmark max_dim                                  ...
[INFO] [00:57:13][GPU  4] benchmark max                                      [OK         25.3s]  ( 55% 457/820 ops)
[INFO] [00:57:13][GPU  4] accuracy  max_pool2d_with_indices                  ...
[INFO] [00:57:19][GPU  5] benchmark max_dim                                  [OK         25.0s]  ( 55% 458/820 ops)
[INFO] [00:57:19][GPU  5] accuracy  max_pool3d_backward                      ...
[INFO] [00:57:20][GPU  0] benchmark matmuladd                                [OK         43.4s]  ( 55% 458/820 ops)
[INFO] [00:57:20][GPU  0] accuracy  max_pool3d_with_indices                  ...
[INFO] [00:57:33][GPU  7] benchmark max_pool2d_backward                      [OK         40.8s]  ( 55% 459/820 ops)
[INFO] [00:57:34][GPU  7] accuracy  max_unpool2d                             ...
[INFO] [00:57:34][GPU  4] accuracy  max_pool2d_with_indices                  [OK         20.6s]  ( 55% 459/820 ops)
[INFO] [00:57:34][GPU  4] benchmark max_pool2d_with_indices                  ...
[INFO] [00:58:08][GPU  4] benchmark max_pool2d_with_indices                  [OK         34.3s]  ( 56% 460/820 ops)
[INFO] [00:58:08][GPU  4] accuracy  maximum                                  ...
[INFO] [00:58:29][GPU  4] accuracy  maximum                                  [OK         20.2s]  ( 56% 460/820 ops)
[INFO] [00:58:29][GPU  4] benchmark maximum                                  ...
[INFO] [00:58:50][GPU  7] accuracy  max_unpool2d                             [OK         76.6s]  ( 56% 461/820 ops)
[INFO] [00:58:50][GPU  7] benchmark max_unpool2d                             ...
[INFO] [00:58:55][GPU  4] benchmark maximum                                  [OK         26.1s]  ( 56% 461/820 ops)
[INFO] [00:58:55][GPU  4] accuracy  mean                                     ...
[INFO] [00:58:56][GPU  3] accuracy  xlogy_scalar_tensor                      [TIMEOUT   610.0s]  ( 56% 462/820 ops)
[INFO] [00:58:56][GPU  3] benchmark xlogy_scalar_tensor                      ...
[INFO] [00:59:15][GPU  6] benchmark log                                      [TIMEOUT   610.0s]  ( 56% 462/820 ops)
[INFO] [00:59:15][GPU  6] accuracy  mean_dim                                 ...
[INFO] [00:59:19][GPU  4] accuracy  mean                                     [OK         24.2s]  ( 56% 463/820 ops)
[INFO] [00:59:19][GPU  4] benchmark mean                                     ...
[INFO] [00:59:37][GPU  7] benchmark max_unpool2d                             [OK         46.5s]  ( 56% 463/820 ops)
[INFO] [00:59:37][GPU  7] accuracy  median                                   ...
[INFO] [00:59:44][GPU  1] accuracy  logcumsumexp                             [TIMEOUT   610.0s]  ( 56% 464/820 ops)
[INFO] [00:59:44][GPU  1] benchmark logcumsumexp                             ...
[INFO] [00:59:45][GPU  4] benchmark mean                                     [OK         26.6s]  ( 56% 464/820 ops)
[INFO] [00:59:45][GPU  4] accuracy  median_dim                               ...
[INFO] [01:00:05][GPU  4] accuracy  median_dim                               [NOTFOUND   19.9s]  ( 56% 465/820 ops)
[INFO] [01:00:05][GPU  4] benchmark median_dim                               ...
[INFO] [01:00:21][GPU  4] benchmark median_dim                               [NOTFOUND   15.8s]  ( 56% 465/820 ops)
[INFO] [01:00:21][GPU  4] accuracy  median_dim_values                        ...
[INFO] [01:00:40][GPU  4] accuracy  median_dim_values                        [NOTFOUND   19.0s]  ( 56% 466/820 ops)
[INFO] [01:00:40][GPU  4] benchmark median_dim_values                        ...
[INFO] [01:00:56][GPU  4] benchmark median_dim_values                        [NOTFOUND   15.8s]  ( 56% 466/820 ops)
[INFO] [01:00:56][GPU  4] accuracy  median_out                               ...
[INFO] [01:01:15][GPU  4] accuracy  median_out                               [NOTFOUND   19.1s]  ( 56% 467/820 ops)
[INFO] [01:01:15][GPU  4] benchmark median_out                               ...
[INFO] [01:01:31][GPU  4] benchmark median_out                               [NOTFOUND   15.8s]  ( 56% 467/820 ops)
[INFO] [01:01:31][GPU  4] accuracy  mhc_bwd                                  ...
[INFO] [01:01:51][GPU  4] accuracy  mhc_bwd                                  [OK         19.8s]  ( 57% 468/820 ops)
[INFO] [01:01:51][GPU  4] benchmark mhc_bwd                                  ...
[INFO] [01:02:19][GPU  4] benchmark mhc_bwd                                  [OK         28.5s]  ( 57% 468/820 ops)
[INFO] [01:02:19][GPU  4] accuracy  mhc_post                                 ...
[INFO] [01:03:07][GPU  4] accuracy  mhc_post                                 [OK         47.6s]  ( 57% 469/820 ops)
[INFO] [01:03:07][GPU  4] benchmark mhc_post                                 ...
[INFO] [01:03:48][GPU  4] benchmark mhc_post                                 [OK         41.6s]  ( 57% 469/820 ops)
[INFO] [01:03:48][GPU  4] accuracy  mhc_pre                                  ...
[INFO] [01:04:12][GPU  4] accuracy  mhc_pre                                  [ERROR      23.3s]  ( 57% 470/820 ops)
[INFO] [01:04:12][GPU  4] benchmark mhc_pre                                  ...
[INFO] [01:06:17][GPU  2] benchmark log_sigmoid                              [TIMEOUT   610.0s]  ( 57% 470/820 ops)
[INFO] [01:06:17][GPU  2] accuracy  min                                      ...
[INFO] [01:07:19][GPU  5] accuracy  max_pool3d_backward                      [TIMEOUT   600.2s]  ( 57% 471/820 ops)
[INFO] [01:07:19][GPU  5] benchmark max_pool3d_backward                      ...
[INFO] [01:07:20][GPU  0] accuracy  max_pool3d_with_indices                  [TIMEOUT   600.2s]  ( 57% 471/820 ops)
[INFO] [01:07:20][GPU  0] benchmark max_pool3d_with_indices                  ...
[INFO] [01:07:35][GPU  5] benchmark max_pool3d_backward                      [NOTFOUND   16.0s]  ( 57% 472/820 ops)
[INFO] [01:07:35][GPU  5] accuracy  min_dim                                  ...
[INFO] [01:07:36][GPU  0] benchmark max_pool3d_with_indices                  [NOTFOUND   16.0s]  ( 57% 472/820 ops)
[INFO] [01:07:36][GPU  0] accuracy  minimum                                  ...
[INFO] [01:07:57][GPU  0] accuracy  minimum                                  [OK         20.9s]  ( 57% 473/820 ops)
[INFO] [01:07:57][GPU  0] benchmark minimum                                  ...
[INFO] [01:08:05][GPU  5] accuracy  min_dim                                  [OK         29.4s]  ( 57% 473/820 ops)
[INFO] [01:08:05][GPU  5] benchmark min_dim                                  ...
[INFO] [01:08:23][GPU  0] benchmark minimum                                  [OK         26.2s]  ( 57% 474/820 ops)
[INFO] [01:08:23][GPU  0] accuracy  mish                                     ...
[INFO] [01:08:33][GPU  5] benchmark min_dim                                  [OK         28.4s]  ( 57% 474/820 ops)
[INFO] [01:08:33][GPU  5] accuracy  mish_                                    ...
[INFO] [01:08:44][GPU  0] accuracy  mish                                     [OK         20.6s]  ( 57% 475/820 ops)
[INFO] [01:08:44][GPU  0] benchmark mish                                     ...
[INFO] [01:08:54][GPU  5] accuracy  mish_                                    [OK         20.9s]  ( 57% 475/820 ops)
[INFO] [01:08:54][GPU  5] benchmark mish_                                    ...
[INFO] [01:09:06][GPU  3] benchmark xlogy_scalar_tensor                      [TIMEOUT   610.0s]  ( 58% 476/820 ops)
[INFO] [01:09:06][GPU  3] accuracy  mm                                       ...
[INFO] [01:09:12][GPU  0] benchmark mish                                     [FAILED     28.0s]  ( 58% 476/820 ops)
[INFO] [01:09:12][GPU  0] accuracy  mm_out                                   ...
[INFO] [01:09:22][GPU  5] benchmark mish_                                    [FAILED     28.3s]  ( 58% 477/820 ops)
[INFO] [01:09:22][GPU  5] accuracy  mode                                     ...
[INFO] [01:09:25][GPU  6] accuracy  mean_dim                                 [TIMEOUT   610.0s]  ( 58% 477/820 ops)
[INFO] [01:09:25][GPU  6] benchmark mean_dim                                 ...
[INFO] [01:09:35][GPU  0] accuracy  mm_out                                   [FAILED     23.7s]  ( 58% 478/820 ops)
[INFO] [01:09:35][GPU  0] benchmark mm_out                                   ...
[INFO] [01:09:37][GPU  7] accuracy  median                                   [TIMEOUT   600.2s]  ( 58% 478/820 ops)
[INFO] [01:09:37][GPU  7] benchmark median                                   ...
[INFO] [01:09:42][GPU  5] accuracy  mode                                     [ERROR      20.0s]  ( 58% 479/820 ops)
[INFO] [01:09:42][GPU  5] benchmark mode                                     ...
[INFO] [01:09:54][GPU  1] benchmark logcumsumexp                             [TIMEOUT   610.0s]  ( 58% 479/820 ops)
[INFO] [01:09:54][GPU  1] accuracy  moe_align_block_size_triton              ...
[INFO] [01:09:57][GPU  7] benchmark median                                   [FAILED     19.8s]  ( 58% 480/820 ops)
[INFO] [01:09:57][GPU  7] accuracy  moe_sum                                  ...
[INFO] [01:09:59][GPU  5] benchmark mode                                     [NOTFOUND   16.9s]  ( 58% 480/820 ops)
[INFO] [01:09:59][GPU  5] accuracy  mse_loss                                 ...
[INFO] [01:10:15][GPU  7] accuracy  moe_sum                                  [ERROR      18.6s]  ( 58% 481/820 ops)
[INFO] [01:10:15][GPU  7] benchmark moe_sum                                  ...
[INFO] [01:10:22][GPU  5] accuracy  mse_loss                                 [FAILED     22.6s]  ( 58% 481/820 ops)
[INFO] [01:10:22][GPU  5] benchmark mse_loss                                 ...
[INFO] [01:10:31][GPU  7] benchmark moe_sum                                  [NOTFOUND   16.0s]  ( 58% 482/820 ops)
[INFO] [01:10:31][GPU  7] accuracy  mse_loss_backward                        ...
[INFO] [01:10:54][GPU  7] accuracy  mse_loss_backward                        [OK         23.1s]  ( 58% 482/820 ops)
[INFO] [01:10:54][GPU  7] benchmark mse_loss_backward                        ...
[INFO] [01:10:59][GPU  5] benchmark mse_loss                                 [OK         36.9s]  ( 58% 483/820 ops)
[INFO] [01:10:59][GPU  5] accuracy  mul                                      ...
[INFO] [01:11:26][GPU  5] accuracy  mul                                      [FAILED     27.4s]  ( 58% 483/820 ops)
[INFO] [01:11:26][GPU  5] benchmark mul                                      ...
[INFO] [01:11:31][GPU  7] benchmark mse_loss_backward                        [OK         36.5s]  ( 59% 484/820 ops)
[INFO] [01:11:31][GPU  7] accuracy  mul_                                     ...
[INFO] [01:11:53][GPU  7] accuracy  mul_                                     [OK         22.1s]  ( 59% 484/820 ops)
[INFO] [01:11:53][GPU  7] benchmark mul_                                     ...
[INFO] [01:12:19][GPU  7] benchmark mul_                                     [OK         25.7s]  ( 59% 485/820 ops)
[INFO] [01:12:19][GPU  7] accuracy  multinomial                              ...
[INFO] [01:12:28][GPU  5] benchmark mul                                      [OK         61.4s]  ( 59% 485/820 ops)
[INFO] [01:12:28][GPU  5] accuracy  multiply_                                ...
[INFO] [01:12:29][GPU  0] benchmark mm_out                                   [OK        173.8s]  ( 59% 486/820 ops)
[INFO] [01:12:29][GPU  0] accuracy  mv                                       ...
[INFO] [01:12:48][GPU  7] accuracy  multinomial                              [OK         29.1s]  ( 59% 486/820 ops)
[INFO] [01:12:48][GPU  7] benchmark multinomial                              ...
[INFO] [01:12:50][GPU  5] accuracy  multiply_                                [OK         22.0s]  ( 59% 487/820 ops)
[INFO] [01:12:50][GPU  5] benchmark multiply_                                ...
[INFO] [01:12:54][GPU  0] accuracy  mv                                       [OK         24.9s]  ( 59% 487/820 ops)
[INFO] [01:12:54][GPU  0] benchmark mv                                       ...
[INFO] [01:13:15][GPU  5] benchmark multiply_                                [OK         25.6s]  ( 59% 488/820 ops)
[INFO] [01:13:15][GPU  5] accuracy  mvlgamma_                                ...
[INFO] [01:13:49][GPU  5] accuracy  mvlgamma_                                [FAILED     34.0s]  ( 59% 488/820 ops)
[INFO] [01:13:49][GPU  5] benchmark mvlgamma_                                ...
[INFO] [01:14:00][GPU  0] benchmark mv                                       [OK         66.3s]  ( 59% 489/820 ops)
[INFO] [01:14:01][GPU  0] accuracy  nan_to_num                               ...
[INFO] [01:14:01][GPU  7] benchmark multinomial                              [OK         72.6s]  ( 59% 489/820 ops)
[INFO] [01:14:01][GPU  7] accuracy  nanmedian                                ...
[INFO] [01:14:06][GPU  5] benchmark mvlgamma_                                [FAILED     16.8s]  ( 59% 490/820 ops)
[INFO] [01:14:06][GPU  5] accuracy  nanmedian_dim                            ...
[INFO] [01:14:12][GPU  4] benchmark mhc_pre                                  [TIMEOUT   600.2s]  ( 59% 490/820 ops)
[INFO] [01:14:12][GPU  4] accuracy  nanmedian_dim_values                     ...
[INFO] [01:14:21][GPU  7] accuracy  nanmedian                                [FAILED     20.1s]  ( 59% 491/820 ops)
[INFO] [01:14:21][GPU  7] benchmark nanmedian                                ...
[INFO] [01:14:25][GPU  0] accuracy  nan_to_num                               [OK         24.9s]  ( 59% 491/820 ops)
[INFO] [01:14:25][GPU  0] benchmark nan_to_num                               ...
[INFO] [01:14:27][GPU  5] accuracy  nanmedian_dim                            [FAILED     20.6s]  ( 60% 492/820 ops)
[INFO] [01:14:27][GPU  5] benchmark nanmedian_dim                            ...
[INFO] [01:14:32][GPU  4] accuracy  nanmedian_dim_values                     [FAILED     19.7s]  ( 60% 492/820 ops)
[INFO] [01:14:32][GPU  4] benchmark nanmedian_dim_values                     ...
[INFO] [01:14:37][GPU  7] benchmark nanmedian                                [SKIPPED    16.4s]  ( 60% 493/820 ops)
[INFO] [01:14:37][GPU  7] accuracy  nanmedian_out                            ...
[INFO] [01:14:43][GPU  5] benchmark nanmedian_dim                            [SKIPPED    16.2s]  ( 60% 493/820 ops)
[INFO] [01:14:43][GPU  5] accuracy  narrow                                   ...
[INFO] [01:14:48][GPU  4] benchmark nanmedian_dim_values                     [SKIPPED    16.3s]  ( 60% 494/820 ops)
[INFO] [01:14:48][GPU  4] accuracy  narrow_copy                              ...
[INFO] [01:14:57][GPU  7] accuracy  nanmedian_out                            [FAILED     19.6s]  ( 60% 494/820 ops)
[INFO] [01:14:57][GPU  7] benchmark nanmedian_out                            ...
[INFO] [01:15:04][GPU  5] accuracy  narrow                                   [OK         21.0s]  ( 60% 495/820 ops)
[INFO] [01:15:04][GPU  5] benchmark narrow                                   ...
[INFO] [01:15:10][GPU  4] accuracy  narrow_copy                              [OK         21.8s]  ( 60% 495/820 ops)
[INFO] [01:15:10][GPU  4] benchmark narrow_copy                              ...
[INFO] [01:15:13][GPU  7] benchmark nanmedian_out                            [SKIPPED    16.2s]  ( 60% 496/820 ops)
[INFO] [01:15:13][GPU  7] accuracy  ne                                       ...
[INFO] [01:15:24][GPU  5] benchmark narrow                                   [OK         20.2s]  ( 60% 496/820 ops)
[INFO] [01:15:24][GPU  5] accuracy  ne_scalar                                ...
[INFO] [01:15:33][GPU  7] accuracy  ne                                       [OK         20.4s]  ( 60% 497/820 ops)
[INFO] [01:15:33][GPU  7] benchmark ne                                       ...
[INFO] [01:15:39][GPU  4] benchmark narrow_copy                              [OK         29.3s]  ( 60% 497/820 ops)
[INFO] [01:15:39][GPU  4] accuracy  neg                                      ...
[INFO] [01:15:45][GPU  5] accuracy  ne_scalar                                [OK         20.6s]  ( 60% 498/820 ops)
[INFO] [01:15:45][GPU  5] benchmark ne_scalar                                ...
[INFO] [01:16:00][GPU  4] accuracy  neg                                      [OK         20.6s]  ( 60% 498/820 ops)
[INFO] [01:16:00][GPU  4] benchmark neg                                      ...
[INFO] [01:16:00][GPU  7] benchmark ne                                       [OK         26.6s]  ( 60% 499/820 ops)
[INFO] [01:16:00][GPU  7] accuracy  neg_                                     ...
[INFO] [01:16:12][GPU  5] benchmark ne_scalar                                [OK         27.0s]  ( 60% 499/820 ops)
[INFO] [01:16:12][GPU  5] accuracy  negative                                 ...
[INFO] [01:16:21][GPU  7] accuracy  neg_                                     [OK         21.0s]  ( 60% 500/820 ops)
[INFO] [01:16:21][GPU  7] benchmark neg_                                     ...
[INFO] [01:16:25][GPU  4] benchmark neg                                      [OK         25.5s]  ( 60% 500/820 ops)
[INFO] [01:16:25][GPU  4] accuracy  nested_view_from_buffer_copy             ...
[INFO] [01:16:27][GPU  2] accuracy  min                                      [TIMEOUT   610.0s]  ( 61% 501/820 ops)
[INFO] [01:16:27][GPU  2] benchmark min                                      ...
[INFO] [01:16:33][GPU  5] accuracy  negative                                 [OK         20.9s]  ( 61% 501/820 ops)
[INFO] [01:16:33][GPU  5] benchmark negative                                 ...
[INFO] [01:16:46][GPU  7] benchmark neg_                                     [OK         24.5s]  ( 61% 502/820 ops)
[INFO] [01:16:46][GPU  7] accuracy  new_full                                 ...
[INFO] [01:16:49][GPU  4] accuracy  nested_view_from_buffer_copy             [OK         23.4s]  ( 61% 502/820 ops)
[INFO] [01:16:49][GPU  4] benchmark nested_view_from_buffer_copy             ...
[INFO] [01:16:58][GPU  5] benchmark negative                                 [OK         25.5s]  ( 61% 503/820 ops)
[INFO] [01:16:58][GPU  5] accuracy  new_ones                                 ...
[INFO] [01:17:20][GPU  5] accuracy  new_ones                                 [OK         21.4s]  ( 61% 503/820 ops)
[INFO] [01:17:20][GPU  5] benchmark new_ones                                 ...
[INFO] [01:17:22][GPU  4] benchmark nested_view_from_buffer_copy             [OK         33.1s]  ( 61% 504/820 ops)
[INFO] [01:17:22][GPU  4] accuracy  nextafter                                ...
[INFO] [01:17:39][GPU  7] accuracy  new_full                                 [OK         53.1s]  ( 61% 504/820 ops)
[INFO] [01:17:39][GPU  7] benchmark new_full                                 ...
[INFO] [01:17:43][GPU  5] benchmark new_ones                                 [OK         23.0s]  ( 61% 505/820 ops)
[INFO] [01:17:43][GPU  5] accuracy  nextafter_                               ...
[INFO] [01:18:01][GPU  4] accuracy  nextafter                                [FAILED     39.5s]  ( 61% 505/820 ops)
[INFO] [01:18:01][GPU  4] benchmark nextafter                                ...
[INFO] [01:18:02][GPU  7] benchmark new_full                                 [OK         23.6s]  ( 61% 506/820 ops)
[INFO] [01:18:02][GPU  7] accuracy  nll_loss2d_backward                      ...
[INFO] [01:18:19][GPU  4] benchmark nextafter                                [FAILED     17.4s]  ( 61% 506/820 ops)
[INFO] [01:18:19][GPU  4] accuracy  nll_loss2d_forward                       ...
[INFO] [01:18:25][GPU  5] accuracy  nextafter_                               [FAILED     41.8s]  ( 61% 507/820 ops)
[INFO] [01:18:25][GPU  5] benchmark nextafter_                               ...
[INFO] [01:18:26][GPU  7] accuracy  nll_loss2d_backward                      [FAILED     24.1s]  ( 61% 507/820 ops)
[INFO] [01:18:26][GPU  7] benchmark nll_loss2d_backward                      ...
[INFO] [01:18:43][GPU  4] accuracy  nll_loss2d_forward                       [FAILED     23.9s]  ( 61% 508/820 ops)
[INFO] [01:18:43][GPU  4] benchmark nll_loss2d_forward                       ...
[INFO] [01:18:43][GPU  5] benchmark nextafter_                               [FAILED     18.5s]  ( 61% 508/820 ops)
[INFO] [01:18:43][GPU  5] accuracy  nll_loss_backward                        ...
[INFO] [01:18:44][GPU  7] benchmark nll_loss2d_backward                      [FAILED     17.7s]  ( 62% 509/820 ops)
[INFO] [01:18:44][GPU  7] accuracy  nll_loss_forward                         ...
[INFO] [01:19:00][GPU  4] benchmark nll_loss2d_forward                       [FAILED     17.6s]  ( 62% 509/820 ops)
[INFO] [01:19:00][GPU  4] accuracy  nll_loss_nd_backward                     ...
[INFO] [01:19:13][GPU  5] accuracy  nll_loss_backward                        [FAILED     30.1s]  ( 62% 510/820 ops)
[INFO] [01:19:13][GPU  5] benchmark nll_loss_backward                        ...
[INFO] [01:19:14][GPU  7] accuracy  nll_loss_forward                         [FAILED     30.1s]  ( 62% 510/820 ops)
[INFO] [01:19:14][GPU  7] benchmark nll_loss_forward                         ...
[INFO] [01:19:16][GPU  3] accuracy  mm                                       [TIMEOUT   610.0s]  ( 62% 511/820 ops)
[INFO] [01:19:16][GPU  3] benchmark mm                                       ...
[INFO] [01:19:34][GPU  5] benchmark nll_loss_backward                        [FAILED     21.0s]  ( 62% 511/820 ops)
[INFO] [01:19:34][GPU  5] accuracy  nll_loss_nd_forward                      ...
[INFO] [01:19:35][GPU  4] accuracy  nll_loss_nd_backward                     [FAILED     34.6s]  ( 62% 512/820 ops)
[INFO] [01:19:35][GPU  4] benchmark nll_loss_nd_backward                     ...
[INFO] [01:19:35][GPU  7] benchmark nll_loss_forward                         [FAILED     20.9s]  ( 62% 512/820 ops)
[INFO] [01:19:35][GPU  7] accuracy  nonzero                                  ...
[INFO] [01:19:35][GPU  6] benchmark mean_dim                                 [TIMEOUT   610.0s]  ( 62% 513/820 ops)
[INFO] [01:19:35][GPU  6] accuracy  nonzero_numpy                            ...
[INFO] [01:19:53][GPU  4] benchmark nll_loss_nd_backward                     [FAILED     18.2s]  ( 62% 513/820 ops)
[INFO] [01:19:53][GPU  4] accuracy  norm                                     ...
[INFO] [01:19:56][GPU  7] accuracy  nonzero                                  [FAILED     21.0s]  ( 62% 514/820 ops)
[INFO] [01:19:56][GPU  7] benchmark nonzero                                  ...
[INFO] [01:20:04][GPU  1] accuracy  moe_align_block_size_triton              [TIMEOUT   610.0s]  ( 62% 514/820 ops)
[INFO] [01:20:04][GPU  1] benchmark moe_align_block_size_triton              ...
[INFO] [01:20:10][GPU  5] accuracy  nll_loss_nd_forward                      [FAILED     35.3s]  ( 62% 515/820 ops)
[INFO] [01:20:10][GPU  5] benchmark nll_loss_nd_forward                      ...
[INFO] [01:20:15][GPU  7] benchmark nonzero                                  [FAILED     18.5s]  ( 62% 515/820 ops)
[INFO] [01:20:15][GPU  7] accuracy  norm_scalar                              ...
[INFO] [01:20:16][GPU  4] accuracy  norm                                     [FAILED     22.8s]  ( 62% 516/820 ops)
[INFO] [01:20:16][GPU  4] benchmark norm                                     ...
[INFO] [01:20:27][GPU  5] benchmark nll_loss_nd_forward                      [FAILED     17.8s]  ( 62% 516/820 ops)
[INFO] [01:20:27][GPU  5] accuracy  norm_scalaropt_dim                       ...
[INFO] [01:20:36][GPU  7] accuracy  norm_scalar                              [FAILED     20.7s]  ( 63% 517/820 ops)
[INFO] [01:20:36][GPU  7] benchmark norm_scalar                              ...
[INFO] [01:20:45][GPU  4] benchmark norm                                     [OK         29.4s]  ( 63% 517/820 ops)
[INFO] [01:20:45][GPU  4] accuracy  normal_                                  ...
[INFO] [01:21:06][GPU  7] benchmark norm_scalar                              [OK         30.1s]  ( 63% 518/820 ops)
[INFO] [01:21:06][GPU  7] accuracy  normal_float_float_                      ...
[INFO] [01:21:06][GPU  4] accuracy  normal_                                  [OK         20.8s]  ( 63% 518/820 ops)
[INFO] [01:21:06][GPU  4] benchmark normal_                                  ...
[INFO] [01:21:11][GPU  5] accuracy  norm_scalaropt_dim                       [FAILED     43.3s]  ( 63% 519/820 ops)
[INFO] [01:21:11][GPU  5] benchmark norm_scalaropt_dim                       ...
[INFO] [01:21:22][GPU  4] benchmark normal_                                  [NOTFOUND   16.0s]  ( 63% 519/820 ops)
[INFO] [01:21:22][GPU  4] accuracy  normal_float_tensor                      ...
[INFO] [01:21:26][GPU  7] accuracy  normal_float_float_                      [OK         20.3s]  ( 63% 520/820 ops)
[INFO] [01:21:26][GPU  7] benchmark normal_float_float_                      ...
[INFO] [01:21:42][GPU  5] benchmark norm_scalaropt_dim                       [OK         31.7s]  ( 63% 520/820 ops)
[INFO] [01:21:42][GPU  5] accuracy  normal_tensor_float                      ...
[INFO] [01:21:43][GPU  4] accuracy  normal_float_tensor                      [OK         20.7s]  ( 63% 521/820 ops)
[INFO] [01:21:43][GPU  4] benchmark normal_float_tensor                      ...
[INFO] [01:22:00][GPU  7] benchmark normal_float_float_                      [OK         34.3s]  ( 63% 521/820 ops)
[INFO] [01:22:00][GPU  7] accuracy  normal_tensor_tensor                     ...
[INFO] [01:22:03][GPU  5] accuracy  normal_tensor_float                      [OK         20.5s]  ( 63% 522/820 ops)
[INFO] [01:22:03][GPU  5] benchmark normal_tensor_float                      ...
[INFO] [01:22:20][GPU  7] accuracy  normal_tensor_tensor                     [OK         20.2s]  ( 63% 522/820 ops)
[INFO] [01:22:20][GPU  7] benchmark normal_tensor_tensor                     ...
[INFO] [01:22:26][GPU  4] benchmark normal_float_tensor                      [OK         43.4s]  ( 63% 523/820 ops)
[INFO] [01:22:26][GPU  4] accuracy  normed_cumsum                            ...
[INFO] [01:22:46][GPU  5] benchmark normal_tensor_float                      [OK         43.2s]  ( 63% 523/820 ops)
[INFO] [01:22:46][GPU  5] accuracy  not_equal                                ...
[INFO] [01:22:47][GPU  4] accuracy  normed_cumsum                            [FAILED     20.7s]  ( 63% 524/820 ops)
[INFO] [01:22:47][GPU  4] benchmark normed_cumsum                            ...
[INFO] [01:23:05][GPU  7] benchmark normal_tensor_tensor                     [OK         44.9s]  ( 63% 524/820 ops)
[INFO] [01:23:05][GPU  7] accuracy  not_equal_scalar                         ...
[INFO] [01:23:07][GPU  5] accuracy  not_equal                                [OK         20.7s]  ( 64% 525/820 ops)
[INFO] [01:23:07][GPU  5] benchmark not_equal                                ...
[INFO] [01:23:19][GPU  4] benchmark normed_cumsum                            [OK         32.5s]  ( 64% 525/820 ops)
[INFO] [01:23:19][GPU  4] accuracy  one_hot                                  ...
[INFO] [01:23:26][GPU  7] accuracy  not_equal_scalar                         [OK         20.5s]  ( 64% 526/820 ops)
[INFO] [01:23:26][GPU  7] benchmark not_equal_scalar                         ...
[INFO] [01:23:33][GPU  5] benchmark not_equal                                [OK         26.5s]  ( 64% 526/820 ops)
[INFO] [01:23:33][GPU  5] accuracy  ones                                     ...
[INFO] [01:23:40][GPU  4] accuracy  one_hot                                  [OK         20.4s]  ( 64% 527/820 ops)
[INFO] [01:23:40][GPU  4] benchmark one_hot                                  ...
[INFO] [01:23:54][GPU  7] benchmark not_equal_scalar                         [OK         27.8s]  ( 64% 527/820 ops)
[INFO] [01:23:54][GPU  7] accuracy  ones_like                                ...
[INFO] [01:23:55][GPU  5] accuracy  ones                                     [OK         21.8s]  ( 64% 528/820 ops)
[INFO] [01:23:55][GPU  5] benchmark ones                                     ...
[INFO] [01:24:02][GPU  4] benchmark one_hot                                  [OK         22.3s]  ( 64% 528/820 ops)
[INFO] [01:24:02][GPU  4] accuracy  outer                                    ...
[INFO] [01:24:14][GPU  7] accuracy  ones_like                                [OK         20.7s]  ( 64% 529/820 ops)
[INFO] [01:24:14][GPU  7] benchmark ones_like                                ...
[INFO] [01:24:19][GPU  5] benchmark ones                                     [OK         23.3s]  ( 64% 529/820 ops)
[INFO] [01:24:19][GPU  5] accuracy  outplace_fused_experts                   ...
[INFO] [01:24:26][GPU  4] accuracy  outer                                    [OK         24.2s]  ( 64% 530/820 ops)
[INFO] [01:24:26][GPU  4] benchmark outer                                    ...
[INFO] [01:24:35][GPU  0] benchmark nan_to_num                               [TIMEOUT   610.0s]  ( 64% 530/820 ops)
[INFO] [01:24:35][GPU  0] accuracy  pack_seq_triton                          ...
[INFO] [01:24:39][GPU  7] benchmark ones_like                                [OK         24.4s]  ( 64% 531/820 ops)
[INFO] [01:24:39][GPU  7] accuracy  pad                                      ...
[INFO] [01:24:40][GPU  5] accuracy  outplace_fused_experts                   [ERROR      21.2s]  ( 64% 531/820 ops)
[INFO] [01:24:40][GPU  5] benchmark outplace_fused_experts                   ...
[INFO] [01:24:56][GPU  5] benchmark outplace_fused_experts                   [FAILED     16.6s]  ( 64% 532/820 ops)
[INFO] [01:24:56][GPU  5] accuracy  pdist                                    ...
[INFO] [01:25:01][GPU  0] accuracy  pack_seq_triton                          [FAILED     25.2s]  ( 64% 532/820 ops)
[INFO] [01:25:01][GPU  0] benchmark pack_seq_triton                          ...
[INFO] [01:25:02][GPU  7] accuracy  pad                                      [OK         23.5s]  ( 65% 533/820 ops)
[INFO] [01:25:02][GPU  7] benchmark pad                                      ...
[INFO] [01:25:15][GPU  5] accuracy  pdist                                    [ERROR      18.6s]  ( 65% 533/820 ops)
[INFO] [01:25:15][GPU  5] benchmark pdist                                    ...
[INFO] [01:25:18][GPU  0] benchmark pack_seq_triton                          [SKIPPED    17.8s]  ( 65% 534/820 ops)
[INFO] [01:25:18][GPU  0] accuracy  pdist_backward                           ...
[INFO] [01:25:24][GPU  4] benchmark outer                                    [OK         57.7s]  ( 65% 534/820 ops)
[INFO] [01:25:24][GPU  4] accuracy  per_token_group_quant_fp8                ...
[INFO] [01:25:31][GPU  7] benchmark pad                                      [OK         28.6s]  ( 65% 535/820 ops)
[INFO] [01:25:31][GPU  7] accuracy  permute_copy                             ...
[INFO] [01:25:37][GPU  0] accuracy  pdist_backward                           [ERROR      18.7s]  ( 65% 535/820 ops)
[INFO] [01:25:37][GPU  0] benchmark pdist_backward                           ...
[INFO] [01:25:38][GPU  5] benchmark pdist                                    [OK         23.1s]  ( 65% 536/820 ops)
[INFO] [01:25:38][GPU  5] accuracy  pixel_shuffle                            ...
[INFO] [01:25:43][GPU  4] accuracy  per_token_group_quant_fp8                [ERROR      18.9s]  ( 65% 536/820 ops)
[INFO] [01:25:43][GPU  4] benchmark per_token_group_quant_fp8                ...
[INFO] [01:25:52][GPU  7] accuracy  permute_copy                             [OK         21.3s]  ( 65% 537/820 ops)
[INFO] [01:25:52][GPU  7] benchmark permute_copy                             ...
[INFO] [01:25:59][GPU  0] benchmark pdist_backward                           [NOTFOUND   22.4s]  ( 65% 537/820 ops)
[INFO] [01:25:59][GPU  0] accuracy  pixel_unshuffle                          ...
[INFO] [01:26:00][GPU  4] benchmark per_token_group_quant_fp8                [FAILED     16.6s]  ( 65% 538/820 ops)
[INFO] [01:26:00][GPU  4] accuracy  pixel_unshuffle_out                      ...
[INFO] [01:26:19][GPU  7] benchmark permute_copy                             [OK         26.6s]  ( 65% 538/820 ops)
[INFO] [01:26:19][GPU  7] accuracy  poisson                                  ...
[INFO] [01:26:20][GPU  4] accuracy  pixel_unshuffle_out                      [OK         20.4s]  ( 65% 539/820 ops)
[INFO] [01:26:20][GPU  4] benchmark pixel_unshuffle_out                      ...
[INFO] [01:26:21][GPU  0] accuracy  pixel_unshuffle                          [OK         21.0s]  ( 65% 539/820 ops)
[INFO] [01:26:21][GPU  0] benchmark pixel_unshuffle                          ...
[INFO] [01:26:37][GPU  2] benchmark min                                      [TIMEOUT   610.0s]  ( 65% 540/820 ops)
[INFO] [01:26:37][GPU  2] accuracy  polar                                    ...
[INFO] [01:26:42][GPU  7] accuracy  poisson                                  [OK         23.4s]  ( 65% 540/820 ops)
[INFO] [01:26:42][GPU  7] benchmark poisson                                  ...
[INFO] [01:26:48][GPU  4] benchmark pixel_unshuffle_out                      [OK         27.9s]  ( 65% 541/820 ops)
[INFO] [01:26:48][GPU  4] accuracy  pow_scalar                               ...
[INFO] [01:26:49][GPU  0] benchmark pixel_unshuffle                          [OK         28.1s]  ( 65% 541/820 ops)
[INFO] [01:26:49][GPU  0] accuracy  pow_tensor_scalar                        ...
[INFO] [01:27:14][GPU  4] accuracy  pow_scalar                               [OK         26.3s]  ( 66% 542/820 ops)
[INFO] [01:27:14][GPU  4] benchmark pow_scalar                               ...
[INFO] [01:27:15][GPU  0] accuracy  pow_tensor_scalar                        [OK         26.8s]  ( 66% 542/820 ops)
[INFO] [01:27:15][GPU  0] benchmark pow_tensor_scalar                        ...
[INFO] [01:27:45][GPU  4] benchmark pow_scalar                               [OK         30.8s]  ( 66% 543/820 ops)
[INFO] [01:27:45][GPU  4] accuracy  pow_tensor_scalar_                       ...
[INFO] [01:27:48][GPU  0] benchmark pow_tensor_scalar                        [OK         32.3s]  ( 66% 543/820 ops)
[INFO] [01:27:48][GPU  0] accuracy  pow_tensor_tensor                        ...
[INFO] [01:28:07][GPU  4] accuracy  pow_tensor_scalar_                       [OK         21.9s]  ( 66% 544/820 ops)
[INFO] [01:28:07][GPU  4] benchmark pow_tensor_scalar_                       ...
[INFO] [01:28:08][GPU  0] accuracy  pow_tensor_tensor                        [OK         20.7s]  ( 66% 544/820 ops)
[INFO] [01:28:08][GPU  0] benchmark pow_tensor_tensor                        ...
[INFO] [01:28:23][GPU  7] benchmark poisson                                  [OK        101.1s]  ( 66% 545/820 ops)
[INFO] [01:28:23][GPU  7] accuracy  pow_tensor_tensor_                       ...
[INFO] [01:28:39][GPU  0] benchmark pow_tensor_tensor                        [OK         30.9s]  ( 66% 545/820 ops)
[INFO] [01:28:39][GPU  0] accuracy  prelu                                    ...
[INFO] [01:28:40][GPU  4] benchmark pow_tensor_scalar_                       [OK         32.7s]  ( 66% 546/820 ops)
[INFO] [01:28:40][GPU  4] accuracy  prelu_kernel                             ...
[INFO] [01:28:44][GPU  7] accuracy  pow_tensor_tensor_                       [OK         21.0s]  ( 66% 546/820 ops)
[INFO] [01:28:44][GPU  7] benchmark pow_tensor_tensor_                       ...
[INFO] [01:29:01][GPU  0] accuracy  prelu                                    [OK         21.2s]  ( 66% 547/820 ops)
[INFO] [01:29:01][GPU  0] benchmark prelu                                    ...
[INFO] [01:29:01][GPU  4] accuracy  prelu_kernel                             [OK         21.1s]  ( 66% 547/820 ops)
[INFO] [01:29:01][GPU  4] benchmark prelu_kernel                             ...
[INFO] [01:29:18][GPU  7] benchmark pow_tensor_tensor_                       [OK         33.2s]  ( 66% 548/820 ops)
[INFO] [01:29:18][GPU  7] accuracy  prelu_kernel_backward                    ...
[INFO] [01:29:26][GPU  3] benchmark mm                                       [TIMEOUT   610.0s]  ( 66% 548/820 ops)
[INFO] [01:29:26][GPU  3] accuracy  prod                                     ...
[INFO] [01:29:31][GPU  4] benchmark prelu_kernel                             [OK         29.9s]  ( 66% 549/820 ops)
[INFO] [01:29:31][GPU  4] accuracy  prod_dim_int                             ...
[INFO] [01:29:32][GPU  0] benchmark prelu                                    [OK         31.4s]  ( 66% 549/820 ops)
[INFO] [01:29:32][GPU  0] accuracy  quantile                                 ...
[INFO] [01:29:45][GPU  6] accuracy  nonzero_numpy                            [TIMEOUT   610.0s]  ( 67% 550/820 ops)
[INFO] [01:29:45][GPU  6] benchmark nonzero_numpy                            ...
[INFO] [01:29:52][GPU  7] accuracy  prelu_kernel_backward                    [OK         34.7s]  ( 67% 550/820 ops)
[INFO] [01:29:52][GPU  7] benchmark prelu_kernel_backward                    ...
[INFO] [01:29:54][GPU  4] accuracy  prod_dim_int                             [OK         22.9s]  ( 67% 551/820 ops)
[INFO] [01:29:54][GPU  4] benchmark prod_dim_int                             ...
[INFO] [01:30:05][GPU  1] benchmark moe_align_block_size_triton              [TIMEOUT   601.3s]  ( 67% 551/820 ops)
[INFO] [01:30:05][GPU  1] accuracy  rad2deg                                  ...
[INFO] [01:30:10][GPU  7] benchmark prelu_kernel_backward                    [FAILED     17.8s]  ( 67% 552/820 ops)
[INFO] [01:30:10][GPU  7] accuracy  rad2deg_                                 ...
[INFO] [01:30:10][GPU  4] benchmark prod_dim_int                             [NOTFOUND   16.6s]  ( 67% 552/820 ops)
[INFO] [01:30:10][GPU  4] accuracy  rand                                     ...
[INFO] [01:30:13][GPU  0] accuracy  quantile                                 [FAILED     40.7s]  ( 67% 553/820 ops)
[INFO] [01:30:13][GPU  0] benchmark quantile                                 ...
[INFO] [01:30:31][GPU  4] accuracy  rand                                     [OK         20.6s]  ( 67% 553/820 ops)
[INFO] [01:30:31][GPU  4] benchmark rand                                     ...
[INFO] [01:30:31][GPU  7] accuracy  rad2deg_                                 [OK         20.9s]  ( 67% 554/820 ops)
[INFO] [01:30:31][GPU  7] benchmark rad2deg_                                 ...
[INFO] [01:30:33][GPU  0] benchmark quantile                                 [FAILED     20.1s]  ( 67% 554/820 ops)
[INFO] [01:30:33][GPU  0] accuracy  rand_like                                ...
[INFO] [01:30:53][GPU  0] accuracy  rand_like                                [OK         20.4s]  ( 67% 555/820 ops)
[INFO] [01:30:53][GPU  0] benchmark rand_like                                ...
[INFO] [01:30:56][GPU  7] benchmark rad2deg_                                 [OK         24.6s]  ( 67% 555/820 ops)
[INFO] [01:30:56][GPU  7] accuracy  randint                                  ...
[INFO] [01:31:04][GPU  4] benchmark rand                                     [OK         33.4s]  ( 67% 556/820 ops)
[INFO] [01:31:04][GPU  4] accuracy  randint_like                             ...
[INFO] [01:31:17][GPU  7] accuracy  randint                                  [OK         21.2s]  ( 67% 556/820 ops)
[INFO] [01:31:17][GPU  7] benchmark randint                                  ...
[INFO] [01:31:25][GPU  4] accuracy  randint_like                             [OK         20.8s]  ( 67% 557/820 ops)
[INFO] [01:31:25][GPU  4] benchmark randint_like                             ...
[INFO] [01:31:26][GPU  0] benchmark rand_like                                [OK         33.0s]  ( 67% 557/820 ops)
[INFO] [01:31:26][GPU  0] accuracy  randn                                    ...
[INFO] [01:31:47][GPU  0] accuracy  randn                                    [OK         20.7s]  ( 68% 558/820 ops)
[INFO] [01:31:47][GPU  0] benchmark randn                                    ...
[INFO] [01:31:52][GPU  7] benchmark randint                                  [OK         34.7s]  ( 68% 558/820 ops)
[INFO] [01:31:52][GPU  7] accuracy  randn_like                               ...
[INFO] [01:31:58][GPU  4] benchmark randint_like                             [OK         33.2s]  ( 68% 559/820 ops)
[INFO] [01:31:58][GPU  4] accuracy  random_                                  ...
[INFO] [01:32:12][GPU  7] accuracy  randn_like                               [OK         20.2s]  ( 68% 559/820 ops)
[INFO] [01:32:12][GPU  7] benchmark randn_like                               ...
[INFO] [01:32:18][GPU  4] accuracy  random_                                  [NOTFOUND   19.3s]  ( 68% 560/820 ops)
[INFO] [01:32:18][GPU  4] benchmark random_                                  ...
[INFO] [01:32:20][GPU  0] benchmark randn                                    [OK         33.3s]  ( 68% 560/820 ops)
[INFO] [01:32:20][GPU  0] accuracy  randperm                                 ...
[INFO] [01:32:34][GPU  4] benchmark random_                                  [NOTFOUND   16.4s]  ( 68% 561/820 ops)
[INFO] [01:32:34][GPU  4] accuracy  range                                    ...
[INFO] [01:32:40][GPU  0] accuracy  randperm                                 [OK         20.0s]  ( 68% 561/820 ops)
[INFO] [01:32:40][GPU  0] benchmark randperm                                 ...
[INFO] [01:32:46][GPU  7] benchmark randn_like                               [OK         33.8s]  ( 68% 562/820 ops)
[INFO] [01:32:46][GPU  7] accuracy  reciprocal                               ...
[INFO] [01:32:54][GPU  4] accuracy  range                                    [OK         19.8s]  ( 68% 562/820 ops)
[INFO] [01:32:54][GPU  4] benchmark range                                    ...
[INFO] [01:33:07][GPU  7] accuracy  reciprocal                               [OK         21.4s]  ( 68% 563/820 ops)
[INFO] [01:33:07][GPU  7] benchmark reciprocal                               ...
[INFO] [01:33:08][GPU  0] benchmark randperm                                 [OK         27.7s]  ( 68% 563/820 ops)
[INFO] [01:33:08][GPU  0] accuracy  reciprocal_                              ...
[INFO] [01:33:27][GPU  4] benchmark range                                    [OK         33.0s]  ( 68% 564/820 ops)
[INFO] [01:33:27][GPU  4] accuracy  reflection_pad1d                         ...
[INFO] [01:33:32][GPU  0] accuracy  reciprocal_                              [OK         24.2s]  ( 68% 564/820 ops)
[INFO] [01:33:32][GPU  0] benchmark reciprocal_                              ...
[INFO] [01:33:37][GPU  7] benchmark reciprocal                               [OK         30.2s]  ( 68% 565/820 ops)
[INFO] [01:33:37][GPU  7] accuracy  reflection_pad1d_backward                ...
[INFO] [01:33:48][GPU  4] accuracy  reflection_pad1d                         [OK         20.6s]  ( 68% 565/820 ops)
[INFO] [01:33:48][GPU  4] benchmark reflection_pad1d                         ...
[INFO] [01:33:59][GPU  7] accuracy  reflection_pad1d_backward                [FAILED     21.7s]  ( 69% 566/820 ops)
[INFO] [01:33:59][GPU  7] benchmark reflection_pad1d_backward                ...
[INFO] [01:34:00][GPU  0] benchmark reciprocal_                              [OK         27.8s]  ( 69% 566/820 ops)
[INFO] [01:34:00][GPU  0] accuracy  reflection_pad1d_out                     ...
[INFO] [01:34:15][GPU  4] benchmark reflection_pad1d                         [OK         27.5s]  ( 69% 567/820 ops)
[INFO] [01:34:15][GPU  4] accuracy  reflection_pad2d                         ...
[INFO] [01:34:21][GPU  0] accuracy  reflection_pad1d_out                     [OK         21.0s]  ( 69% 567/820 ops)
[INFO] [01:34:21][GPU  0] benchmark reflection_pad1d_out                     ...
[INFO] [01:34:29][GPU  7] benchmark reflection_pad1d_backward                [OK         29.9s]  ( 69% 568/820 ops)
[INFO] [01:34:29][GPU  7] accuracy  reflection_pad2d_out                     ...
[INFO] [01:34:44][GPU  4] accuracy  reflection_pad2d                         [OK         29.0s]  ( 69% 568/820 ops)
[INFO] [01:34:44][GPU  4] benchmark reflection_pad2d                         ...
[INFO] [01:34:50][GPU  0] benchmark reflection_pad1d_out                     [OK         28.6s]  ( 69% 569/820 ops)
[INFO] [01:34:50][GPU  0] accuracy  reflection_pad3d                         ...
[INFO] [01:34:59][GPU  7] accuracy  reflection_pad2d_out                     [OK         30.6s]  ( 69% 569/820 ops)
[INFO] [01:34:59][GPU  7] benchmark reflection_pad2d_out                     ...
[INFO] [01:35:13][GPU  0] accuracy  reflection_pad3d                         [FAILED     23.2s]  ( 69% 570/820 ops)
[INFO] [01:35:13][GPU  0] benchmark reflection_pad3d                         ...
[INFO] [01:35:22][GPU  4] benchmark reflection_pad2d                         [OK         38.2s]  ( 69% 570/820 ops)
[INFO] [01:35:22][GPU  4] accuracy  reflection_pad3d_backward                ...
[INFO] [01:35:36][GPU  7] benchmark reflection_pad2d_out                     [OK         36.6s]  ( 69% 571/820 ops)
[INFO] [01:35:36][GPU  7] accuracy  reglu                                    ...
[INFO] [01:35:44][GPU  4] accuracy  reflection_pad3d_backward                [FAILED     21.9s]  ( 69% 571/820 ops)
[INFO] [01:35:44][GPU  4] benchmark reflection_pad3d_backward                ...
[INFO] [01:35:45][GPU  0] benchmark reflection_pad3d                         [OK         32.3s]  ( 69% 572/820 ops)
[INFO] [01:35:45][GPU  0] accuracy  relu                                     ...
[INFO] [01:35:48][GPU  5] accuracy  pixel_shuffle                            [TIMEOUT   610.0s]  ( 69% 572/820 ops)
[INFO] [01:35:48][GPU  5] benchmark pixel_shuffle                            ...
[INFO] [01:35:58][GPU  7] accuracy  reglu                                    [FAILED     21.9s]  ( 69% 573/820 ops)
[INFO] [01:35:58][GPU  7] benchmark reglu                                    ...
[INFO] [01:36:09][GPU  0] accuracy  relu                                     [OK         23.9s]  ( 69% 573/820 ops)
[INFO] [01:36:09][GPU  0] benchmark relu                                     ...
[INFO] [01:36:15][GPU  7] benchmark reglu                                    [FAILED     17.1s]  ( 70% 574/820 ops)
[INFO] [01:36:15][GPU  7] accuracy  relu6                                    ...
[INFO] [01:36:35][GPU  0] benchmark relu                                     [OK         26.2s]  ( 70% 574/820 ops)
[INFO] [01:36:35][GPU  0] accuracy  relu_                                    ...
[INFO] [01:36:37][GPU  7] accuracy  relu6                                    [OK         22.0s]  ( 70% 575/820 ops)
[INFO] [01:36:37][GPU  7] benchmark relu6                                    ...
[INFO] [01:36:47][GPU  2] accuracy  polar                                    [TIMEOUT   610.0s]  ( 70% 575/820 ops)
[INFO] [01:36:47][GPU  2] benchmark polar                                    ...
[INFO] [01:36:56][GPU  5] benchmark pixel_shuffle                            [OK         67.7s]  ( 70% 576/820 ops)
[INFO] [01:36:56][GPU  5] accuracy  remainder                                ...
[INFO] [01:36:58][GPU  0] accuracy  relu_                                    [OK         22.7s]  ( 70% 576/820 ops)
[INFO] [01:36:58][GPU  0] benchmark relu_                                    ...
[INFO] [01:37:04][GPU  4] benchmark reflection_pad3d_backward                [OK         79.5s]  ( 70% 577/820 ops)
[INFO] [01:37:04][GPU  4] accuracy  remainder_scalar                         ...
[INFO] [01:37:04][GPU  7] benchmark relu6                                    [FAILED     26.6s]  ( 70% 577/820 ops)
[INFO] [01:37:04][GPU  7] accuracy  remainder_scalar_                        ...
[INFO] [01:37:18][GPU  5] accuracy  remainder                                [OK         22.0s]  ( 70% 578/820 ops)
[INFO] [01:37:18][GPU  5] benchmark remainder                                ...
[INFO] [01:37:23][GPU  0] benchmark relu_                                    [OK         25.1s]  ( 70% 578/820 ops)
[INFO] [01:37:23][GPU  0] accuracy  remainder_scalar_tensor                  ...
[INFO] [01:37:25][GPU  7] accuracy  remainder_scalar_                        [OK         21.4s]  ( 70% 579/820 ops)
[INFO] [01:37:25][GPU  7] benchmark remainder_scalar_                        ...
[INFO] [01:37:26][GPU  4] accuracy  remainder_scalar                         [OK         22.1s]  ( 70% 579/820 ops)
[INFO] [01:37:26][GPU  4] benchmark remainder_scalar                         ...
[INFO] [01:37:44][GPU  0] accuracy  remainder_scalar_tensor                  [OK         20.8s]  ( 70% 580/820 ops)
[INFO] [01:37:44][GPU  0] benchmark remainder_scalar_tensor                  ...
[INFO] [01:37:45][GPU  5] benchmark remainder                                [OK         27.5s]  ( 70% 580/820 ops)
[INFO] [01:37:45][GPU  5] accuracy  remainder_tensor                         ...
[INFO] [01:37:51][GPU  7] benchmark remainder_scalar_                        [OK         26.0s]  ( 70% 581/820 ops)
[INFO] [01:37:51][GPU  7] accuracy  remainder_tensor_                        ...
[INFO] [01:37:52][GPU  4] benchmark remainder_scalar                         [OK         26.5s]  ( 70% 581/820 ops)
[INFO] [01:37:52][GPU  4] accuracy  renorm                                   ...
[INFO] [01:38:08][GPU  5] accuracy  remainder_tensor                         [OK         22.4s]  ( 70% 582/820 ops)
[INFO] [01:38:08][GPU  5] benchmark remainder_tensor                         ...
[INFO] [01:38:13][GPU  0] benchmark remainder_scalar_tensor                  [OK         28.9s]  ( 70% 582/820 ops)
[INFO] [01:38:13][GPU  0] accuracy  renorm_                                  ...
[INFO] [01:38:14][GPU  7] accuracy  remainder_tensor_                        [OK         22.4s]  ( 71% 583/820 ops)
[INFO] [01:38:14][GPU  7] benchmark remainder_tensor_                        ...
[INFO] [01:38:30][GPU  4] accuracy  renorm                                   [FAILED     37.9s]  ( 71% 583/820 ops)
[INFO] [01:38:30][GPU  4] benchmark renorm                                   ...
[INFO] [01:38:35][GPU  5] benchmark remainder_tensor                         [OK         27.4s]  ( 71% 584/820 ops)
[INFO] [01:38:35][GPU  5] accuracy  repeat                                   ...
[INFO] [01:38:41][GPU  7] benchmark remainder_tensor_                        [OK         27.3s]  ( 71% 584/820 ops)
[INFO] [01:38:41][GPU  7] accuracy  repeat_interleave_self_int               ...
[INFO] [01:38:47][GPU  4] benchmark renorm                                   [FAILED     16.8s]  ( 71% 585/820 ops)
[INFO] [01:38:47][GPU  4] accuracy  repeat_interleave_self_tensor            ...
[INFO] [01:39:15][GPU  0] accuracy  renorm_                                  [FAILED     62.3s]  ( 71% 585/820 ops)
[INFO] [01:39:15][GPU  0] benchmark renorm_                                  ...
[INFO] [01:39:17][GPU  4] accuracy  repeat_interleave_self_tensor            [OK         30.3s]  ( 71% 586/820 ops)
[INFO] [01:39:17][GPU  4] benchmark repeat_interleave_self_tensor            ...
[INFO] [01:39:32][GPU  0] benchmark renorm_                                  [FAILED     16.7s]  ( 71% 586/820 ops)
[INFO] [01:39:32][GPU  0] accuracy  repeat_interleave_tensor                 ...
[INFO] [01:39:36][GPU  3] accuracy  prod                                     [TIMEOUT   610.0s]  ( 71% 587/820 ops)
[INFO] [01:39:36][GPU  3] benchmark prod                                     ...
[INFO] [01:39:44][GPU  4] benchmark repeat_interleave_self_tensor            [OK         26.9s]  ( 71% 587/820 ops)
[INFO] [01:39:44][GPU  4] accuracy  replication_pad1d                        ...
[INFO] [01:39:53][GPU  0] accuracy  repeat_interleave_tensor                 [OK         20.9s]  ( 71% 588/820 ops)
[INFO] [01:39:53][GPU  0] benchmark repeat_interleave_tensor                 ...
[INFO] [01:39:55][GPU  6] benchmark nonzero_numpy                            [TIMEOUT   610.0s]  ( 71% 588/820 ops)
[INFO] [01:39:55][GPU  6] accuracy  replication_pad1d_out                    ...
[INFO] [01:40:09][GPU  4] accuracy  replication_pad1d                        [OK         25.0s]  ( 71% 589/820 ops)
[INFO] [01:40:09][GPU  4] benchmark replication_pad1d                        ...
[INFO] [01:40:15][GPU  0] benchmark repeat_interleave_tensor                 [OK         21.9s]  ( 71% 589/820 ops)
[INFO] [01:40:15][GPU  0] accuracy  replication_pad3d                        ...
[INFO] [01:40:15][GPU  1] accuracy  rad2deg                                  [TIMEOUT   610.0s]  ( 71% 590/820 ops)
[INFO] [01:40:15][GPU  1] benchmark rad2deg                                  ...
[INFO] [01:40:25][GPU  7] accuracy  repeat_interleave_self_int               [FAILED    103.7s]  ( 71% 590/820 ops)
[INFO] [01:40:25][GPU  7] benchmark repeat_interleave_self_int               ...
[INFO] [01:40:36][GPU  4] benchmark replication_pad1d                        [OK         26.8s]  ( 72% 591/820 ops)
[INFO] [01:40:36][GPU  4] accuracy  reshape_and_cache                        ...
[INFO] [01:41:05][GPU  7] benchmark repeat_interleave_self_int               [OK         40.5s]  ( 72% 591/820 ops)
[INFO] [01:41:05][GPU  7] accuracy  reshape_and_cache_flash                  ...
[INFO] [01:41:05][GPU  0] accuracy  replication_pad3d                        [OK         50.7s]  ( 72% 592/820 ops)
[INFO] [01:41:05][GPU  0] benchmark replication_pad3d                        ...
[INFO] [01:42:17][GPU  0] benchmark replication_pad3d                        [OK         71.3s]  ( 72% 592/820 ops)
[INFO] [01:42:17][GPU  0] accuracy  resize                                   ...
[INFO] [01:42:32][GPU  4] accuracy  reshape_and_cache                        [OK        115.5s]  ( 72% 593/820 ops)
[INFO] [01:42:32][GPU  4] benchmark reshape_and_cache                        ...
[INFO] [01:42:40][GPU  0] accuracy  resize                                   [OK         23.6s]  ( 72% 593/820 ops)
[INFO] [01:42:40][GPU  0] benchmark resize                                   ...
[INFO] [01:42:49][GPU  4] benchmark reshape_and_cache                        [FAILED     17.3s]  ( 72% 594/820 ops)
[INFO] [01:42:49][GPU  4] accuracy  resize_                                  ...
[INFO] [01:43:04][GPU  7] accuracy  reshape_and_cache_flash                  [OK        118.7s]  ( 72% 594/820 ops)
[INFO] [01:43:04][GPU  7] benchmark reshape_and_cache_flash                  ...
[INFO] [01:43:06][GPU  0] benchmark resize                                   [OK         25.5s]  ( 72% 595/820 ops)
[INFO] [01:43:06][GPU  0] accuracy  resize_as                                ...
[INFO] [01:43:11][GPU  4] accuracy  resize_                                  [OK         22.2s]  ( 72% 595/820 ops)
[INFO] [01:43:11][GPU  4] benchmark resize_                                  ...
[INFO] [01:43:20][GPU  7] benchmark reshape_and_cache_flash                  [FAILED     16.6s]  ( 72% 596/820 ops)
[INFO] [01:43:20][GPU  7] accuracy  resize_as_                               ...
[INFO] [01:43:32][GPU  4] benchmark resize_                                  [OK         20.4s]  ( 72% 596/820 ops)
[INFO] [01:43:32][GPU  4] accuracy  resize_output                            ...
[INFO] [01:43:35][GPU  0] accuracy  resize_as                                [FAILED     28.8s]  ( 72% 597/820 ops)
[INFO] [01:43:35][GPU  0] benchmark resize_as                                ...
[INFO] [01:43:49][GPU  7] accuracy  resize_as_                               [OK         28.6s]  ( 72% 597/820 ops)
[INFO] [01:43:49][GPU  7] benchmark resize_as_                               ...
[INFO] [01:43:55][GPU  4] accuracy  resize_output                            [OK         23.6s]  ( 72% 598/820 ops)
[INFO] [01:43:55][GPU  4] benchmark resize_output                            ...
[INFO] [01:43:56][GPU  0] benchmark resize_as                                [OK         21.3s]  ( 72% 598/820 ops)
[INFO] [01:43:56][GPU  0] accuracy  resolve_conj                             ...
[INFO] [01:44:09][GPU  7] benchmark resize_as_                               [OK         19.8s]  ( 73% 599/820 ops)
[INFO] [01:44:09][GPU  7] accuracy  resolve_neg                              ...
[INFO] [01:44:18][GPU  0] accuracy  resolve_conj                             [OK         22.1s]  ( 73% 599/820 ops)
[INFO] [01:44:18][GPU  0] benchmark resolve_conj                             ...
[INFO] [01:44:30][GPU  7] accuracy  resolve_neg                              [OK         21.1s]  ( 73% 600/820 ops)
[INFO] [01:44:30][GPU  7] benchmark resolve_neg                              ...
[INFO] [01:44:31][GPU  4] benchmark resize_output                            [OK         35.8s]  ( 73% 600/820 ops)
[INFO] [01:44:31][GPU  4] accuracy  rms_norm                                 ...
[INFO] [01:44:40][GPU  0] benchmark resolve_conj                             [OK         21.7s]  ( 73% 601/820 ops)
[INFO] [01:44:40][GPU  0] accuracy  rnn_relu                                 ...
[INFO] [01:44:52][GPU  7] benchmark resolve_neg                              [OK         21.6s]  ( 73% 601/820 ops)
[INFO] [01:44:52][GPU  7] accuracy  roll                                     ...
[INFO] [01:44:58][GPU  4] accuracy  rms_norm                                 [FAILED     27.1s]  ( 73% 602/820 ops)
[INFO] [01:44:58][GPU  4] benchmark rms_norm                                 ...
[INFO] [01:45:30][GPU  7] accuracy  roll                                     [FAILED     38.8s]  ( 73% 602/820 ops)
[INFO] [01:45:30][GPU  7] benchmark roll                                     ...
[INFO] [01:45:41][GPU  4] benchmark rms_norm                                 [OK         42.4s]  ( 73% 603/820 ops)
[INFO] [01:45:41][GPU  4] accuracy  rot90                                    ...
[INFO] [01:45:42][GPU  0] accuracy  rnn_relu                                 [FAILED     61.8s]  ( 73% 603/820 ops)
[INFO] [01:45:42][GPU  0] benchmark rnn_relu                                 ...
[INFO] [01:46:02][GPU  7] benchmark roll                                     [FAILED     31.2s]  ( 73% 604/820 ops)
[INFO] [01:46:02][GPU  7] accuracy  round                                    ...
[INFO] [01:46:03][GPU  4] accuracy  rot90                                    [OK         22.8s]  ( 73% 604/820 ops)
[INFO] [01:46:03][GPU  4] benchmark rot90                                    ...
[INFO] [01:46:27][GPU  0] benchmark rnn_relu                                 [OK         45.4s]  ( 73% 605/820 ops)
[INFO] [01:46:27][GPU  0] accuracy  round_                                   ...
[INFO] [01:46:35][GPU  7] accuracy  round                                    [OK         33.3s]  ( 73% 605/820 ops)
[INFO] [01:46:35][GPU  7] benchmark round                                    ...
[INFO] [01:46:48][GPU  4] benchmark rot90                                    [OK         44.4s]  ( 73% 606/820 ops)
[INFO] [01:46:48][GPU  4] accuracy  round_out                                ...
[INFO] [01:46:48][GPU  0] accuracy  round_                                   [OK         20.9s]  ( 73% 606/820 ops)
[INFO] [01:46:48][GPU  0] benchmark round_                                   ...
[INFO] [01:46:57][GPU  2] benchmark polar                                    [TIMEOUT   610.0s]  ( 74% 607/820 ops)
[INFO] [01:46:57][GPU  2] accuracy  rrelu_with_noise_backward                ...
[INFO] [01:47:11][GPU  4] accuracy  round_out                                [OK         23.6s]  ( 74% 607/820 ops)
[INFO] [01:47:11][GPU  4] benchmark round_out                                ...
[INFO] [01:47:12][GPU  7] benchmark round                                    [OK         37.1s]  ( 74% 608/820 ops)
[INFO] [01:47:12][GPU  7] accuracy  rrelu_with_noise_functional              ...
[INFO] [01:47:19][GPU  0] benchmark round_                                   [OK         31.0s]  ( 74% 608/820 ops)
[INFO] [01:47:19][GPU  0] accuracy  rsqrt                                    ...
[INFO] [01:47:34][GPU  7] accuracy  rrelu_with_noise_functional              [OK         21.7s]  ( 74% 609/820 ops)
[INFO] [01:47:34][GPU  7] benchmark rrelu_with_noise_functional              ...
[INFO] [01:47:39][GPU  4] benchmark round_out                                [OK         27.5s]  ( 74% 609/820 ops)
[INFO] [01:47:39][GPU  4] accuracy  rsqrt_                                   ...
[INFO] [01:47:47][GPU  0] accuracy  rsqrt                                    [OK         27.4s]  ( 74% 610/820 ops)
[INFO] [01:47:47][GPU  0] benchmark rsqrt                                    ...
[INFO] [01:48:00][GPU  4] accuracy  rsqrt_                                   [OK         21.0s]  ( 74% 610/820 ops)
[INFO] [01:48:00][GPU  4] benchmark rsqrt_                                   ...
[INFO] [01:48:18][GPU  0] benchmark rsqrt                                    [OK         31.4s]  ( 74% 611/820 ops)
[INFO] [01:48:18][GPU  0] accuracy  rsub_scalar                              ...
[INFO] [01:48:19][GPU  7] benchmark rrelu_with_noise_functional              [OK         45.4s]  ( 74% 611/820 ops)
[INFO] [01:48:19][GPU  7] accuracy  rsub_tensor                              ...
[INFO] [01:48:27][GPU  4] benchmark rsqrt_                                   [OK         27.5s]  ( 74% 612/820 ops)
[INFO] [01:48:27][GPU  4] accuracy  rwkv_ka_fusion                           ...
[INFO] [01:48:36][GPU  5] accuracy  repeat                                   [TIMEOUT   600.8s]  ( 74% 612/820 ops)
[INFO] [01:48:36][GPU  5] benchmark repeat                                   ...
[INFO] [01:48:46][GPU  0] accuracy  rsub_scalar                              [OK         28.3s]  ( 74% 613/820 ops)
[INFO] [01:48:46][GPU  0] benchmark rsub_scalar                              ...
[INFO] [01:48:48][GPU  7] accuracy  rsub_tensor                              [OK         29.3s]  ( 74% 613/820 ops)
[INFO] [01:48:48][GPU  7] benchmark rsub_tensor                              ...
[INFO] [01:48:54][GPU  4] accuracy  rwkv_ka_fusion                           [OK         26.3s]  ( 74% 614/820 ops)
[INFO] [01:48:54][GPU  4] benchmark rwkv_ka_fusion                           ...
[INFO] [01:49:17][GPU  0] benchmark rsub_scalar                              [OK         30.9s]  ( 74% 614/820 ops)
[INFO] [01:49:17][GPU  0] accuracy  rwkv_mm_sparsity                         ...
[INFO] [01:49:21][GPU  7] benchmark rsub_tensor                              [OK         32.2s]  ( 75% 615/820 ops)
[INFO] [01:49:21][GPU  7] accuracy  safe_softmax                             ...
[INFO] [01:49:28][GPU  4] benchmark rwkv_ka_fusion                           [OK         34.7s]  ( 75% 615/820 ops)
[INFO] [01:49:28][GPU  4] accuracy  scaled_dot_product_attention             ...
[INFO] [01:49:31][GPU  5] benchmark repeat                                   [OK         54.9s]  ( 75% 616/820 ops)
[INFO] [01:49:31][GPU  5] accuracy  scaled_dot_product_attention_backward    ...
[INFO] [01:49:39][GPU  0] accuracy  rwkv_mm_sparsity                         [OK         21.4s]  ( 75% 616/820 ops)
[INFO] [01:49:39][GPU  0] benchmark rwkv_mm_sparsity                         ...
[INFO] [01:49:42][GPU  7] accuracy  safe_softmax                             [FAILED     21.3s]  ( 75% 617/820 ops)
[INFO] [01:49:42][GPU  7] benchmark safe_softmax                             ...
[INFO] [01:49:46][GPU  3] benchmark prod                                     [TIMEOUT   610.0s]  ( 75% 617/820 ops)
[INFO] [01:49:46][GPU  3] accuracy  scaled_dot_product_attention_forward     ...
[INFO] [01:49:51][GPU  5] accuracy  scaled_dot_product_attention_backward    [FAILED     20.4s]  ( 75% 618/820 ops)
[INFO] [01:49:51][GPU  5] benchmark scaled_dot_product_attention_backward    ...
[INFO] [01:49:57][GPU  4] accuracy  scaled_dot_product_attention             [FAILED     28.2s]  ( 75% 618/820 ops)
[INFO] [01:49:57][GPU  4] benchmark scaled_dot_product_attention             ...
[INFO] [01:50:05][GPU  6] accuracy  replication_pad1d_out                    [TIMEOUT   610.0s]  ( 75% 619/820 ops)
[INFO] [01:50:05][GPU  6] benchmark replication_pad1d_out                    ...
[INFO] [01:50:07][GPU  5] benchmark scaled_dot_product_attention_backward    [NOTFOUND   16.0s]  ( 75% 619/820 ops)
[INFO] [01:50:07][GPU  5] accuracy  scaled_dot_product_cudnn_attention_ba... ...
[INFO] [01:50:15][GPU  0] benchmark rwkv_mm_sparsity                         [OK         36.4s]  ( 75% 620/820 ops)
[INFO] [01:50:15][GPU  0] accuracy  scaled_dot_product_efficient_attentio... ...
[INFO] [01:50:18][GPU  7] benchmark safe_softmax                             [OK         36.0s]  ( 75% 620/820 ops)
[INFO] [01:50:18][GPU  7] accuracy  scaled_dot_product_flash_attention_ba... ...
[INFO] [01:50:21][GPU  6] benchmark replication_pad1d_out                    [NOTFOUND   16.1s]  ( 75% 621/820 ops)
[INFO] [01:50:21][GPU  6] accuracy  scaled_dot_product_fused_attention_ov... ...
[INFO] [01:50:25][GPU  1] benchmark rad2deg                                  [TIMEOUT   610.0s]  ( 75% 621/820 ops)
[INFO] [01:50:25][GPU  1] accuracy  scaled_grouped_mm                        ...
[INFO] [01:50:35][GPU  0] accuracy  scaled_dot_product_efficient_attentio... [ERROR      19.7s]  ( 75% 622/820 ops)
[INFO] [01:50:35][GPU  0] benchmark scaled_dot_product_efficient_attentio... ...
[INFO] [01:50:38][GPU  5] accuracy  scaled_dot_product_cudnn_attention_ba... [FAILED     30.5s]  ( 75% 622/820 ops)
[INFO] [01:50:38][GPU  5] benchmark scaled_dot_product_cudnn_attention_ba... ...
[INFO] [01:50:39][GPU  7] accuracy  scaled_dot_product_flash_attention_ba... [NOTFOUND   20.6s]  ( 75% 623/820 ops)
[INFO] [01:50:39][GPU  7] benchmark scaled_dot_product_flash_attention_ba... ...
[INFO] [01:50:52][GPU  0] benchmark scaled_dot_product_efficient_attentio... [NOTFOUND   17.1s]  ( 75% 623/820 ops)
[INFO] [01:50:52][GPU  0] accuracy  scaled_mm                                ...
[INFO] [01:50:55][GPU  5] benchmark scaled_dot_product_cudnn_attention_ba... [FAILED     16.8s]  ( 76% 624/820 ops)
[INFO] [01:50:55][GPU  5] accuracy  scaled_mm_out                            ...
[INFO] [01:50:56][GPU  7] benchmark scaled_dot_product_flash_attention_ba... [FAILED     16.9s]  ( 76% 624/820 ops)
[INFO] [01:50:56][GPU  7] accuracy  scaled_softmax_backward                  ...
[INFO] [01:51:15][GPU  7] accuracy  scaled_softmax_backward                  [SKIPPED    19.9s]  ( 76% 625/820 ops)
[INFO] [01:51:15][GPU  7] benchmark scaled_softmax_backward                  ...
[INFO] [01:51:18][GPU  5] accuracy  scaled_mm_out                            [OK         23.4s]  ( 76% 625/820 ops)
[INFO] [01:51:18][GPU  5] benchmark scaled_mm_out                            ...
[INFO] [01:51:22][GPU  0] accuracy  scaled_mm                                [FAILED     30.7s]  ( 76% 626/820 ops)
[INFO] [01:51:22][GPU  0] benchmark scaled_mm                                ...
[INFO] [01:51:32][GPU  7] benchmark scaled_softmax_backward                  [SKIPPED    16.2s]  ( 76% 626/820 ops)
[INFO] [01:51:32][GPU  7] accuracy  scaled_softmax_forward                   ...
[INFO] [01:51:34][GPU  5] benchmark scaled_mm_out                            [SKIPPED    16.0s]  ( 76% 627/820 ops)
[INFO] [01:51:34][GPU  5] accuracy  scatter_add_                             ...
[INFO] [01:51:39][GPU  0] benchmark scaled_mm                                [SKIPPED    16.1s]  ( 76% 627/820 ops)
[INFO] [01:51:39][GPU  0] accuracy  scatter_reduce                           ...
[INFO] [01:51:51][GPU  7] accuracy  scaled_softmax_forward                   [SKIPPED    19.7s]  ( 76% 628/820 ops)
[INFO] [01:51:51][GPU  7] benchmark scaled_softmax_forward                   ...
[INFO] [01:51:52][GPU  4] benchmark scaled_dot_product_attention             [OK        115.2s]  ( 76% 628/820 ops)
[INFO] [01:51:52][GPU  4] accuracy  scatter_reduce_                          ...
[INFO] [01:52:01][GPU  5] accuracy  scatter_add_                             [OK         26.6s]  ( 76% 629/820 ops)
[INFO] [01:52:01][GPU  5] benchmark scatter_add_                             ...
[INFO] [01:52:02][GPU  0] accuracy  scatter_reduce                           [OK         23.9s]  ( 76% 629/820 ops)
[INFO] [01:52:02][GPU  0] benchmark scatter_reduce                           ...
[INFO] [01:52:08][GPU  7] benchmark scaled_softmax_forward                   [SKIPPED    16.7s]  ( 76% 630/820 ops)
[INFO] [01:52:08][GPU  7] accuracy  scatter_reduce_two_                      ...
[INFO] [01:52:14][GPU  4] accuracy  scatter_reduce_                          [OK         22.5s]  ( 76% 630/820 ops)
[INFO] [01:52:14][GPU  4] benchmark scatter_reduce_                          ...
[INFO] [01:52:27][GPU  7] accuracy  scatter_reduce_two_                      [ERROR      19.4s]  ( 76% 631/820 ops)
[INFO] [01:52:27][GPU  7] benchmark scatter_reduce_two_                      ...
[INFO] [01:57:07][GPU  2] accuracy  rrelu_with_noise_backward                [TIMEOUT   610.0s]  ( 76% 631/820 ops)
[INFO] [01:57:07][GPU  2] benchmark rrelu_with_noise_backward                ...
[INFO] [01:58:35][GPU  4] benchmark scatter_reduce_                          [OK        380.7s]  ( 77% 632/820 ops)
[INFO] [01:58:35][GPU  4] accuracy  scatter_src                              ...
[INFO] [01:58:59][GPU  4] accuracy  scatter_src                              [OK         23.5s]  ( 77% 632/820 ops)
[INFO] [01:58:59][GPU  4] benchmark scatter_src                              ...
[INFO] [01:59:46][GPU  4] benchmark scatter_src                              [OK         47.4s]  ( 77% 633/820 ops)
[INFO] [01:59:46][GPU  4] accuracy  scatter_src_                             ...
[INFO] [01:59:56][GPU  3] accuracy  scaled_dot_product_attention_forward     [TIMEOUT   610.0s]  ( 77% 633/820 ops)
[INFO] [01:59:56][GPU  3] benchmark scaled_dot_product_attention_forward     ...
[INFO] [02:00:09][GPU  4] accuracy  scatter_src_                             [OK         23.2s]  ( 77% 634/820 ops)
[INFO] [02:00:09][GPU  4] benchmark scatter_src_                             ...
[INFO] [02:00:14][GPU  3] benchmark scaled_dot_product_attention_forward     [NOTFOUND   17.9s]  ( 77% 634/820 ops)
[INFO] [02:00:14][GPU  3] accuracy  searchsorted                             ...
[INFO] [02:00:31][GPU  6] accuracy  scaled_dot_product_fused_attention_ov... [TIMEOUT   610.0s]  ( 77% 635/820 ops)
[INFO] [02:00:31][GPU  6] benchmark scaled_dot_product_fused_attention_ov... ...
[INFO] [02:00:35][GPU  1] accuracy  scaled_grouped_mm                        [TIMEOUT   610.0s]  ( 77% 635/820 ops)
[INFO] [02:00:35][GPU  1] benchmark scaled_grouped_mm                        ...
[INFO] [02:00:38][GPU  5] benchmark scatter_add_                             [OK        517.2s]  ( 77% 636/820 ops)
[INFO] [02:00:38][GPU  5] accuracy  searchsorted_out                         ...
[INFO] [02:00:51][GPU  4] benchmark scatter_src_                             [OK         42.1s]  ( 77% 636/820 ops)
[INFO] [02:00:51][GPU  4] accuracy  searchsorted_scalar                      ...
[INFO] [02:00:52][GPU  1] benchmark scaled_grouped_mm                        [SKIPPED    16.1s]  ( 77% 637/820 ops)
[INFO] [02:00:52][GPU  1] accuracy  searchsorted_scalar_out                  ...
[INFO] [02:00:59][GPU  5] accuracy  searchsorted_out                         [FAILED     21.2s]  ( 77% 637/820 ops)
[INFO] [02:00:59][GPU  5] benchmark searchsorted_out                         ...
[INFO] [02:01:18][GPU  4] accuracy  searchsorted_scalar                      [FAILED     26.9s]  ( 77% 638/820 ops)
[INFO] [02:01:18][GPU  4] benchmark searchsorted_scalar                      ...
[INFO] [02:01:22][GPU  5] benchmark searchsorted_out                         [FAILED     22.5s]  ( 77% 638/820 ops)
[INFO] [02:01:22][GPU  5] accuracy  segment_reduce                           ...
[INFO] [02:01:39][GPU  4] benchmark searchsorted_scalar                      [FAILED     21.1s]  ( 77% 639/820 ops)
[INFO] [02:01:39][GPU  4] accuracy  segment_reduce_backward                  ...
[INFO] [02:01:40][GPU  5] accuracy  segment_reduce                           [ERROR      18.2s]  ( 77% 639/820 ops)
[INFO] [02:01:40][GPU  5] benchmark segment_reduce                           ...
[INFO] [02:01:58][GPU  4] accuracy  segment_reduce_backward                  [ERROR      18.3s]  ( 78% 640/820 ops)
[INFO] [02:01:58][GPU  4] benchmark segment_reduce_backward                  ...
[INFO] [02:02:02][GPU  5] benchmark segment_reduce                           [FAILED     22.3s]  ( 78% 640/820 ops)
[INFO] [02:02:02][GPU  5] accuracy  segment_reduce_backward_out              ...
[INFO] [02:02:04][GPU  0] benchmark scatter_reduce                           [TIMEOUT   601.1s]  ( 78% 641/820 ops)
[INFO] [02:02:04][GPU  0] accuracy  segment_reduce_out                       ...
[INFO] [02:02:18][GPU  4] benchmark segment_reduce_backward                  [FAILED     20.6s]  ( 78% 641/820 ops)
[INFO] [02:02:18][GPU  4] accuracy  select_backward                          ...
[INFO] [02:02:21][GPU  5] accuracy  segment_reduce_backward_out              [ERROR      18.5s]  ( 78% 642/820 ops)
[INFO] [02:02:21][GPU  5] benchmark segment_reduce_backward_out              ...
[INFO] [02:02:22][GPU  0] accuracy  segment_reduce_out                       [ERROR      18.3s]  ( 78% 642/820 ops)
[INFO] [02:02:22][GPU  0] benchmark segment_reduce_out                       ...
[INFO] [02:02:37][GPU  7] benchmark scatter_reduce_two_                      [TIMEOUT   610.0s]  ( 78% 643/820 ops)
[INFO] [02:02:37][GPU  7] accuracy  select_scatter                           ...
[INFO] [02:02:46][GPU  5] benchmark segment_reduce_backward_out              [FAILED     24.6s]  ( 78% 643/820 ops)
[INFO] [02:02:46][GPU  5] accuracy  selu                                     ...
[INFO] [02:02:48][GPU  0] benchmark segment_reduce_out                       [FAILED     25.8s]  ( 78% 644/820 ops)
[INFO] [02:02:48][GPU  0] accuracy  selu_                                    ...
[INFO] [02:03:03][GPU  7] accuracy  select_scatter                           [FAILED     25.7s]  ( 78% 644/820 ops)
[INFO] [02:03:03][GPU  7] benchmark select_scatter                           ...
[INFO] [02:03:04][GPU  4] accuracy  select_backward                          [FAILED     45.3s]  ( 78% 645/820 ops)
[INFO] [02:03:04][GPU  4] benchmark select_backward                          ...
[INFO] [02:03:17][GPU  0] accuracy  selu_                                    [OK         29.5s]  ( 78% 645/820 ops)
[INFO] [02:03:17][GPU  0] benchmark selu_                                    ...
[INFO] [02:03:17][GPU  5] accuracy  selu                                     [OK         31.8s]  ( 78% 646/820 ops)
[INFO] [02:03:17][GPU  5] benchmark selu                                     ...
[INFO] [02:03:41][GPU  7] benchmark select_scatter                           [OK         37.8s]  ( 78% 646/820 ops)
[INFO] [02:03:41][GPU  7] accuracy  sgn_                                     ...
[INFO] [02:03:50][GPU  4] benchmark select_backward                          [OK         46.0s]  ( 78% 647/820 ops)
[INFO] [02:03:50][GPU  4] accuracy  scalar_tensor                            ...
[INFO] [02:03:53][GPU  0] benchmark selu_                                    [OK         35.2s]  ( 78% 647/820 ops)
[INFO] [02:03:53][GPU  0] accuracy  sigmoid                                  ...
[INFO] [02:03:53][GPU  5] benchmark selu                                     [OK         35.4s]  ( 79% 648/820 ops)
[INFO] [02:03:53][GPU  5] accuracy  sigmoid_                                 ...
[INFO] [02:04:13][GPU  7] accuracy  sgn_                                     [OK         32.5s]  ( 79% 648/820 ops)
[INFO] [02:04:13][GPU  7] benchmark sgn_                                     ...
[INFO] [02:04:14][GPU  4] accuracy  scalar_tensor                            [OK         23.8s]  ( 79% 649/820 ops)
[INFO] [02:04:14][GPU  4] benchmark scalar_tensor                            ...
[INFO] [02:04:21][GPU  5] accuracy  sigmoid_                                 [OK         28.7s]  ( 79% 649/820 ops)
[INFO] [02:04:21][GPU  5] benchmark sigmoid_                                 ...
[INFO] [02:04:21][GPU  0] accuracy  sigmoid                                  [OK         29.0s]  ( 79% 650/820 ops)
[INFO] [02:04:21][GPU  0] benchmark sigmoid                                  ...
[INFO] [02:04:36][GPU  4] benchmark scalar_tensor                            [OK         22.3s]  ( 79% 650/820 ops)
[INFO] [02:04:36][GPU  4] accuracy  sigmoid_backward                         ...
[INFO] [02:04:48][GPU  7] benchmark sgn_                                     [OK         34.7s]  ( 79% 651/820 ops)
[INFO] [02:04:48][GPU  7] accuracy  signbit                                  ...
[INFO] [02:04:54][GPU  5] benchmark sigmoid_                                 [OK         32.6s]  ( 79% 651/820 ops)
[INFO] [02:04:54][GPU  5] accuracy  signbit_out                              ...
[INFO] [02:04:54][GPU  0] benchmark sigmoid                                  [OK         32.8s]  ( 79% 652/820 ops)
[INFO] [02:04:54][GPU  0] accuracy  silu                                     ...
[INFO] [02:05:02][GPU  4] accuracy  sigmoid_backward                         [OK         26.1s]  ( 79% 652/820 ops)
[INFO] [02:05:02][GPU  4] benchmark sigmoid_backward                         ...
[INFO] [02:05:10][GPU  7] accuracy  signbit                                  [OK         21.6s]  ( 79% 653/820 ops)
[INFO] [02:05:10][GPU  7] benchmark signbit                                  ...
[INFO] [02:05:15][GPU  5] accuracy  signbit_out                              [OK         20.9s]  ( 79% 653/820 ops)
[INFO] [02:05:15][GPU  5] benchmark signbit_out                              ...
[INFO] [02:05:23][GPU  0] accuracy  silu                                     [OK         28.2s]  ( 79% 654/820 ops)
[INFO] [02:05:23][GPU  0] benchmark silu                                     ...
[INFO] [02:05:31][GPU  5] benchmark signbit_out                              [SKIPPED    16.1s]  ( 79% 654/820 ops)
[INFO] [02:05:31][GPU  5] accuracy  silu_                                    ...
[INFO] [02:05:35][GPU  4] benchmark sigmoid_backward                         [OK         32.8s]  ( 79% 655/820 ops)
[INFO] [02:05:35][GPU  4] accuracy  silu_and_mul                             ...
[INFO] [02:05:47][GPU  7] benchmark signbit                                  [OK         36.9s]  ( 79% 655/820 ops)
[INFO] [02:05:47][GPU  7] accuracy  silu_and_mul_out                         ...
[INFO] [02:05:52][GPU  5] accuracy  silu_                                    [OK         20.9s]  ( 80% 656/820 ops)
[INFO] [02:05:52][GPU  5] benchmark silu_                                    ...
[INFO] [02:05:56][GPU  0] benchmark silu                                     [OK         33.8s]  ( 80% 656/820 ops)
[INFO] [02:05:56][GPU  0] accuracy  silu_and_mul_with_clamp                  ...
[INFO] [02:06:10][GPU  7] accuracy  silu_and_mul_out                         [OK         23.1s]  ( 80% 657/820 ops)
[INFO] [02:06:10][GPU  7] benchmark silu_and_mul_out                         ...
[INFO] [02:06:13][GPU  4] accuracy  silu_and_mul                             [OK         37.8s]  ( 80% 657/820 ops)
[INFO] [02:06:13][GPU  4] benchmark silu_and_mul                             ...
[INFO] [02:06:21][GPU  5] benchmark silu_                                    [OK         29.2s]  ( 80% 658/820 ops)
[INFO] [02:06:21][GPU  5] accuracy  silu_and_mul_with_clamp_out              ...
[INFO] [02:06:43][GPU  5] accuracy  silu_and_mul_with_clamp_out              [OK         21.3s]  ( 80% 658/820 ops)
[INFO] [02:06:43][GPU  5] benchmark silu_and_mul_with_clamp_out              ...
[INFO] [02:06:43][GPU  0] accuracy  silu_and_mul_with_clamp                  [OK         46.5s]  ( 80% 659/820 ops)
[INFO] [02:06:43][GPU  0] benchmark silu_and_mul_with_clamp                  ...
[INFO] [02:06:45][GPU  7] benchmark silu_and_mul_out                         [OK         35.0s]  ( 80% 659/820 ops)
[INFO] [02:06:45][GPU  7] accuracy  silu_backward                            ...
[INFO] [02:06:46][GPU  4] benchmark silu_and_mul                             [OK         33.2s]  ( 80% 660/820 ops)
[INFO] [02:06:46][GPU  4] accuracy  sin                                      ...
[INFO] [02:07:11][GPU  4] accuracy  sin                                      [OK         25.3s]  ( 80% 660/820 ops)
[INFO] [02:07:11][GPU  4] benchmark sin                                      ...
[INFO] [02:07:17][GPU  2] benchmark rrelu_with_noise_backward                [TIMEOUT   610.0s]  ( 80% 661/820 ops)
[INFO] [02:07:17][GPU  2] accuracy  sin_                                     ...
[INFO] [02:07:20][GPU  7] accuracy  silu_backward                            [OK         35.6s]  ( 80% 661/820 ops)
[INFO] [02:07:20][GPU  7] benchmark silu_backward                            ...
[INFO] [02:07:21][GPU  5] benchmark silu_and_mul_with_clamp_out              [OK         38.8s]  ( 80% 662/820 ops)
[INFO] [02:07:21][GPU  5] accuracy  sinc                                     ...
[INFO] [02:07:22][GPU  0] benchmark silu_and_mul_with_clamp                  [OK         38.7s]  ( 80% 662/820 ops)
[INFO] [02:07:22][GPU  0] accuracy  sinc_                                    ...
[INFO] [02:07:42][GPU  4] benchmark sin                                      [OK         30.8s]  ( 80% 663/820 ops)
[INFO] [02:07:42][GPU  4] accuracy  sinh                                     ...
[INFO] [02:07:45][GPU  5] accuracy  sinc                                     [FAILED     23.2s]  ( 80% 663/820 ops)
[INFO] [02:07:45][GPU  5] benchmark sinc                                     ...
[INFO] [02:07:45][GPU  0] accuracy  sinc_                                    [FAILED     23.4s]  ( 80% 664/820 ops)
[INFO] [02:07:45][GPU  0] benchmark sinc_                                    ...
[INFO] [02:08:01][GPU  7] benchmark silu_backward                            [OK         40.2s]  ( 80% 664/820 ops)
[INFO] [02:08:01][GPU  7] accuracy  sinh_                                    ...
[INFO] [02:08:07][GPU  4] accuracy  sinh                                     [OK         25.1s]  ( 81% 665/820 ops)
[INFO] [02:08:07][GPU  4] benchmark sinh                                     ...
[INFO] [02:08:22][GPU  0] benchmark sinc_                                    [OK         36.6s]  ( 81% 665/820 ops)
[INFO] [02:08:22][GPU  0] accuracy  skip_layer_norm                          ...
[INFO] [02:08:22][GPU  7] accuracy  sinh_                                    [OK         21.8s]  ( 81% 666/820 ops)
[INFO] [02:08:22][GPU  7] benchmark sinh_                                    ...
[INFO] [02:08:23][GPU  5] benchmark sinc                                     [OK         38.7s]  ( 81% 666/820 ops)
[INFO] [02:08:23][GPU  5] accuracy  slice_backward                           ...
[INFO] [02:08:35][GPU  4] benchmark sinh                                     [FAILED     28.2s]  ( 81% 667/820 ops)
[INFO] [02:08:35][GPU  4] accuracy  slice_scatter                            ...
[INFO] [02:08:45][GPU  0] accuracy  skip_layer_norm                          [OK         22.9s]  ( 81% 667/820 ops)
[INFO] [02:08:45][GPU  0] benchmark skip_layer_norm                          ...
[INFO] [02:08:51][GPU  7] benchmark sinh_                                    [FAILED     28.2s]  ( 81% 668/820 ops)
[INFO] [02:08:51][GPU  7] accuracy  smooth_l1_loss                           ...
[INFO] [02:09:00][GPU  4] accuracy  slice_scatter                            [OK         24.3s]  ( 81% 668/820 ops)
[INFO] [02:09:00][GPU  4] benchmark slice_scatter                            ...
[INFO] [02:09:24][GPU  0] benchmark skip_layer_norm                          [OK         39.9s]  ( 81% 669/820 ops)
[INFO] [02:09:24][GPU  0] accuracy  smooth_l1_loss_backward                  ...
[INFO] [02:09:35][GPU  7] accuracy  smooth_l1_loss                           [FAILED     44.1s]  ( 81% 669/820 ops)
[INFO] [02:09:35][GPU  7] benchmark smooth_l1_loss                           ...
[INFO] [02:09:35][GPU  4] benchmark slice_scatter                            [OK         35.3s]  ( 81% 670/820 ops)
[INFO] [02:09:35][GPU  4] accuracy  soft_margin_loss                         ...
[INFO] [02:09:52][GPU  7] benchmark smooth_l1_loss                           [FAILED     17.0s]  ( 81% 670/820 ops)
[INFO] [02:09:52][GPU  7] accuracy  soft_margin_loss_backward                ...
[INFO] [02:10:04][GPU  4] accuracy  soft_margin_loss                         [OK         29.1s]  ( 81% 671/820 ops)
[INFO] [02:10:04][GPU  4] benchmark soft_margin_loss                         ...
[INFO] [02:10:12][GPU  0] accuracy  smooth_l1_loss_backward                  [FAILED     47.8s]  ( 81% 671/820 ops)
[INFO] [02:10:12][GPU  0] benchmark smooth_l1_loss_backward                  ...
[INFO] [02:10:18][GPU  7] accuracy  soft_margin_loss_backward                [OK         25.8s]  ( 81% 672/820 ops)
[INFO] [02:10:18][GPU  7] benchmark soft_margin_loss_backward                ...
[INFO] [02:10:24][GPU  3] accuracy  searchsorted                             [TIMEOUT   610.0s]  ( 81% 672/820 ops)
[INFO] [02:10:24][GPU  3] benchmark searchsorted                             ...
[INFO] [02:10:32][GPU  0] benchmark smooth_l1_loss_backward                  [FAILED     19.9s]  ( 82% 673/820 ops)
[INFO] [02:10:32][GPU  0] accuracy  softmax                                  ...
[INFO] [02:10:40][GPU  4] benchmark soft_margin_loss                         [OK         36.5s]  ( 82% 673/820 ops)
[INFO] [02:10:40][GPU  4] accuracy  softmax_backward                         ...
[INFO] [02:10:41][GPU  6] benchmark scaled_dot_product_fused_attention_ov... [TIMEOUT   610.0s]  ( 82% 674/820 ops)
[INFO] [02:10:41][GPU  6] accuracy  softmax_backward_out                     ...
[INFO] [02:10:57][GPU  0] accuracy  softmax                                  [FAILED     24.3s]  ( 82% 674/820 ops)
[INFO] [02:10:57][GPU  0] benchmark softmax                                  ...
[INFO] [02:11:02][GPU  1] accuracy  searchsorted_scalar_out                  [TIMEOUT   610.0s]  ( 82% 675/820 ops)
[INFO] [02:11:02][GPU  1] benchmark searchsorted_scalar_out                  ...
[INFO] [02:11:08][GPU  7] benchmark soft_margin_loss_backward                [OK         50.1s]  ( 82% 675/820 ops)
[INFO] [02:11:08][GPU  7] accuracy  softmax_out                              ...
[INFO] [02:11:08][GPU  4] accuracy  softmax_backward                         [FAILED     27.3s]  ( 82% 676/820 ops)
[INFO] [02:11:08][GPU  4] benchmark softmax_backward                         ...
[INFO] [02:11:31][GPU  0] benchmark softmax                                  [OK         34.1s]  ( 82% 676/820 ops)
[INFO] [02:11:31][GPU  0] accuracy  softplus                                 ...
[INFO] [02:11:35][GPU  7] accuracy  softmax_out                              [FAILED     27.1s]  ( 82% 677/820 ops)
[INFO] [02:11:35][GPU  7] benchmark softmax_out                              ...
[INFO] [02:11:44][GPU  4] benchmark softmax_backward                         [OK         36.5s]  ( 82% 677/820 ops)
[INFO] [02:11:44][GPU  4] accuracy  softplus_backward                        ...
[INFO] [02:11:54][GPU  0] accuracy  softplus                                 [OK         23.7s]  ( 82% 678/820 ops)
[INFO] [02:11:54][GPU  0] benchmark softplus                                 ...
[INFO] [02:11:57][GPU  7] benchmark softmax_out                              [FAILED     22.4s]  ( 82% 678/820 ops)
[INFO] [02:11:57][GPU  7] accuracy  softshrink                               ...
[INFO] [02:12:07][GPU  4] accuracy  softplus_backward                        [OK         22.5s]  ( 82% 679/820 ops)
[INFO] [02:12:07][GPU  4] benchmark softplus_backward                        ...
[INFO] [02:12:21][GPU  7] accuracy  softshrink                               [OK         23.7s]  ( 82% 679/820 ops)
[INFO] [02:12:21][GPU  7] benchmark softshrink                               ...
[INFO] [02:12:27][GPU  0] benchmark softplus                                 [OK         32.6s]  ( 82% 680/820 ops)
[INFO] [02:12:27][GPU  0] accuracy  softshrink_out                           ...
[INFO] [02:12:36][GPU  4] benchmark softplus_backward                        [FAILED     29.3s]  ( 82% 680/820 ops)
[INFO] [02:12:36][GPU  4] accuracy  sort                                     ...
[INFO] [02:12:47][GPU  7] benchmark softshrink                               [FAILED     26.2s]  ( 83% 681/820 ops)
[INFO] [02:12:47][GPU  7] accuracy  sort_stable                              ...
[INFO] [02:12:49][GPU  0] accuracy  softshrink_out                           [OK         22.3s]  ( 83% 681/820 ops)
[INFO] [02:12:49][GPU  0] benchmark softshrink_out                           ...
[INFO] [02:13:00][GPU  4] accuracy  sort                                     [FAILED     23.4s]  ( 83% 682/820 ops)
[INFO] [02:13:00][GPU  4] benchmark sort                                     ...
[INFO] [02:13:11][GPU  7] accuracy  sort_stable                              [FAILED     23.8s]  ( 83% 682/820 ops)
[INFO] [02:13:11][GPU  7] benchmark sort_stable                              ...
[INFO] [02:13:15][GPU  0] benchmark softshrink_out                           [FAILED     26.1s]  ( 83% 683/820 ops)
[INFO] [02:13:15][GPU  0] accuracy  sparse_attn_triton                       ...
[INFO] [02:13:27][GPU  5] accuracy  slice_backward                           [OK        303.9s]  ( 83% 683/820 ops)
[INFO] [02:13:27][GPU  5] benchmark slice_backward                           ...
[INFO] [02:13:29][GPU  7] benchmark sort_stable                              [FAILED     18.3s]  ( 83% 684/820 ops)
[INFO] [02:13:29][GPU  7] accuracy  sparse_mla_fwd_interface                 ...
[INFO] [02:13:35][GPU  0] accuracy  sparse_attn_triton                       [ERROR      19.5s]  ( 83% 684/820 ops)
[INFO] [02:13:35][GPU  0] benchmark sparse_attn_triton                       ...
[INFO] [02:13:55][GPU  0] benchmark sparse_attn_triton                       [NOTFOUND   19.9s]  ( 83% 685/820 ops)
[INFO] [02:13:55][GPU  0] accuracy  sparse_semi_structured_mm                ...
[INFO] [02:13:57][GPU  5] benchmark slice_backward                           [OK         29.8s]  ( 83% 685/820 ops)
[INFO] [02:13:57][GPU  5] accuracy  special_airy_ai                          ...
[INFO] [02:14:11][GPU  4] benchmark sort                                     [OK         71.3s]  ( 83% 686/820 ops)
[INFO] [02:14:11][GPU  4] accuracy  special_airy_ai_out                      ...
[INFO] [02:14:15][GPU  0] accuracy  sparse_semi_structured_mm                [ERROR      20.2s]  ( 83% 686/820 ops)
[INFO] [02:14:15][GPU  0] benchmark sparse_semi_structured_mm                ...
[INFO] [02:14:32][GPU  5] accuracy  special_airy_ai                          [OK         34.9s]  ( 83% 687/820 ops)
[INFO] [02:14:32][GPU  5] benchmark special_airy_ai                          ...
[INFO] [02:14:33][GPU  0] benchmark sparse_semi_structured_mm                [NOTFOUND   17.9s]  ( 83% 687/820 ops)
[INFO] [02:14:33][GPU  0] accuracy  special_chebyshev_polynomial_u           ...
[INFO] [02:14:34][GPU  4] accuracy  special_airy_ai_out                      [OK         23.4s]  ( 83% 688/820 ops)
[INFO] [02:14:34][GPU  4] benchmark special_airy_ai_out                      ...
[INFO] [02:14:55][GPU  7] accuracy  sparse_mla_fwd_interface                 [FAILED     86.0s]  ( 83% 688/820 ops)
[INFO] [02:14:55][GPU  7] benchmark sparse_mla_fwd_interface                 ...
[INFO] [02:15:01][GPU  5] benchmark special_airy_ai                          [OK         28.9s]  ( 84% 689/820 ops)
[INFO] [02:15:01][GPU  5] accuracy  special_chebyshev_polynomial_v           ...
[INFO] [02:15:02][GPU  4] benchmark special_airy_ai_out                      [OK         27.9s]  ( 84% 689/820 ops)
[INFO] [02:15:02][GPU  4] accuracy  special_chebyshev_polynomial_w           ...
[INFO] [02:15:13][GPU  7] benchmark sparse_mla_fwd_interface                 [FAILED     17.8s]  ( 84% 690/820 ops)
[INFO] [02:15:13][GPU  7] accuracy  special_chebyshev_polynomial_w_out       ...
[INFO] [02:15:18][GPU  0] accuracy  special_chebyshev_polynomial_u           [OK         44.7s]  ( 84% 690/820 ops)
[INFO] [02:15:18][GPU  0] benchmark special_chebyshev_polynomial_u           ...
[INFO] [02:15:23][GPU  5] accuracy  special_chebyshev_polynomial_v           [FAILED     22.2s]  ( 84% 691/820 ops)
[INFO] [02:15:23][GPU  5] benchmark special_chebyshev_polynomial_v           ...
[INFO] [02:15:27][GPU  4] accuracy  special_chebyshev_polynomial_w           [FAILED     24.8s]  ( 84% 691/820 ops)
[INFO] [02:15:27][GPU  4] benchmark special_chebyshev_polynomial_w           ...
[INFO] [02:15:33][GPU  7] accuracy  special_chebyshev_polynomial_w_out       [NOTFOUND   20.1s]  ( 84% 692/820 ops)
[INFO] [02:15:33][GPU  7] benchmark special_chebyshev_polynomial_w_out       ...
[INFO] [02:15:44][GPU  4] benchmark special_chebyshev_polynomial_w           [FAILED     17.5s]  ( 84% 692/820 ops)
[INFO] [02:15:44][GPU  4] accuracy  special_scaled_modified_bessel_k1        ...
[INFO] [02:15:45][GPU  0] benchmark special_chebyshev_polynomial_u           [OK         26.9s]  ( 84% 693/820 ops)
[INFO] [02:15:45][GPU  0] accuracy  special_digamma                          ...
[INFO] [02:15:47][GPU  5] benchmark special_chebyshev_polynomial_v           [OK         24.3s]  ( 84% 693/820 ops)
[INFO] [02:15:47][GPU  5] accuracy  special_erfinv                           ...
[INFO] [02:16:06][GPU  4] accuracy  special_scaled_modified_bessel_k1        [OK         21.5s]  ( 84% 694/820 ops)
[INFO] [02:16:06][GPU  4] benchmark special_scaled_modified_bessel_k1        ...
[INFO] [02:16:07][GPU  5] accuracy  special_erfinv                           [ERROR      19.7s]  ( 84% 694/820 ops)
[INFO] [02:16:07][GPU  5] benchmark special_erfinv                           ...
[INFO] [02:16:08][GPU  7] benchmark special_chebyshev_polynomial_w_out       [OK         34.6s]  ( 84% 695/820 ops)
[INFO] [02:16:08][GPU  7] accuracy  special_erfinv_                          ...
[INFO] [02:16:12][GPU  0] accuracy  special_digamma                          [FAILED     27.2s]  ( 84% 695/820 ops)
[INFO] [02:16:12][GPU  0] benchmark special_digamma                          ...
[INFO] [02:16:28][GPU  7] accuracy  special_erfinv_                          [NOTFOUND   19.7s]  ( 84% 696/820 ops)
[INFO] [02:16:28][GPU  7] benchmark special_erfinv_                          ...
[INFO] [02:16:28][GPU  5] benchmark special_erfinv                           [NOTFOUND   21.1s]  ( 84% 696/820 ops)
[INFO] [02:16:28][GPU  5] accuracy  special_erfinv_out                       ...
[INFO] [02:16:30][GPU  4] benchmark special_scaled_modified_bessel_k1        [OK         24.0s]  ( 85% 697/820 ops)
[INFO] [02:16:30][GPU  4] accuracy  special_gammainc                         ...
[INFO] [02:16:36][GPU  0] benchmark special_digamma                          [FAILED     24.4s]  ( 85% 697/820 ops)
[INFO] [02:16:36][GPU  0] accuracy  special_gammaln                          ...
[INFO] [02:16:44][GPU  7] benchmark special_erfinv_                          [NOTFOUND   16.4s]  ( 85% 698/820 ops)
[INFO] [02:16:44][GPU  7] accuracy  special_gammaln_out                      ...
[INFO] [02:16:47][GPU  5] accuracy  special_erfinv_out                       [ERROR      18.9s]  ( 85% 698/820 ops)
[INFO] [02:16:47][GPU  5] benchmark special_erfinv_out                       ...
[INFO] [02:16:51][GPU  4] accuracy  special_gammainc                         [FAILED     20.7s]  ( 85% 699/820 ops)
[INFO] [02:16:51][GPU  4] benchmark special_gammainc                         ...
[INFO] [02:17:02][GPU  0] accuracy  special_gammaln                          [FAILED     26.1s]  ( 85% 699/820 ops)
[INFO] [02:17:02][GPU  0] benchmark special_gammaln                          ...
[INFO] [02:17:08][GPU  4] benchmark special_gammainc                         [FAILED     16.9s]  ( 85% 700/820 ops)
[INFO] [02:17:08][GPU  4] accuracy  special_hermite_polynomial_h             ...
[INFO] [02:17:09][GPU  5] benchmark special_erfinv_out                       [NOTFOUND   21.6s]  ( 85% 700/820 ops)
[INFO] [02:17:09][GPU  5] accuracy  special_i0e                              ...
[INFO] [02:17:10][GPU  7] accuracy  special_gammaln_out                      [FAILED     25.4s]  ( 85% 701/820 ops)
[INFO] [02:17:10][GPU  7] benchmark special_gammaln_out                      ...
[INFO] [02:17:20][GPU  0] benchmark special_gammaln                          [FAILED     17.6s]  ( 85% 701/820 ops)
[INFO] [02:17:20][GPU  0] accuracy  special_i0e_out                          ...
[INFO] [02:17:27][GPU  2] accuracy  sin_                                     [TIMEOUT   610.0s]  ( 85% 702/820 ops)
[INFO] [02:17:27][GPU  2] benchmark sin_                                     ...
[INFO] [02:17:30][GPU  7] benchmark special_gammaln_out                      [FAILED     20.5s]  ( 85% 702/820 ops)
[INFO] [02:17:30][GPU  7] accuracy  special_i1                               ...
[INFO] [02:17:33][GPU  5] accuracy  special_i0e                              [OK         24.4s]  ( 85% 703/820 ops)
[INFO] [02:17:33][GPU  5] benchmark special_i0e                              ...
[INFO] [02:17:35][GPU  4] accuracy  special_hermite_polynomial_h             [FAILED     26.8s]  ( 85% 703/820 ops)
[INFO] [02:17:35][GPU  4] benchmark special_hermite_polynomial_h             ...
[INFO] [02:17:41][GPU  0] accuracy  special_i0e_out                          [OK         21.5s]  ( 85% 704/820 ops)
[INFO] [02:17:41][GPU  0] benchmark special_i0e_out                          ...
[INFO] [02:17:53][GPU  4] benchmark special_hermite_polynomial_h             [FAILED     18.2s]  ( 85% 704/820 ops)
[INFO] [02:17:53][GPU  7] accuracy  special_i1                               [OK         22.6s]  ( 85% 705/820 ops)
[INFO] [02:17:53][GPU  7] benchmark special_i1                               ...
[INFO] [02:17:53][GPU  4] accuracy  special_i1_out                           ...
[INFO] [02:18:10][GPU  5] benchmark special_i0e                              [OK         37.3s]  ( 85% 705/820 ops)
[INFO] [02:18:10][GPU  5] accuracy  special_log1p                            ...
[INFO] [02:18:16][GPU  4] accuracy  special_i1_out                           [OK         23.0s]  ( 86% 706/820 ops)
[INFO] [02:18:16][GPU  4] benchmark special_i1_out                           ...
[INFO] [02:18:22][GPU  0] benchmark special_i0e_out                          [OK         40.8s]  ( 86% 706/820 ops)
[INFO] [02:18:22][GPU  0] accuracy  special_log1p_out                        ...
[INFO] [02:18:31][GPU  7] benchmark special_i1                               [OK         38.6s]  ( 86% 707/820 ops)
[INFO] [02:18:31][GPU  7] accuracy  special_modified_bessel_k0               ...
[INFO] [02:18:35][GPU  5] accuracy  special_log1p                            [FAILED     24.3s]  ( 86% 707/820 ops)
[INFO] [02:18:35][GPU  5] benchmark special_log1p                            ...
[INFO] [02:18:44][GPU  0] accuracy  special_log1p_out                        [OK         22.0s]  ( 86% 708/820 ops)
[INFO] [02:18:44][GPU  0] benchmark special_log1p_out                        ...
[INFO] [02:18:55][GPU  7] accuracy  special_modified_bessel_k0               [FAILED     23.5s]  ( 86% 708/820 ops)
[INFO] [02:18:55][GPU  7] benchmark special_modified_bessel_k0               ...
[INFO] [02:18:55][GPU  4] benchmark special_i1_out                           [OK         39.2s]  ( 86% 709/820 ops)
[INFO] [02:18:55][GPU  4] accuracy  special_modified_bessel_k0_out           ...
[INFO] [02:19:07][GPU  5] benchmark special_log1p                            [OK         31.8s]  ( 86% 709/820 ops)
[INFO] [02:19:07][GPU  5] accuracy  special_modified_bessel_k1               ...
[INFO] [02:19:13][GPU  7] benchmark special_modified_bessel_k0               [FAILED     17.8s]  ( 86% 710/820 ops)
[INFO] [02:19:13][GPU  7] accuracy  special_modified_bessel_k1_out           ...
[INFO] [02:19:15][GPU  0] benchmark special_log1p_out                        [OK         31.1s]  ( 86% 710/820 ops)
[INFO] [02:19:15][GPU  0] accuracy  special_shifted_chebyshev_polynomial_u   ...
[INFO] [02:19:18][GPU  4] accuracy  special_modified_bessel_k0_out           [FAILED     23.2s]  ( 86% 711/820 ops)
[INFO] [02:19:18][GPU  4] benchmark special_modified_bessel_k0_out           ...
[INFO] [02:19:28][GPU  5] accuracy  special_modified_bessel_k1               [OK         21.3s]  ( 86% 711/820 ops)
[INFO] [02:19:28][GPU  5] benchmark special_modified_bessel_k1               ...
[INFO] [02:19:34][GPU  7] accuracy  special_modified_bessel_k1_out           [OK         20.8s]  ( 86% 712/820 ops)
[INFO] [02:19:34][GPU  7] benchmark special_modified_bessel_k1_out           ...
[INFO] [02:19:36][GPU  4] benchmark special_modified_bessel_k0_out           [FAILED     18.0s]  ( 86% 712/820 ops)
[INFO] [02:19:36][GPU  4] accuracy  special_shifted_chebyshev_polynomial_w   ...
[INFO] [02:19:38][GPU  0] accuracy  special_shifted_chebyshev_polynomial_u   [FAILED     22.4s]  ( 86% 713/820 ops)
[INFO] [02:19:38][GPU  0] benchmark special_shifted_chebyshev_polynomial_u   ...
[INFO] [02:19:52][GPU  5] benchmark special_modified_bessel_k1               [OK         24.4s]  ( 86% 713/820 ops)
[INFO] [02:19:52][GPU  5] accuracy  special_shifted_chebyshev_polynomial_v   ...
[INFO] [02:19:56][GPU  4] accuracy  special_shifted_chebyshev_polynomial_w   [SKIPPED    19.6s]  ( 87% 714/820 ops)
[INFO] [02:19:56][GPU  4] benchmark special_shifted_chebyshev_polynomial_w   ...
[INFO] [02:19:58][GPU  7] benchmark special_modified_bessel_k1_out           [OK         24.1s]  ( 87% 714/820 ops)
[INFO] [02:19:58][GPU  7] accuracy  special_sinc                             ...
[INFO] [02:20:02][GPU  0] benchmark special_shifted_chebyshev_polynomial_u   [OK         24.6s]  ( 87% 715/820 ops)
[INFO] [02:20:03][GPU  0] accuracy  special_xlog1py                          ...
[INFO] [02:20:12][GPU  4] benchmark special_shifted_chebyshev_polynomial_w   [SKIPPED    15.9s]  ( 87% 715/820 ops)
[INFO] [02:20:12][GPU  4] accuracy  special_logsumexp                        ...
[INFO] [02:20:15][GPU  5] accuracy  special_shifted_chebyshev_polynomial_v   [OK         22.8s]  ( 87% 716/820 ops)
[INFO] [02:20:15][GPU  5] benchmark special_shifted_chebyshev_polynomial_v   ...
[INFO] [02:20:22][GPU  7] accuracy  special_sinc                             [FAILED     23.9s]  ( 87% 716/820 ops)
[INFO] [02:20:22][GPU  7] benchmark special_sinc                             ...
[INFO] [02:20:26][GPU  0] accuracy  special_xlog1py                          [OK         23.8s]  ( 87% 717/820 ops)
[INFO] [02:20:26][GPU  0] benchmark special_xlog1py                          ...
[INFO] [02:20:34][GPU  3] benchmark searchsorted                             [TIMEOUT   610.0s]  ( 87% 717/820 ops)
[INFO] [02:20:34][GPU  3] accuracy  split_with_sizes_copy                    ...
[INFO] [02:20:35][GPU  4] accuracy  special_logsumexp                        [OK         23.7s]  ( 87% 718/820 ops)
[INFO] [02:20:35][GPU  4] benchmark special_logsumexp                        ...
[INFO] [02:20:51][GPU  6] accuracy  softmax_backward_out                     [TIMEOUT   610.0s]  ( 87% 718/820 ops)
[INFO] [02:20:51][GPU  6] benchmark softmax_backward_out                     ...
[INFO] [02:21:00][GPU  7] benchmark special_sinc                             [OK         38.5s]  ( 87% 719/820 ops)
[INFO] [02:21:00][GPU  7] accuracy  sqrt                                     ...
[INFO] [02:21:05][GPU  4] benchmark special_logsumexp                        [OK         30.0s]  ( 87% 719/820 ops)
[INFO] [02:21:05][GPU  4] accuracy  sqrt_                                    ...
[INFO] [02:21:07][GPU  0] benchmark special_xlog1py                          [OK         40.9s]  ( 87% 720/820 ops)
[INFO] [02:21:07][GPU  0] accuracy  square                                   ...
[INFO] [02:21:12][GPU  1] benchmark searchsorted_scalar_out                  [TIMEOUT   610.0s]  ( 87% 720/820 ops)
[INFO] [02:21:12][GPU  1] accuracy  square_                                  ...
[INFO] [02:21:28][GPU  4] accuracy  sqrt_                                    [OK         22.9s]  ( 87% 721/820 ops)
[INFO] [02:21:28][GPU  4] benchmark sqrt_                                    ...
[INFO] [02:21:28][GPU  7] accuracy  sqrt                                     [OK         28.2s]  ( 87% 721/820 ops)
[INFO] [02:21:28][GPU  7] benchmark sqrt                                     ...
[INFO] [02:21:31][GPU  0] accuracy  square                                   [OK         23.5s]  ( 88% 722/820 ops)
[INFO] [02:21:31][GPU  0] benchmark square                                   ...
[INFO] [02:22:00][GPU  4] benchmark sqrt_                                    [OK         31.3s]  ( 88% 722/820 ops)
[INFO] [02:22:00][GPU  4] accuracy  square_out                               ...
[INFO] [02:22:00][GPU  7] benchmark sqrt                                     [OK         31.7s]  ( 88% 723/820 ops)
[INFO] [02:22:00][GPU  7] accuracy  squeeze_copy                             ...
[INFO] [02:22:01][GPU  0] benchmark square                                   [OK         30.1s]  ( 88% 723/820 ops)
[INFO] [02:22:01][GPU  0] accuracy  stack                                    ...
[INFO] [02:22:21][GPU  4] accuracy  square_out                               [FAILED     21.3s]  ( 88% 724/820 ops)
[INFO] [02:22:21][GPU  4] benchmark square_out                               ...
[INFO] [02:22:22][GPU  7] accuracy  squeeze_copy                             [OK         22.2s]  ( 88% 724/820 ops)
[INFO] [02:22:22][GPU  7] benchmark squeeze_copy                             ...
[INFO] [02:22:36][GPU  0] accuracy  stack                                    [OK         35.2s]  ( 88% 725/820 ops)
[INFO] [02:22:36][GPU  0] benchmark stack                                    ...
[INFO] [02:22:50][GPU  4] benchmark square_out                               [OK         28.8s]  ( 88% 725/820 ops)
[INFO] [02:22:50][GPU  4] accuracy  stage_deepseek_v4_mega_moe_inputs        ...
[INFO] [02:22:50][GPU  7] benchmark squeeze_copy                             [OK         27.9s]  ( 88% 726/820 ops)
[INFO] [02:22:50][GPU  7] accuracy  std                                      ...
[INFO] [02:23:09][GPU  4] accuracy  stage_deepseek_v4_mega_moe_inputs        [NOTFOUND   19.7s]  ( 88% 726/820 ops)
[INFO] [02:23:09][GPU  4] benchmark stage_deepseek_v4_mega_moe_inputs        ...
[INFO] [02:23:23][GPU  7] accuracy  std                                      [FAILED     32.9s]  ( 88% 727/820 ops)
[INFO] [02:23:23][GPU  7] benchmark std                                      ...
[INFO] [02:23:26][GPU  4] benchmark stage_deepseek_v4_mega_moe_inputs        [SKIPPED    16.1s]  ( 88% 727/820 ops)
[INFO] [02:23:26][GPU  4] accuracy  sub                                      ...
[INFO] [02:23:26][GPU  0] benchmark stack                                    [OK         49.7s]  ( 88% 728/820 ops)
[INFO] [02:23:26][GPU  0] accuracy  sub_                                     ...
[INFO] [02:23:54][GPU  7] benchmark std                                      [OK         31.0s]  ( 88% 728/820 ops)
[INFO] [02:23:54][GPU  7] accuracy  subtract_                                ...
[INFO] [02:24:30][GPU  7] accuracy  subtract_                                [OK         36.2s]  ( 88% 729/820 ops)
[INFO] [02:24:30][GPU  7] benchmark subtract_                                ...
[INFO] [02:24:57][GPU  0] accuracy  sub_                                     [OK         91.0s]  ( 88% 729/820 ops)
[INFO] [02:24:57][GPU  0] benchmark sub_                                     ...
[INFO] [02:25:02][GPU  7] benchmark subtract_                                [OK         31.6s]  ( 89% 730/820 ops)
[INFO] [02:25:02][GPU  7] accuracy  sum                                      ...
[INFO] [02:25:15][GPU  4] accuracy  sub                                      [OK        108.9s]  ( 89% 730/820 ops)
[INFO] [02:25:15][GPU  4] benchmark sub                                      ...
[INFO] [02:25:22][GPU  0] benchmark sub_                                     [OK         25.4s]  ( 89% 731/820 ops)
[INFO] [02:25:22][GPU  0] accuracy  sum_dim                                  ...
[INFO] [02:25:24][GPU  7] accuracy  sum                                      [OK         22.0s]  ( 89% 731/820 ops)
[INFO] [02:25:24][GPU  7] benchmark sum                                      ...
[INFO] [02:25:41][GPU  4] benchmark sub                                      [FAILED     26.4s]  ( 89% 732/820 ops)
[INFO] [02:25:41][GPU  4] accuracy  sum_dim_out                              ...
[INFO] [02:25:47][GPU  0] accuracy  sum_dim                                  [FAILED     24.7s]  ( 89% 732/820 ops)
[INFO] [02:25:47][GPU  0] benchmark sum_dim                                  ...
[INFO] [02:25:51][GPU  7] benchmark sum                                      [OK         27.4s]  ( 89% 733/820 ops)
[INFO] [02:25:51][GPU  7] accuracy  sum_out                                  ...
[INFO] [02:26:03][GPU  4] accuracy  sum_dim_out                              [FAILED     22.4s]  ( 89% 733/820 ops)
[INFO] [02:26:03][GPU  4] benchmark sum_dim_out                              ...
[INFO] [02:26:12][GPU  0] benchmark sum_dim                                  [OK         24.9s]  ( 89% 734/820 ops)
[INFO] [02:26:12][GPU  0] accuracy  swiglu                                   ...
[INFO] [02:26:12][GPU  7] accuracy  sum_out                                  [OK         20.8s]  ( 89% 734/820 ops)
[INFO] [02:26:12][GPU  7] benchmark sum_out                                  ...
[INFO] [02:26:23][GPU  4] benchmark sum_dim_out                              [FAILED     19.3s]  ( 89% 735/820 ops)
[INFO] [02:26:23][GPU  4] accuracy  sym_stride                               ...
[INFO] [02:26:31][GPU  0] accuracy  swiglu                                   [FAILED     19.4s]  ( 89% 735/820 ops)
[INFO] [02:26:31][GPU  0] benchmark swiglu                                   ...
[INFO] [02:26:40][GPU  7] benchmark sum_out                                  [OK         27.4s]  ( 89% 736/820 ops)
[INFO] [02:26:40][GPU  7] accuracy  t_copy                                   ...
[INFO] [02:26:42][GPU  4] accuracy  sym_stride                               [OK         19.6s]  ( 89% 736/820 ops)
[INFO] [02:26:42][GPU  4] benchmark sym_stride                               ...
[INFO] [02:26:48][GPU  0] benchmark swiglu                                   [FAILED     16.4s]  ( 89% 737/820 ops)
[INFO] [02:26:48][GPU  0] accuracy  t_copy_out                               ...
[INFO] [02:27:00][GPU  7] accuracy  t_copy                                   [OK         20.0s]  ( 89% 737/820 ops)
[INFO] [02:27:00][GPU  7] benchmark t_copy                                   ...
[INFO] [02:27:05][GPU  4] benchmark sym_stride                               [OK         22.6s]  ( 90% 738/820 ops)
[INFO] [02:27:05][GPU  4] accuracy  tan                                      ...
[INFO] [02:27:09][GPU  0] accuracy  t_copy_out                               [OK         21.3s]  ( 90% 738/820 ops)
[INFO] [02:27:09][GPU  0] benchmark t_copy_out                               ...
[INFO] [02:27:23][GPU  7] benchmark t_copy                                   [OK         23.7s]  ( 90% 739/820 ops)
[INFO] [02:27:23][GPU  7] accuracy  tan_                                     ...
[INFO] [02:27:32][GPU  4] accuracy  tan                                      [OK         27.4s]  ( 90% 739/820 ops)
[INFO] [02:27:32][GPU  4] benchmark tan                                      ...
[INFO] [02:27:33][GPU  0] benchmark t_copy_out                               [OK         24.1s]  ( 90% 740/820 ops)
[INFO] [02:27:33][GPU  0] accuracy  tanh                                     ...
[INFO] [02:27:37][GPU  2] benchmark sin_                                     [TIMEOUT   610.0s]  ( 90% 740/820 ops)
[INFO] [02:27:37][GPU  2] accuracy  tanh_                                    ...
[INFO] [02:27:48][GPU  7] accuracy  tan_                                     [OK         24.2s]  ( 90% 741/820 ops)
[INFO] [02:27:48][GPU  7] benchmark tan_                                     ...
[INFO] [02:28:05][GPU  0] accuracy  tanh                                     [OK         31.7s]  ( 90% 741/820 ops)
[INFO] [02:28:05][GPU  0] benchmark tanh                                     ...
[INFO] [02:28:08][GPU  4] benchmark tan                                      [OK         35.6s]  ( 90% 742/820 ops)
[INFO] [02:28:08][GPU  4] accuracy  tanh_backward                            ...
[INFO] [02:28:19][GPU  7] benchmark tan_                                     [OK         31.7s]  ( 90% 742/820 ops)
[INFO] [02:28:19][GPU  7] accuracy  tensor_split                             ...
[INFO] [02:28:34][GPU  4] accuracy  tanh_backward                            [OK         26.4s]  ( 90% 743/820 ops)
[INFO] [02:28:34][GPU  4] benchmark tanh_backward                            ...
[INFO] [02:28:37][GPU  0] benchmark tanh                                     [OK         32.6s]  ( 90% 743/820 ops)
[INFO] [02:28:38][GPU  0] accuracy  thnn_fused_lstm_cell                     ...
[INFO] [02:28:39][GPU  7] accuracy  tensor_split                             [OK         20.0s]  ( 90% 744/820 ops)
[INFO] [02:28:39][GPU  7] benchmark tensor_split                             ...
[INFO] [02:28:58][GPU  0] accuracy  thnn_fused_lstm_cell                     [OK         20.4s]  ( 90% 744/820 ops)
[INFO] [02:28:58][GPU  0] benchmark thnn_fused_lstm_cell                     ...
[INFO] [02:29:07][GPU  4] benchmark tanh_backward                            [OK         32.2s]  ( 90% 745/820 ops)
[INFO] [02:29:07][GPU  4] accuracy  thnn_fused_lstm_cell_backward_impl       ...
[INFO] [02:29:10][GPU  7] benchmark tensor_split                             [OK         30.9s]  ( 90% 745/820 ops)
[INFO] [02:29:10][GPU  7] accuracy  threshold                                ...
[INFO] [02:29:33][GPU  4] accuracy  thnn_fused_lstm_cell_backward_impl       [FAILED     26.4s]  ( 90% 746/820 ops)
[INFO] [02:29:33][GPU  4] benchmark thnn_fused_lstm_cell_backward_impl       ...
[INFO] [02:29:34][GPU  0] benchmark thnn_fused_lstm_cell                     [OK         36.5s]  ( 90% 746/820 ops)
[INFO] [02:29:34][GPU  0] accuracy  threshold_                               ...
[INFO] [02:29:41][GPU  7] accuracy  threshold                                [OK         30.6s]  ( 91% 747/820 ops)
[INFO] [02:29:41][GPU  7] benchmark threshold                                ...
[INFO] [02:29:57][GPU  4] benchmark thnn_fused_lstm_cell_backward_impl       [FAILED     24.3s]  ( 91% 747/820 ops)
[INFO] [02:29:57][GPU  4] accuracy  threshold_backward                       ...
[INFO] [02:30:07][GPU  0] accuracy  threshold_                               [OK         33.0s]  ( 91% 748/820 ops)
[INFO] [02:30:07][GPU  0] benchmark threshold_                               ...
[INFO] [02:30:14][GPU  7] benchmark threshold                                [OK         33.6s]  ( 91% 748/820 ops)
[INFO] [02:30:15][GPU  7] accuracy  tile                                     ...
[INFO] [02:30:25][GPU  5] benchmark special_shifted_chebyshev_polynomial_v   [TIMEOUT   610.0s]  ( 91% 749/820 ops)
[INFO] [02:30:25][GPU  5] accuracy  to_copy                                  ...
[INFO] [02:30:34][GPU  4] accuracy  threshold_backward                       [OK         37.0s]  ( 91% 749/820 ops)
[INFO] [02:30:34][GPU  4] benchmark threshold_backward                       ...
[INFO] [02:30:35][GPU  0] benchmark threshold_                               [OK         27.4s]  ( 91% 750/820 ops)
[INFO] [02:30:35][GPU  0] accuracy  top_k_per_row_decode                     ...
[INFO] [02:30:44][GPU  3] accuracy  split_with_sizes_copy                    [TIMEOUT   610.0s]  ( 91% 750/820 ops)
[INFO] [02:30:44][GPU  3] benchmark split_with_sizes_copy                    ...
[INFO] [02:31:01][GPU  0] accuracy  top_k_per_row_decode                     [FAILED     26.2s]  ( 91% 751/820 ops)
[INFO] [02:31:01][GPU  0] benchmark top_k_per_row_decode                     ...
[INFO] [02:31:01][GPU  6] benchmark softmax_backward_out                     [TIMEOUT   610.0s]  ( 91% 751/820 ops)
[INFO] [02:31:01][GPU  6] accuracy  top_k_per_row_prefill                    ...
[INFO] [02:31:14][GPU  4] benchmark threshold_backward                       [OK         40.0s]  ( 91% 752/820 ops)
[INFO] [02:31:14][GPU  4] accuracy  topk                                     ...
[INFO] [02:31:17][GPU  5] accuracy  to_copy                                  [ERROR      51.8s]  ( 91% 752/820 ops)
[INFO] [02:31:17][GPU  5] benchmark to_copy                                  ...
[INFO] [02:31:17][GPU  0] benchmark top_k_per_row_decode                     [SKIPPED    16.1s]  ( 91% 753/820 ops)
[INFO] [02:31:17][GPU  0] accuracy  topk_softmax                             ...
[INFO] [02:31:22][GPU  1] accuracy  square_                                  [TIMEOUT   610.0s]  ( 91% 753/820 ops)
[INFO] [02:31:22][GPU  1] benchmark square_                                  ...
[INFO] [02:31:38][GPU  4] accuracy  topk                                     [OK         23.9s]  ( 91% 754/820 ops)
[INFO] [02:31:38][GPU  4] benchmark topk                                     ...
[INFO] [02:31:41][GPU  5] benchmark to_copy                                  [FAILED     24.5s]  ( 91% 754/820 ops)
[INFO] [02:31:41][GPU  5] accuracy  topk_softplus_sqrt                       ...
[INFO] [02:31:45][GPU  0] accuracy  topk_softmax                             [FAILED     27.7s]  ( 92% 755/820 ops)
[INFO] [02:31:45][GPU  0] benchmark topk_softmax                             ...
[INFO] [02:32:02][GPU  0] benchmark topk_softmax                             [SKIPPED    16.7s]  ( 92% 755/820 ops)
[INFO] [02:32:02][GPU  0] accuracy  trace                                    ...
[INFO] [02:32:26][GPU  0] accuracy  trace                                    [OK         24.7s]  ( 92% 756/820 ops)
[INFO] [02:32:26][GPU  0] benchmark trace                                    ...
[INFO] [02:32:50][GPU  4] benchmark topk                                     [OK         72.0s]  ( 92% 756/820 ops)
[INFO] [02:32:50][GPU  4] accuracy  transpose                                ...
[INFO] [02:33:11][GPU  4] accuracy  transpose                                [OK         21.2s]  ( 92% 757/820 ops)
[INFO] [02:33:11][GPU  4] benchmark transpose                                ...
[INFO] [02:33:14][GPU  0] benchmark trace                                    [OK         47.7s]  ( 92% 757/820 ops)
[INFO] [02:33:14][GPU  0] accuracy  tril                                     ...
[INFO] [02:33:37][GPU  4] benchmark transpose                                [OK         25.1s]  ( 92% 758/820 ops)
[INFO] [02:33:37][GPU  4] accuracy  tril_                                    ...
[INFO] [02:33:43][GPU  0] accuracy  tril                                     [FAILED     28.6s]  ( 92% 758/820 ops)
[INFO] [02:33:43][GPU  0] benchmark tril                                     ...
[INFO] [02:33:59][GPU  0] benchmark tril                                     [NOTFOUND   16.6s]  ( 92% 759/820 ops)
[INFO] [02:33:59][GPU  0] accuracy  tril_out                                 ...
[INFO] [02:33:59][GPU  4] accuracy  tril_                                    [ERROR      22.9s]  ( 92% 759/820 ops)
[INFO] [02:33:59][GPU  4] benchmark tril_                                    ...
[INFO] [02:34:25][GPU  0] accuracy  tril_out                                 [OK         25.9s]  ( 92% 760/820 ops)
[INFO] [02:34:25][GPU  0] benchmark tril_out                                 ...
[INFO] [02:34:29][GPU  4] benchmark tril_                                    [OK         29.7s]  ( 92% 760/820 ops)
[INFO] [02:34:29][GPU  4] accuracy  triton_lighting_indexer_k_tiled_inter... ...
[INFO] [02:34:49][GPU  4] accuracy  triton_lighting_indexer_k_tiled_inter... [SKIPPED    19.7s]  ( 92% 761/820 ops)
[INFO] [02:34:49][GPU  4] benchmark triton_lighting_indexer_k_tiled_inter... ...
[INFO] [02:35:05][GPU  4] benchmark triton_lighting_indexer_k_tiled_inter... [NOTFOUND   16.2s]  ( 92% 761/820 ops)
[INFO] [02:35:05][GPU  4] accuracy  triu                                     ...
[INFO] [02:35:25][GPU  0] benchmark tril_out                                 [OK         60.2s]  ( 92% 762/820 ops)
[INFO] [02:35:25][GPU  0] accuracy  triu_                                    ...
[INFO] [02:35:33][GPU  4] accuracy  triu                                     [FAILED     28.2s]  ( 92% 762/820 ops)
[INFO] [02:35:33][GPU  4] benchmark triu                                     ...
[INFO] [02:35:50][GPU  0] accuracy  triu_                                    [FAILED     24.3s]  ( 93% 763/820 ops)
[INFO] [02:35:50][GPU  0] benchmark triu_                                    ...
[INFO] [02:36:06][GPU  4] benchmark triu                                     [OK         32.9s]  ( 93% 763/820 ops)
[INFO] [02:36:06][GPU  4] accuracy  trunc                                    ...
[INFO] [02:36:19][GPU  0] benchmark triu_                                    [OK         29.3s]  ( 93% 764/820 ops)
[INFO] [02:36:19][GPU  0] accuracy  trunc_                                   ...
[INFO] [02:36:34][GPU  4] accuracy  trunc                                    [OK         28.0s]  ( 93% 764/820 ops)
[INFO] [02:36:34][GPU  4] benchmark trunc                                    ...
[INFO] [02:36:40][GPU  0] accuracy  trunc_                                   [OK         20.7s]  ( 93% 765/820 ops)
[INFO] [02:36:40][GPU  0] benchmark trunc_                                   ...
[INFO] [02:36:50][GPU  4] benchmark trunc                                    [NOTFOUND   15.9s]  ( 93% 765/820 ops)
[INFO] [02:36:50][GPU  4] accuracy  trunc_divide                             ...
[INFO] [02:37:37][GPU  0] benchmark trunc_                                   [OK         57.0s]  ( 93% 766/820 ops)
[INFO] [02:37:37][GPU  0] accuracy  trunc_divide_                            ...
[INFO] [02:37:47][GPU  2] accuracy  tanh_                                    [TIMEOUT   610.0s]  ( 93% 766/820 ops)
[INFO] [02:37:47][GPU  2] benchmark tanh_                                    ...
[INFO] [02:37:52][GPU  4] accuracy  trunc_divide                             [OK         61.3s]  ( 93% 767/820 ops)
[INFO] [02:37:52][GPU  4] benchmark trunc_divide                             ...
[INFO] [02:37:58][GPU  0] accuracy  trunc_divide_                            [OK         21.0s]  ( 93% 767/820 ops)
[INFO] [02:37:58][GPU  0] benchmark trunc_divide_                            ...
[INFO] [02:38:15][GPU  4] benchmark trunc_divide                             [OK         23.5s]  ( 93% 768/820 ops)
[INFO] [02:38:15][GPU  4] accuracy  unbind                                   ...
[INFO] [02:38:19][GPU  0] benchmark trunc_divide_                            [OK         21.5s]  ( 93% 768/820 ops)
[INFO] [02:38:19][GPU  0] accuracy  unbind_copy                              ...
[INFO] [02:38:36][GPU  4] accuracy  unbind                                   [OK         20.9s]  ( 93% 769/820 ops)
[INFO] [02:38:36][GPU  4] benchmark unbind                                   ...
[INFO] [02:38:42][GPU  0] accuracy  unbind_copy                              [FAILED     23.0s]  ( 93% 769/820 ops)
[INFO] [02:38:42][GPU  0] benchmark unbind_copy                              ...
[INFO] [02:39:02][GPU  4] benchmark unbind                                   [OK         25.9s]  ( 93% 770/820 ops)
[INFO] [02:39:02][GPU  4] accuracy  unfold_backward                          ...
[INFO] [02:39:25][GPU  4] accuracy  unfold_backward                          [OK         22.9s]  ( 93% 770/820 ops)
[INFO] [02:39:25][GPU  4] benchmark unfold_backward                          ...
[INFO] [02:39:30][GPU  0] benchmark unbind_copy                              [OK         47.8s]  ( 94% 771/820 ops)
[INFO] [02:39:30][GPU  0] accuracy  unfold_copy                              ...
[INFO] [02:39:41][GPU  4] benchmark unfold_backward                          [FAILED     16.5s]  ( 94% 771/820 ops)
[INFO] [02:39:41][GPU  4] accuracy  uniform_                                 ...
[INFO] [02:39:53][GPU  0] accuracy  unfold_copy                              [OK         23.0s]  ( 94% 772/820 ops)
[INFO] [02:39:53][GPU  0] benchmark unfold_copy                              ...
[INFO] [02:40:04][GPU  4] accuracy  uniform_                                 [OK         22.8s]  ( 94% 772/820 ops)
[INFO] [02:40:04][GPU  4] benchmark uniform_                                 ...
[INFO] [02:40:15][GPU  7] accuracy  tile                                     [TIMEOUT   600.3s]  ( 94% 773/820 ops)
[INFO] [02:40:15][GPU  7] benchmark tile                                     ...
[INFO] [02:40:29][GPU  0] benchmark unfold_copy                              [OK         35.7s]  ( 94% 773/820 ops)
[INFO] [02:40:29][GPU  0] accuracy  unique2                                  ...
[INFO] [02:40:52][GPU  0] accuracy  unique2                                  [FAILED     23.5s]  ( 94% 774/820 ops)
[INFO] [02:40:52][GPU  0] benchmark unique2                                  ...
[INFO] [02:40:54][GPU  3] benchmark split_with_sizes_copy                    [TIMEOUT   610.0s]  ( 94% 774/820 ops)
[INFO] [02:40:54][GPU  3] accuracy  unique_consecutive                       ...
[INFO] [02:40:57][GPU  4] benchmark uniform_                                 [OK         52.4s]  ( 94% 775/820 ops)
[INFO] [02:40:57][GPU  4] accuracy  unique_dim                               ...
[INFO] [02:41:11][GPU  6] accuracy  top_k_per_row_prefill                    [TIMEOUT   610.0s]  ( 94% 775/820 ops)
[INFO] [02:41:11][GPU  6] benchmark top_k_per_row_prefill                    ...
[INFO] [02:41:14][GPU  7] benchmark tile                                     [OK         59.0s]  ( 94% 776/820 ops)
[INFO] [02:41:14][GPU  7] accuracy  unpack_seq_triton                        ...
[INFO] [02:41:14][GPU  0] benchmark unique2                                  [FAILED     21.7s]  ( 94% 776/820 ops)
[INFO] [02:41:14][GPU  0] accuracy  unsqueeze                                ...
[INFO] [02:41:32][GPU  1] benchmark square_                                  [TIMEOUT   610.0s]  ( 94% 777/820 ops)
[INFO] [02:41:32][GPU  1] accuracy  unsqueeze_                               ...
[INFO] [02:41:37][GPU  0] accuracy  unsqueeze                                [OK         22.7s]  ( 94% 777/820 ops)
[INFO] [02:41:37][GPU  0] benchmark unsqueeze                                ...
[INFO] [02:41:37][GPU  4] accuracy  unique_dim                               [FAILED     40.4s]  ( 94% 778/820 ops)
[INFO] [02:41:37][GPU  4] benchmark unique_dim                               ...
[INFO] [02:41:39][GPU  7] accuracy  unpack_seq_triton                        [FAILED     25.3s]  ( 94% 778/820 ops)
[INFO] [02:41:39][GPU  7] benchmark unpack_seq_triton                        ...
[INFO] [02:41:42][GPU  5] accuracy  topk_softplus_sqrt                       [TIMEOUT   600.3s]  ( 95% 779/820 ops)
[INFO] [02:41:42][GPU  5] benchmark topk_softplus_sqrt                       ...
[INFO] [02:41:54][GPU  4] benchmark unique_dim                               [FAILED     16.6s]  ( 95% 779/820 ops)
[INFO] [02:41:54][GPU  4] accuracy  unsafe_masked_index                      ...
[INFO] [02:41:57][GPU  0] benchmark unsqueeze                                [OK         19.7s]  ( 95% 780/820 ops)
[INFO] [02:41:57][GPU  0] accuracy  unsafe_masked_index_put_accumulate       ...
[INFO] [02:41:57][GPU  7] benchmark unpack_seq_triton                        [SKIPPED    17.8s]  ( 95% 780/820 ops)
[INFO] [02:41:57][GPU  7] accuracy  unsafe_view                              ...
[INFO] [02:41:59][GPU  5] benchmark topk_softplus_sqrt                       [FAILED     17.7s]  ( 95% 781/820 ops)
[INFO] [02:41:59][GPU  5] accuracy  upsample_bicubic2d                       ...
[INFO] [02:42:14][GPU  4] accuracy  unsafe_masked_index                      [OK         20.4s]  ( 95% 781/820 ops)
[INFO] [02:42:14][GPU  4] benchmark unsafe_masked_index                      ...
[INFO] [02:42:19][GPU  0] accuracy  unsafe_masked_index_put_accumulate       [FAILED     22.7s]  ( 95% 782/820 ops)
[INFO] [02:42:19][GPU  0] benchmark unsafe_masked_index_put_accumulate       ...
[INFO] [02:42:23][GPU  7] accuracy  unsafe_view                              [OK         25.8s]  ( 95% 782/820 ops)
[INFO] [02:42:23][GPU  7] benchmark unsafe_view                              ...
[INFO] [02:42:41][GPU  5] accuracy  upsample_bicubic2d                       [OK         41.1s]  ( 95% 783/820 ops)
[INFO] [02:42:41][GPU  5] benchmark upsample_bicubic2d                       ...
[INFO] [02:42:44][GPU  7] benchmark unsafe_view                              [OK         21.3s]  ( 95% 783/820 ops)
[INFO] [02:42:44][GPU  7] accuracy  upsample_bicubic2d_aa                    ...
[INFO] [02:42:54][GPU  0] benchmark unsafe_masked_index_put_accumulate       [OK         34.4s]  ( 95% 784/820 ops)
[INFO] [02:42:54][GPU  0] accuracy  upsample_bicubic2d_aa_backward           ...
[INFO] [02:42:57][GPU  5] benchmark upsample_bicubic2d                       [SKIPPED    16.1s]  ( 95% 784/820 ops)
[INFO] [02:42:57][GPU  5] accuracy  upsample_bilinear2d_aa                   ...
[INFO] [02:43:04][GPU  4] benchmark unsafe_masked_index                      [OK         50.1s]  ( 95% 785/820 ops)
[INFO] [02:43:04][GPU  4] accuracy  upsample_linear1d                        ...
[INFO] [02:43:40][GPU  4] accuracy  upsample_linear1d                        [FAILED     35.5s]  ( 95% 785/820 ops)
[INFO] [02:43:40][GPU  4] benchmark upsample_linear1d                        ...
[INFO] [02:43:46][GPU  0] accuracy  upsample_bicubic2d_aa_backward           [OK         52.2s]  ( 95% 786/820 ops)
[INFO] [02:43:46][GPU  0] benchmark upsample_bicubic2d_aa_backward           ...
[INFO] [02:44:40][GPU  4] benchmark upsample_linear1d                        [OK         60.6s]  ( 95% 786/820 ops)
[INFO] [02:44:40][GPU  4] accuracy  upsample_linear1d_backward               ...
[INFO] [02:44:54][GPU  7] accuracy  upsample_bicubic2d_aa                    [OK        129.4s]  ( 95% 787/820 ops)
[INFO] [02:44:54][GPU  7] benchmark upsample_bicubic2d_aa                    ...
[INFO] [02:45:32][GPU  7] benchmark upsample_bicubic2d_aa                    [OK         38.2s]  ( 95% 787/820 ops)
[INFO] [02:45:32][GPU  7] accuracy  upsample_nearest1d                       ...
[INFO] [02:46:19][GPU  4] accuracy  upsample_linear1d_backward               [FAILED     98.4s]  ( 96% 788/820 ops)
[INFO] [02:46:19][GPU  4] benchmark upsample_linear1d_backward               ...
[INFO] [02:47:15][GPU  7] accuracy  upsample_nearest1d                       [OK        103.0s]  ( 96% 788/820 ops)
[INFO] [02:47:15][GPU  7] benchmark upsample_nearest1d                       ...
[INFO] [02:47:57][GPU  2] benchmark tanh_                                    [TIMEOUT   610.0s]  ( 96% 789/820 ops)
[INFO] [02:47:57][GPU  2] accuracy  upsample_nearest2d                       ...
[INFO] [02:48:01][GPU  4] benchmark upsample_linear1d_backward               [OK        101.7s]  ( 96% 789/820 ops)
[INFO] [02:48:01][GPU  4] accuracy  upsample_nearest3d                       ...
[INFO] [02:48:05][GPU  7] benchmark upsample_nearest1d                       [OK         50.1s]  ( 96% 790/820 ops)
[INFO] [02:48:05][GPU  7] accuracy  upsample_nearest_exact1d                 ...
[INFO] [02:48:25][GPU  7] accuracy  upsample_nearest_exact1d                 [OK         20.6s]  ( 96% 790/820 ops)
[INFO] [02:48:25][GPU  7] benchmark upsample_nearest_exact1d                 ...
[INFO] [02:48:57][GPU  7] benchmark upsample_nearest_exact1d                 [OK         31.4s]  ( 96% 791/820 ops)
[INFO] [02:48:57][GPU  7] accuracy  upsample_nearest_exact2d_backward        ...
[INFO] [02:49:25][GPU  4] accuracy  upsample_nearest3d                       [OK         84.8s]  ( 96% 791/820 ops)
[INFO] [02:49:25][GPU  4] benchmark upsample_nearest3d                       ...
[INFO] [02:50:12][GPU  4] benchmark upsample_nearest3d                       [OK         47.1s]  ( 96% 792/820 ops)
[INFO] [02:50:12][GPU  4] accuracy  upsample_nearest_exact3d                 ...
[INFO] [02:50:36][GPU  4] accuracy  upsample_nearest_exact3d                 [OK         23.2s]  ( 96% 792/820 ops)
[INFO] [02:50:36][GPU  4] benchmark upsample_nearest_exact3d                 ...
[INFO] [02:51:04][GPU  3] accuracy  unique_consecutive                       [TIMEOUT   610.0s]  ( 96% 793/820 ops)
[INFO] [02:51:04][GPU  3] benchmark unique_consecutive                       ...
[INFO] [02:51:09][GPU  4] benchmark upsample_nearest_exact3d                 [OK         33.5s]  ( 96% 793/820 ops)
[INFO] [02:51:09][GPU  4] accuracy  upsample_trilinear3d                     ...
[INFO] [02:51:21][GPU  6] benchmark top_k_per_row_prefill                    [TIMEOUT   610.0s]  ( 96% 794/820 ops)
[INFO] [02:51:21][GPU  6] accuracy  var                                      ...
[INFO] [02:51:42][GPU  1] accuracy  unsqueeze_                               [TIMEOUT   610.0s]  ( 96% 794/820 ops)
[INFO] [02:51:42][GPU  1] benchmark unsqueeze_                               ...
[INFO] [02:52:02][GPU  4] accuracy  upsample_trilinear3d                     [OK         53.1s]  ( 96% 795/820 ops)
[INFO] [02:52:02][GPU  4] benchmark upsample_trilinear3d                     ...
[INFO] [02:52:59][GPU  5] accuracy  upsample_bilinear2d_aa                   [TIMEOUT   602.6s]  ( 96% 795/820 ops)
[INFO] [02:52:59][GPU  5] benchmark upsample_bilinear2d_aa                   ...
[INFO] [02:53:07][GPU  4] benchmark upsample_trilinear3d                     [OK         64.7s]  ( 97% 796/820 ops)
[INFO] [02:53:07][GPU  4] accuracy  var_correction                           ...
[INFO] [02:53:28][GPU  7] accuracy  upsample_nearest_exact2d_backward        [FAILED    271.2s]  ( 97% 796/820 ops)
[INFO] [02:53:28][GPU  7] benchmark upsample_nearest_exact2d_backward        ...
[INFO] [02:53:42][GPU  4] accuracy  var_correction                           [FAILED     34.9s]  ( 97% 797/820 ops)
[INFO] [02:53:42][GPU  4] benchmark var_correction                           ...
[INFO] [02:53:46][GPU  0] benchmark upsample_bicubic2d_aa_backward           [TIMEOUT   600.5s]  ( 97% 797/820 ops)
[INFO] [02:53:46][GPU  0] accuracy  var_dim                                  ...
[INFO] [02:54:00][GPU  4] benchmark var_correction                           [FAILED     18.2s]  ( 97% 798/820 ops)
[INFO] [02:54:00][GPU  4] accuracy  var_mean                                 ...
[INFO] [02:54:01][GPU  7] benchmark upsample_nearest_exact2d_backward        [OK         33.1s]  ( 97% 798/820 ops)
[INFO] [02:54:01][GPU  7] accuracy  vdot                                     ...
[INFO] [02:54:05][GPU  5] benchmark upsample_bilinear2d_aa                   [OK         65.7s]  ( 97% 799/820 ops)
[INFO] [02:54:05][GPU  5] accuracy  vector_norm                              ...
[INFO] [02:54:16][GPU  0] accuracy  var_dim                                  [FAILED     29.8s]  ( 97% 799/820 ops)
[INFO] [02:54:16][GPU  0] benchmark var_dim                                  ...
[INFO] [02:54:32][GPU  7] accuracy  vdot                                     [OK         30.9s]  ( 97% 800/820 ops)
[INFO] [02:54:32][GPU  7] benchmark vdot                                     ...
[INFO] [02:54:35][GPU  0] benchmark var_dim                                  [FAILED     18.7s]  ( 97% 800/820 ops)
[INFO] [02:54:35][GPU  0] accuracy  view_copy                                ...
[INFO] [02:54:40][GPU  4] accuracy  var_mean                                 [FAILED     39.7s]  ( 97% 801/820 ops)
[INFO] [02:54:40][GPU  4] benchmark var_mean                                 ...
[INFO] [02:54:58][GPU  5] accuracy  vector_norm                              [FAILED     52.9s]  ( 97% 801/820 ops)
[INFO] [02:54:58][GPU  5] benchmark vector_norm                              ...
[INFO] [02:55:03][GPU  0] accuracy  view_copy                                [OK         27.6s]  ( 97% 802/820 ops)
[INFO] [02:55:03][GPU  0] benchmark view_copy                                ...
[INFO] [02:55:24][GPU  4] benchmark var_mean                                 [OK         44.7s]  ( 97% 802/820 ops)
[INFO] [02:55:25][GPU  4] accuracy  vstack                                   ...
[INFO] [02:55:28][GPU  5] benchmark vector_norm                              [OK         29.6s]  ( 97% 803/820 ops)
[INFO] [02:55:28][GPU  5] accuracy  w8a8_block_fp8_matmul                    ...
[INFO] [02:55:31][GPU  0] benchmark view_copy                                [OK         28.7s]  ( 97% 803/820 ops)
[INFO] [02:55:31][GPU  0] accuracy  weight_norm                              ...
[INFO] [02:55:47][GPU  4] accuracy  vstack                                   [OK         22.7s]  ( 98% 804/820 ops)
[INFO] [02:55:47][GPU  4] benchmark vstack                                   ...
[INFO] [02:55:47][GPU  5] accuracy  w8a8_block_fp8_matmul                    [FAILED     19.8s]  ( 98% 804/820 ops)
[INFO] [02:55:47][GPU  5] benchmark w8a8_block_fp8_matmul                    ...
[INFO] [02:55:51][GPU  7] benchmark vdot                                     [OK         78.9s]  ( 98% 805/820 ops)
[INFO] [02:55:51][GPU  7] accuracy  weight_norm_interface                    ...
[INFO] [02:56:02][GPU  0] accuracy  weight_norm                              [OK         30.9s]  ( 98% 805/820 ops)
[INFO] [02:56:02][GPU  0] benchmark weight_norm                              ...
[INFO] [02:56:04][GPU  5] benchmark w8a8_block_fp8_matmul                    [FAILED     16.4s]  ( 98% 806/820 ops)
[INFO] [02:56:04][GPU  5] accuracy  weight_norm_interface_backward           ...
[INFO] [02:56:19][GPU  0] benchmark weight_norm                              [FAILED     16.9s]  ( 98% 806/820 ops)
[INFO] [02:56:19][GPU  0] accuracy  where_self                               ...
[INFO] [02:56:19][GPU  4] benchmark vstack                                   [OK         32.3s]  ( 98% 807/820 ops)
[INFO] [02:56:19][GPU  4] accuracy  where_self_out                           ...
[INFO] [02:57:16][GPU  7] accuracy  weight_norm_interface                    [OK         85.1s]  ( 98% 807/820 ops)
[INFO] [02:57:16][GPU  7] benchmark weight_norm_interface                    ...
[INFO] [02:57:32][GPU  7] benchmark weight_norm_interface                    [FAILED     16.3s]  ( 98% 808/820 ops)
[INFO] [02:57:32][GPU  7] accuracy  zero                                     ...
[INFO] [02:57:54][GPU  7] accuracy  zero                                     [OK         21.7s]  ( 98% 808/820 ops)
[INFO] [02:57:54][GPU  7] benchmark zero                                     ...
[INFO] [02:58:07][GPU  2] accuracy  upsample_nearest2d                       [TIMEOUT   610.0s]  ( 98% 809/820 ops)
[INFO] [02:58:07][GPU  2] benchmark upsample_nearest2d                       ...
[INFO] [02:58:22][GPU  0] accuracy  where_self                               [OK        122.7s]  ( 98% 809/820 ops)
[INFO] [02:58:22][GPU  0] benchmark where_self                               ...
[INFO] [02:58:23][GPU  7] benchmark zero                                     [OK         28.6s]  ( 98% 810/820 ops)
[INFO] [02:58:23][GPU  7] accuracy  zero_                                    ...
[INFO] [02:58:39][GPU  5] accuracy  weight_norm_interface_backward           [OK        154.8s]  ( 98% 810/820 ops)
[INFO] [02:58:39][GPU  5] benchmark weight_norm_interface_backward           ...
[INFO] [02:58:53][GPU  7] accuracy  zero_                                    [OK         30.1s]  ( 98% 811/820 ops)
[INFO] [02:58:53][GPU  7] benchmark zero_                                    ...
[INFO] [02:58:55][GPU  0] benchmark where_self                               [OK         33.3s]  ( 98% 811/820 ops)
[INFO] [02:58:55][GPU  0] accuracy  zero_out                                 ...
[INFO] [02:59:06][GPU  5] benchmark weight_norm_interface_backward           [OK         27.8s]  ( 99% 812/820 ops)
[INFO] [02:59:07][GPU  5] accuracy  xor__                                    ...
[INFO] [02:59:16][GPU  0] accuracy  zero_out                                 [OK         20.5s]  ( 99% 812/820 ops)
[INFO] [02:59:16][GPU  0] benchmark zero_out                                 ...
[INFO] [02:59:16][GPU  7] benchmark zero_                                    [OK         23.1s]  ( 99% 813/820 ops)
[INFO] [02:59:16][GPU  7] accuracy  zeros                                    ...
[INFO] [02:59:35][GPU  5] accuracy  xor__                                    [OK         28.1s]  ( 99% 813/820 ops)
[INFO] [02:59:35][GPU  5] benchmark xor__                                    ...
[INFO] [02:59:42][GPU  0] benchmark zero_out                                 [OK         26.5s]  ( 99% 814/820 ops)
[INFO] [02:59:42][GPU  0] accuracy  zeros_like                               ...
[INFO] [02:59:44][GPU  7] accuracy  zeros                                    [OK         28.3s]  ( 99% 814/820 ops)
[INFO] [02:59:44][GPU  7] benchmark zeros                                    ...
[INFO] [03:00:03][GPU  0] accuracy  zeros_like                               [OK         20.9s]  ( 99% 815/820 ops)
[INFO] [03:00:03][GPU  0] benchmark zeros_like                               ...
[INFO] [03:00:06][GPU  5] benchmark xor__                                    [OK         31.1s]  ( 99% 815/820 ops)
[INFO] [03:00:08][GPU  7] benchmark zeros                                    [OK         23.2s]  ( 99% 816/820 ops)
[INFO] [03:00:26][GPU  0] benchmark zeros_like                               [OK         22.8s]  ( 99% 816/820 ops)
[INFO] [03:01:14][GPU  3] benchmark unique_consecutive                       [TIMEOUT   610.0s]  ( 99% 817/820 ops)
[INFO] [03:01:31][GPU  6] accuracy  var                                      [TIMEOUT   610.0s]  ( 99% 817/820 ops)
[INFO] [03:01:31][GPU  6] benchmark var                                      ...
[INFO] [03:01:52][GPU  1] benchmark unsqueeze_                               [TIMEOUT   610.0s]  ( 99% 818/820 ops)
[INFO] [03:06:20][GPU  4] accuracy  where_self_out                           [TIMEOUT   600.3s]  ( 99% 818/820 ops)
[INFO] [03:06:20][GPU  4] benchmark where_self_out                           ...
[INFO] [03:06:48][GPU  4] benchmark where_self_out                           [OK         28.2s]  ( 99% 819/820 ops)
[INFO] [03:08:17][GPU  2] benchmark upsample_nearest2d                       [TIMEOUT   610.0s]  ( 99% 819/820 ops)
[INFO] [03:11:41][GPU  6] benchmark var                                      [TIMEOUT   610.0s]  (100% 820/820 ops)
[INFO] Total elapsed time ... 4:05:42 (14742.28s)
[INFO] Test completed.
