============================= test session starts ==============================
platform linux -- Python 3.10.18, pytest-9.1.1, pluggy-1.6.0 -- /root/miniconda/envs/python310_torch29_cuda/bin/python3.10
cachedir: .pytest_cache
rootdir: /workspace/FlagGems
configfile: pytest.ini
plugins: anyio-4.9.0, typeguard-4.3.0
collecting ... WARNING 07-23 23:37:21 [interface.py:226] Failed to import from vllm._C: ImportError('/root/miniconda/envs/python310_torch29_cuda/lib/python3.10/site-packages/vllm/_C.abi3.so: undefined symbol: _ZN3c104cuda29c10_cuda_check_implementationEiPKcS2_jb')
WARNING 07-23 23:37:23 [interface.py:599] Current platform  does not have '__test__' attribute.
WARNING 07-23 23:37:23 [interface.py:599] Current platform  does not have '__bases__' attribute.
WARNING 07-23 23:37:23 [interface.py:599] Current platform  does not have '__test__' attribute.
WARNING 07-23 23:37:23 [interface.py:599] Current platform  does not have '__test__' attribute.
WARNING 07-23 23:37:23 [interface.py:599] Current platform  does not have '__bases__' attribute.
WARNING 07-23 23:37:23 [interface.py:599] Current platform  does not have '__test__' attribute.
WARNING 07-23 23:37:23 [interface.py:599] Current platform  does not have '__test__' attribute.
WARNING 07-23 23:37:23 [interface.py:599] Current platform  does not have '__bases__' attribute.
WARNING 07-23 23:37:23 [interface.py:599] Current platform  does not have '__test__' attribute.
ERROR 07-23 23:37:24 [config.py:29] Failed to import Triton kernels. Please make sure your triton version is compatible. Error: No module named 'triton.language.target_info'
collected 49951 items / 49887 deselected / 64 selected

test_conv_transpose1d.py::test_conv_transpose1d[dtype0-0-1-shape0-kernel0] FAILED
test_conv_transpose1d.py::test_conv_transpose1d[dtype0-0-1-shape1-kernel1] FAILED
test_conv_transpose1d.py::test_conv_transpose1d[dtype0-0-1-shape2-kernel2] FAILED
test_conv_transpose1d.py::test_conv_transpose1d[dtype0-0-2-shape0-kernel0] FAILED
test_conv_transpose1d.py::test_conv_transpose1d[dtype0-0-2-shape1-kernel1] FAILED
test_conv_transpose1d.py::test_conv_transpose1d[dtype0-0-2-shape2-kernel2] FAILED
test_conv_transpose1d.py::test_conv_transpose1d[dtype0-1-1-shape0-kernel0] FAILED
test_conv_transpose1d.py::test_conv_transpose1d[dtype0-1-1-shape1-kernel1] FAILED
test_conv_transpose1d.py::test_conv_transpose1d[dtype0-1-1-shape2-kernel2] FAILED
test_conv_transpose1d.py::test_conv_transpose1d[dtype0-1-2-shape0-kernel0] FAILED
test_conv_transpose1d.py::test_conv_transpose1d[dtype0-1-2-shape1-kernel1] FAILED
test_conv_transpose1d.py::test_conv_transpose1d[dtype0-1-2-shape2-kernel2] FAILED
test_conv_transpose1d.py::test_conv_transpose1d[dtype1-0-1-shape0-kernel0] FAILED
test_conv_transpose1d.py::test_conv_transpose1d[dtype1-0-1-shape1-kernel1] FAILED
test_conv_transpose1d.py::test_conv_transpose1d[dtype1-0-1-shape2-kernel2] FAILED
test_conv_transpose1d.py::test_conv_transpose1d[dtype1-0-2-shape0-kernel0] FAILED
test_conv_transpose1d.py::test_conv_transpose1d[dtype1-0-2-shape1-kernel1] FAILED
test_conv_transpose1d.py::test_conv_transpose1d[dtype1-0-2-shape2-kernel2] FAILED
test_conv_transpose1d.py::test_conv_transpose1d[dtype1-1-1-shape0-kernel0] FAILED
test_conv_transpose1d.py::test_conv_transpose1d[dtype1-1-1-shape1-kernel1] FAILED
test_conv_transpose1d.py::test_conv_transpose1d[dtype1-1-1-shape2-kernel2] FAILED
test_conv_transpose1d.py::test_conv_transpose1d[dtype1-1-2-shape0-kernel0] FAILED
test_conv_transpose1d.py::test_conv_transpose1d[dtype1-1-2-shape1-kernel1] FAILED
test_conv_transpose1d.py::test_conv_transpose1d[dtype1-1-2-shape2-kernel2] FAILED
test_conv_transpose1d.py::test_conv_transpose1d_bias[dtype0-0-1-shape0-kernel0] FAILED
test_conv_transpose1d.py::test_conv_transpose1d_bias[dtype0-0-1-shape1-kernel1] FAILED
test_conv_transpose1d.py::test_conv_transpose1d_bias[dtype0-0-1-shape2-kernel2] FAILED
test_conv_transpose1d.py::test_conv_transpose1d_bias[dtype0-0-2-shape0-kernel0] FAILED
test_conv_transpose1d.py::test_conv_transpose1d_bias[dtype0-0-2-shape1-kernel1] FAILED
test_conv_transpose1d.py::test_conv_transpose1d_bias[dtype0-0-2-shape2-kernel2] FAILED
test_conv_transpose1d.py::test_conv_transpose1d_bias[dtype0-1-1-shape0-kernel0] FAILED
test_conv_transpose1d.py::test_conv_transpose1d_bias[dtype0-1-1-shape1-kernel1] FAILED
test_conv_transpose1d.py::test_conv_transpose1d_bias[dtype0-1-1-shape2-kernel2] FAILED
test_conv_transpose1d.py::test_conv_transpose1d_bias[dtype0-1-2-shape0-kernel0] FAILED
test_conv_transpose1d.py::test_conv_transpose1d_bias[dtype0-1-2-shape1-kernel1] FAILED
test_conv_transpose1d.py::test_conv_transpose1d_bias[dtype0-1-2-shape2-kernel2] FAILED
test_conv_transpose1d.py::test_conv_transpose1d_bias[dtype1-0-1-shape0-kernel0] FAILED
test_conv_transpose1d.py::test_conv_transpose1d_bias[dtype1-0-1-shape1-kernel1] FAILED
test_conv_transpose1d.py::test_conv_transpose1d_bias[dtype1-0-1-shape2-kernel2] FAILED
test_conv_transpose1d.py::test_conv_transpose1d_bias[dtype1-0-2-shape0-kernel0] FAILED
test_conv_transpose1d.py::test_conv_transpose1d_bias[dtype1-0-2-shape1-kernel1] FAILED
test_conv_transpose1d.py::test_conv_transpose1d_bias[dtype1-0-2-shape2-kernel2] FAILED
test_conv_transpose1d.py::test_conv_transpose1d_bias[dtype1-1-1-shape0-kernel0] FAILED
test_conv_transpose1d.py::test_conv_transpose1d_bias[dtype1-1-1-shape1-kernel1] FAILED
test_conv_transpose1d.py::test_conv_transpose1d_bias[dtype1-1-1-shape2-kernel2] FAILED
test_conv_transpose1d.py::test_conv_transpose1d_bias[dtype1-1-2-shape0-kernel0] FAILED
test_conv_transpose1d.py::test_conv_transpose1d_bias[dtype1-1-2-shape1-kernel1] FAILED
test_conv_transpose1d.py::test_conv_transpose1d_bias[dtype1-1-2-shape2-kernel2] FAILED
test_conv_transpose1d.py::test_conv_transpose1d_groups[dtype0-0-1-shape0-kernel0-2] FAILED
test_conv_transpose1d.py::test_conv_transpose1d_groups[dtype0-0-1-shape1-kernel1-3] FAILED
test_conv_transpose1d.py::test_conv_transpose1d_groups[dtype0-0-2-shape0-kernel0-2] FAILED
test_conv_transpose1d.py::test_conv_transpose1d_groups[dtype0-0-2-shape1-kernel1-3] FAILED
test_conv_transpose1d.py::test_conv_transpose1d_groups[dtype0-1-1-shape0-kernel0-2] FAILED
test_conv_transpose1d.py::test_conv_transpose1d_groups[dtype0-1-1-shape1-kernel1-3] FAILED
test_conv_transpose1d.py::test_conv_transpose1d_groups[dtype0-1-2-shape0-kernel0-2] FAILED
test_conv_transpose1d.py::test_conv_transpose1d_groups[dtype0-1-2-shape1-kernel1-3] FAILED
test_conv_transpose1d.py::test_conv_transpose1d_groups[dtype1-0-1-shape0-kernel0-2] FAILED
test_conv_transpose1d.py::test_conv_transpose1d_groups[dtype1-0-1-shape1-kernel1-3] FAILED
test_conv_transpose1d.py::test_conv_transpose1d_groups[dtype1-0-2-shape0-kernel0-2] FAILED
test_conv_transpose1d.py::test_conv_transpose1d_groups[dtype1-0-2-shape1-kernel1-3] FAILED
test_conv_transpose1d.py::test_conv_transpose1d_groups[dtype1-1-1-shape0-kernel0-2] FAILED
test_conv_transpose1d.py::test_conv_transpose1d_groups[dtype1-1-1-shape1-kernel1-3] FAILED
test_conv_transpose1d.py::test_conv_transpose1d_groups[dtype1-1-2-shape0-kernel0-2] FAILED
test_conv_transpose1d.py::test_conv_transpose1d_groups[dtype1-1-2-shape1-kernel1-3] FAILED

=================================== FAILURES ===================================
_______________ test_conv_transpose1d[dtype0-0-1-shape0-kernel0] _______________

shape = (2, 4, 8), kernel = (4, 8, 3), stride = 1, padding = 0
dtype = torch.float32
monkeypatch = <_pytest.monkeypatch.MonkeyPatch object at 0x7f6432ca2a70>

    @pytest.mark.conv_transpose1d
    @pytest.mark.parametrize("shape, kernel", SHAPE_CONV_TRANSPOSE1D)
    @pytest.mark.parametrize("stride", STRIDES)
    @pytest.mark.parametrize("padding", PADDINGS)
    @pytest.mark.parametrize("dtype", FLOAT_DTYPES)
    def test_conv_transpose1d(shape, kernel, stride, padding, dtype, monkeypatch):
        inp = torch.randn(shape, dtype=dtype, device=flag_gems.device, requires_grad=False)
        ref_inp = to_reference(inp, True)
        weight = torch.randn(kernel, dtype=dtype, device=flag_gems.device)
        ref_weight = to_reference(weight, True)
        ref_out = torch.nn.functional.conv_transpose1d(
            ref_inp, ref_weight, bias=None, stride=stride, padding=padding, dilation=1
        )
    
        res_out = flag_gems.conv_transpose1d(
            inp, weight, bias=None, stride=stride, padding=padding, dilation=1
        )
        in_channels = kernel[0]
        out_channels = kernel[1]
        kernel_width = kernel[2]
>       gems_assert_close(
            res_out,
            ref_out,
            dtype,
            reduce_dim=kernel_width * max(in_channels, out_channels),
        )

test_conv_transpose1d.py:64: 
_ _ _ _ _ _ _ _ _ _ _ _ _ _ _ _ _ _ _ _ _ _ _ _ _ _ _ _ _ _ _ _ _ _ _ _ _ _ _ _ 
accuracy_utils.py:312: in gems_assert_close
    flag_gems.testing.assert_close(
_ _ _ _ _ _ _ _ _ _ _ _ _ _ _ _ _ _ _ _ _ _ _ _ _ _ _ _ _ _ _ _ _ _ _ _ _ _ _ _ 

res = tensor([[[-1.9351,  1.1007,  0.0251,  0.5802,  0.5384,  0.5126, -1.4316,
           2.3788, -1.5440, -0.1742],
       ...4062],
         [-0.4869,  0.2942,  1.1974, -0.2236,  0.8629,  0.3681,  1.7055,
          -0.9197,  0.5377,  1.1838]]])
ref = tensor([[[ 1.0753e+00,  2.1444e+00, -1.0234e+00, -8.0677e-01, -1.1605e+00,
          -6.4471e-01, -5.5713e+00,  1.6168...0, -1.4103e+00, -9.6538e+00, -1.3200e+00,
          -4.4630e-01,  1.1709e+00, -3.7691e+00, -1.9522e+00, -5.9695e-02]]])
dtype = torch.float32, equal_nan = False, reduce_dim = 24, atol = 0.0001

    def assert_close(res, ref, dtype, equal_nan=False, reduce_dim=1, atol=1e-4):
        if dtype is None:
            dtype = torch.float32
        assert res.dtype == dtype
        ref = ref.to(dtype)
        res, ref = _maybe_move_to_cpu(res, ref)
        rtol = RESOLUTION[dtype]
>       torch.testing.assert_close(
            res, ref, atol=atol * reduce_dim, rtol=rtol, equal_nan=equal_nan
        )
E       AssertionError: Tensor-likes are not close!
E       
E       Mismatched elements: 160 / 160 (100.0%)
E       Greatest absolute difference: 11.024178504943848 at index (1, 0, 3) (up to 0.0024000000000000002 allowed)
E       Greatest relative difference: 119.65702819824219 at index (0, 6, 0) (up to 1.3e-06 allowed)

../src/flag_gems/testing/__init__.py:85: AssertionError
_______________ test_conv_transpose1d[dtype0-0-1-shape1-kernel1] _______________

shape = (4, 8, 16), kernel = (8, 16, 3), stride = 1, padding = 0
dtype = torch.float32
monkeypatch = <_pytest.monkeypatch.MonkeyPatch object at 0x7f64316f3850>

    @pytest.mark.conv_transpose1d
    @pytest.mark.parametrize("shape, kernel", SHAPE_CONV_TRANSPOSE1D)
    @pytest.mark.parametrize("stride", STRIDES)
    @pytest.mark.parametrize("padding", PADDINGS)
    @pytest.mark.parametrize("dtype", FLOAT_DTYPES)
    def test_conv_transpose1d(shape, kernel, stride, padding, dtype, monkeypatch):
        inp = torch.randn(shape, dtype=dtype, device=flag_gems.device, requires_grad=False)
        ref_inp = to_reference(inp, True)
        weight = torch.randn(kernel, dtype=dtype, device=flag_gems.device)
        ref_weight = to_reference(weight, True)
        ref_out = torch.nn.functional.conv_transpose1d(
            ref_inp, ref_weight, bias=None, stride=stride, padding=padding, dilation=1
        )
    
        res_out = flag_gems.conv_transpose1d(
            inp, weight, bias=None, stride=stride, padding=padding, dilation=1
        )
        in_channels = kernel[0]
        out_channels = kernel[1]
        kernel_width = kernel[2]
>       gems_assert_close(
            res_out,
            ref_out,
            dtype,
            reduce_dim=kernel_width * max(in_channels, out_channels),
        )

test_conv_transpose1d.py:64: 
_ _ _ _ _ _ _ _ _ _ _ _ _ _ _ _ _ _ _ _ _ _ _ _ _ _ _ _ _ _ _ _ _ _ _ _ _ _ _ _ 
accuracy_utils.py:312: in gems_assert_close
    flag_gems.testing.assert_close(
_ _ _ _ _ _ _ _ _ _ _ _ _ _ _ _ _ _ _ _ _ _ _ _ _ _ _ _ _ _ _ _ _ _ _ _ _ _ _ _ 

res = tensor([[[ 0.2835, -0.1032, -2.9033,  ...,  1.0837,  0.9253,  1.2030],
         [ 0.2134,  1.3045, -0.7953,  ...,  1.5...00,  0.0000,  ...,  0.0000,  0.0000,  0.0000],
         [ 0.0000,  0.0000,  0.0000,  ...,  0.0000,  0.0000,  0.0000]]])
ref = tensor([[[ -1.5902,   7.5939, -10.8639,  ...,   1.1758,  -0.0486,   2.9506],
         [  3.1283,   0.1409,   3.6154,  ...98,  ...,  -2.6343,  -0.4143,   2.0050],
         [  0.9312,   5.1124,  -3.4354,  ...,   5.6236,   0.5813,  -1.1469]]])
dtype = torch.float32, equal_nan = False, reduce_dim = 48, atol = 0.0001

    def assert_close(res, ref, dtype, equal_nan=False, reduce_dim=1, atol=1e-4):
        if dtype is None:
            dtype = torch.float32
        assert res.dtype == dtype
        ref = ref.to(dtype)
        res, ref = _maybe_move_to_cpu(res, ref)
        rtol = RESOLUTION[dtype]
>       torch.testing.assert_close(
            res, ref, atol=atol * reduce_dim, rtol=rtol, equal_nan=equal_nan
        )
E       AssertionError: Tensor-likes are not close!
E       
E       Mismatched elements: 1150 / 1152 (99.8%)
E       Greatest absolute difference: 16.922298431396484 at index (1, 15, 15) (up to 0.0048000000000000004 allowed)
E       Greatest relative difference: 105.83985900878906 at index (1, 3, 7) (up to 1.3e-06 allowed)

../src/flag_gems/testing/__init__.py:85: AssertionError
_______________ test_conv_transpose1d[dtype0-0-1-shape2-kernel2] _______________

shape = (2, 16, 32), kernel = (16, 32, 5), stride = 1, padding = 0
dtype = torch.float32
monkeypatch = <_pytest.monkeypatch.MonkeyPatch object at 0x7f641d4139a0>

    @pytest.mark.conv_transpose1d
    @pytest.mark.parametrize("shape, kernel", SHAPE_CONV_TRANSPOSE1D)
    @pytest.mark.parametrize("stride", STRIDES)
    @pytest.mark.parametrize("padding", PADDINGS)
    @pytest.mark.parametrize("dtype", FLOAT_DTYPES)
    def test_conv_transpose1d(shape, kernel, stride, padding, dtype, monkeypatch):
        inp = torch.randn(shape, dtype=dtype, device=flag_gems.device, requires_grad=False)
        ref_inp = to_reference(inp, True)
        weight = torch.randn(kernel, dtype=dtype, device=flag_gems.device)
        ref_weight = to_reference(weight, True)
        ref_out = torch.nn.functional.conv_transpose1d(
            ref_inp, ref_weight, bias=None, stride=stride, padding=padding, dilation=1
        )
    
        res_out = flag_gems.conv_transpose1d(
            inp, weight, bias=None, stride=stride, padding=padding, dilation=1
        )
        in_channels = kernel[0]
        out_channels = kernel[1]
        kernel_width = kernel[2]
>       gems_assert_close(
            res_out,
            ref_out,
            dtype,
            reduce_dim=kernel_width * max(in_channels, out_channels),
        )

test_conv_transpose1d.py:64: 
_ _ _ _ _ _ _ _ _ _ _ _ _ _ _ _ _ _ _ _ _ _ _ _ _ _ _ _ _ _ _ _ _ _ _ _ _ _ _ _ 
accuracy_utils.py:312: in gems_assert_close
    flag_gems.testing.assert_close(
_ _ _ _ _ _ _ _ _ _ _ _ _ _ _ _ _ _ _ _ _ _ _ _ _ _ _ _ _ _ _ _ _ _ _ _ _ _ _ _ 

res = tensor([[[ 0.5107,  2.9647,  0.4204,  ...,  0.9014, -0.6182, -0.7587],
         [ 0.0587, -0.2463, -0.3940,  ..., -0.7...34, -0.2371,  ...,  0.1246,  1.9159,  2.4258],
         [ 1.6230, -0.2151,  1.0566,  ...,  1.7051,  2.3319, -0.0660]]])
ref = tensor([[[ -4.2441,  -4.2168,  -4.9173,  ...,   1.0826,  -4.8064,  -0.7282],
         [ -0.2717,  -9.3759,   1.1104,  ...92,  ...,  -1.6364,   3.0459,  -2.1863],
         [  5.5918,  -2.3254,  -1.4485,  ...,  -2.3810,   0.3275, -12.7650]]])
dtype = torch.float32, equal_nan = False, reduce_dim = 160, atol = 0.0001

    def assert_close(res, ref, dtype, equal_nan=False, reduce_dim=1, atol=1e-4):
        if dtype is None:
            dtype = torch.float32
        assert res.dtype == dtype
        ref = ref.to(dtype)
        res, ref = _maybe_move_to_cpu(res, ref)
        rtol = RESOLUTION[dtype]
>       torch.testing.assert_close(
            res, ref, atol=atol * reduce_dim, rtol=rtol, equal_nan=equal_nan
        )
E       AssertionError: Tensor-likes are not close!
E       
E       Mismatched elements: 2304 / 2304 (100.0%)
E       Greatest absolute difference: 36.79658126831055 at index (0, 14, 23) (up to 0.016 allowed)
E       Greatest relative difference: 244.35694885253906 at index (1, 24, 33) (up to 1.3e-06 allowed)

../src/flag_gems/testing/__init__.py:85: AssertionError
_______________ test_conv_transpose1d[dtype0-0-2-shape0-kernel0] _______________

shape = (2, 4, 8), kernel = (4, 8, 3), stride = 2, padding = 0
dtype = torch.float32
monkeypatch = <_pytest.monkeypatch.MonkeyPatch object at 0x7f64316f08e0>

    @pytest.mark.conv_transpose1d
    @pytest.mark.parametrize("shape, kernel", SHAPE_CONV_TRANSPOSE1D)
    @pytest.mark.parametrize("stride", STRIDES)
    @pytest.mark.parametrize("padding", PADDINGS)
    @pytest.mark.parametrize("dtype", FLOAT_DTYPES)
    def test_conv_transpose1d(shape, kernel, stride, padding, dtype, monkeypatch):
        inp = torch.randn(shape, dtype=dtype, device=flag_gems.device, requires_grad=False)
        ref_inp = to_reference(inp, True)
        weight = torch.randn(kernel, dtype=dtype, device=flag_gems.device)
        ref_weight = to_reference(weight, True)
        ref_out = torch.nn.functional.conv_transpose1d(
            ref_inp, ref_weight, bias=None, stride=stride, padding=padding, dilation=1
        )
    
        res_out = flag_gems.conv_transpose1d(
            inp, weight, bias=None, stride=stride, padding=padding, dilation=1
        )
        in_channels = kernel[0]
        out_channels = kernel[1]
        kernel_width = kernel[2]
>       gems_assert_close(
            res_out,
            ref_out,
            dtype,
            reduce_dim=kernel_width * max(in_channels, out_channels),
        )

test_conv_transpose1d.py:64: 
_ _ _ _ _ _ _ _ _ _ _ _ _ _ _ _ _ _ _ _ _ _ _ _ _ _ _ _ _ _ _ _ _ _ _ _ _ _ _ _ 
accuracy_utils.py:312: in gems_assert_close
    flag_gems.testing.assert_close(
_ _ _ _ _ _ _ _ _ _ _ _ _ _ _ _ _ _ _ _ _ _ _ _ _ _ _ _ _ _ _ _ _ _ _ _ _ _ _ _ 

res = tensor([[[ 1.0762e+00, -2.6904e-01,  3.5497e-01,  1.9355e+00, -2.7685e-01,
           9.7362e-01, -1.8105e+00,  1.3926...e-01,
          -1.3144e+00, -1.0215e+00, -2.8368e-01,  4.1454e-01, -4.6825e-01,
          -6.1620e-01, -1.7011e+00]]])
ref = tensor([[[-1.0446e+00,  3.0913e+00, -9.0653e-01, -3.6723e+00, -4.1576e-01,
           3.1758e+00,  1.3190e+00,  7.0559...e-01,
           1.7146e+00, -8.0290e-01, -2.4410e+00, -2.1138e+00, -8.8230e-01,
           1.9040e+00,  2.6300e-01]]])
dtype = torch.float32, equal_nan = False, reduce_dim = 24, atol = 0.0001

    def assert_close(res, ref, dtype, equal_nan=False, reduce_dim=1, atol=1e-4):
        if dtype is None:
            dtype = torch.float32
        assert res.dtype == dtype
        ref = ref.to(dtype)
        res, ref = _maybe_move_to_cpu(res, ref)
        rtol = RESOLUTION[dtype]
>       torch.testing.assert_close(
            res, ref, atol=atol * reduce_dim, rtol=rtol, equal_nan=equal_nan
        )
E       AssertionError: Tensor-likes are not close!
E       
E       Mismatched elements: 272 / 272 (100.0%)
E       Greatest absolute difference: 8.462675094604492 at index (0, 3, 2) (up to 0.0024000000000000002 allowed)
E       Greatest relative difference: 1244.35205078125 at index (0, 5, 2) (up to 1.3e-06 allowed)

../src/flag_gems/testing/__init__.py:85: AssertionError
_______________ test_conv_transpose1d[dtype0-0-2-shape1-kernel1] _______________

shape = (4, 8, 16), kernel = (8, 16, 3), stride = 2, padding = 0
dtype = torch.float32
monkeypatch = <_pytest.monkeypatch.MonkeyPatch object at 0x7f641d47bc40>

    @pytest.mark.conv_transpose1d
    @pytest.mark.parametrize("shape, kernel", SHAPE_CONV_TRANSPOSE1D)
    @pytest.mark.parametrize("stride", STRIDES)
    @pytest.mark.parametrize("padding", PADDINGS)
    @pytest.mark.parametrize("dtype", FLOAT_DTYPES)
    def test_conv_transpose1d(shape, kernel, stride, padding, dtype, monkeypatch):
        inp = torch.randn(shape, dtype=dtype, device=flag_gems.device, requires_grad=False)
        ref_inp = to_reference(inp, True)
        weight = torch.randn(kernel, dtype=dtype, device=flag_gems.device)
        ref_weight = to_reference(weight, True)
        ref_out = torch.nn.functional.conv_transpose1d(
            ref_inp, ref_weight, bias=None, stride=stride, padding=padding, dilation=1
        )
    
        res_out = flag_gems.conv_transpose1d(
            inp, weight, bias=None, stride=stride, padding=padding, dilation=1
        )
        in_channels = kernel[0]
        out_channels = kernel[1]
        kernel_width = kernel[2]
>       gems_assert_close(
            res_out,
            ref_out,
            dtype,
            reduce_dim=kernel_width * max(in_channels, out_channels),
        )

test_conv_transpose1d.py:64: 
_ _ _ _ _ _ _ _ _ _ _ _ _ _ _ _ _ _ _ _ _ _ _ _ _ _ _ _ _ _ _ _ _ _ _ _ _ _ _ _ 
accuracy_utils.py:312: in gems_assert_close
    flag_gems.testing.assert_close(
_ _ _ _ _ _ _ _ _ _ _ _ _ _ _ _ _ _ _ _ _ _ _ _ _ _ _ _ _ _ _ _ _ _ _ _ _ _ _ _ 

res = tensor([[[ 0.7900, -0.2434,  0.3149,  ..., -2.1211, -1.4316,  2.3945],
         [ 0.5537, -1.9824,  0.4712,  ..., -0.4...46,  0.6826,  ...,  0.2322, -1.1660, -0.8623],
         [ 0.1107,  0.2759, -0.8252,  ..., -0.0682, -0.2166,  0.0048]]])
ref = tensor([[[ -1.1492,  -5.1512,   0.2660,  ...,  -2.7806,   5.2910,  -0.5679],
         [  1.7119,   4.5421,   2.5348,  ...37,  ...,  -3.9535,   2.2431,   1.0809],
         [ -2.6451,   1.5776,   1.9785,  ...,  -0.9041,   0.3327,  -7.0403]]])
dtype = torch.float32, equal_nan = False, reduce_dim = 48, atol = 0.0001

    def assert_close(res, ref, dtype, equal_nan=False, reduce_dim=1, atol=1e-4):
        if dtype is None:
            dtype = torch.float32
        assert res.dtype == dtype
        ref = ref.to(dtype)
        res, ref = _maybe_move_to_cpu(res, ref)
        rtol = RESOLUTION[dtype]
>       torch.testing.assert_close(
            res, ref, atol=atol * reduce_dim, rtol=rtol, equal_nan=equal_nan
        )
E       AssertionError: Tensor-likes are not close!
E       
E       Mismatched elements: 2107 / 2112 (99.8%)
E       Greatest absolute difference: 16.996877670288086 at index (3, 9, 24) (up to 0.0048000000000000004 allowed)
E       Greatest relative difference: 323.9419250488281 at index (1, 13, 9) (up to 1.3e-06 allowed)

../src/flag_gems/testing/__init__.py:85: AssertionError
_______________ test_conv_transpose1d[dtype0-0-2-shape2-kernel2] _______________

shape = (2, 16, 32), kernel = (16, 32, 5), stride = 2, padding = 0
dtype = torch.float32
monkeypatch = <_pytest.monkeypatch.MonkeyPatch object at 0x7f64316bcaf0>

    @pytest.mark.conv_transpose1d
    @pytest.mark.parametrize("shape, kernel", SHAPE_CONV_TRANSPOSE1D)
    @pytest.mark.parametrize("stride", STRIDES)
    @pytest.mark.parametrize("padding", PADDINGS)
    @pytest.mark.parametrize("dtype", FLOAT_DTYPES)
    def test_conv_transpose1d(shape, kernel, stride, padding, dtype, monkeypatch):
        inp = torch.randn(shape, dtype=dtype, device=flag_gems.device, requires_grad=False)
        ref_inp = to_reference(inp, True)
        weight = torch.randn(kernel, dtype=dtype, device=flag_gems.device)
        ref_weight = to_reference(weight, True)
        ref_out = torch.nn.functional.conv_transpose1d(
            ref_inp, ref_weight, bias=None, stride=stride, padding=padding, dilation=1
        )
    
        res_out = flag_gems.conv_transpose1d(
            inp, weight, bias=None, stride=stride, padding=padding, dilation=1
        )
        in_channels = kernel[0]
        out_channels = kernel[1]
        kernel_width = kernel[2]
>       gems_assert_close(
            res_out,
            ref_out,
            dtype,
            reduce_dim=kernel_width * max(in_channels, out_channels),
        )

test_conv_transpose1d.py:64: 
_ _ _ _ _ _ _ _ _ _ _ _ _ _ _ _ _ _ _ _ _ _ _ _ _ _ _ _ _ _ _ _ _ _ _ _ _ _ _ _ 
accuracy_utils.py:312: in gems_assert_close
    flag_gems.testing.assert_close(
_ _ _ _ _ _ _ _ _ _ _ _ _ _ _ _ _ _ _ _ _ _ _ _ _ _ _ _ _ _ _ _ _ _ _ _ _ _ _ _ 

res = tensor([[[-0.4028,  0.0163, -1.5723,  ...,  0.0392, -2.0898, -0.5342],
         [-0.4448,  0.3921, -0.3472,  ..., -1.7...67,  0.1521,  ..., -0.5791,  3.1679,  0.7256],
         [ 0.6670, -0.3198,  0.3306,  ...,  0.3345,  0.5908,  0.5224]]])
ref = tensor([[[-5.6971, -4.7435, -3.7072,  ...,  5.6222,  7.6643, -8.3563],
         [-1.8379, -0.8974,  7.1853,  ..., -6.5...31,  2.1376,  ..., -0.7667, -1.6657,  9.2648],
         [-1.7523,  2.1751, 13.4598,  ..., -2.5565,  0.3322, -2.2823]]])
dtype = torch.float32, equal_nan = False, reduce_dim = 160, atol = 0.0001

    def assert_close(res, ref, dtype, equal_nan=False, reduce_dim=1, atol=1e-4):
        if dtype is None:
            dtype = torch.float32
        assert res.dtype == dtype
        ref = ref.to(dtype)
        res, ref = _maybe_move_to_cpu(res, ref)
        rtol = RESOLUTION[dtype]
>       torch.testing.assert_close(
            res, ref, atol=atol * reduce_dim, rtol=rtol, equal_nan=equal_nan
        )
E       AssertionError: Tensor-likes are not close!
E       
E       Mismatched elements: 4280 / 4288 (99.8%)
E       Greatest absolute difference: 24.181976318359375 at index (0, 31, 30) (up to 0.016 allowed)
E       Greatest relative difference: 490.7344970703125 at index (0, 16, 42) (up to 1.3e-06 allowed)

../src/flag_gems/testing/__init__.py:85: AssertionError
_______________ test_conv_transpose1d[dtype0-1-1-shape0-kernel0] _______________

shape = (2, 4, 8), kernel = (4, 8, 3), stride = 1, padding = 1
dtype = torch.float32
monkeypatch = <_pytest.monkeypatch.MonkeyPatch object at 0x7f641d412080>

    @pytest.mark.conv_transpose1d
    @pytest.mark.parametrize("shape, kernel", SHAPE_CONV_TRANSPOSE1D)
    @pytest.mark.parametrize("stride", STRIDES)
    @pytest.mark.parametrize("padding", PADDINGS)
    @pytest.mark.parametrize("dtype", FLOAT_DTYPES)
    def test_conv_transpose1d(shape, kernel, stride, padding, dtype, monkeypatch):
        inp = torch.randn(shape, dtype=dtype, device=flag_gems.device, requires_grad=False)
        ref_inp = to_reference(inp, True)
        weight = torch.randn(kernel, dtype=dtype, device=flag_gems.device)
        ref_weight = to_reference(weight, True)
        ref_out = torch.nn.functional.conv_transpose1d(
            ref_inp, ref_weight, bias=None, stride=stride, padding=padding, dilation=1
        )
    
        res_out = flag_gems.conv_transpose1d(
            inp, weight, bias=None, stride=stride, padding=padding, dilation=1
        )
        in_channels = kernel[0]
        out_channels = kernel[1]
        kernel_width = kernel[2]
>       gems_assert_close(
            res_out,
            ref_out,
            dtype,
            reduce_dim=kernel_width * max(in_channels, out_channels),
        )

test_conv_transpose1d.py:64: 
_ _ _ _ _ _ _ _ _ _ _ _ _ _ _ _ _ _ _ _ _ _ _ _ _ _ _ _ _ _ _ _ _ _ _ _ _ _ _ _ 
accuracy_utils.py:312: in gems_assert_close
    flag_gems.testing.assert_close(
_ _ _ _ _ _ _ _ _ _ _ _ _ _ _ _ _ _ _ _ _ _ _ _ _ _ _ _ _ _ _ _ _ _ _ _ _ _ _ _ 

res = tensor([[[-0.1731, -0.9170,  0.0366,  1.1191,  0.6201, -0.0714, -0.9541,
           0.6943],
         [-0.5146, -1.314...895,
           0.8174],
         [-0.3442, -0.2195, -0.2778, -0.2593,  0.9619, -0.6631,  1.2832,
          -2.2304]]])
ref = tensor([[[-9.7408e-01,  5.0986e+00, -3.1194e+00,  1.2562e+00,  1.5948e+00,
           5.4243e+00, -2.8924e+00,  1.9628...  [ 1.2291e+00,  2.9058e-03,  3.9122e+00, -1.5348e+00, -6.7591e-01,
          -1.1981e+00,  1.9587e+00,  1.4515e+00]]])
dtype = torch.float32, equal_nan = False, reduce_dim = 24, atol = 0.0001

    def assert_close(res, ref, dtype, equal_nan=False, reduce_dim=1, atol=1e-4):
        if dtype is None:
            dtype = torch.float32
        assert res.dtype == dtype
        ref = ref.to(dtype)
        res, ref = _maybe_move_to_cpu(res, ref)
        rtol = RESOLUTION[dtype]
>       torch.testing.assert_close(
            res, ref, atol=atol * reduce_dim, rtol=rtol, equal_nan=equal_nan
        )
E       AssertionError: Tensor-likes are not close!
E       
E       Mismatched elements: 128 / 128 (100.0%)
E       Greatest absolute difference: 7.9945526123046875 at index (1, 0, 3) (up to 0.0024000000000000002 allowed)
E       Greatest relative difference: 76.5312271118164 at index (1, 7, 1) (up to 1.3e-06 allowed)

../src/flag_gems/testing/__init__.py:85: AssertionError
_______________ test_conv_transpose1d[dtype0-1-1-shape1-kernel1] _______________

shape = (4, 8, 16), kernel = (8, 16, 3), stride = 1, padding = 1
dtype = torch.float32
monkeypatch = <_pytest.monkeypatch.MonkeyPatch object at 0x7f641d47b1f0>

    @pytest.mark.conv_transpose1d
    @pytest.mark.parametrize("shape, kernel", SHAPE_CONV_TRANSPOSE1D)
    @pytest.mark.parametrize("stride", STRIDES)
    @pytest.mark.parametrize("padding", PADDINGS)
    @pytest.mark.parametrize("dtype", FLOAT_DTYPES)
    def test_conv_transpose1d(shape, kernel, stride, padding, dtype, monkeypatch):
        inp = torch.randn(shape, dtype=dtype, device=flag_gems.device, requires_grad=False)
        ref_inp = to_reference(inp, True)
        weight = torch.randn(kernel, dtype=dtype, device=flag_gems.device)
        ref_weight = to_reference(weight, True)
        ref_out = torch.nn.functional.conv_transpose1d(
            ref_inp, ref_weight, bias=None, stride=stride, padding=padding, dilation=1
        )
    
        res_out = flag_gems.conv_transpose1d(
            inp, weight, bias=None, stride=stride, padding=padding, dilation=1
        )
        in_channels = kernel[0]
        out_channels = kernel[1]
        kernel_width = kernel[2]
>       gems_assert_close(
            res_out,
            ref_out,
            dtype,
            reduce_dim=kernel_width * max(in_channels, out_channels),
        )

test_conv_transpose1d.py:64: 
_ _ _ _ _ _ _ _ _ _ _ _ _ _ _ _ _ _ _ _ _ _ _ _ _ _ _ _ _ _ _ _ _ _ _ _ _ _ _ _ 
accuracy_utils.py:312: in gems_assert_close
    flag_gems.testing.assert_close(
_ _ _ _ _ _ _ _ _ _ _ _ _ _ _ _ _ _ _ _ _ _ _ _ _ _ _ _ _ _ _ _ _ _ _ _ _ _ _ _ 

res = tensor([[[ 7.4894e-01, -2.4458e-01, -2.0433e-01,  ...,  3.8701e-01,
           6.9298e-01,  4.6545e-02],
         [ 4....2.4637e-01],
         [-2.8108e-01, -1.5843e+00,  1.4245e+00,  ...,  1.2801e+00,
          -5.9137e-01,  3.1198e-01]]])
ref = tensor([[[ -7.5460,   2.4024,  -1.4999,  ...,  -1.2442,  -2.2902,   5.2685],
         [ -0.6471,  -3.0140,  -4.5228,  ...37,  ...,   8.7393,  14.5432,   3.0109],
         [  2.4563,   0.8238,  -3.7081,  ...,   3.1143,   1.5064,   6.0646]]])
dtype = torch.float32, equal_nan = False, reduce_dim = 48, atol = 0.0001

    def assert_close(res, ref, dtype, equal_nan=False, reduce_dim=1, atol=1e-4):
        if dtype is None:
            dtype = torch.float32
        assert res.dtype == dtype
        ref = ref.to(dtype)
        res, ref = _maybe_move_to_cpu(res, ref)
        rtol = RESOLUTION[dtype]
>       torch.testing.assert_close(
            res, ref, atol=atol * reduce_dim, rtol=rtol, equal_nan=equal_nan
        )
E       AssertionError: Tensor-likes are not close!
E       
E       Mismatched elements: 1023 / 1024 (99.9%)
E       Greatest absolute difference: 19.044198989868164 at index (2, 7, 2) (up to 0.0048000000000000004 allowed)
E       Greatest relative difference: 215.0176239013672 at index (2, 14, 4) (up to 1.3e-06 allowed)

../src/flag_gems/testing/__init__.py:85: AssertionError
_______________ test_conv_transpose1d[dtype0-1-1-shape2-kernel2] _______________

shape = (2, 16, 32), kernel = (16, 32, 5), stride = 1, padding = 1
dtype = torch.float32
monkeypatch = <_pytest.monkeypatch.MonkeyPatch object at 0x7f641d4dba60>

    @pytest.mark.conv_transpose1d
    @pytest.mark.parametrize("shape, kernel", SHAPE_CONV_TRANSPOSE1D)
    @pytest.mark.parametrize("stride", STRIDES)
    @pytest.mark.parametrize("padding", PADDINGS)
    @pytest.mark.parametrize("dtype", FLOAT_DTYPES)
    def test_conv_transpose1d(shape, kernel, stride, padding, dtype, monkeypatch):
        inp = torch.randn(shape, dtype=dtype, device=flag_gems.device, requires_grad=False)
        ref_inp = to_reference(inp, True)
        weight = torch.randn(kernel, dtype=dtype, device=flag_gems.device)
        ref_weight = to_reference(weight, True)
        ref_out = torch.nn.functional.conv_transpose1d(
            ref_inp, ref_weight, bias=None, stride=stride, padding=padding, dilation=1
        )
    
        res_out = flag_gems.conv_transpose1d(
            inp, weight, bias=None, stride=stride, padding=padding, dilation=1
        )
        in_channels = kernel[0]
        out_channels = kernel[1]
        kernel_width = kernel[2]
>       gems_assert_close(
            res_out,
            ref_out,
            dtype,
            reduce_dim=kernel_width * max(in_channels, out_channels),
        )

test_conv_transpose1d.py:64: 
_ _ _ _ _ _ _ _ _ _ _ _ _ _ _ _ _ _ _ _ _ _ _ _ _ _ _ _ _ _ _ _ _ _ _ _ _ _ _ _ 
accuracy_utils.py:312: in gems_assert_close
    flag_gems.testing.assert_close(
_ _ _ _ _ _ _ _ _ _ _ _ _ _ _ _ _ _ _ _ _ _ _ _ _ _ _ _ _ _ _ _ _ _ _ _ _ _ _ _ 

res = tensor([[[ 1.4785, -0.2534,  0.5927,  ...,  1.7011, -0.4809,  0.4224],
         [-0.0462,  2.4804, -0.1575,  ...,  2.5...18,  0.5420,  ...,  1.1308, -0.0554,  0.7158],
         [ 0.1154,  0.8018,  0.0094,  ..., -1.2129, -0.5947,  1.8379]]])
ref = tensor([[[ -1.1789,   3.4391,   3.8579,  ...,  13.5530,  -3.1556,   0.6866],
         [  2.0406,   1.3191,  -9.4986,  ...75,  ...,   3.5328, -15.2553,   7.6574],
         [ -4.9506,  -0.8545,   4.1988,  ...,   1.4226,   5.0120,  -4.6148]]])
dtype = torch.float32, equal_nan = False, reduce_dim = 160, atol = 0.0001

    def assert_close(res, ref, dtype, equal_nan=False, reduce_dim=1, atol=1e-4):
        if dtype is None:
            dtype = torch.float32
        assert res.dtype == dtype
        ref = ref.to(dtype)
        res, ref = _maybe_move_to_cpu(res, ref)
        rtol = RESOLUTION[dtype]
>       torch.testing.assert_close(
            res, ref, atol=atol * reduce_dim, rtol=rtol, equal_nan=equal_nan
        )
E       AssertionError: Tensor-likes are not close!
E       
E       Mismatched elements: 2174 / 2176 (99.9%)
E       Greatest absolute difference: 30.583892822265625 at index (1, 19, 30) (up to 0.016 allowed)
E       Greatest relative difference: 310.93609619140625 at index (1, 20, 22) (up to 1.3e-06 allowed)

../src/flag_gems/testing/__init__.py:85: AssertionError
_______________ test_conv_transpose1d[dtype0-1-2-shape0-kernel0] _______________

shape = (2, 4, 8), kernel = (4, 8, 3), stride = 2, padding = 1
dtype = torch.float32
monkeypatch = <_pytest.monkeypatch.MonkeyPatch object at 0x7f641d4d9ae0>

    @pytest.mark.conv_transpose1d
    @pytest.mark.parametrize("shape, kernel", SHAPE_CONV_TRANSPOSE1D)
    @pytest.mark.parametrize("stride", STRIDES)
    @pytest.mark.parametrize("padding", PADDINGS)
    @pytest.mark.parametrize("dtype", FLOAT_DTYPES)
    def test_conv_transpose1d(shape, kernel, stride, padding, dtype, monkeypatch):
        inp = torch.randn(shape, dtype=dtype, device=flag_gems.device, requires_grad=False)
        ref_inp = to_reference(inp, True)
        weight = torch.randn(kernel, dtype=dtype, device=flag_gems.device)
        ref_weight = to_reference(weight, True)
        ref_out = torch.nn.functional.conv_transpose1d(
            ref_inp, ref_weight, bias=None, stride=stride, padding=padding, dilation=1
        )
    
        res_out = flag_gems.conv_transpose1d(
            inp, weight, bias=None, stride=stride, padding=padding, dilation=1
        )
        in_channels = kernel[0]
        out_channels = kernel[1]
        kernel_width = kernel[2]
>       gems_assert_close(
            res_out,
            ref_out,
            dtype,
            reduce_dim=kernel_width * max(in_channels, out_channels),
        )

test_conv_transpose1d.py:64: 
_ _ _ _ _ _ _ _ _ _ _ _ _ _ _ _ _ _ _ _ _ _ _ _ _ _ _ _ _ _ _ _ _ _ _ _ _ _ _ _ 
accuracy_utils.py:312: in gems_assert_close
    flag_gems.testing.assert_close(
_ _ _ _ _ _ _ _ _ _ _ _ _ _ _ _ _ _ _ _ _ _ _ _ _ _ _ _ _ _ _ _ _ _ _ _ _ _ _ _ 

res = tensor([[[-1.4283, -0.9812,  0.3785,  0.1126, -1.8082,  0.0517, -0.6110,
          -0.8350,  0.0418,  1.1942, -0.0325,....0006,  1.8506,  0.0890,
          -0.3190,  1.2757,  0.9226, -1.1396, -1.3451,  0.2820,  1.2997,
           0.8837]]])
ref = tensor([[[ 3.6105e+00, -5.2126e+00,  4.5680e+00, -3.2167e-02, -2.1061e+00,
           5.6274e-04,  1.5033e+00,  1.2130...0, -4.9038e-02, -4.2632e+00, -1.3134e+00,
           2.9450e+00,  1.6068e+00,  1.9083e+00, -2.6472e-01, -6.5251e+00]]])
dtype = torch.float32, equal_nan = False, reduce_dim = 24, atol = 0.0001

    def assert_close(res, ref, dtype, equal_nan=False, reduce_dim=1, atol=1e-4):
        if dtype is None:
            dtype = torch.float32
        assert res.dtype == dtype
        ref = ref.to(dtype)
        res, ref = _maybe_move_to_cpu(res, ref)
        rtol = RESOLUTION[dtype]
>       torch.testing.assert_close(
            res, ref, atol=atol * reduce_dim, rtol=rtol, equal_nan=equal_nan
        )
E       AssertionError: Tensor-likes are not close!
E       
E       Mismatched elements: 240 / 240 (100.0%)
E       Greatest absolute difference: 10.149055480957031 at index (0, 3, 1) (up to 0.0024000000000000002 allowed)
E       Greatest relative difference: 130.35543823242188 at index (1, 3, 12) (up to 1.3e-06 allowed)

../src/flag_gems/testing/__init__.py:85: AssertionError
_______________ test_conv_transpose1d[dtype0-1-2-shape1-kernel1] _______________

shape = (4, 8, 16), kernel = (8, 16, 3), stride = 2, padding = 1
dtype = torch.float32
monkeypatch = <_pytest.monkeypatch.MonkeyPatch object at 0x7f641cb4f940>

    @pytest.mark.conv_transpose1d
    @pytest.mark.parametrize("shape, kernel", SHAPE_CONV_TRANSPOSE1D)
    @pytest.mark.parametrize("stride", STRIDES)
    @pytest.mark.parametrize("padding", PADDINGS)
    @pytest.mark.parametrize("dtype", FLOAT_DTYPES)
    def test_conv_transpose1d(shape, kernel, stride, padding, dtype, monkeypatch):
        inp = torch.randn(shape, dtype=dtype, device=flag_gems.device, requires_grad=False)
        ref_inp = to_reference(inp, True)
        weight = torch.randn(kernel, dtype=dtype, device=flag_gems.device)
        ref_weight = to_reference(weight, True)
        ref_out = torch.nn.functional.conv_transpose1d(
            ref_inp, ref_weight, bias=None, stride=stride, padding=padding, dilation=1
        )
    
        res_out = flag_gems.conv_transpose1d(
            inp, weight, bias=None, stride=stride, padding=padding, dilation=1
        )
        in_channels = kernel[0]
        out_channels = kernel[1]
        kernel_width = kernel[2]
>       gems_assert_close(
            res_out,
            ref_out,
            dtype,
            reduce_dim=kernel_width * max(in_channels, out_channels),
        )

test_conv_transpose1d.py:64: 
_ _ _ _ _ _ _ _ _ _ _ _ _ _ _ _ _ _ _ _ _ _ _ _ _ _ _ _ _ _ _ _ _ _ _ _ _ _ _ _ 
accuracy_utils.py:312: in gems_assert_close
    flag_gems.testing.assert_close(
_ _ _ _ _ _ _ _ _ _ _ _ _ _ _ _ _ _ _ _ _ _ _ _ _ _ _ _ _ _ _ _ _ _ _ _ _ _ _ _ 

res = tensor([[[ 0.0000,  0.0000,  0.0000,  ...,  0.0000,  0.0000,  0.0000],
         [ 0.0000,  0.2739,  2.2382,  ..., -0.2...08, -1.4082,  ..., -1.2441, -0.9130,  0.2749],
         [-0.1365,  1.1620,  0.2307,  ...,  0.9170, -0.5810,  1.1504]]])
ref = tensor([[[-1.8721,  2.6917, -0.5075,  ...,  0.7623, -0.4419, -2.5991],
         [ 1.6029, -4.8732, -1.4657,  ..., -6.2...28, -0.3204,  ..., -1.8036,  0.6423,  7.6064],
         [-1.1308,  1.0364,  0.2795,  ..., -1.4597,  2.9473,  1.3373]]])
dtype = torch.float32, equal_nan = False, reduce_dim = 48, atol = 0.0001

    def assert_close(res, ref, dtype, equal_nan=False, reduce_dim=1, atol=1e-4):
        if dtype is None:
            dtype = torch.float32
        assert res.dtype == dtype
        ref = ref.to(dtype)
        res, ref = _maybe_move_to_cpu(res, ref)
        rtol = RESOLUTION[dtype]
>       torch.testing.assert_close(
            res, ref, atol=atol * reduce_dim, rtol=rtol, equal_nan=equal_nan
        )
E       AssertionError: Tensor-likes are not close!
E       
E       Mismatched elements: 1983 / 1984 (99.9%)
E       Greatest absolute difference: 16.13604164123535 at index (3, 3, 17) (up to 0.0048000000000000004 allowed)
E       Greatest relative difference: 407.57330322265625 at index (1, 0, 11) (up to 1.3e-06 allowed)

../src/flag_gems/testing/__init__.py:85: AssertionError
_______________ test_conv_transpose1d[dtype0-1-2-shape2-kernel2] _______________

shape = (2, 16, 32), kernel = (16, 32, 5), stride = 2, padding = 1
dtype = torch.float32
monkeypatch = <_pytest.monkeypatch.MonkeyPatch object at 0x7f641cb5f850>

    @pytest.mark.conv_transpose1d
    @pytest.mark.parametrize("shape, kernel", SHAPE_CONV_TRANSPOSE1D)
    @pytest.mark.parametrize("stride", STRIDES)
    @pytest.mark.parametrize("padding", PADDINGS)
    @pytest.mark.parametrize("dtype", FLOAT_DTYPES)
    def test_conv_transpose1d(shape, kernel, stride, padding, dtype, monkeypatch):
        inp = torch.randn(shape, dtype=dtype, device=flag_gems.device, requires_grad=False)
        ref_inp = to_reference(inp, True)
        weight = torch.randn(kernel, dtype=dtype, device=flag_gems.device)
        ref_weight = to_reference(weight, True)
        ref_out = torch.nn.functional.conv_transpose1d(
            ref_inp, ref_weight, bias=None, stride=stride, padding=padding, dilation=1
        )
    
        res_out = flag_gems.conv_transpose1d(
            inp, weight, bias=None, stride=stride, padding=padding, dilation=1
        )
        in_channels = kernel[0]
        out_channels = kernel[1]
        kernel_width = kernel[2]
>       gems_assert_close(
            res_out,
            ref_out,
            dtype,
            reduce_dim=kernel_width * max(in_channels, out_channels),
        )

test_conv_transpose1d.py:64: 
_ _ _ _ _ _ _ _ _ _ _ _ _ _ _ _ _ _ _ _ _ _ _ _ _ _ _ _ _ _ _ _ _ _ _ _ _ _ _ _ 
accuracy_utils.py:312: in gems_assert_close
    flag_gems.testing.assert_close(
_ _ _ _ _ _ _ _ _ _ _ _ _ _ _ _ _ _ _ _ _ _ _ _ _ _ _ _ _ _ _ _ _ _ _ _ _ _ _ _ 

res = tensor([[[-0.1151,  0.1638,  1.5761,  ...,  0.5322,  0.9248,  0.9170],
         [-0.6006, -1.1347,  0.7197,  ..., -1.1...97, -1.8183,  ..., -2.6523,  1.1074,  0.4516],
         [-1.4004, -0.3413,  3.1601,  ..., -0.2739, -1.2285, -1.1972]]])
ref = tensor([[[ -0.2444,  -0.0874,  -2.1390,  ...,   8.7640,  -3.2890,   3.1789],
         [ -5.5925,   3.5479,  -5.8033,  ...75,  ...,   1.9154,  -3.3050,   0.1415],
         [ -2.3010,   4.4045,   4.9556,  ...,   9.5811,   3.1904,  -8.2448]]])
dtype = torch.float32, equal_nan = False, reduce_dim = 160, atol = 0.0001

    def assert_close(res, ref, dtype, equal_nan=False, reduce_dim=1, atol=1e-4):
        if dtype is None:
            dtype = torch.float32
        assert res.dtype == dtype
        ref = ref.to(dtype)
        res, ref = _maybe_move_to_cpu(res, ref)
        rtol = RESOLUTION[dtype]
>       torch.testing.assert_close(
            res, ref, atol=atol * reduce_dim, rtol=rtol, equal_nan=equal_nan
        )
E       AssertionError: Tensor-likes are not close!
E       
E       Mismatched elements: 4151 / 4160 (99.8%)
E       Greatest absolute difference: 26.706588745117188 at index (0, 27, 45) (up to 0.016 allowed)
E       Greatest relative difference: 459.9537353515625 at index (0, 11, 35) (up to 1.3e-06 allowed)

../src/flag_gems/testing/__init__.py:85: AssertionError
_______________ test_conv_transpose1d[dtype1-0-1-shape0-kernel0] _______________

shape = (2, 4, 8), kernel = (4, 8, 3), stride = 1, padding = 0
dtype = torch.float16
monkeypatch = <_pytest.monkeypatch.MonkeyPatch object at 0x7f641cb8b850>

    @pytest.mark.conv_transpose1d
    @pytest.mark.parametrize("shape, kernel", SHAPE_CONV_TRANSPOSE1D)
    @pytest.mark.parametrize("stride", STRIDES)
    @pytest.mark.parametrize("padding", PADDINGS)
    @pytest.mark.parametrize("dtype", FLOAT_DTYPES)
    def test_conv_transpose1d(shape, kernel, stride, padding, dtype, monkeypatch):
        inp = torch.randn(shape, dtype=dtype, device=flag_gems.device, requires_grad=False)
        ref_inp = to_reference(inp, True)
        weight = torch.randn(kernel, dtype=dtype, device=flag_gems.device)
        ref_weight = to_reference(weight, True)
        ref_out = torch.nn.functional.conv_transpose1d(
            ref_inp, ref_weight, bias=None, stride=stride, padding=padding, dilation=1
        )
    
        res_out = flag_gems.conv_transpose1d(
            inp, weight, bias=None, stride=stride, padding=padding, dilation=1
        )
        in_channels = kernel[0]
        out_channels = kernel[1]
        kernel_width = kernel[2]
>       gems_assert_close(
            res_out,
            ref_out,
            dtype,
            reduce_dim=kernel_width * max(in_channels, out_channels),
        )

test_conv_transpose1d.py:64: 
_ _ _ _ _ _ _ _ _ _ _ _ _ _ _ _ _ _ _ _ _ _ _ _ _ _ _ _ _ _ _ _ _ _ _ _ _ _ _ _ 
accuracy_utils.py:312: in gems_assert_close
    flag_gems.testing.assert_close(
_ _ _ _ _ _ _ _ _ _ _ _ _ _ _ _ _ _ _ _ _ _ _ _ _ _ _ _ _ _ _ _ _ _ _ _ _ _ _ _ 

res = tensor([[[-2.9761e-01,  1.9736e+00,  8.8024e-04,  1.7471e+00,  7.3291e-01,
           1.7793e+00,  3.9917e-01,  1.7822...  6.4049e-03,
          -1.7998e+00, -4.0896e+04,  1.9619e+00, -3.9625e-04,  1.9346e+00]]],
       dtype=torch.float16)
ref = tensor([[[  0.4014,  -0.5664,  -1.1826,  -0.1497,   2.9609,   2.5488,  -5.2266,
            4.2461,   0.1122,   0.8281...0288,   2.5195,   3.9844,  -0.4094,  -5.7422,   0.0149,
            3.9707,   2.4004,  -0.3333]]], dtype=torch.float16)
dtype = torch.float16, equal_nan = False, reduce_dim = 24, atol = 0.0001

    def assert_close(res, ref, dtype, equal_nan=False, reduce_dim=1, atol=1e-4):
        if dtype is None:
            dtype = torch.float32
        assert res.dtype == dtype
        ref = ref.to(dtype)
        res, ref = _maybe_move_to_cpu(res, ref)
        rtol = RESOLUTION[dtype]
>       torch.testing.assert_close(
            res, ref, atol=atol * reduce_dim, rtol=rtol, equal_nan=equal_nan
        )
E       AssertionError: Tensor-likes are not close!
E       
E       Mismatched elements: 160 / 160 (100.0%)
E       Greatest absolute difference: nan at index (0, 0, 8) (up to 0.0024000000000000002 allowed)
E       Greatest relative difference: nan at index (0, 0, 8) (up to 0.001 allowed)

../src/flag_gems/testing/__init__.py:85: AssertionError
_______________ test_conv_transpose1d[dtype1-0-1-shape1-kernel1] _______________

shape = (4, 8, 16), kernel = (8, 16, 3), stride = 1, padding = 0
dtype = torch.float16
monkeypatch = <_pytest.monkeypatch.MonkeyPatch object at 0x7f641cb5dff0>

    @pytest.mark.conv_transpose1d
    @pytest.mark.parametrize("shape, kernel", SHAPE_CONV_TRANSPOSE1D)
    @pytest.mark.parametrize("stride", STRIDES)
    @pytest.mark.parametrize("padding", PADDINGS)
    @pytest.mark.parametrize("dtype", FLOAT_DTYPES)
    def test_conv_transpose1d(shape, kernel, stride, padding, dtype, monkeypatch):
        inp = torch.randn(shape, dtype=dtype, device=flag_gems.device, requires_grad=False)
        ref_inp = to_reference(inp, True)
        weight = torch.randn(kernel, dtype=dtype, device=flag_gems.device)
        ref_weight = to_reference(weight, True)
        ref_out = torch.nn.functional.conv_transpose1d(
            ref_inp, ref_weight, bias=None, stride=stride, padding=padding, dilation=1
        )
    
        res_out = flag_gems.conv_transpose1d(
            inp, weight, bias=None, stride=stride, padding=padding, dilation=1
        )
        in_channels = kernel[0]
        out_channels = kernel[1]
        kernel_width = kernel[2]
>       gems_assert_close(
            res_out,
            ref_out,
            dtype,
            reduce_dim=kernel_width * max(in_channels, out_channels),
        )

test_conv_transpose1d.py:64: 
_ _ _ _ _ _ _ _ _ _ _ _ _ _ _ _ _ _ _ _ _ _ _ _ _ _ _ _ _ _ _ _ _ _ _ _ _ _ _ _ 
accuracy_utils.py:312: in gems_assert_close
    flag_gems.testing.assert_close(
_ _ _ _ _ _ _ _ _ _ _ _ _ _ _ _ _ _ _ _ _ _ _ _ _ _ _ _ _ _ _ _ _ _ _ _ _ _ _ _ 

res = tensor([[[ 0.0000,  0.0000,  0.0000,  ...,  0.0000,  0.0000,  0.0000],
         [ 0.0000,  0.0000,  0.0000,  ...,  0.0... 1.9912,  1.4219],
         [-1.9268,  1.8242,  1.8418,  ..., -1.8926, -1.6338,  1.8721]]],
       dtype=torch.float16)
ref = tensor([[[ -1.0537,   3.9551,  -0.4021,  ...,  -0.8965,   0.4067,  -2.2520],
         [ -1.4834,   2.1523,  -0.6587,  ...,   2.0801],
         [ -3.3555,   0.4314, -10.2969,  ...,   3.2656,  -1.9092,  -0.2771]]],
       dtype=torch.float16)
dtype = torch.float16, equal_nan = False, reduce_dim = 48, atol = 0.0001

    def assert_close(res, ref, dtype, equal_nan=False, reduce_dim=1, atol=1e-4):
        if dtype is None:
            dtype = torch.float32
        assert res.dtype == dtype
        ref = ref.to(dtype)
        res, ref = _maybe_move_to_cpu(res, ref)
        rtol = RESOLUTION[dtype]
>       torch.testing.assert_close(
            res, ref, atol=atol * reduce_dim, rtol=rtol, equal_nan=equal_nan
        )
E       AssertionError: Tensor-likes are not close!
E       
E       Mismatched elements: 1150 / 1152 (99.8%)
E       Greatest absolute difference: 18.796875 at index (1, 5, 2) (up to 0.0048000000000000004 allowed)
E       Greatest relative difference: 255.375 at index (2, 8, 16) (up to 0.001 allowed)

../src/flag_gems/testing/__init__.py:85: AssertionError
_______________ test_conv_transpose1d[dtype1-0-1-shape2-kernel2] _______________

shape = (2, 16, 32), kernel = (16, 32, 5), stride = 1, padding = 0
dtype = torch.float16
monkeypatch = <_pytest.monkeypatch.MonkeyPatch object at 0x7f641cb77c10>

    @pytest.mark.conv_transpose1d
    @pytest.mark.parametrize("shape, kernel", SHAPE_CONV_TRANSPOSE1D)
    @pytest.mark.parametrize("stride", STRIDES)
    @pytest.mark.parametrize("padding", PADDINGS)
    @pytest.mark.parametrize("dtype", FLOAT_DTYPES)
    def test_conv_transpose1d(shape, kernel, stride, padding, dtype, monkeypatch):
        inp = torch.randn(shape, dtype=dtype, device=flag_gems.device, requires_grad=False)
        ref_inp = to_reference(inp, True)
        weight = torch.randn(kernel, dtype=dtype, device=flag_gems.device)
        ref_weight = to_reference(weight, True)
        ref_out = torch.nn.functional.conv_transpose1d(
            ref_inp, ref_weight, bias=None, stride=stride, padding=padding, dilation=1
        )
    
        res_out = flag_gems.conv_transpose1d(
            inp, weight, bias=None, stride=stride, padding=padding, dilation=1
        )
        in_channels = kernel[0]
        out_channels = kernel[1]
        kernel_width = kernel[2]
>       gems_assert_close(
            res_out,
            ref_out,
            dtype,
            reduce_dim=kernel_width * max(in_channels, out_channels),
        )

test_conv_transpose1d.py:64: 
_ _ _ _ _ _ _ _ _ _ _ _ _ _ _ _ _ _ _ _ _ _ _ _ _ _ _ _ _ _ _ _ _ _ _ _ _ _ _ _ 
accuracy_utils.py:312: in gems_assert_close
    flag_gems.testing.assert_close(
_ _ _ _ _ _ _ _ _ _ _ _ _ _ _ _ _ _ _ _ _ _ _ _ _ _ _ _ _ _ _ _ _ _ _ _ _ _ _ _ 

res = tensor([[[ 1.9316,  1.6914, -2.0078,  ...,  1.7764, -1.3760,  1.9170],
         [-1.9883, -1.9180, -1.7539,  ..., -1.9...-1.8691, -1.7422],
         [-1.9258, -1.7383,  1.8682,  ...,  1.7783,  1.9824,  1.8887]]],
       dtype=torch.float16)
ref = tensor([[[ -2.6230,  -3.7871,   9.9531,  ...,  -9.3047,  -4.4883,   4.7930],
         [  6.1484,  -5.7344,   1.9541,  ...,  -1.9092],
         [ -0.9346,   2.0020,  -7.8594,  ...,   2.1328,   6.2891,   5.6406]]],
       dtype=torch.float16)
dtype = torch.float16, equal_nan = False, reduce_dim = 160, atol = 0.0001

    def assert_close(res, ref, dtype, equal_nan=False, reduce_dim=1, atol=1e-4):
        if dtype is None:
            dtype = torch.float32
        assert res.dtype == dtype
        ref = ref.to(dtype)
        res, ref = _maybe_move_to_cpu(res, ref)
        rtol = RESOLUTION[dtype]
>       torch.testing.assert_close(
            res, ref, atol=atol * reduce_dim, rtol=rtol, equal_nan=equal_nan
        )
E       AssertionError: Tensor-likes are not close!
E       
E       Mismatched elements: 2303 / 2304 (100.0%)
E       Greatest absolute difference: 34.46875 at index (1, 31, 12) (up to 0.016 allowed)
E       Greatest relative difference: 182.25 at index (1, 7, 1) (up to 0.001 allowed)

../src/flag_gems/testing/__init__.py:85: AssertionError
_______________ test_conv_transpose1d[dtype1-0-2-shape0-kernel0] _______________

shape = (2, 4, 8), kernel = (4, 8, 3), stride = 2, padding = 0
dtype = torch.float16
monkeypatch = <_pytest.monkeypatch.MonkeyPatch object at 0x7f641cb20d30>

    @pytest.mark.conv_transpose1d
    @pytest.mark.parametrize("shape, kernel", SHAPE_CONV_TRANSPOSE1D)
    @pytest.mark.parametrize("stride", STRIDES)
    @pytest.mark.parametrize("padding", PADDINGS)
    @pytest.mark.parametrize("dtype", FLOAT_DTYPES)
    def test_conv_transpose1d(shape, kernel, stride, padding, dtype, monkeypatch):
        inp = torch.randn(shape, dtype=dtype, device=flag_gems.device, requires_grad=False)
        ref_inp = to_reference(inp, True)
        weight = torch.randn(kernel, dtype=dtype, device=flag_gems.device)
        ref_weight = to_reference(weight, True)
        ref_out = torch.nn.functional.conv_transpose1d(
            ref_inp, ref_weight, bias=None, stride=stride, padding=padding, dilation=1
        )
    
        res_out = flag_gems.conv_transpose1d(
            inp, weight, bias=None, stride=stride, padding=padding, dilation=1
        )
        in_channels = kernel[0]
        out_channels = kernel[1]
        kernel_width = kernel[2]
>       gems_assert_close(
            res_out,
            ref_out,
            dtype,
            reduce_dim=kernel_width * max(in_channels, out_channels),
        )

test_conv_transpose1d.py:64: 
_ _ _ _ _ _ _ _ _ _ _ _ _ _ _ _ _ _ _ _ _ _ _ _ _ _ _ _ _ _ _ _ _ _ _ _ _ _ _ _ 
accuracy_utils.py:312: in gems_assert_close
    flag_gems.testing.assert_close(
_ _ _ _ _ _ _ _ _ _ _ _ _ _ _ _ _ _ _ _ _ _ _ _ _ _ _ _ _ _ _ _ _ _ _ _ _ _ _ _ 

res = tensor([[[ 3.5913e-01,  8.2178e-01, -2.4434e+00, -4.0869e-01,  1.0410e+00,
           2.6191e+00, -2.5024e-01, -3.8721...39e+00, -1.6232e+04, -1.9121e+00,  1.0926e-04, -1.5928e+00,
           7.6828e-03, -1.6797e+00]]], dtype=torch.float16)
ref = tensor([[[ 4.0894e-01,  1.7891e+00, -4.9731e-01,  4.3281e+00,  4.7046e-01,
          -2.9727e+00, -1.1982e+00, -2.0977...25e+00, -5.0547e+00,  1.6094e+00,  1.4912e+00, -2.9473e+00,
          -4.0601e-01, -9.1797e-01]]], dtype=torch.float16)
dtype = torch.float16, equal_nan = False, reduce_dim = 24, atol = 0.0001

    def assert_close(res, ref, dtype, equal_nan=False, reduce_dim=1, atol=1e-4):
        if dtype is None:
            dtype = torch.float32
        assert res.dtype == dtype
        ref = ref.to(dtype)
        res, ref = _maybe_move_to_cpu(res, ref)
        rtol = RESOLUTION[dtype]
>       torch.testing.assert_close(
            res, ref, atol=atol * reduce_dim, rtol=rtol, equal_nan=equal_nan
        )
E       AssertionError: Tensor-likes are not close!
E       
E       Mismatched elements: 272 / 272 (100.0%)
E       Greatest absolute difference: nan at index (1, 0, 10) (up to 0.0024000000000000002 allowed)
E       Greatest relative difference: nan at index (1, 0, 10) (up to 0.001 allowed)

../src/flag_gems/testing/__init__.py:85: AssertionError
_______________ test_conv_transpose1d[dtype1-0-2-shape1-kernel1] _______________

shape = (4, 8, 16), kernel = (8, 16, 3), stride = 2, padding = 0
dtype = torch.float16
monkeypatch = <_pytest.monkeypatch.MonkeyPatch object at 0x7f641cba4100>

    @pytest.mark.conv_transpose1d
    @pytest.mark.parametrize("shape, kernel", SHAPE_CONV_TRANSPOSE1D)
    @pytest.mark.parametrize("stride", STRIDES)
    @pytest.mark.parametrize("padding", PADDINGS)
    @pytest.mark.parametrize("dtype", FLOAT_DTYPES)
    def test_conv_transpose1d(shape, kernel, stride, padding, dtype, monkeypatch):
        inp = torch.randn(shape, dtype=dtype, device=flag_gems.device, requires_grad=False)
        ref_inp = to_reference(inp, True)
        weight = torch.randn(kernel, dtype=dtype, device=flag_gems.device)
        ref_weight = to_reference(weight, True)
        ref_out = torch.nn.functional.conv_transpose1d(
            ref_inp, ref_weight, bias=None, stride=stride, padding=padding, dilation=1
        )
    
        res_out = flag_gems.conv_transpose1d(
            inp, weight, bias=None, stride=stride, padding=padding, dilation=1
        )
        in_channels = kernel[0]
        out_channels = kernel[1]
        kernel_width = kernel[2]
>       gems_assert_close(
            res_out,
            ref_out,
            dtype,
            reduce_dim=kernel_width * max(in_channels, out_channels),
        )

test_conv_transpose1d.py:64: 
_ _ _ _ _ _ _ _ _ _ _ _ _ _ _ _ _ _ _ _ _ _ _ _ _ _ _ _ _ _ _ _ _ _ _ _ _ _ _ _ 
accuracy_utils.py:312: in gems_assert_close
    flag_gems.testing.assert_close(
_ _ _ _ _ _ _ _ _ _ _ _ _ _ _ _ _ _ _ _ _ _ _ _ _ _ _ _ _ _ _ _ _ _ _ _ _ _ _ _ 

res = tensor([[[-0.4937, -0.4507, -1.0850,  ..., -0.2991,  1.0967,  0.5483],
         [-0.7310, -0.8989,  0.3884,  ...,  1.4...-0.7554,  0.0808],
         [-0.8037,  0.3972, -0.7778,  ...,  0.7065,  1.6182, -0.7617]]],
       dtype=torch.float16)
ref = tensor([[[ 1.3877,  1.0078,  2.9863,  ...,  9.6406, -4.9883, -4.6016],
         [ 1.6416, -2.0391,  2.4844,  ...,  6.0... 1.5850, -3.8672],
         [ 1.2012, -0.7681, -2.2109,  ..., -1.3486, -4.4492,  1.2461]]],
       dtype=torch.float16)
dtype = torch.float16, equal_nan = False, reduce_dim = 48, atol = 0.0001

    def assert_close(res, ref, dtype, equal_nan=False, reduce_dim=1, atol=1e-4):
        if dtype is None:
            dtype = torch.float32
        assert res.dtype == dtype
        ref = ref.to(dtype)
        res, ref = _maybe_move_to_cpu(res, ref)
        rtol = RESOLUTION[dtype]
>       torch.testing.assert_close(
            res, ref, atol=atol * reduce_dim, rtol=rtol, equal_nan=equal_nan
        )
E       AssertionError: Tensor-likes are not close!
E       
E       Mismatched elements: 2109 / 2112 (99.9%)
E       Greatest absolute difference: 13.171875 at index (2, 0, 18) (up to 0.0048000000000000004 allowed)
E       Greatest relative difference: 4082.0 at index (3, 12, 1) (up to 0.001 allowed)

../src/flag_gems/testing/__init__.py:85: AssertionError
_______________ test_conv_transpose1d[dtype1-0-2-shape2-kernel2] _______________

shape = (2, 16, 32), kernel = (16, 32, 5), stride = 2, padding = 0
dtype = torch.float16
monkeypatch = <_pytest.monkeypatch.MonkeyPatch object at 0x7f641cb2c1f0>

    @pytest.mark.conv_transpose1d
    @pytest.mark.parametrize("shape, kernel", SHAPE_CONV_TRANSPOSE1D)
    @pytest.mark.parametrize("stride", STRIDES)
    @pytest.mark.parametrize("padding", PADDINGS)
    @pytest.mark.parametrize("dtype", FLOAT_DTYPES)
    def test_conv_transpose1d(shape, kernel, stride, padding, dtype, monkeypatch):
        inp = torch.randn(shape, dtype=dtype, device=flag_gems.device, requires_grad=False)
        ref_inp = to_reference(inp, True)
        weight = torch.randn(kernel, dtype=dtype, device=flag_gems.device)
        ref_weight = to_reference(weight, True)
        ref_out = torch.nn.functional.conv_transpose1d(
            ref_inp, ref_weight, bias=None, stride=stride, padding=padding, dilation=1
        )
    
        res_out = flag_gems.conv_transpose1d(
            inp, weight, bias=None, stride=stride, padding=padding, dilation=1
        )
        in_channels = kernel[0]
        out_channels = kernel[1]
        kernel_width = kernel[2]
>       gems_assert_close(
            res_out,
            ref_out,
            dtype,
            reduce_dim=kernel_width * max(in_channels, out_channels),
        )

test_conv_transpose1d.py:64: 
_ _ _ _ _ _ _ _ _ _ _ _ _ _ _ _ _ _ _ _ _ _ _ _ _ _ _ _ _ _ _ _ _ _ _ _ _ _ _ _ 
accuracy_utils.py:312: in gems_assert_close
    flag_gems.testing.assert_close(
_ _ _ _ _ _ _ _ _ _ _ _ _ _ _ _ _ _ _ _ _ _ _ _ _ _ _ _ _ _ _ _ _ _ _ _ _ _ _ _ 

res = tensor([[[-1.8926,  1.5039,  1.9170,  ...,  1.4121,  1.9688,  1.9385],
         [ 1.6416,  1.7695, -1.8184,  ...,  1.4...-1.8154, -1.8760],
         [ 1.9600,  1.7441, -1.6680,  ..., -1.6582, -1.7646, -1.6377]]],
       dtype=torch.float16)
ref = tensor([[[-0.6328,  4.3711,  2.1074,  ..., -0.3464,  1.9434, 10.6406],
         [ 2.7754,  0.9258,  5.8008,  ...,  4.7... 4.2695,  1.5928],
         [ 0.7051, -3.7891,  2.3066,  ..., -5.2383,  1.4131,  2.2832]]],
       dtype=torch.float16)
dtype = torch.float16, equal_nan = False, reduce_dim = 160, atol = 0.0001

    def assert_close(res, ref, dtype, equal_nan=False, reduce_dim=1, atol=1e-4):
        if dtype is None:
            dtype = torch.float32
        assert res.dtype == dtype
        ref = ref.to(dtype)
        res, ref = _maybe_move_to_cpu(res, ref)
        rtol = RESOLUTION[dtype]
>       torch.testing.assert_close(
            res, ref, atol=atol * reduce_dim, rtol=rtol, equal_nan=equal_nan
        )
E       AssertionError: Tensor-likes are not close!
E       
E       Mismatched elements: 4286 / 4288 (100.0%)
E       Greatest absolute difference: 29.96875 at index (0, 1, 6) (up to 0.016 allowed)
E       Greatest relative difference: 43936.0 at index (0, 30, 14) (up to 0.001 allowed)

../src/flag_gems/testing/__init__.py:85: AssertionError
_______________ test_conv_transpose1d[dtype1-1-1-shape0-kernel0] _______________

shape = (2, 4, 8), kernel = (4, 8, 3), stride = 1, padding = 1
dtype = torch.float16
monkeypatch = <_pytest.monkeypatch.MonkeyPatch object at 0x7f641cb2d1b0>

    @pytest.mark.conv_transpose1d
    @pytest.mark.parametrize("shape, kernel", SHAPE_CONV_TRANSPOSE1D)
    @pytest.mark.parametrize("stride", STRIDES)
    @pytest.mark.parametrize("padding", PADDINGS)
    @pytest.mark.parametrize("dtype", FLOAT_DTYPES)
    def test_conv_transpose1d(shape, kernel, stride, padding, dtype, monkeypatch):
        inp = torch.randn(shape, dtype=dtype, device=flag_gems.device, requires_grad=False)
        ref_inp = to_reference(inp, True)
        weight = torch.randn(kernel, dtype=dtype, device=flag_gems.device)
        ref_weight = to_reference(weight, True)
        ref_out = torch.nn.functional.conv_transpose1d(
            ref_inp, ref_weight, bias=None, stride=stride, padding=padding, dilation=1
        )
    
        res_out = flag_gems.conv_transpose1d(
            inp, weight, bias=None, stride=stride, padding=padding, dilation=1
        )
        in_channels = kernel[0]
        out_channels = kernel[1]
        kernel_width = kernel[2]
>       gems_assert_close(
            res_out,
            ref_out,
            dtype,
            reduce_dim=kernel_width * max(in_channels, out_channels),
        )

test_conv_transpose1d.py:64: 
_ _ _ _ _ _ _ _ _ _ _ _ _ _ _ _ _ _ _ _ _ _ _ _ _ _ _ _ _ _ _ _ _ _ _ _ _ _ _ _ 
accuracy_utils.py:312: in gems_assert_close
    flag_gems.testing.assert_close(
_ _ _ _ _ _ _ _ _ _ _ _ _ _ _ _ _ _ _ _ _ _ _ _ _ _ _ _ _ _ _ _ _ _ _ _ _ _ _ _ 

res = tensor([[[-1.6670,  1.5703,  1.8525,  1.9287, -1.8955, -1.7803, -1.8115,
           1.9219],
         [ 1.5088, -1.648...5],
         [ 1.6982,  1.9609, -1.8848, -1.7373,  2.0078, -1.8799,  1.5908,
           1.9463]]], dtype=torch.float16)
ref = tensor([[[ 6.4883,  7.4453,  2.5371,  2.6191,  3.4004, -3.6602,  0.6509,
          -6.1836],
         [-1.6865, -0.632...6],
         [ 2.1387, -1.0928, -0.9849,  1.5342, -0.9932, -2.1328,  1.6875,
           0.5376]]], dtype=torch.float16)
dtype = torch.float16, equal_nan = False, reduce_dim = 24, atol = 0.0001

    def assert_close(res, ref, dtype, equal_nan=False, reduce_dim=1, atol=1e-4):
        if dtype is None:
            dtype = torch.float32
        assert res.dtype == dtype
        ref = ref.to(dtype)
        res, ref = _maybe_move_to_cpu(res, ref)
        rtol = RESOLUTION[dtype]
>       torch.testing.assert_close(
            res, ref, atol=atol * reduce_dim, rtol=rtol, equal_nan=equal_nan
        )
E       AssertionError: Tensor-likes are not close!
E       
E       Mismatched elements: 128 / 128 (100.0%)
E       Greatest absolute difference: 10.265625 at index (1, 1, 3) (up to 0.0024000000000000002 allowed)
E       Greatest relative difference: 48.71875 at index (0, 3, 1) (up to 0.001 allowed)

../src/flag_gems/testing/__init__.py:85: AssertionError
_______________ test_conv_transpose1d[dtype1-1-1-shape1-kernel1] _______________

shape = (4, 8, 16), kernel = (8, 16, 3), stride = 1, padding = 1
dtype = torch.float16
monkeypatch = <_pytest.monkeypatch.MonkeyPatch object at 0x7f641cbc8d90>

    @pytest.mark.conv_transpose1d
    @pytest.mark.parametrize("shape, kernel", SHAPE_CONV_TRANSPOSE1D)
    @pytest.mark.parametrize("stride", STRIDES)
    @pytest.mark.parametrize("padding", PADDINGS)
    @pytest.mark.parametrize("dtype", FLOAT_DTYPES)
    def test_conv_transpose1d(shape, kernel, stride, padding, dtype, monkeypatch):
        inp = torch.randn(shape, dtype=dtype, device=flag_gems.device, requires_grad=False)
        ref_inp = to_reference(inp, True)
        weight = torch.randn(kernel, dtype=dtype, device=flag_gems.device)
        ref_weight = to_reference(weight, True)
        ref_out = torch.nn.functional.conv_transpose1d(
            ref_inp, ref_weight, bias=None, stride=stride, padding=padding, dilation=1
        )
    
        res_out = flag_gems.conv_transpose1d(
            inp, weight, bias=None, stride=stride, padding=padding, dilation=1
        )
        in_channels = kernel[0]
        out_channels = kernel[1]
        kernel_width = kernel[2]
>       gems_assert_close(
            res_out,
            ref_out,
            dtype,
            reduce_dim=kernel_width * max(in_channels, out_channels),
        )

test_conv_transpose1d.py:64: 
_ _ _ _ _ _ _ _ _ _ _ _ _ _ _ _ _ _ _ _ _ _ _ _ _ _ _ _ _ _ _ _ _ _ _ _ _ _ _ _ 
accuracy_utils.py:312: in gems_assert_close
    flag_gems.testing.assert_close(
_ _ _ _ _ _ _ _ _ _ _ _ _ _ _ _ _ _ _ _ _ _ _ _ _ _ _ _ _ _ _ _ _ _ _ _ _ _ _ _ 

res = tensor([[[-4.4214e-01, -2.9932e-01, -6.8213e-01,  ...,  3.7695e-01,
           8.0505e-02,  1.3213e+00],
         [ 9.... [-1.4062e+00, -8.3740e-01,  2.5464e-01,  ...,  7.5000e-01,
           1.4636e-01,  1.7627e+00]]], dtype=torch.float16)
ref = tensor([[[ -0.4219,   1.7422,  -4.2344,  ...,  -4.7422,   1.0840,   3.5371],
         [ -2.6992,   0.2549,   4.7852,  ...,   7.7930],
         [ -0.5269,  -4.8633,  -2.2695,  ...,   7.0938,  -8.1484, -13.5312]]],
       dtype=torch.float16)
dtype = torch.float16, equal_nan = False, reduce_dim = 48, atol = 0.0001

    def assert_close(res, ref, dtype, equal_nan=False, reduce_dim=1, atol=1e-4):
        if dtype is None:
            dtype = torch.float32
        assert res.dtype == dtype
        ref = ref.to(dtype)
        res, ref = _maybe_move_to_cpu(res, ref)
        rtol = RESOLUTION[dtype]
>       torch.testing.assert_close(
            res, ref, atol=atol * reduce_dim, rtol=rtol, equal_nan=equal_nan
        )
E       AssertionError: Tensor-likes are not close!
E       
E       Mismatched elements: 1024 / 1024 (100.0%)
E       Greatest absolute difference: 17.625 at index (1, 14, 5) (up to 0.0048000000000000004 allowed)
E       Greatest relative difference: 450.5 at index (2, 11, 14) (up to 0.001 allowed)

../src/flag_gems/testing/__init__.py:85: AssertionError
_______________ test_conv_transpose1d[dtype1-1-1-shape2-kernel2] _______________

shape = (2, 16, 32), kernel = (16, 32, 5), stride = 1, padding = 1
dtype = torch.float16
monkeypatch = <_pytest.monkeypatch.MonkeyPatch object at 0x7f641cc19a50>

    @pytest.mark.conv_transpose1d
    @pytest.mark.parametrize("shape, kernel", SHAPE_CONV_TRANSPOSE1D)
    @pytest.mark.parametrize("stride", STRIDES)
    @pytest.mark.parametrize("padding", PADDINGS)
    @pytest.mark.parametrize("dtype", FLOAT_DTYPES)
    def test_conv_transpose1d(shape, kernel, stride, padding, dtype, monkeypatch):
        inp = torch.randn(shape, dtype=dtype, device=flag_gems.device, requires_grad=False)
        ref_inp = to_reference(inp, True)
        weight = torch.randn(kernel, dtype=dtype, device=flag_gems.device)
        ref_weight = to_reference(weight, True)
        ref_out = torch.nn.functional.conv_transpose1d(
            ref_inp, ref_weight, bias=None, stride=stride, padding=padding, dilation=1
        )
    
        res_out = flag_gems.conv_transpose1d(
            inp, weight, bias=None, stride=stride, padding=padding, dilation=1
        )
        in_channels = kernel[0]
        out_channels = kernel[1]
        kernel_width = kernel[2]
>       gems_assert_close(
            res_out,
            ref_out,
            dtype,
            reduce_dim=kernel_width * max(in_channels, out_channels),
        )

test_conv_transpose1d.py:64: 
_ _ _ _ _ _ _ _ _ _ _ _ _ _ _ _ _ _ _ _ _ _ _ _ _ _ _ _ _ _ _ _ _ _ _ _ _ _ _ _ 
accuracy_utils.py:312: in gems_assert_close
    flag_gems.testing.assert_close(
_ _ _ _ _ _ _ _ _ _ _ _ _ _ _ _ _ _ _ _ _ _ _ _ _ _ _ _ _ _ _ _ _ _ _ _ _ _ _ _ 

res = tensor([[[-1.5303, -1.7988, -1.5596,  ..., -1.8877,  1.6562, -1.6367],
         [ 1.7139, -1.6611,  1.8291,  ...,  1.9...-1.7324,  1.8770],
         [ 1.7764,  1.8037,  1.7842,  ...,  1.9600,  1.7441, -1.6680]]],
       dtype=torch.float16)
ref = tensor([[[ -7.3711,  -5.1055,  -7.5156,  ...,   2.6504,   6.7891,   7.1172],
         [  1.3408,   1.4258,  12.3203,  ...,   8.1719],
         [ -4.5391,  -9.9531,   5.2578,  ...,   4.3008,   7.2734,   4.8242]]],
       dtype=torch.float16)
dtype = torch.float16, equal_nan = False, reduce_dim = 160, atol = 0.0001

    def assert_close(res, ref, dtype, equal_nan=False, reduce_dim=1, atol=1e-4):
        if dtype is None:
            dtype = torch.float32
        assert res.dtype == dtype
        ref = ref.to(dtype)
        res, ref = _maybe_move_to_cpu(res, ref)
        rtol = RESOLUTION[dtype]
>       torch.testing.assert_close(
            res, ref, atol=atol * reduce_dim, rtol=rtol, equal_nan=equal_nan
        )
E       AssertionError: Tensor-likes are not close!
E       
E       Mismatched elements: 2169 / 2176 (99.7%)
E       Greatest absolute difference: 31.53125 at index (0, 5, 12) (up to 0.016 allowed)
E       Greatest relative difference: 476.75 at index (0, 3, 32) (up to 0.001 allowed)

../src/flag_gems/testing/__init__.py:85: AssertionError
_______________ test_conv_transpose1d[dtype1-1-2-shape0-kernel0] _______________

shape = (2, 4, 8), kernel = (4, 8, 3), stride = 2, padding = 1
dtype = torch.float16
monkeypatch = <_pytest.monkeypatch.MonkeyPatch object at 0x7f641c4074c0>

    @pytest.mark.conv_transpose1d
    @pytest.mark.parametrize("shape, kernel", SHAPE_CONV_TRANSPOSE1D)
    @pytest.mark.parametrize("stride", STRIDES)
    @pytest.mark.parametrize("padding", PADDINGS)
    @pytest.mark.parametrize("dtype", FLOAT_DTYPES)
    def test_conv_transpose1d(shape, kernel, stride, padding, dtype, monkeypatch):
        inp = torch.randn(shape, dtype=dtype, device=flag_gems.device, requires_grad=False)
        ref_inp = to_reference(inp, True)
        weight = torch.randn(kernel, dtype=dtype, device=flag_gems.device)
        ref_weight = to_reference(weight, True)
        ref_out = torch.nn.functional.conv_transpose1d(
            ref_inp, ref_weight, bias=None, stride=stride, padding=padding, dilation=1
        )
    
        res_out = flag_gems.conv_transpose1d(
            inp, weight, bias=None, stride=stride, padding=padding, dilation=1
        )
        in_channels = kernel[0]
        out_channels = kernel[1]
        kernel_width = kernel[2]
>       gems_assert_close(
            res_out,
            ref_out,
            dtype,
            reduce_dim=kernel_width * max(in_channels, out_channels),
        )

test_conv_transpose1d.py:64: 
_ _ _ _ _ _ _ _ _ _ _ _ _ _ _ _ _ _ _ _ _ _ _ _ _ _ _ _ _ _ _ _ _ _ _ _ _ _ _ _ 
accuracy_utils.py:312: in gems_assert_close
    flag_gems.testing.assert_close(
_ _ _ _ _ _ _ _ _ _ _ _ _ _ _ _ _ _ _ _ _ _ _ _ _ _ _ _ _ _ _ _ _ _ _ _ _ _ _ _ 

res = tensor([[[ 8.4814e-01, -1.9971e-01,  1.0371e+00,  1.8933e-01, -3.1445e-01,
          -1.0459e+00,  4.9011e-02,  9.4189... -1.1484e+00,
          -5.4248e-01, -9.8730e-01, -1.1755e-01, -6.3818e-01,  2.2031e+00]]],
       dtype=torch.float16)
ref = tensor([[[ 1.6133e+00,  2.0742e+00, -9.8730e-01, -3.4741e-01, -1.7832e+00,
          -1.9268e+00,  1.7798e-01,  1.6650... -2.0039e+00,
          -3.6328e-01, -1.5693e+00,  2.8457e+00,  2.1035e+00,  1.9707e+00]]],
       dtype=torch.float16)
dtype = torch.float16, equal_nan = False, reduce_dim = 24, atol = 0.0001

    def assert_close(res, ref, dtype, equal_nan=False, reduce_dim=1, atol=1e-4):
        if dtype is None:
            dtype = torch.float32
        assert res.dtype == dtype
        ref = ref.to(dtype)
        res, ref = _maybe_move_to_cpu(res, ref)
        rtol = RESOLUTION[dtype]
>       torch.testing.assert_close(
            res, ref, atol=atol * reduce_dim, rtol=rtol, equal_nan=equal_nan
        )
E       AssertionError: Tensor-likes are not close!
E       
E       Mismatched elements: 240 / 240 (100.0%)
E       Greatest absolute difference: 9.3203125 at index (0, 6, 5) (up to 0.0024000000000000002 allowed)
E       Greatest relative difference: 159.875 at index (0, 4, 6) (up to 0.001 allowed)

../src/flag_gems/testing/__init__.py:85: AssertionError
_______________ test_conv_transpose1d[dtype1-1-2-shape1-kernel1] _______________

shape = (4, 8, 16), kernel = (8, 16, 3), stride = 2, padding = 1
dtype = torch.float16
monkeypatch = <_pytest.monkeypatch.MonkeyPatch object at 0x7f641c397f70>

    @pytest.mark.conv_transpose1d
    @pytest.mark.parametrize("shape, kernel", SHAPE_CONV_TRANSPOSE1D)
    @pytest.mark.parametrize("stride", STRIDES)
    @pytest.mark.parametrize("padding", PADDINGS)
    @pytest.mark.parametrize("dtype", FLOAT_DTYPES)
    def test_conv_transpose1d(shape, kernel, stride, padding, dtype, monkeypatch):
        inp = torch.randn(shape, dtype=dtype, device=flag_gems.device, requires_grad=False)
        ref_inp = to_reference(inp, True)
        weight = torch.randn(kernel, dtype=dtype, device=flag_gems.device)
        ref_weight = to_reference(weight, True)
        ref_out = torch.nn.functional.conv_transpose1d(
            ref_inp, ref_weight, bias=None, stride=stride, padding=padding, dilation=1
        )
    
        res_out = flag_gems.conv_transpose1d(
            inp, weight, bias=None, stride=stride, padding=padding, dilation=1
        )
        in_channels = kernel[0]
        out_channels = kernel[1]
        kernel_width = kernel[2]
>       gems_assert_close(
            res_out,
            ref_out,
            dtype,
            reduce_dim=kernel_width * max(in_channels, out_channels),
        )

test_conv_transpose1d.py:64: 
_ _ _ _ _ _ _ _ _ _ _ _ _ _ _ _ _ _ _ _ _ _ _ _ _ _ _ _ _ _ _ _ _ _ _ _ _ _ _ _ 
accuracy_utils.py:312: in gems_assert_close
    flag_gems.testing.assert_close(
_ _ _ _ _ _ _ _ _ _ _ _ _ _ _ _ _ _ _ _ _ _ _ _ _ _ _ _ _ _ _ _ _ _ _ _ _ _ _ _ 

res = tensor([[[ 0.0000,  0.0000,  0.0000,  ...,  0.0000,  0.0000,  0.0000],
         [ 0.0000,  1.7754, -1.4805,  ..., -1.2... 1.8975,  1.6699],
         [-1.8525, -1.8213,  1.9287,  ..., -1.9287, -1.7197, -1.9492]]],
       dtype=torch.float16)
ref = tensor([[[-2.0000e+00, -3.3828e+00, -6.4453e-01,  ..., -6.9580e-01,
           6.8750e-01, -2.6934e+00],
         [ 1.... [-7.2803e-01, -2.6914e+00,  2.1094e+00,  ...,  2.7930e+00,
          -3.8110e-01, -2.4963e-02]]], dtype=torch.float16)
dtype = torch.float16, equal_nan = False, reduce_dim = 48, atol = 0.0001

    def assert_close(res, ref, dtype, equal_nan=False, reduce_dim=1, atol=1e-4):
        if dtype is None:
            dtype = torch.float32
        assert res.dtype == dtype
        ref = ref.to(dtype)
        res, ref = _maybe_move_to_cpu(res, ref)
        rtol = RESOLUTION[dtype]
>       torch.testing.assert_close(
            res, ref, atol=atol * reduce_dim, rtol=rtol, equal_nan=equal_nan
        )
E       AssertionError: Tensor-likes are not close!
E       
E       Mismatched elements: 1981 / 1984 (99.8%)
E       Greatest absolute difference: 12.9453125 at index (1, 9, 1) (up to 0.0048000000000000004 allowed)
E       Greatest relative difference: 1426.0 at index (3, 13, 1) (up to 0.001 allowed)

../src/flag_gems/testing/__init__.py:85: AssertionError
_______________ test_conv_transpose1d[dtype1-1-2-shape2-kernel2] _______________

shape = (2, 16, 32), kernel = (16, 32, 5), stride = 2, padding = 1
dtype = torch.float16
monkeypatch = <_pytest.monkeypatch.MonkeyPatch object at 0x7f641c396aa0>

    @pytest.mark.conv_transpose1d
    @pytest.mark.parametrize("shape, kernel", SHAPE_CONV_TRANSPOSE1D)
    @pytest.mark.parametrize("stride", STRIDES)
    @pytest.mark.parametrize("padding", PADDINGS)
    @pytest.mark.parametrize("dtype", FLOAT_DTYPES)
    def test_conv_transpose1d(shape, kernel, stride, padding, dtype, monkeypatch):
        inp = torch.randn(shape, dtype=dtype, device=flag_gems.device, requires_grad=False)
        ref_inp = to_reference(inp, True)
        weight = torch.randn(kernel, dtype=dtype, device=flag_gems.device)
        ref_weight = to_reference(weight, True)
        ref_out = torch.nn.functional.conv_transpose1d(
            ref_inp, ref_weight, bias=None, stride=stride, padding=padding, dilation=1
        )
    
        res_out = flag_gems.conv_transpose1d(
            inp, weight, bias=None, stride=stride, padding=padding, dilation=1
        )
        in_channels = kernel[0]
        out_channels = kernel[1]
        kernel_width = kernel[2]
>       gems_assert_close(
            res_out,
            ref_out,
            dtype,
            reduce_dim=kernel_width * max(in_channels, out_channels),
        )

test_conv_transpose1d.py:64: 
_ _ _ _ _ _ _ _ _ _ _ _ _ _ _ _ _ _ _ _ _ _ _ _ _ _ _ _ _ _ _ _ _ _ _ _ _ _ _ _ 
accuracy_utils.py:312: in gems_assert_close
    flag_gems.testing.assert_close(
_ _ _ _ _ _ _ _ _ _ _ _ _ _ _ _ _ _ _ _ _ _ _ _ _ _ _ _ _ _ _ _ _ _ _ _ _ _ _ _ 

res = tensor([[[-1.7812, -1.6689,  1.6201,  ...,  1.5664, -1.6025, -1.7900],
         [ 1.8740, -1.8037, -1.7695,  ...,  1.7... 1.9277, -1.9277],
         [ 1.3896, -1.9102, -1.6025,  ..., -1.9707, -1.4238, -1.7988]]],
       dtype=torch.float16)
ref = tensor([[[ -4.3125,  -5.3359,   1.0049,  ...,  -3.1836,   5.4570,   7.2070],
         [  1.8574,   0.9214,  -0.5068,  ...,  -2.6934],
         [ -1.2656,  -2.5605,  -6.3359,  ...,   5.7383,   5.7852,  -6.7539]]],
       dtype=torch.float16)
dtype = torch.float16, equal_nan = False, reduce_dim = 160, atol = 0.0001

    def assert_close(res, ref, dtype, equal_nan=False, reduce_dim=1, atol=1e-4):
        if dtype is None:
            dtype = torch.float32
        assert res.dtype == dtype
        ref = ref.to(dtype)
        res, ref = _maybe_move_to_cpu(res, ref)
        rtol = RESOLUTION[dtype]
>       torch.testing.assert_close(
            res, ref, atol=atol * reduce_dim, rtol=rtol, equal_nan=equal_nan
        )
E       AssertionError: Tensor-likes are not close!
E       
E       Mismatched elements: 4155 / 4160 (99.9%)
E       Greatest absolute difference: 27.09375 at index (0, 6, 33) (up to 0.016 allowed)
E       Greatest relative difference: 1728.0 at index (1, 14, 23) (up to 0.001 allowed)

../src/flag_gems/testing/__init__.py:85: AssertionError
____________ test_conv_transpose1d_bias[dtype0-0-1-shape0-kernel0] _____________

shape = (2, 4, 8), kernel = (4, 8, 3), stride = 1, padding = 0
dtype = torch.float32
monkeypatch = <_pytest.monkeypatch.MonkeyPatch object at 0x7f641c3bb790>

    @pytest.mark.conv_transpose1d
    @pytest.mark.parametrize("shape, kernel", SHAPE_CONV_TRANSPOSE1D)
    @pytest.mark.parametrize("stride", STRIDES)
    @pytest.mark.parametrize("padding", PADDINGS)
    @pytest.mark.parametrize("dtype", FLOAT_DTYPES)
    def test_conv_transpose1d_bias(shape, kernel, stride, padding, dtype, monkeypatch):
        inp = torch.randn(shape, dtype=dtype, device=flag_gems.device, requires_grad=False)
        ref_inp = to_reference(inp, True)
        weight = torch.randn(kernel, dtype=dtype, device=flag_gems.device)
        ref_weight = to_reference(weight, True)
        out_channels = kernel[1]
        kernel_width = kernel[2]
        bias = torch.randn(out_channels, dtype=dtype, device=flag_gems.device)
        ref_bias = to_reference(bias, True)
    
        ref_out = torch.nn.functional.conv_transpose1d(
            ref_inp, ref_weight, bias=ref_bias, stride=stride, padding=padding, dilation=1
        )
    
        res_out = flag_gems.conv_transpose1d(
            inp, weight, bias=bias, stride=stride, padding=padding, dilation=1
        )
        in_channels = kernel[0]
        out_channels = kernel[1]
>       gems_assert_close(
            res_out,
            ref_out,
            dtype,
            reduce_dim=kernel_width * max(in_channels, out_channels),
        )

test_conv_transpose1d.py:96: 
_ _ _ _ _ _ _ _ _ _ _ _ _ _ _ _ _ _ _ _ _ _ _ _ _ _ _ _ _ _ _ _ _ _ _ _ _ _ _ _ 
accuracy_utils.py:312: in gems_assert_close
    flag_gems.testing.assert_close(
_ _ _ _ _ _ _ _ _ _ _ _ _ _ _ _ _ _ _ _ _ _ _ _ _ _ _ _ _ _ _ _ _ _ _ _ _ _ _ _ 

res = tensor([[[ 0.1936, -0.9814,  0.0558,  0.4966, -0.6416,  2.0037, -0.0346,
          -0.0314, -0.6045,  0.1156],
       ...3921],
         [-0.0663, -0.4614, -0.3989, -0.3227, -0.5518,  1.4082,  1.1933,
          -0.7412, -0.4497, -0.7607]]])
ref = tensor([[[-1.0072e+00, -2.9004e-01, -1.3998e+00,  1.3029e+00,  8.8416e-01,
           4.4020e-01,  1.2557e+00, -2.4794...0, -4.0609e+00, -8.1751e-01, -5.4647e+00,
           4.6650e-01, -3.1565e+00, -7.7203e+00, -1.6461e+00, -2.2772e-01]]])
dtype = torch.float32, equal_nan = False, reduce_dim = 24, atol = 0.0001

    def assert_close(res, ref, dtype, equal_nan=False, reduce_dim=1, atol=1e-4):
        if dtype is None:
            dtype = torch.float32
        assert res.dtype == dtype
        ref = ref.to(dtype)
        res, ref = _maybe_move_to_cpu(res, ref)
        rtol = RESOLUTION[dtype]
>       torch.testing.assert_close(
            res, ref, atol=atol * reduce_dim, rtol=rtol, equal_nan=equal_nan
        )
E       AssertionError: Tensor-likes are not close!
E       
E       Mismatched elements: 159 / 160 (99.4%)
E       Greatest absolute difference: 14.696724891662598 at index (1, 1, 6) (up to 0.0024000000000000002 allowed)
E       Greatest relative difference: 253.50094604492188 at index (1, 2, 8) (up to 1.3e-06 allowed)

../src/flag_gems/testing/__init__.py:85: AssertionError
____________ test_conv_transpose1d_bias[dtype0-0-1-shape1-kernel1] _____________

shape = (4, 8, 16), kernel = (8, 16, 3), stride = 1, padding = 0
dtype = torch.float32
monkeypatch = <_pytest.monkeypatch.MonkeyPatch object at 0x7f641d484bb0>

    @pytest.mark.conv_transpose1d
    @pytest.mark.parametrize("shape, kernel", SHAPE_CONV_TRANSPOSE1D)
    @pytest.mark.parametrize("stride", STRIDES)
    @pytest.mark.parametrize("padding", PADDINGS)
    @pytest.mark.parametrize("dtype", FLOAT_DTYPES)
    def test_conv_transpose1d_bias(shape, kernel, stride, padding, dtype, monkeypatch):
        inp = torch.randn(shape, dtype=dtype, device=flag_gems.device, requires_grad=False)
        ref_inp = to_reference(inp, True)
        weight = torch.randn(kernel, dtype=dtype, device=flag_gems.device)
        ref_weight = to_reference(weight, True)
        out_channels = kernel[1]
        kernel_width = kernel[2]
        bias = torch.randn(out_channels, dtype=dtype, device=flag_gems.device)
        ref_bias = to_reference(bias, True)
    
        ref_out = torch.nn.functional.conv_transpose1d(
            ref_inp, ref_weight, bias=ref_bias, stride=stride, padding=padding, dilation=1
        )
    
        res_out = flag_gems.conv_transpose1d(
            inp, weight, bias=bias, stride=stride, padding=padding, dilation=1
        )
        in_channels = kernel[0]
        out_channels = kernel[1]
>       gems_assert_close(
            res_out,
            ref_out,
            dtype,
            reduce_dim=kernel_width * max(in_channels, out_channels),
        )

test_conv_transpose1d.py:96: 
_ _ _ _ _ _ _ _ _ _ _ _ _ _ _ _ _ _ _ _ _ _ _ _ _ _ _ _ _ _ _ _ _ _ _ _ _ _ _ _ 
accuracy_utils.py:312: in gems_assert_close
    flag_gems.testing.assert_close(
_ _ _ _ _ _ _ _ _ _ _ _ _ _ _ _ _ _ _ _ _ _ _ _ _ _ _ _ _ _ _ _ _ _ _ _ _ _ _ _ 

res = tensor([[[ 1.1620e-04,  1.9009e-14, -8.0880e-06,  ...,  2.5442e-03,
           3.9025e-03,  8.7050e-04],
         [-4....9.0445e+00],
         [ 7.9245e-04,  5.3819e-11, -6.7064e-01,  ..., -2.0401e-08,
          -8.6299e-16, -3.3626e-02]]])
ref = tensor([[[ 1.3336e+00, -4.4062e+00,  9.6925e+00,  ..., -6.0073e+00,
          -3.5975e+00,  6.4565e+00],
         [-2....4.0409e+00],
         [-2.4486e+00,  6.2998e+00,  3.5919e+00,  ..., -1.5710e+00,
           5.0138e+00, -6.1950e+00]]])
dtype = torch.float32, equal_nan = False, reduce_dim = 48, atol = 0.0001

    def assert_close(res, ref, dtype, equal_nan=False, reduce_dim=1, atol=1e-4):
        if dtype is None:
            dtype = torch.float32
        assert res.dtype == dtype
        ref = ref.to(dtype)
        res, ref = _maybe_move_to_cpu(res, ref)
        rtol = RESOLUTION[dtype]
>       torch.testing.assert_close(
            res, ref, atol=atol * reduce_dim, rtol=rtol, equal_nan=equal_nan
        )
E       AssertionError: Tensor-likes are not close!
E       
E       Mismatched elements: 1151 / 1152 (99.9%)
E       Greatest absolute difference: 96.77198028564453 at index (0, 1, 4) (up to 0.0048000000000000004 allowed)
E       Greatest relative difference: 1368.460205078125 at index (1, 3, 5) (up to 1.3e-06 allowed)

../src/flag_gems/testing/__init__.py:85: AssertionError
____________ test_conv_transpose1d_bias[dtype0-0-1-shape2-kernel2] _____________

shape = (2, 16, 32), kernel = (16, 32, 5), stride = 1, padding = 0
dtype = torch.float32
monkeypatch = <_pytest.monkeypatch.MonkeyPatch object at 0x7f641cba4e20>

    @pytest.mark.conv_transpose1d
    @pytest.mark.parametrize("shape, kernel", SHAPE_CONV_TRANSPOSE1D)
    @pytest.mark.parametrize("stride", STRIDES)
    @pytest.mark.parametrize("padding", PADDINGS)
    @pytest.mark.parametrize("dtype", FLOAT_DTYPES)
    def test_conv_transpose1d_bias(shape, kernel, stride, padding, dtype, monkeypatch):
        inp = torch.randn(shape, dtype=dtype, device=flag_gems.device, requires_grad=False)
        ref_inp = to_reference(inp, True)
        weight = torch.randn(kernel, dtype=dtype, device=flag_gems.device)
        ref_weight = to_reference(weight, True)
        out_channels = kernel[1]
        kernel_width = kernel[2]
        bias = torch.randn(out_channels, dtype=dtype, device=flag_gems.device)
        ref_bias = to_reference(bias, True)
    
        ref_out = torch.nn.functional.conv_transpose1d(
            ref_inp, ref_weight, bias=ref_bias, stride=stride, padding=padding, dilation=1
        )
    
        res_out = flag_gems.conv_transpose1d(
            inp, weight, bias=bias, stride=stride, padding=padding, dilation=1
        )
        in_channels = kernel[0]
        out_channels = kernel[1]
>       gems_assert_close(
            res_out,
            ref_out,
            dtype,
            reduce_dim=kernel_width * max(in_channels, out_channels),
        )

test_conv_transpose1d.py:96: 
_ _ _ _ _ _ _ _ _ _ _ _ _ _ _ _ _ _ _ _ _ _ _ _ _ _ _ _ _ _ _ _ _ _ _ _ _ _ _ _ 
accuracy_utils.py:312: in gems_assert_close
    flag_gems.testing.assert_close(
_ _ _ _ _ _ _ _ _ _ _ _ _ _ _ _ _ _ _ _ _ _ _ _ _ _ _ _ _ _ _ _ _ _ _ _ _ _ _ _ 

res = tensor([[[-1.7313e-05,  1.7089e-04,  1.1927e-23,  ...,  8.3476e-01,
           1.3961e-05,  8.7271e-02],
         [ 8....3.2762e-01],
         [ 9.2675e-01,  2.3364e-01,  2.2827e-01,  ..., -2.3803e-01,
          -5.4590e-01, -6.9043e-01]]])
ref = tensor([[[ -8.6875,  -2.9957,  -2.1070,  ...,   2.4004,  -5.4402,  -7.4518],
         [ -3.3150,  -0.5841,   7.8371,  ...15,  ...,   4.3873,  -1.8061,  -6.9979],
         [  1.5824,  -0.3825,  -2.8801,  ...,  -0.2622,  -0.0741,  -5.1015]]])
dtype = torch.float32, equal_nan = False, reduce_dim = 160, atol = 0.0001

    def assert_close(res, ref, dtype, equal_nan=False, reduce_dim=1, atol=1e-4):
        if dtype is None:
            dtype = torch.float32
        assert res.dtype == dtype
        ref = ref.to(dtype)
        res, ref = _maybe_move_to_cpu(res, ref)
        rtol = RESOLUTION[dtype]
>       torch.testing.assert_close(
            res, ref, atol=atol * reduce_dim, rtol=rtol, equal_nan=equal_nan
        )
E       AssertionError: Tensor-likes are not close!
E       
E       Mismatched elements: 2300 / 2304 (99.8%)
E       Greatest absolute difference: 47.00982666015625 at index (0, 4, 0) (up to 0.016 allowed)
E       Greatest relative difference: 68.93746185302734 at index (1, 16, 32) (up to 1.3e-06 allowed)

../src/flag_gems/testing/__init__.py:85: AssertionError
____________ test_conv_transpose1d_bias[dtype0-0-2-shape0-kernel0] _____________

shape = (2, 4, 8), kernel = (4, 8, 3), stride = 2, padding = 0
dtype = torch.float32
monkeypatch = <_pytest.monkeypatch.MonkeyPatch object at 0x7f641cb76ad0>

    @pytest.mark.conv_transpose1d
    @pytest.mark.parametrize("shape, kernel", SHAPE_CONV_TRANSPOSE1D)
    @pytest.mark.parametrize("stride", STRIDES)
    @pytest.mark.parametrize("padding", PADDINGS)
    @pytest.mark.parametrize("dtype", FLOAT_DTYPES)
    def test_conv_transpose1d_bias(shape, kernel, stride, padding, dtype, monkeypatch):
        inp = torch.randn(shape, dtype=dtype, device=flag_gems.device, requires_grad=False)
        ref_inp = to_reference(inp, True)
        weight = torch.randn(kernel, dtype=dtype, device=flag_gems.device)
        ref_weight = to_reference(weight, True)
        out_channels = kernel[1]
        kernel_width = kernel[2]
        bias = torch.randn(out_channels, dtype=dtype, device=flag_gems.device)
        ref_bias = to_reference(bias, True)
    
        ref_out = torch.nn.functional.conv_transpose1d(
            ref_inp, ref_weight, bias=ref_bias, stride=stride, padding=padding, dilation=1
        )
    
        res_out = flag_gems.conv_transpose1d(
            inp, weight, bias=bias, stride=stride, padding=padding, dilation=1
        )
        in_channels = kernel[0]
        out_channels = kernel[1]
>       gems_assert_close(
            res_out,
            ref_out,
            dtype,
            reduce_dim=kernel_width * max(in_channels, out_channels),
        )

test_conv_transpose1d.py:96: 
_ _ _ _ _ _ _ _ _ _ _ _ _ _ _ _ _ _ _ _ _ _ _ _ _ _ _ _ _ _ _ _ _ _ _ _ _ _ _ _ 
accuracy_utils.py:312: in gems_assert_close
    flag_gems.testing.assert_close(
_ _ _ _ _ _ _ _ _ _ _ _ _ _ _ _ _ _ _ _ _ _ _ _ _ _ _ _ _ _ _ _ _ _ _ _ _ _ _ _ 

res = tensor([[[ 2.1103, -0.9847,  1.4510, -0.1196,  1.1195,  0.4398, -0.9821,
          -1.3806,  0.4121,  1.5697, -2.0371,....0517,
          -0.6110, -0.8350,  0.0418,  1.1942, -0.0325,  0.3098,  0.7929,
          -1.1244,  1.6129, -1.0210]]])
ref = tensor([[[ 1.4581,  1.3374, -0.3385,  2.3346,  1.5282, -1.1670,  2.0815,
           1.0860, -0.5016,  1.7208, -1.7498,....1155,
          -0.7818,  1.7060, -1.5917, -0.1857, -1.0364,  2.7579, -0.4113,
           4.5013,  0.0467,  2.9749]]])
dtype = torch.float32, equal_nan = False, reduce_dim = 24, atol = 0.0001

    def assert_close(res, ref, dtype, equal_nan=False, reduce_dim=1, atol=1e-4):
        if dtype is None:
            dtype = torch.float32
        assert res.dtype == dtype
        ref = ref.to(dtype)
        res, ref = _maybe_move_to_cpu(res, ref)
        rtol = RESOLUTION[dtype]
>       torch.testing.assert_close(
            res, ref, atol=atol * reduce_dim, rtol=rtol, equal_nan=equal_nan
        )
E       AssertionError: Tensor-likes are not close!
E       
E       Mismatched elements: 272 / 272 (100.0%)
E       Greatest absolute difference: 6.496469020843506 at index (0, 7, 16) (up to 0.0024000000000000002 allowed)
E       Greatest relative difference: 142.06362915039062 at index (1, 5, 4) (up to 1.3e-06 allowed)

../src/flag_gems/testing/__init__.py:85: AssertionError
____________ test_conv_transpose1d_bias[dtype0-0-2-shape1-kernel1] _____________

shape = (4, 8, 16), kernel = (8, 16, 3), stride = 2, padding = 0
dtype = torch.float32
monkeypatch = <_pytest.monkeypatch.MonkeyPatch object at 0x7f643168b6a0>

    @pytest.mark.conv_transpose1d
    @pytest.mark.parametrize("shape, kernel", SHAPE_CONV_TRANSPOSE1D)
    @pytest.mark.parametrize("stride", STRIDES)
    @pytest.mark.parametrize("padding", PADDINGS)
    @pytest.mark.parametrize("dtype", FLOAT_DTYPES)
    def test_conv_transpose1d_bias(shape, kernel, stride, padding, dtype, monkeypatch):
        inp = torch.randn(shape, dtype=dtype, device=flag_gems.device, requires_grad=False)
        ref_inp = to_reference(inp, True)
        weight = torch.randn(kernel, dtype=dtype, device=flag_gems.device)
        ref_weight = to_reference(weight, True)
        out_channels = kernel[1]
        kernel_width = kernel[2]
        bias = torch.randn(out_channels, dtype=dtype, device=flag_gems.device)
        ref_bias = to_reference(bias, True)
    
        ref_out = torch.nn.functional.conv_transpose1d(
            ref_inp, ref_weight, bias=ref_bias, stride=stride, padding=padding, dilation=1
        )
    
        res_out = flag_gems.conv_transpose1d(
            inp, weight, bias=bias, stride=stride, padding=padding, dilation=1
        )
        in_channels = kernel[0]
        out_channels = kernel[1]
>       gems_assert_close(
            res_out,
            ref_out,
            dtype,
            reduce_dim=kernel_width * max(in_channels, out_channels),
        )

test_conv_transpose1d.py:96: 
_ _ _ _ _ _ _ _ _ _ _ _ _ _ _ _ _ _ _ _ _ _ _ _ _ _ _ _ _ _ _ _ _ _ _ _ _ _ _ _ 
accuracy_utils.py:312: in gems_assert_close
    flag_gems.testing.assert_close(
_ _ _ _ _ _ _ _ _ _ _ _ _ _ _ _ _ _ _ _ _ _ _ _ _ _ _ _ _ _ _ _ _ _ _ _ _ _ _ _ 

res = tensor([[[-1.4578, -0.6067, -0.8573,  ..., -0.8861, -1.7180,  2.0408],
         [-1.0913,  1.4569,  0.0715,  ...,  1.2...94, -1.0353,  ..., -2.9336,  1.1792,  2.8115],
         [-1.9769,  0.1684,  2.0182,  ..., -0.6930, -0.6241,  0.0727]]])
ref = tensor([[[  1.5586,   0.0900,   1.2254,  ...,  -4.1417,   1.0740,   3.2305],
         [  1.0132,   1.0393,   1.9605,  ...32,  ...,   4.6244,  -1.0520,   0.0608],
         [ -0.3965,   1.1781,   5.5658,  ...,   4.7717,   3.4651,   3.7279]]])
dtype = torch.float32, equal_nan = False, reduce_dim = 48, atol = 0.0001

    def assert_close(res, ref, dtype, equal_nan=False, reduce_dim=1, atol=1e-4):
        if dtype is None:
            dtype = torch.float32
        assert res.dtype == dtype
        ref = ref.to(dtype)
        res, ref = _maybe_move_to_cpu(res, ref)
        rtol = RESOLUTION[dtype]
>       torch.testing.assert_close(
            res, ref, atol=atol * reduce_dim, rtol=rtol, equal_nan=equal_nan
        )
E       AssertionError: Tensor-likes are not close!
E       
E       Mismatched elements: 2109 / 2112 (99.9%)
E       Greatest absolute difference: 13.153776168823242 at index (2, 0, 24) (up to 0.0048000000000000004 allowed)
E       Greatest relative difference: 1220.4305419921875 at index (2, 14, 10) (up to 1.3e-06 allowed)

../src/flag_gems/testing/__init__.py:85: AssertionError
____________ test_conv_transpose1d_bias[dtype0-0-2-shape2-kernel2] _____________

shape = (2, 16, 32), kernel = (16, 32, 5), stride = 2, padding = 0
dtype = torch.float32
monkeypatch = <_pytest.monkeypatch.MonkeyPatch object at 0x7f641cb2f040>

    @pytest.mark.conv_transpose1d
    @pytest.mark.parametrize("shape, kernel", SHAPE_CONV_TRANSPOSE1D)
    @pytest.mark.parametrize("stride", STRIDES)
    @pytest.mark.parametrize("padding", PADDINGS)
    @pytest.mark.parametrize("dtype", FLOAT_DTYPES)
    def test_conv_transpose1d_bias(shape, kernel, stride, padding, dtype, monkeypatch):
        inp = torch.randn(shape, dtype=dtype, device=flag_gems.device, requires_grad=False)
        ref_inp = to_reference(inp, True)
        weight = torch.randn(kernel, dtype=dtype, device=flag_gems.device)
        ref_weight = to_reference(weight, True)
        out_channels = kernel[1]
        kernel_width = kernel[2]
        bias = torch.randn(out_channels, dtype=dtype, device=flag_gems.device)
        ref_bias = to_reference(bias, True)
    
        ref_out = torch.nn.functional.conv_transpose1d(
            ref_inp, ref_weight, bias=ref_bias, stride=stride, padding=padding, dilation=1
        )
    
        res_out = flag_gems.conv_transpose1d(
            inp, weight, bias=bias, stride=stride, padding=padding, dilation=1
        )
        in_channels = kernel[0]
        out_channels = kernel[1]
>       gems_assert_close(
            res_out,
            ref_out,
            dtype,
            reduce_dim=kernel_width * max(in_channels, out_channels),
        )

test_conv_transpose1d.py:96: 
_ _ _ _ _ _ _ _ _ _ _ _ _ _ _ _ _ _ _ _ _ _ _ _ _ _ _ _ _ _ _ _ _ _ _ _ _ _ _ _ 
accuracy_utils.py:312: in gems_assert_close
    flag_gems.testing.assert_close(
_ _ _ _ _ _ _ _ _ _ _ _ _ _ _ _ _ _ _ _ _ _ _ _ _ _ _ _ _ _ _ _ _ _ _ _ _ _ _ _ 

res = tensor([[[-0.5846,  0.5909,  0.4290,  ...,  0.0447,  1.1023, -0.3537],
         [ 1.2638,  1.1218, -0.0078,  ..., -0.5...76,  0.4780,  ..., -2.3006,  0.1575, -1.6660],
         [-0.9345,  0.5478, -0.5126,  ..., -2.5898, -0.7978,  0.9795]]])
ref = tensor([[[ -7.7036,   5.3610,   8.1143,  ...,  -9.3283,  -3.2597,   0.5356],
         [  1.5481,  -8.6336,  -7.3161,  ...74,  ...,  -2.8424,  -2.4233,  -0.8193],
         [  1.6538,   1.6384,   1.9283,  ...,   3.4602,   0.0951,  -0.3520]]])
dtype = torch.float32, equal_nan = False, reduce_dim = 160, atol = 0.0001

    def assert_close(res, ref, dtype, equal_nan=False, reduce_dim=1, atol=1e-4):
        if dtype is None:
            dtype = torch.float32
        assert res.dtype == dtype
        ref = ref.to(dtype)
        res, ref = _maybe_move_to_cpu(res, ref)
        rtol = RESOLUTION[dtype]
>       torch.testing.assert_close(
            res, ref, atol=atol * reduce_dim, rtol=rtol, equal_nan=equal_nan
        )
E       AssertionError: Tensor-likes are not close!
E       
E       Mismatched elements: 4280 / 4288 (99.8%)
E       Greatest absolute difference: 25.576847076416016 at index (1, 22, 60) (up to 0.016 allowed)
E       Greatest relative difference: 505.96258544921875 at index (1, 29, 49) (up to 1.3e-06 allowed)

../src/flag_gems/testing/__init__.py:85: AssertionError
____________ test_conv_transpose1d_bias[dtype0-1-1-shape0-kernel0] _____________

shape = (2, 4, 8), kernel = (4, 8, 3), stride = 1, padding = 1
dtype = torch.float32
monkeypatch = <_pytest.monkeypatch.MonkeyPatch object at 0x7f641cbb2b00>

    @pytest.mark.conv_transpose1d
    @pytest.mark.parametrize("shape, kernel", SHAPE_CONV_TRANSPOSE1D)
    @pytest.mark.parametrize("stride", STRIDES)
    @pytest.mark.parametrize("padding", PADDINGS)
    @pytest.mark.parametrize("dtype", FLOAT_DTYPES)
    def test_conv_transpose1d_bias(shape, kernel, stride, padding, dtype, monkeypatch):
        inp = torch.randn(shape, dtype=dtype, device=flag_gems.device, requires_grad=False)
        ref_inp = to_reference(inp, True)
        weight = torch.randn(kernel, dtype=dtype, device=flag_gems.device)
        ref_weight = to_reference(weight, True)
        out_channels = kernel[1]
        kernel_width = kernel[2]
        bias = torch.randn(out_channels, dtype=dtype, device=flag_gems.device)
        ref_bias = to_reference(bias, True)
    
        ref_out = torch.nn.functional.conv_transpose1d(
            ref_inp, ref_weight, bias=ref_bias, stride=stride, padding=padding, dilation=1
        )
    
        res_out = flag_gems.conv_transpose1d(
            inp, weight, bias=bias, stride=stride, padding=padding, dilation=1
        )
        in_channels = kernel[0]
        out_channels = kernel[1]
>       gems_assert_close(
            res_out,
            ref_out,
            dtype,
            reduce_dim=kernel_width * max(in_channels, out_channels),
        )

test_conv_transpose1d.py:96: 
_ _ _ _ _ _ _ _ _ _ _ _ _ _ _ _ _ _ _ _ _ _ _ _ _ _ _ _ _ _ _ _ _ _ _ _ _ _ _ _ 
accuracy_utils.py:312: in gems_assert_close
    flag_gems.testing.assert_close(
_ _ _ _ _ _ _ _ _ _ _ _ _ _ _ _ _ _ _ _ _ _ _ _ _ _ _ _ _ _ _ _ _ _ _ _ _ _ _ _ 

res = tensor([[[-0.3393, -1.0722,  2.0195,  0.2876, -0.3452, -0.6396,  0.1921,
           0.5596],
         [ 1.0644, -0.355...554,
           0.1707],
         [ 0.2681, -0.3481, -0.3550, -0.6201,  0.1389, -1.1621,  0.6709,
          -1.0878]]])
ref = tensor([[[ -1.1213,  -2.8139,  -3.6469,  -9.0367,   1.4085,   1.7892,   6.4599,
           -3.2283],
         [ -0.625...       -4.8250],
         [ -3.9371,   6.9833,  -1.3166,   3.8609,   0.5673,   1.8461,  -0.2733,
            2.4614]]])
dtype = torch.float32, equal_nan = False, reduce_dim = 24, atol = 0.0001

    def assert_close(res, ref, dtype, equal_nan=False, reduce_dim=1, atol=1e-4):
        if dtype is None:
            dtype = torch.float32
        assert res.dtype == dtype
        ref = ref.to(dtype)
        res, ref = _maybe_move_to_cpu(res, ref)
        rtol = RESOLUTION[dtype]
>       torch.testing.assert_close(
            res, ref, atol=atol * reduce_dim, rtol=rtol, equal_nan=equal_nan
        )
E       AssertionError: Tensor-likes are not close!
E       
E       Mismatched elements: 128 / 128 (100.0%)
E       Greatest absolute difference: 11.086583137512207 at index (1, 1, 3) (up to 0.0024000000000000002 allowed)
E       Greatest relative difference: 12.87515640258789 at index (1, 1, 1) (up to 1.3e-06 allowed)

../src/flag_gems/testing/__init__.py:85: AssertionError
____________ test_conv_transpose1d_bias[dtype0-1-1-shape1-kernel1] _____________

shape = (4, 8, 16), kernel = (8, 16, 3), stride = 1, padding = 1
dtype = torch.float32
monkeypatch = <_pytest.monkeypatch.MonkeyPatch object at 0x7f6433454400>

    @pytest.mark.conv_transpose1d
    @pytest.mark.parametrize("shape, kernel", SHAPE_CONV_TRANSPOSE1D)
    @pytest.mark.parametrize("stride", STRIDES)
    @pytest.mark.parametrize("padding", PADDINGS)
    @pytest.mark.parametrize("dtype", FLOAT_DTYPES)
    def test_conv_transpose1d_bias(shape, kernel, stride, padding, dtype, monkeypatch):
        inp = torch.randn(shape, dtype=dtype, device=flag_gems.device, requires_grad=False)
        ref_inp = to_reference(inp, True)
        weight = torch.randn(kernel, dtype=dtype, device=flag_gems.device)
        ref_weight = to_reference(weight, True)
        out_channels = kernel[1]
        kernel_width = kernel[2]
        bias = torch.randn(out_channels, dtype=dtype, device=flag_gems.device)
        ref_bias = to_reference(bias, True)
    
        ref_out = torch.nn.functional.conv_transpose1d(
            ref_inp, ref_weight, bias=ref_bias, stride=stride, padding=padding, dilation=1
        )
    
        res_out = flag_gems.conv_transpose1d(
            inp, weight, bias=bias, stride=stride, padding=padding, dilation=1
        )
        in_channels = kernel[0]
        out_channels = kernel[1]
>       gems_assert_close(
            res_out,
            ref_out,
            dtype,
            reduce_dim=kernel_width * max(in_channels, out_channels),
        )

test_conv_transpose1d.py:96: 
_ _ _ _ _ _ _ _ _ _ _ _ _ _ _ _ _ _ _ _ _ _ _ _ _ _ _ _ _ _ _ _ _ _ _ _ _ _ _ _ 
accuracy_utils.py:312: in gems_assert_close
    flag_gems.testing.assert_close(
_ _ _ _ _ _ _ _ _ _ _ _ _ _ _ _ _ _ _ _ _ _ _ _ _ _ _ _ _ _ _ _ _ _ _ _ _ _ _ _ 

res = tensor([[[-1.7441, -0.5283,  0.4438,  ...,  0.9092,  0.4380,  0.9639],
         [ 0.0257, -0.6396, -0.6006,  ...,  0.6...00,  1.8027,  ...,  0.2053, -1.4121, -0.3393],
         [ 0.4067,  0.8642,  1.5019,  ...,  0.3804,  1.2637,  1.3183]]])
ref = tensor([[[-4.0989e+00, -2.6228e+00,  8.9164e-01,  ...,  2.1255e+00,
           1.5658e+00,  6.9523e-02],
         [ 4....1.2453e+00],
         [-6.5544e+00, -8.3121e+00, -3.5026e+00,  ...,  3.0331e+00,
           3.1678e+00, -1.8295e+00]]])
dtype = torch.float32, equal_nan = False, reduce_dim = 48, atol = 0.0001

    def assert_close(res, ref, dtype, equal_nan=False, reduce_dim=1, atol=1e-4):
        if dtype is None:
            dtype = torch.float32
        assert res.dtype == dtype
        ref = ref.to(dtype)
        res, ref = _maybe_move_to_cpu(res, ref)
        rtol = RESOLUTION[dtype]
>       torch.testing.assert_close(
            res, ref, atol=atol * reduce_dim, rtol=rtol, equal_nan=equal_nan
        )
E       AssertionError: Tensor-likes are not close!
E       
E       Mismatched elements: 1023 / 1024 (99.9%)
E       Greatest absolute difference: 17.51056480407715 at index (2, 6, 3) (up to 0.0048000000000000004 allowed)
E       Greatest relative difference: 98.59456634521484 at index (0, 2, 0) (up to 1.3e-06 allowed)

../src/flag_gems/testing/__init__.py:85: AssertionError
____________ test_conv_transpose1d_bias[dtype0-1-1-shape2-kernel2] _____________

shape = (2, 16, 32), kernel = (16, 32, 5), stride = 1, padding = 1
dtype = torch.float32
monkeypatch = <_pytest.monkeypatch.MonkeyPatch object at 0x7f641cb5ea10>

    @pytest.mark.conv_transpose1d
    @pytest.mark.parametrize("shape, kernel", SHAPE_CONV_TRANSPOSE1D)
    @pytest.mark.parametrize("stride", STRIDES)
    @pytest.mark.parametrize("padding", PADDINGS)
    @pytest.mark.parametrize("dtype", FLOAT_DTYPES)
    def test_conv_transpose1d_bias(shape, kernel, stride, padding, dtype, monkeypatch):
        inp = torch.randn(shape, dtype=dtype, device=flag_gems.device, requires_grad=False)
        ref_inp = to_reference(inp, True)
        weight = torch.randn(kernel, dtype=dtype, device=flag_gems.device)
        ref_weight = to_reference(weight, True)
        out_channels = kernel[1]
        kernel_width = kernel[2]
        bias = torch.randn(out_channels, dtype=dtype, device=flag_gems.device)
        ref_bias = to_reference(bias, True)
    
        ref_out = torch.nn.functional.conv_transpose1d(
            ref_inp, ref_weight, bias=ref_bias, stride=stride, padding=padding, dilation=1
        )
    
        res_out = flag_gems.conv_transpose1d(
            inp, weight, bias=bias, stride=stride, padding=padding, dilation=1
        )
        in_channels = kernel[0]
        out_channels = kernel[1]
>       gems_assert_close(
            res_out,
            ref_out,
            dtype,
            reduce_dim=kernel_width * max(in_channels, out_channels),
        )

test_conv_transpose1d.py:96: 
_ _ _ _ _ _ _ _ _ _ _ _ _ _ _ _ _ _ _ _ _ _ _ _ _ _ _ _ _ _ _ _ _ _ _ _ _ _ _ _ 
accuracy_utils.py:312: in gems_assert_close
    flag_gems.testing.assert_close(
_ _ _ _ _ _ _ _ _ _ _ _ _ _ _ _ _ _ _ _ _ _ _ _ _ _ _ _ _ _ _ _ _ _ _ _ _ _ _ _ 

res = tensor([[[-0.9782,  1.1909, -1.1911,  ...,  0.4228,  1.3755,  1.3961],
         [ 1.1018,  0.9754, -1.0890,  ...,  0.9...55, -0.4589,  ..., -0.6705,  2.2752,  1.6979],
         [ 1.1386, -0.2773, -0.0997,  ..., -0.9994,  1.0268,  1.8142]]])
ref = tensor([[[  6.6959,   5.9089, -19.4802,  ...,   9.8316, -10.1692,  -6.6776],
         [ -0.5024,   7.0937,  -8.5573,  ...06,  ...,  -8.2861,   1.3531,   2.7045],
         [ -1.1327,   1.1290,   1.7811,  ...,   1.9926,  -8.4603,  -6.8114]]])
dtype = torch.float32, equal_nan = False, reduce_dim = 160, atol = 0.0001

    def assert_close(res, ref, dtype, equal_nan=False, reduce_dim=1, atol=1e-4):
        if dtype is None:
            dtype = torch.float32
        assert res.dtype == dtype
        ref = ref.to(dtype)
        res, ref = _maybe_move_to_cpu(res, ref)
        rtol = RESOLUTION[dtype]
>       torch.testing.assert_close(
            res, ref, atol=atol * reduce_dim, rtol=rtol, equal_nan=equal_nan
        )
E       AssertionError: Tensor-likes are not close!
E       
E       Mismatched elements: 2171 / 2176 (99.8%)
E       Greatest absolute difference: 31.1547794342041 at index (0, 12, 17) (up to 0.016 allowed)
E       Greatest relative difference: 851.9676513671875 at index (1, 23, 20) (up to 1.3e-06 allowed)

../src/flag_gems/testing/__init__.py:85: AssertionError
____________ test_conv_transpose1d_bias[dtype0-1-2-shape0-kernel0] _____________

shape = (2, 4, 8), kernel = (4, 8, 3), stride = 2, padding = 1
dtype = torch.float32
monkeypatch = <_pytest.monkeypatch.MonkeyPatch object at 0x7f641cb22fe0>

    @pytest.mark.conv_transpose1d
    @pytest.mark.parametrize("shape, kernel", SHAPE_CONV_TRANSPOSE1D)
    @pytest.mark.parametrize("stride", STRIDES)
    @pytest.mark.parametrize("padding", PADDINGS)
    @pytest.mark.parametrize("dtype", FLOAT_DTYPES)
    def test_conv_transpose1d_bias(shape, kernel, stride, padding, dtype, monkeypatch):
        inp = torch.randn(shape, dtype=dtype, device=flag_gems.device, requires_grad=False)
        ref_inp = to_reference(inp, True)
        weight = torch.randn(kernel, dtype=dtype, device=flag_gems.device)
        ref_weight = to_reference(weight, True)
        out_channels = kernel[1]
        kernel_width = kernel[2]
        bias = torch.randn(out_channels, dtype=dtype, device=flag_gems.device)
        ref_bias = to_reference(bias, True)
    
        ref_out = torch.nn.functional.conv_transpose1d(
            ref_inp, ref_weight, bias=ref_bias, stride=stride, padding=padding, dilation=1
        )
    
        res_out = flag_gems.conv_transpose1d(
            inp, weight, bias=bias, stride=stride, padding=padding, dilation=1
        )
        in_channels = kernel[0]
        out_channels = kernel[1]
>       gems_assert_close(
            res_out,
            ref_out,
            dtype,
            reduce_dim=kernel_width * max(in_channels, out_channels),
        )

test_conv_transpose1d.py:96: 
_ _ _ _ _ _ _ _ _ _ _ _ _ _ _ _ _ _ _ _ _ _ _ _ _ _ _ _ _ _ _ _ _ _ _ _ _ _ _ _ 
accuracy_utils.py:312: in gems_assert_close
    flag_gems.testing.assert_close(
_ _ _ _ _ _ _ _ _ _ _ _ _ _ _ _ _ _ _ _ _ _ _ _ _ _ _ _ _ _ _ _ _ _ _ _ _ _ _ _ 

res = tensor([[[ 5.1072e-01,  2.9647e+00,  4.2041e-01, -6.9433e-01,  8.3496e-01,
           5.3405e-02,  4.6533e-01,  1.2768...2,  8.7036e-02, -9.4041e-01,  1.3647e-01,
           2.4960e+00,  1.1933e+00,  1.8921e-01,  1.1389e-01, -1.3457e+00]]])
ref = tensor([[[ 0.8198,  1.6907,  1.2947,  1.9503,  3.0306,  8.1130,  0.0533,
          -2.4521, -0.7088, -3.5799, -0.8977,....5532,  0.2874, -2.1445,
           0.2347, -2.1112, -0.2341, -1.3153, -3.6217, -2.2155, -4.9458,
          -1.1748]]])
dtype = torch.float32, equal_nan = False, reduce_dim = 24, atol = 0.0001

    def assert_close(res, ref, dtype, equal_nan=False, reduce_dim=1, atol=1e-4):
        if dtype is None:
            dtype = torch.float32
        assert res.dtype == dtype
        ref = ref.to(dtype)
        res, ref = _maybe_move_to_cpu(res, ref)
        rtol = RESOLUTION[dtype]
>       torch.testing.assert_close(
            res, ref, atol=atol * reduce_dim, rtol=rtol, equal_nan=equal_nan
        )
E       AssertionError: Tensor-likes are not close!
E       
E       Mismatched elements: 240 / 240 (100.0%)
E       Greatest absolute difference: 8.347511291503906 at index (1, 2, 1) (up to 0.0024000000000000002 allowed)
E       Greatest relative difference: 150.43040466308594 at index (1, 5, 7) (up to 1.3e-06 allowed)

../src/flag_gems/testing/__init__.py:85: AssertionError
____________ test_conv_transpose1d_bias[dtype0-1-2-shape1-kernel1] _____________

shape = (4, 8, 16), kernel = (8, 16, 3), stride = 2, padding = 1
dtype = torch.float32
monkeypatch = <_pytest.monkeypatch.MonkeyPatch object at 0x7f641d4df910>

    @pytest.mark.conv_transpose1d
    @pytest.mark.parametrize("shape, kernel", SHAPE_CONV_TRANSPOSE1D)
    @pytest.mark.parametrize("stride", STRIDES)
    @pytest.mark.parametrize("padding", PADDINGS)
    @pytest.mark.parametrize("dtype", FLOAT_DTYPES)
    def test_conv_transpose1d_bias(shape, kernel, stride, padding, dtype, monkeypatch):
        inp = torch.randn(shape, dtype=dtype, device=flag_gems.device, requires_grad=False)
        ref_inp = to_reference(inp, True)
        weight = torch.randn(kernel, dtype=dtype, device=flag_gems.device)
        ref_weight = to_reference(weight, True)
        out_channels = kernel[1]
        kernel_width = kernel[2]
        bias = torch.randn(out_channels, dtype=dtype, device=flag_gems.device)
        ref_bias = to_reference(bias, True)
    
        ref_out = torch.nn.functional.conv_transpose1d(
            ref_inp, ref_weight, bias=ref_bias, stride=stride, padding=padding, dilation=1
        )
    
        res_out = flag_gems.conv_transpose1d(
            inp, weight, bias=bias, stride=stride, padding=padding, dilation=1
        )
        in_channels = kernel[0]
        out_channels = kernel[1]
>       gems_assert_close(
            res_out,
            ref_out,
            dtype,
            reduce_dim=kernel_width * max(in_channels, out_channels),
        )

test_conv_transpose1d.py:96: 
_ _ _ _ _ _ _ _ _ _ _ _ _ _ _ _ _ _ _ _ _ _ _ _ _ _ _ _ _ _ _ _ _ _ _ _ _ _ _ _ 
accuracy_utils.py:312: in gems_assert_close
    flag_gems.testing.assert_close(
_ _ _ _ _ _ _ _ _ _ _ _ _ _ _ _ _ _ _ _ _ _ _ _ _ _ _ _ _ _ _ _ _ _ _ _ _ _ _ _ 

res = tensor([[[ 0.5460, -0.2791, -1.5361,  ..., -1.1622,  1.7717,  0.0366],
         [ 0.6805, -1.0892, -1.1677,  ..., -0.7...34, -0.6797,  ...,  1.8689,  0.3955, -1.0644],
         [ 1.2916, -1.6619, -2.0313,  ...,  0.2479, -1.6819, -0.2081]]])
ref = tensor([[[-4.8330e-01,  8.9453e+00,  2.0043e+00,  ...,  1.0876e+00,
          -3.5168e+00,  1.3312e-01],
         [ 3....1.6751e+00],
         [ 3.3475e+00,  9.3232e+00,  3.8296e+00,  ...,  1.9472e+00,
           1.1065e+00,  1.8385e+00]]])
dtype = torch.float32, equal_nan = False, reduce_dim = 48, atol = 0.0001

    def assert_close(res, ref, dtype, equal_nan=False, reduce_dim=1, atol=1e-4):
        if dtype is None:
            dtype = torch.float32
        assert res.dtype == dtype
        ref = ref.to(dtype)
        res, ref = _maybe_move_to_cpu(res, ref)
        rtol = RESOLUTION[dtype]
>       torch.testing.assert_close(
            res, ref, atol=atol * reduce_dim, rtol=rtol, equal_nan=equal_nan
        )
E       AssertionError: Tensor-likes are not close!
E       
E       Mismatched elements: 1981 / 1984 (99.8%)
E       Greatest absolute difference: 13.796439170837402 at index (1, 1, 17) (up to 0.0048000000000000004 allowed)
E       Greatest relative difference: 16134.2861328125 at index (2, 14, 0) (up to 1.3e-06 allowed)

../src/flag_gems/testing/__init__.py:85: AssertionError
____________ test_conv_transpose1d_bias[dtype0-1-2-shape2-kernel2] _____________

shape = (2, 16, 32), kernel = (16, 32, 5), stride = 2, padding = 1
dtype = torch.float32
monkeypatch = <_pytest.monkeypatch.MonkeyPatch object at 0x7f65fbad4e50>

    @pytest.mark.conv_transpose1d
    @pytest.mark.parametrize("shape, kernel", SHAPE_CONV_TRANSPOSE1D)
    @pytest.mark.parametrize("stride", STRIDES)
    @pytest.mark.parametrize("padding", PADDINGS)
    @pytest.mark.parametrize("dtype", FLOAT_DTYPES)
    def test_conv_transpose1d_bias(shape, kernel, stride, padding, dtype, monkeypatch):
        inp = torch.randn(shape, dtype=dtype, device=flag_gems.device, requires_grad=False)
        ref_inp = to_reference(inp, True)
        weight = torch.randn(kernel, dtype=dtype, device=flag_gems.device)
        ref_weight = to_reference(weight, True)
        out_channels = kernel[1]
        kernel_width = kernel[2]
        bias = torch.randn(out_channels, dtype=dtype, device=flag_gems.device)
        ref_bias = to_reference(bias, True)
    
        ref_out = torch.nn.functional.conv_transpose1d(
            ref_inp, ref_weight, bias=ref_bias, stride=stride, padding=padding, dilation=1
        )
    
        res_out = flag_gems.conv_transpose1d(
            inp, weight, bias=bias, stride=stride, padding=padding, dilation=1
        )
        in_channels = kernel[0]
        out_channels = kernel[1]
>       gems_assert_close(
            res_out,
            ref_out,
            dtype,
            reduce_dim=kernel_width * max(in_channels, out_channels),
        )

test_conv_transpose1d.py:96: 
_ _ _ _ _ _ _ _ _ _ _ _ _ _ _ _ _ _ _ _ _ _ _ _ _ _ _ _ _ _ _ _ _ _ _ _ _ _ _ _ 
accuracy_utils.py:312: in gems_assert_close
    flag_gems.testing.assert_close(
_ _ _ _ _ _ _ _ _ _ _ _ _ _ _ _ _ _ _ _ _ _ _ _ _ _ _ _ _ _ _ _ _ _ _ _ _ _ _ _ 

res = tensor([[[-7.9882e-01,  1.2988e+00,  4.6397e-01,  ...,  2.9405e-01,
           9.1066e-01,  4.8385e-01],
         [ 1....2.6781e-06],
         [-1.7105e-03, -3.3435e-05,  6.6450e-03,  ...,  7.5679e-01,
           5.9629e-02,  5.6844e-10]]])
ref = tensor([[[ -1.9647,  -3.0497,   9.2309,  ...,   2.3276,  -4.5547,  -3.9657],
         [  1.8835,  -2.1038,   2.6743,  ...03,  ...,   3.7395,   0.1105,   0.4256],
         [  4.2643,   2.1292,  -3.0349,  ...,  -3.3118,  -1.5628,   5.1823]]])
dtype = torch.float32, equal_nan = False, reduce_dim = 160, atol = 0.0001

    def assert_close(res, ref, dtype, equal_nan=False, reduce_dim=1, atol=1e-4):
        if dtype is None:
            dtype = torch.float32
        assert res.dtype == dtype
        ref = ref.to(dtype)
        res, ref = _maybe_move_to_cpu(res, ref)
        rtol = RESOLUTION[dtype]
>       torch.testing.assert_close(
            res, ref, atol=atol * reduce_dim, rtol=rtol, equal_nan=equal_nan
        )
E       AssertionError: Tensor-likes are not close!
E       
E       Mismatched elements: 4150 / 4160 (99.8%)
E       Greatest absolute difference: 28.02128791809082 at index (1, 20, 36) (up to 0.016 allowed)
E       Greatest relative difference: 138.84527587890625 at index (0, 25, 4) (up to 1.3e-06 allowed)

../src/flag_gems/testing/__init__.py:85: AssertionError
____________ test_conv_transpose1d_bias[dtype1-0-1-shape0-kernel0] _____________

shape = (2, 4, 8), kernel = (4, 8, 3), stride = 1, padding = 0
dtype = torch.float16
monkeypatch = <_pytest.monkeypatch.MonkeyPatch object at 0x7f641d479420>

    @pytest.mark.conv_transpose1d
    @pytest.mark.parametrize("shape, kernel", SHAPE_CONV_TRANSPOSE1D)
    @pytest.mark.parametrize("stride", STRIDES)
    @pytest.mark.parametrize("padding", PADDINGS)
    @pytest.mark.parametrize("dtype", FLOAT_DTYPES)
    def test_conv_transpose1d_bias(shape, kernel, stride, padding, dtype, monkeypatch):
        inp = torch.randn(shape, dtype=dtype, device=flag_gems.device, requires_grad=False)
        ref_inp = to_reference(inp, True)
        weight = torch.randn(kernel, dtype=dtype, device=flag_gems.device)
        ref_weight = to_reference(weight, True)
        out_channels = kernel[1]
        kernel_width = kernel[2]
        bias = torch.randn(out_channels, dtype=dtype, device=flag_gems.device)
        ref_bias = to_reference(bias, True)
    
        ref_out = torch.nn.functional.conv_transpose1d(
            ref_inp, ref_weight, bias=ref_bias, stride=stride, padding=padding, dilation=1
        )
    
        res_out = flag_gems.conv_transpose1d(
            inp, weight, bias=bias, stride=stride, padding=padding, dilation=1
        )
        in_channels = kernel[0]
        out_channels = kernel[1]
>       gems_assert_close(
            res_out,
            ref_out,
            dtype,
            reduce_dim=kernel_width * max(in_channels, out_channels),
        )

test_conv_transpose1d.py:96: 
_ _ _ _ _ _ _ _ _ _ _ _ _ _ _ _ _ _ _ _ _ _ _ _ _ _ _ _ _ _ _ _ _ _ _ _ _ _ _ _ 
accuracy_utils.py:312: in gems_assert_close
    flag_gems.testing.assert_close(
_ _ _ _ _ _ _ _ _ _ _ _ _ _ _ _ _ _ _ _ _ _ _ _ _ _ _ _ _ _ _ _ _ _ _ _ _ _ _ _ 

res = tensor([[[ 7.2900e+02, -1.8008e+00, -1.1122e-04, -1.8154e+00,  8.3350e+02,
          -1.6699e+00, -3.7184e+04, -1.8047... -1.8486e+00,
           1.3750e+00,  5.7227e+00,  1.9590e+00, -8.8811e-06, -1.7842e+00]]],
       dtype=torch.float16)
ref = tensor([[[-1.4736e+00, -2.1545e-01, -6.5234e+00, -3.7109e+00,  1.4111e+00,
          -2.4805e+00,  3.4395e+00,  1.4492... -1.9102e+00,
           1.3086e-01,  1.4961e+00,  1.6484e+00,  4.1836e+00,  1.8506e+00]]],
       dtype=torch.float16)
dtype = torch.float16, equal_nan = False, reduce_dim = 24, atol = 0.0001

    def assert_close(res, ref, dtype, equal_nan=False, reduce_dim=1, atol=1e-4):
        if dtype is None:
            dtype = torch.float32
        assert res.dtype == dtype
        ref = ref.to(dtype)
        res, ref = _maybe_move_to_cpu(res, ref)
        rtol = RESOLUTION[dtype]
>       torch.testing.assert_close(
            res, ref, atol=atol * reduce_dim, rtol=rtol, equal_nan=equal_nan
        )
E       AssertionError: Tensor-likes are not close!
E       
E       Mismatched elements: 160 / 160 (100.0%)
E       Greatest absolute difference: nan at index (1, 0, 8) (up to 0.0024000000000000002 allowed)
E       Greatest relative difference: nan at index (1, 0, 8) (up to 0.001 allowed)

../src/flag_gems/testing/__init__.py:85: AssertionError
____________ test_conv_transpose1d_bias[dtype1-0-1-shape1-kernel1] _____________

shape = (4, 8, 16), kernel = (8, 16, 3), stride = 1, padding = 0
dtype = torch.float16
monkeypatch = <_pytest.monkeypatch.MonkeyPatch object at 0x7f64316f3820>

    @pytest.mark.conv_transpose1d
    @pytest.mark.parametrize("shape, kernel", SHAPE_CONV_TRANSPOSE1D)
    @pytest.mark.parametrize("stride", STRIDES)
    @pytest.mark.parametrize("padding", PADDINGS)
    @pytest.mark.parametrize("dtype", FLOAT_DTYPES)
    def test_conv_transpose1d_bias(shape, kernel, stride, padding, dtype, monkeypatch):
        inp = torch.randn(shape, dtype=dtype, device=flag_gems.device, requires_grad=False)
        ref_inp = to_reference(inp, True)
        weight = torch.randn(kernel, dtype=dtype, device=flag_gems.device)
        ref_weight = to_reference(weight, True)
        out_channels = kernel[1]
        kernel_width = kernel[2]
        bias = torch.randn(out_channels, dtype=dtype, device=flag_gems.device)
        ref_bias = to_reference(bias, True)
    
        ref_out = torch.nn.functional.conv_transpose1d(
            ref_inp, ref_weight, bias=ref_bias, stride=stride, padding=padding, dilation=1
        )
    
        res_out = flag_gems.conv_transpose1d(
            inp, weight, bias=bias, stride=stride, padding=padding, dilation=1
        )
        in_channels = kernel[0]
        out_channels = kernel[1]
>       gems_assert_close(
            res_out,
            ref_out,
            dtype,
            reduce_dim=kernel_width * max(in_channels, out_channels),
        )

test_conv_transpose1d.py:96: 
_ _ _ _ _ _ _ _ _ _ _ _ _ _ _ _ _ _ _ _ _ _ _ _ _ _ _ _ _ _ _ _ _ _ _ _ _ _ _ _ 
accuracy_utils.py:312: in gems_assert_close
    flag_gems.testing.assert_close(
_ _ _ _ _ _ _ _ _ _ _ _ _ _ _ _ _ _ _ _ _ _ _ _ _ _ _ _ _ _ _ _ _ _ _ _ _ _ _ _ 

res = tensor([[[ 7.0953e-03,  1.7070e+00, -1.7637e+00,  ..., -1.8125e+00,
           9.9600e+02,  1.7598e+00],
         [ 4.... [ 2.9440e+04, -1.7959e+00, -5.7472e+04,  ...,  1.8271e+00,
                  nan, -1.7559e+00]]], dtype=torch.float16)
ref = tensor([[[ 5.5156, -0.3674,  0.8130,  ..., -3.3672, -3.7188,  0.0352],
         [ 2.6719, -1.5840, -4.4531,  ..., -1.4...-1.8457,  0.7163],
         [ 4.2148, -0.4355, -3.3750,  ..., -0.6812, -0.3933,  2.5938]]],
       dtype=torch.float16)
dtype = torch.float16, equal_nan = False, reduce_dim = 48, atol = 0.0001

    def assert_close(res, ref, dtype, equal_nan=False, reduce_dim=1, atol=1e-4):
        if dtype is None:
            dtype = torch.float32
        assert res.dtype == dtype
        ref = ref.to(dtype)
        res, ref = _maybe_move_to_cpu(res, ref)
        rtol = RESOLUTION[dtype]
>       torch.testing.assert_close(
            res, ref, atol=atol * reduce_dim, rtol=rtol, equal_nan=equal_nan
        )
E       AssertionError: Tensor-likes are not close!
E       
E       Mismatched elements: 1152 / 1152 (100.0%)
E       Greatest absolute difference: nan at index (0, 8, 0) (up to 0.0048000000000000004 allowed)
E       Greatest relative difference: nan at index (0, 8, 0) (up to 0.001 allowed)

../src/flag_gems/testing/__init__.py:85: AssertionError
____________ test_conv_transpose1d_bias[dtype1-0-1-shape2-kernel2] _____________

shape = (2, 16, 32), kernel = (16, 32, 5), stride = 1, padding = 0
dtype = torch.float16
monkeypatch = <_pytest.monkeypatch.MonkeyPatch object at 0x7f641cb7c460>

    @pytest.mark.conv_transpose1d
    @pytest.mark.parametrize("shape, kernel", SHAPE_CONV_TRANSPOSE1D)
    @pytest.mark.parametrize("stride", STRIDES)
    @pytest.mark.parametrize("padding", PADDINGS)
    @pytest.mark.parametrize("dtype", FLOAT_DTYPES)
    def test_conv_transpose1d_bias(shape, kernel, stride, padding, dtype, monkeypatch):
        inp = torch.randn(shape, dtype=dtype, device=flag_gems.device, requires_grad=False)
        ref_inp = to_reference(inp, True)
        weight = torch.randn(kernel, dtype=dtype, device=flag_gems.device)
        ref_weight = to_reference(weight, True)
        out_channels = kernel[1]
        kernel_width = kernel[2]
        bias = torch.randn(out_channels, dtype=dtype, device=flag_gems.device)
        ref_bias = to_reference(bias, True)
    
        ref_out = torch.nn.functional.conv_transpose1d(
            ref_inp, ref_weight, bias=ref_bias, stride=stride, padding=padding, dilation=1
        )
    
        res_out = flag_gems.conv_transpose1d(
            inp, weight, bias=bias, stride=stride, padding=padding, dilation=1
        )
        in_channels = kernel[0]
        out_channels = kernel[1]
>       gems_assert_close(
            res_out,
            ref_out,
            dtype,
            reduce_dim=kernel_width * max(in_channels, out_channels),
        )

test_conv_transpose1d.py:96: 
_ _ _ _ _ _ _ _ _ _ _ _ _ _ _ _ _ _ _ _ _ _ _ _ _ _ _ _ _ _ _ _ _ _ _ _ _ _ _ _ 
accuracy_utils.py:312: in gems_assert_close
    flag_gems.testing.assert_close(
_ _ _ _ _ _ _ _ _ _ _ _ _ _ _ _ _ _ _ _ _ _ _ _ _ _ _ _ _ _ _ _ _ _ _ _ _ _ _ _ 

res = tensor([[[        nan,  1.8027e+00,  3.7575e-04,  ..., -1.8262e+00,
          -1.3310e+03, -1.3857e+00],
         [ 2.... [ 3.9697e-01, -1.9053e+00, -2.1703e+01,  ..., -1.5752e+00,
          -5.1498e-05,  1.8789e+00]]], dtype=torch.float16)
ref = tensor([[[-5.9766e+00, -1.1172e+01, -1.1078e+01,  ..., -4.2461e+00,
          -5.0977e+00, -1.9258e+00],
         [ 2.... [-3.0586e+00,  2.6328e+00, -2.5195e+00,  ...,  1.4016e+01,
          -1.2520e+00, -6.1406e+00]]], dtype=torch.float16)
dtype = torch.float16, equal_nan = False, reduce_dim = 160, atol = 0.0001

    def assert_close(res, ref, dtype, equal_nan=False, reduce_dim=1, atol=1e-4):
        if dtype is None:
            dtype = torch.float32
        assert res.dtype == dtype
        ref = ref.to(dtype)
        res, ref = _maybe_move_to_cpu(res, ref)
        rtol = RESOLUTION[dtype]
>       torch.testing.assert_close(
            res, ref, atol=atol * reduce_dim, rtol=rtol, equal_nan=equal_nan
        )
E       AssertionError: Tensor-likes are not close!
E       
E       Mismatched elements: 2302 / 2304 (99.9%)
E       Greatest absolute difference: nan at index (0, 0, 0) (up to 0.016 allowed)
E       Greatest relative difference: nan at index (0, 0, 0) (up to 0.001 allowed)

../src/flag_gems/testing/__init__.py:85: AssertionError
____________ test_conv_transpose1d_bias[dtype1-0-2-shape0-kernel0] _____________

shape = (2, 4, 8), kernel = (4, 8, 3), stride = 2, padding = 0
dtype = torch.float16
monkeypatch = <_pytest.monkeypatch.MonkeyPatch object at 0x7f641cb4f3a0>

    @pytest.mark.conv_transpose1d
    @pytest.mark.parametrize("shape, kernel", SHAPE_CONV_TRANSPOSE1D)
    @pytest.mark.parametrize("stride", STRIDES)
    @pytest.mark.parametrize("padding", PADDINGS)
    @pytest.mark.parametrize("dtype", FLOAT_DTYPES)
    def test_conv_transpose1d_bias(shape, kernel, stride, padding, dtype, monkeypatch):
        inp = torch.randn(shape, dtype=dtype, device=flag_gems.device, requires_grad=False)
        ref_inp = to_reference(inp, True)
        weight = torch.randn(kernel, dtype=dtype, device=flag_gems.device)
        ref_weight = to_reference(weight, True)
        out_channels = kernel[1]
        kernel_width = kernel[2]
        bias = torch.randn(out_channels, dtype=dtype, device=flag_gems.device)
        ref_bias = to_reference(bias, True)
    
        ref_out = torch.nn.functional.conv_transpose1d(
            ref_inp, ref_weight, bias=ref_bias, stride=stride, padding=padding, dilation=1
        )
    
        res_out = flag_gems.conv_transpose1d(
            inp, weight, bias=bias, stride=stride, padding=padding, dilation=1
        )
        in_channels = kernel[0]
        out_channels = kernel[1]
>       gems_assert_close(
            res_out,
            ref_out,
            dtype,
            reduce_dim=kernel_width * max(in_channels, out_channels),
        )

test_conv_transpose1d.py:96: 
_ _ _ _ _ _ _ _ _ _ _ _ _ _ _ _ _ _ _ _ _ _ _ _ _ _ _ _ _ _ _ _ _ _ _ _ _ _ _ _ 
accuracy_utils.py:312: in gems_assert_close
    flag_gems.testing.assert_close(
_ _ _ _ _ _ _ _ _ _ _ _ _ _ _ _ _ _ _ _ _ _ _ _ _ _ _ _ _ _ _ _ _ _ _ _ _ _ _ _ 

res = tensor([[[ 5.5240e+03, -1.9541e+00, -1.9006e-01,  1.9287e+00, -7.3945e+00,
           1.9365e+00,         nan,  1.7070...24e+00, -7.4339e-04,  1.8984e+00,  2.6150e-03,  1.5371e+00,
           6.4544e+04,  1.8594e+00]]], dtype=torch.float16)
ref = tensor([[[-1.1514,  1.1309, -0.5718, -1.0498,  2.5117,  0.7251,  0.8633,
          -1.6279,  4.5430,  0.9116,  2.2500,...667, -2.0488, -0.3894,  2.5820, -0.7749, -0.1469,  0.9590,
           3.9102, -0.2515,  0.0563]]], dtype=torch.float16)
dtype = torch.float16, equal_nan = False, reduce_dim = 24, atol = 0.0001

    def assert_close(res, ref, dtype, equal_nan=False, reduce_dim=1, atol=1e-4):
        if dtype is None:
            dtype = torch.float32
        assert res.dtype == dtype
        ref = ref.to(dtype)
        res, ref = _maybe_move_to_cpu(res, ref)
        rtol = RESOLUTION[dtype]
>       torch.testing.assert_close(
            res, ref, atol=atol * reduce_dim, rtol=rtol, equal_nan=equal_nan
        )
E       AssertionError: Tensor-likes are not close!
E       
E       Mismatched elements: 272 / 272 (100.0%)
E       Greatest absolute difference: nan at index (0, 0, 6) (up to 0.0024000000000000002 allowed)
E       Greatest relative difference: nan at index (0, 0, 6) (up to 0.001 allowed)

../src/flag_gems/testing/__init__.py:85: AssertionError
____________ test_conv_transpose1d_bias[dtype1-0-2-shape1-kernel1] _____________

shape = (4, 8, 16), kernel = (8, 16, 3), stride = 2, padding = 0
dtype = torch.float16
monkeypatch = <_pytest.monkeypatch.MonkeyPatch object at 0x7f64316fc5e0>

    @pytest.mark.conv_transpose1d
    @pytest.mark.parametrize("shape, kernel", SHAPE_CONV_TRANSPOSE1D)
    @pytest.mark.parametrize("stride", STRIDES)
    @pytest.mark.parametrize("padding", PADDINGS)
    @pytest.mark.parametrize("dtype", FLOAT_DTYPES)
    def test_conv_transpose1d_bias(shape, kernel, stride, padding, dtype, monkeypatch):
        inp = torch.randn(shape, dtype=dtype, device=flag_gems.device, requires_grad=False)
        ref_inp = to_reference(inp, True)
        weight = torch.randn(kernel, dtype=dtype, device=flag_gems.device)
        ref_weight = to_reference(weight, True)
        out_channels = kernel[1]
        kernel_width = kernel[2]
        bias = torch.randn(out_channels, dtype=dtype, device=flag_gems.device)
        ref_bias = to_reference(bias, True)
    
        ref_out = torch.nn.functional.conv_transpose1d(
            ref_inp, ref_weight, bias=ref_bias, stride=stride, padding=padding, dilation=1
        )
    
        res_out = flag_gems.conv_transpose1d(
            inp, weight, bias=bias, stride=stride, padding=padding, dilation=1
        )
        in_channels = kernel[0]
        out_channels = kernel[1]
>       gems_assert_close(
            res_out,
            ref_out,
            dtype,
            reduce_dim=kernel_width * max(in_channels, out_channels),
        )

test_conv_transpose1d.py:96: 
_ _ _ _ _ _ _ _ _ _ _ _ _ _ _ _ _ _ _ _ _ _ _ _ _ _ _ _ _ _ _ _ _ _ _ _ _ _ _ _ 
accuracy_utils.py:312: in gems_assert_close
    flag_gems.testing.assert_close(
_ _ _ _ _ _ _ _ _ _ _ _ _ _ _ _ _ _ _ _ _ _ _ _ _ _ _ _ _ _ _ _ _ _ _ _ _ _ _ _ 

res = tensor([[[ 1.0459,  0.7427, -0.1428,  ...,  3.0039,  0.9727,  0.3508],
         [ 0.8989, -1.9951,  0.6172,  ...,  0.0... 0.6538, -0.2292],
         [ 0.0116,  0.1813,  1.6758,  ..., -1.1396, -2.0254, -0.1442]]],
       dtype=torch.float16)
ref = tensor([[[ 3.4106e-01, -1.6760e-01,  5.2188e+00,  ...,  2.4453e+00,
           4.7461e-01, -4.1055e+00],
         [ 8.... [ 2.8008e+00,  2.3262e+00,  4.5234e+00,  ...,  3.6465e+00,
           3.2832e+00, -3.2461e+00]]], dtype=torch.float16)
dtype = torch.float16, equal_nan = False, reduce_dim = 48, atol = 0.0001

    def assert_close(res, ref, dtype, equal_nan=False, reduce_dim=1, atol=1e-4):
        if dtype is None:
            dtype = torch.float32
        assert res.dtype == dtype
        ref = ref.to(dtype)
        res, ref = _maybe_move_to_cpu(res, ref)
        rtol = RESOLUTION[dtype]
>       torch.testing.assert_close(
            res, ref, atol=atol * reduce_dim, rtol=rtol, equal_nan=equal_nan
        )
E       AssertionError: Tensor-likes are not close!
E       
E       Mismatched elements: 2110 / 2112 (99.9%)
E       Greatest absolute difference: 15.4609375 at index (0, 1, 10) (up to 0.0048000000000000004 allowed)
E       Greatest relative difference: 2374.0 at index (2, 7, 27) (up to 0.001 allowed)

../src/flag_gems/testing/__init__.py:85: AssertionError
____________ test_conv_transpose1d_bias[dtype1-0-2-shape2-kernel2] _____________

shape = (2, 16, 32), kernel = (16, 32, 5), stride = 2, padding = 0
dtype = torch.float16
monkeypatch = <_pytest.monkeypatch.MonkeyPatch object at 0x7f641cc1a1d0>

    @pytest.mark.conv_transpose1d
    @pytest.mark.parametrize("shape, kernel", SHAPE_CONV_TRANSPOSE1D)
    @pytest.mark.parametrize("stride", STRIDES)
    @pytest.mark.parametrize("padding", PADDINGS)
    @pytest.mark.parametrize("dtype", FLOAT_DTYPES)
    def test_conv_transpose1d_bias(shape, kernel, stride, padding, dtype, monkeypatch):
        inp = torch.randn(shape, dtype=dtype, device=flag_gems.device, requires_grad=False)
        ref_inp = to_reference(inp, True)
        weight = torch.randn(kernel, dtype=dtype, device=flag_gems.device)
        ref_weight = to_reference(weight, True)
        out_channels = kernel[1]
        kernel_width = kernel[2]
        bias = torch.randn(out_channels, dtype=dtype, device=flag_gems.device)
        ref_bias = to_reference(bias, True)
    
        ref_out = torch.nn.functional.conv_transpose1d(
            ref_inp, ref_weight, bias=ref_bias, stride=stride, padding=padding, dilation=1
        )
    
        res_out = flag_gems.conv_transpose1d(
            inp, weight, bias=bias, stride=stride, padding=padding, dilation=1
        )
        in_channels = kernel[0]
        out_channels = kernel[1]
>       gems_assert_close(
            res_out,
            ref_out,
            dtype,
            reduce_dim=kernel_width * max(in_channels, out_channels),
        )

test_conv_transpose1d.py:96: 
_ _ _ _ _ _ _ _ _ _ _ _ _ _ _ _ _ _ _ _ _ _ _ _ _ _ _ _ _ _ _ _ _ _ _ _ _ _ _ _ 
accuracy_utils.py:312: in gems_assert_close
    flag_gems.testing.assert_close(
_ _ _ _ _ _ _ _ _ _ _ _ _ _ _ _ _ _ _ _ _ _ _ _ _ _ _ _ _ _ _ _ _ _ _ _ _ _ _ _ 

res = tensor([[[ 1.9307,  1.9619, -1.2969,  ...,  1.9248,  1.6934, -1.4238],
         [ 1.7705, -2.0645, -1.7041,  ..., -1.7... 0.6870, -0.1465],
         [-0.0861,  0.7974, -0.3882,  ..., -0.8315,  0.7769, -0.1835]]],
       dtype=torch.float16)
ref = tensor([[[ -7.1250,  -3.7227,  -0.4744,  ...,   8.1562,   3.4746,  -1.0352],
         [  2.8770,   1.9033,  14.2422,  ...,   0.7446],
         [ -4.3281,  12.3047,  -6.2695,  ...,  -1.2305,  -4.2344,  -3.9238]]],
       dtype=torch.float16)
dtype = torch.float16, equal_nan = False, reduce_dim = 160, atol = 0.0001

    def assert_close(res, ref, dtype, equal_nan=False, reduce_dim=1, atol=1e-4):
        if dtype is None:
            dtype = torch.float32
        assert res.dtype == dtype
        ref = ref.to(dtype)
        res, ref = _maybe_move_to_cpu(res, ref)
        rtol = RESOLUTION[dtype]
>       torch.testing.assert_close(
            res, ref, atol=atol * reduce_dim, rtol=rtol, equal_nan=equal_nan
        )
E       AssertionError: Tensor-likes are not close!
E       
E       Mismatched elements: 4278 / 4288 (99.8%)
E       Greatest absolute difference: nan at index (1, 15, 19) (up to 0.016 allowed)
E       Greatest relative difference: nan at index (1, 15, 19) (up to 0.001 allowed)

../src/flag_gems/testing/__init__.py:85: AssertionError
____________ test_conv_transpose1d_bias[dtype1-1-1-shape0-kernel0] _____________

shape = (2, 4, 8), kernel = (4, 8, 3), stride = 1, padding = 1
dtype = torch.float16
monkeypatch = <_pytest.monkeypatch.MonkeyPatch object at 0x7f641d47a290>

    @pytest.mark.conv_transpose1d
    @pytest.mark.parametrize("shape, kernel", SHAPE_CONV_TRANSPOSE1D)
    @pytest.mark.parametrize("stride", STRIDES)
    @pytest.mark.parametrize("padding", PADDINGS)
    @pytest.mark.parametrize("dtype", FLOAT_DTYPES)
    def test_conv_transpose1d_bias(shape, kernel, stride, padding, dtype, monkeypatch):
        inp = torch.randn(shape, dtype=dtype, device=flag_gems.device, requires_grad=False)
        ref_inp = to_reference(inp, True)
        weight = torch.randn(kernel, dtype=dtype, device=flag_gems.device)
        ref_weight = to_reference(weight, True)
        out_channels = kernel[1]
        kernel_width = kernel[2]
        bias = torch.randn(out_channels, dtype=dtype, device=flag_gems.device)
        ref_bias = to_reference(bias, True)
    
        ref_out = torch.nn.functional.conv_transpose1d(
            ref_inp, ref_weight, bias=ref_bias, stride=stride, padding=padding, dilation=1
        )
    
        res_out = flag_gems.conv_transpose1d(
            inp, weight, bias=bias, stride=stride, padding=padding, dilation=1
        )
        in_channels = kernel[0]
        out_channels = kernel[1]
>       gems_assert_close(
            res_out,
            ref_out,
            dtype,
            reduce_dim=kernel_width * max(in_channels, out_channels),
        )

test_conv_transpose1d.py:96: 
_ _ _ _ _ _ _ _ _ _ _ _ _ _ _ _ _ _ _ _ _ _ _ _ _ _ _ _ _ _ _ _ _ _ _ _ _ _ _ _ 
accuracy_utils.py:312: in gems_assert_close
    flag_gems.testing.assert_close(
_ _ _ _ _ _ _ _ _ _ _ _ _ _ _ _ _ _ _ _ _ _ _ _ _ _ _ _ _ _ _ _ _ _ _ _ _ _ _ _ 

res = tensor([[[ 2.5421e-02, -1.7451e+00,  7.9930e-05,  1.8535e+00,  2.0469e+00,
          -1.8848e+00, -3.6445e+00, -1.8975...49e+00,  2.9062e+01, -1.5625e+00,  1.5495e-02,
          -2.0352e+00, -1.0888e+02,  1.5352e+00]]], dtype=torch.float16)
ref = tensor([[[-4.0977,  0.7988, -6.3359, -1.6396, -0.6641, -0.7520, -4.6758,
           0.7681],
         [-0.6680, -0.854...1],
         [-1.6982, -5.8320, -1.0117,  0.4219, -0.8022, -5.3672, -4.4727,
          -3.6758]]], dtype=torch.float16)
dtype = torch.float16, equal_nan = False, reduce_dim = 24, atol = 0.0001

    def assert_close(res, ref, dtype, equal_nan=False, reduce_dim=1, atol=1e-4):
        if dtype is None:
            dtype = torch.float32
        assert res.dtype == dtype
        ref = ref.to(dtype)
        res, ref = _maybe_move_to_cpu(res, ref)
        rtol = RESOLUTION[dtype]
>       torch.testing.assert_close(
            res, ref, atol=atol * reduce_dim, rtol=rtol, equal_nan=equal_nan
        )
E       AssertionError: Tensor-likes are not close!
E       
E       Mismatched elements: 128 / 128 (100.0%)
E       Greatest absolute difference: nan at index (0, 2, 4) (up to 0.0024000000000000002 allowed)
E       Greatest relative difference: nan at index (0, 2, 4) (up to 0.001 allowed)

../src/flag_gems/testing/__init__.py:85: AssertionError
____________ test_conv_transpose1d_bias[dtype1-1-1-shape1-kernel1] _____________

shape = (4, 8, 16), kernel = (8, 16, 3), stride = 1, padding = 1
dtype = torch.float16
monkeypatch = <_pytest.monkeypatch.MonkeyPatch object at 0x7f641cba59c0>

    @pytest.mark.conv_transpose1d
    @pytest.mark.parametrize("shape, kernel", SHAPE_CONV_TRANSPOSE1D)
    @pytest.mark.parametrize("stride", STRIDES)
    @pytest.mark.parametrize("padding", PADDINGS)
    @pytest.mark.parametrize("dtype", FLOAT_DTYPES)
    def test_conv_transpose1d_bias(shape, kernel, stride, padding, dtype, monkeypatch):
        inp = torch.randn(shape, dtype=dtype, device=flag_gems.device, requires_grad=False)
        ref_inp = to_reference(inp, True)
        weight = torch.randn(kernel, dtype=dtype, device=flag_gems.device)
        ref_weight = to_reference(weight, True)
        out_channels = kernel[1]
        kernel_width = kernel[2]
        bias = torch.randn(out_channels, dtype=dtype, device=flag_gems.device)
        ref_bias = to_reference(bias, True)
    
        ref_out = torch.nn.functional.conv_transpose1d(
            ref_inp, ref_weight, bias=ref_bias, stride=stride, padding=padding, dilation=1
        )
    
        res_out = flag_gems.conv_transpose1d(
            inp, weight, bias=bias, stride=stride, padding=padding, dilation=1
        )
        in_channels = kernel[0]
        out_channels = kernel[1]
>       gems_assert_close(
            res_out,
            ref_out,
            dtype,
            reduce_dim=kernel_width * max(in_channels, out_channels),
        )

test_conv_transpose1d.py:96: 
_ _ _ _ _ _ _ _ _ _ _ _ _ _ _ _ _ _ _ _ _ _ _ _ _ _ _ _ _ _ _ _ _ _ _ _ _ _ _ _ 
accuracy_utils.py:312: in gems_assert_close
    flag_gems.testing.assert_close(
_ _ _ _ _ _ _ _ _ _ _ _ _ _ _ _ _ _ _ _ _ _ _ _ _ _ _ _ _ _ _ _ _ _ _ _ _ _ _ _ 

res = tensor([[[-0.4463, -0.0047,  1.1143,  ...,  0.1886, -0.7705, -0.0351],
         [-1.7979,  0.3489,  0.7144,  ..., -0.5...-0.0978, -1.6895],
         [ 1.0225, -0.5903, -0.0490,  ...,  0.1359, -0.5713,  1.8447]]],
       dtype=torch.float16)
ref = tensor([[[  0.7026, -11.0078,   5.0977,  ...,   9.2031,  -0.0491,  -2.7637],
         [  3.1309,  -1.3369,   4.4648,  ...,  -0.5029],
         [ -0.5552,  -7.0898,   2.8555,  ...,   5.5820,   2.6797,  -4.9453]]],
       dtype=torch.float16)
dtype = torch.float16, equal_nan = False, reduce_dim = 48, atol = 0.0001

    def assert_close(res, ref, dtype, equal_nan=False, reduce_dim=1, atol=1e-4):
        if dtype is None:
            dtype = torch.float32
        assert res.dtype == dtype
        ref = ref.to(dtype)
        res, ref = _maybe_move_to_cpu(res, ref)
        rtol = RESOLUTION[dtype]
>       torch.testing.assert_close(
            res, ref, atol=atol * reduce_dim, rtol=rtol, equal_nan=equal_nan
        )
E       AssertionError: Tensor-likes are not close!
E       
E       Mismatched elements: 1024 / 1024 (100.0%)
E       Greatest absolute difference: 18.984375 at index (3, 8, 2) (up to 0.0048000000000000004 allowed)
E       Greatest relative difference: 231.125 at index (1, 1, 6) (up to 0.001 allowed)

../src/flag_gems/testing/__init__.py:85: AssertionError
____________ test_conv_transpose1d_bias[dtype1-1-1-shape2-kernel2] _____________

shape = (2, 16, 32), kernel = (16, 32, 5), stride = 1, padding = 1
dtype = torch.float16
monkeypatch = <_pytest.monkeypatch.MonkeyPatch object at 0x7f641cbec4f0>

    @pytest.mark.conv_transpose1d
    @pytest.mark.parametrize("shape, kernel", SHAPE_CONV_TRANSPOSE1D)
    @pytest.mark.parametrize("stride", STRIDES)
    @pytest.mark.parametrize("padding", PADDINGS)
    @pytest.mark.parametrize("dtype", FLOAT_DTYPES)
    def test_conv_transpose1d_bias(shape, kernel, stride, padding, dtype, monkeypatch):
        inp = torch.randn(shape, dtype=dtype, device=flag_gems.device, requires_grad=False)
        ref_inp = to_reference(inp, True)
        weight = torch.randn(kernel, dtype=dtype, device=flag_gems.device)
        ref_weight = to_reference(weight, True)
        out_channels = kernel[1]
        kernel_width = kernel[2]
        bias = torch.randn(out_channels, dtype=dtype, device=flag_gems.device)
        ref_bias = to_reference(bias, True)
    
        ref_out = torch.nn.functional.conv_transpose1d(
            ref_inp, ref_weight, bias=ref_bias, stride=stride, padding=padding, dilation=1
        )
    
        res_out = flag_gems.conv_transpose1d(
            inp, weight, bias=bias, stride=stride, padding=padding, dilation=1
        )
        in_channels = kernel[0]
        out_channels = kernel[1]
>       gems_assert_close(
            res_out,
            ref_out,
            dtype,
            reduce_dim=kernel_width * max(in_channels, out_channels),
        )

test_conv_transpose1d.py:96: 
_ _ _ _ _ _ _ _ _ _ _ _ _ _ _ _ _ _ _ _ _ _ _ _ _ _ _ _ _ _ _ _ _ _ _ _ _ _ _ _ 
accuracy_utils.py:312: in gems_assert_close
    flag_gems.testing.assert_close(
_ _ _ _ _ _ _ _ _ _ _ _ _ _ _ _ _ _ _ _ _ _ _ _ _ _ _ _ _ _ _ _ _ _ _ _ _ _ _ _ 

res = tensor([[[-1.5537e+00, -1.6494e+00, -1.7539e+00,  ...,  1.9727e+00,
           1.7822e+00, -1.8525e+00],
         [ 1.... [ 5.1855e-01, -3.3417e-02,  6.5088e-01,  ..., -8.6060e-02,
           7.9736e-01, -3.8818e-01]]], dtype=torch.float16)
ref = tensor([[[-3.2539e+00,  2.4062e+00,  4.3320e+00,  ...,  8.7344e+00,
           5.6562e+00, -2.9844e+00],
         [ 2.... [ 7.2422e+00,  6.9214e-02,  6.8047e+00,  ...,  1.7041e+00,
           4.2695e+00, -1.8340e+00]]], dtype=torch.float16)
dtype = torch.float16, equal_nan = False, reduce_dim = 160, atol = 0.0001

    def assert_close(res, ref, dtype, equal_nan=False, reduce_dim=1, atol=1e-4):
        if dtype is None:
            dtype = torch.float32
        assert res.dtype == dtype
        ref = ref.to(dtype)
        res, ref = _maybe_move_to_cpu(res, ref)
        rtol = RESOLUTION[dtype]
>       torch.testing.assert_close(
            res, ref, atol=atol * reduce_dim, rtol=rtol, equal_nan=equal_nan
        )
E       AssertionError: Tensor-likes are not close!
E       
E       Mismatched elements: 2174 / 2176 (99.9%)
E       Greatest absolute difference: nan at index (1, 0, 32) (up to 0.016 allowed)
E       Greatest relative difference: nan at index (1, 0, 32) (up to 0.001 allowed)

../src/flag_gems/testing/__init__.py:85: AssertionError
____________ test_conv_transpose1d_bias[dtype1-1-2-shape0-kernel0] _____________

shape = (2, 4, 8), kernel = (4, 8, 3), stride = 2, padding = 1
dtype = torch.float16
monkeypatch = <_pytest.monkeypatch.MonkeyPatch object at 0x7f65ebc4db70>

    @pytest.mark.conv_transpose1d
    @pytest.mark.parametrize("shape, kernel", SHAPE_CONV_TRANSPOSE1D)
    @pytest.mark.parametrize("stride", STRIDES)
    @pytest.mark.parametrize("padding", PADDINGS)
    @pytest.mark.parametrize("dtype", FLOAT_DTYPES)
    def test_conv_transpose1d_bias(shape, kernel, stride, padding, dtype, monkeypatch):
        inp = torch.randn(shape, dtype=dtype, device=flag_gems.device, requires_grad=False)
        ref_inp = to_reference(inp, True)
        weight = torch.randn(kernel, dtype=dtype, device=flag_gems.device)
        ref_weight = to_reference(weight, True)
        out_channels = kernel[1]
        kernel_width = kernel[2]
        bias = torch.randn(out_channels, dtype=dtype, device=flag_gems.device)
        ref_bias = to_reference(bias, True)
    
        ref_out = torch.nn.functional.conv_transpose1d(
            ref_inp, ref_weight, bias=ref_bias, stride=stride, padding=padding, dilation=1
        )
    
        res_out = flag_gems.conv_transpose1d(
            inp, weight, bias=bias, stride=stride, padding=padding, dilation=1
        )
        in_channels = kernel[0]
        out_channels = kernel[1]
>       gems_assert_close(
            res_out,
            ref_out,
            dtype,
            reduce_dim=kernel_width * max(in_channels, out_channels),
        )

test_conv_transpose1d.py:96: 
_ _ _ _ _ _ _ _ _ _ _ _ _ _ _ _ _ _ _ _ _ _ _ _ _ _ _ _ _ _ _ _ _ _ _ _ _ _ _ _ 
accuracy_utils.py:312: in gems_assert_close
    flag_gems.testing.assert_close(
_ _ _ _ _ _ _ _ _ _ _ _ _ _ _ _ _ _ _ _ _ _ _ _ _ _ _ _ _ _ _ _ _ _ _ _ _ _ _ _ 

res = tensor([[[-1.3115e+00, -2.5781e+00,  6.6650e-01, -1.8835e-01, -3.1494e-01,
          -5.6104e-01,  3.0371e-01,  4.1718... -1.3467e+00,
           6.6943e-01, -5.0049e-01,  1.4661e-01, -1.7637e+00,  4.9341e-01]]],
       dtype=torch.float16)
ref = tensor([[[-3.3379, -1.9336,  0.7271, -1.6504, -0.1788, -0.4248, -1.1357,
          -1.6230, -0.2372, -0.6626, -4.2227,...68,
           0.1469, -1.1895, -5.7148,  2.6309,  3.2324,  3.4531,  6.9727,
          -0.5425]]], dtype=torch.float16)
dtype = torch.float16, equal_nan = False, reduce_dim = 24, atol = 0.0001

    def assert_close(res, ref, dtype, equal_nan=False, reduce_dim=1, atol=1e-4):
        if dtype is None:
            dtype = torch.float32
        assert res.dtype == dtype
        ref = ref.to(dtype)
        res, ref = _maybe_move_to_cpu(res, ref)
        rtol = RESOLUTION[dtype]
>       torch.testing.assert_close(
            res, ref, atol=atol * reduce_dim, rtol=rtol, equal_nan=equal_nan
        )
E       AssertionError: Tensor-likes are not close!
E       
E       Mismatched elements: 240 / 240 (100.0%)
E       Greatest absolute difference: 8.734375 at index (1, 7, 13) (up to 0.0024000000000000002 allowed)
E       Greatest relative difference: 65.8125 at index (0, 5, 8) (up to 0.001 allowed)

../src/flag_gems/testing/__init__.py:85: AssertionError
____________ test_conv_transpose1d_bias[dtype1-1-2-shape1-kernel1] _____________

shape = (4, 8, 16), kernel = (8, 16, 3), stride = 2, padding = 1
dtype = torch.float16
monkeypatch = <_pytest.monkeypatch.MonkeyPatch object at 0x7f641cb7e200>

    @pytest.mark.conv_transpose1d
    @pytest.mark.parametrize("shape, kernel", SHAPE_CONV_TRANSPOSE1D)
    @pytest.mark.parametrize("stride", STRIDES)
    @pytest.mark.parametrize("padding", PADDINGS)
    @pytest.mark.parametrize("dtype", FLOAT_DTYPES)
    def test_conv_transpose1d_bias(shape, kernel, stride, padding, dtype, monkeypatch):
        inp = torch.randn(shape, dtype=dtype, device=flag_gems.device, requires_grad=False)
        ref_inp = to_reference(inp, True)
        weight = torch.randn(kernel, dtype=dtype, device=flag_gems.device)
        ref_weight = to_reference(weight, True)
        out_channels = kernel[1]
        kernel_width = kernel[2]
        bias = torch.randn(out_channels, dtype=dtype, device=flag_gems.device)
        ref_bias = to_reference(bias, True)
    
        ref_out = torch.nn.functional.conv_transpose1d(
            ref_inp, ref_weight, bias=ref_bias, stride=stride, padding=padding, dilation=1
        )
    
        res_out = flag_gems.conv_transpose1d(
            inp, weight, bias=bias, stride=stride, padding=padding, dilation=1
        )
        in_channels = kernel[0]
        out_channels = kernel[1]
>       gems_assert_close(
            res_out,
            ref_out,
            dtype,
            reduce_dim=kernel_width * max(in_channels, out_channels),
        )

test_conv_transpose1d.py:96: 
_ _ _ _ _ _ _ _ _ _ _ _ _ _ _ _ _ _ _ _ _ _ _ _ _ _ _ _ _ _ _ _ _ _ _ _ _ _ _ _ 
accuracy_utils.py:312: in gems_assert_close
    flag_gems.testing.assert_close(
_ _ _ _ _ _ _ _ _ _ _ _ _ _ _ _ _ _ _ _ _ _ _ _ _ _ _ _ _ _ _ _ _ _ _ _ _ _ _ _ 

res = tensor([[[ 1.2598e+00,  1.1371e-01,  2.0264e-01,  ...,  7.6807e-01,
           5.8350e-01, -1.2383e+00],
         [ 4.... [ 1.2998e+00, -9.0039e-01,  1.2959e+00,  ..., -1.3008e+00,
          -1.0016e-01, -1.0615e+00]]], dtype=torch.float16)
ref = tensor([[[ -2.0430,   6.5820,   1.0479,  ...,  -1.9453,   0.3342,   1.2676],
         [  1.8926,   2.5801,  -1.1416,  ...,  -1.1143],
         [ -4.8516,   2.5742,  -0.3999,  ...,  -0.5542,  -4.5547,  -1.9434]]],
       dtype=torch.float16)
dtype = torch.float16, equal_nan = False, reduce_dim = 48, atol = 0.0001

    def assert_close(res, ref, dtype, equal_nan=False, reduce_dim=1, atol=1e-4):
        if dtype is None:
            dtype = torch.float32
        assert res.dtype == dtype
        ref = ref.to(dtype)
        res, ref = _maybe_move_to_cpu(res, ref)
        rtol = RESOLUTION[dtype]
>       torch.testing.assert_close(
            res, ref, atol=atol * reduce_dim, rtol=rtol, equal_nan=equal_nan
        )
E       AssertionError: Tensor-likes are not close!
E       
E       Mismatched elements: 1980 / 1984 (99.8%)
E       Greatest absolute difference: 19.3125 at index (2, 7, 13) (up to 0.0048000000000000004 allowed)
E       Greatest relative difference: 4472.0 at index (0, 0, 3) (up to 0.001 allowed)

../src/flag_gems/testing/__init__.py:85: AssertionError
____________ test_conv_transpose1d_bias[dtype1-1-2-shape2-kernel2] _____________

shape = (2, 16, 32), kernel = (16, 32, 5), stride = 2, padding = 1
dtype = torch.float16
monkeypatch = <_pytest.monkeypatch.MonkeyPatch object at 0x7f641cb8a1d0>

    @pytest.mark.conv_transpose1d
    @pytest.mark.parametrize("shape, kernel", SHAPE_CONV_TRANSPOSE1D)
    @pytest.mark.parametrize("stride", STRIDES)
    @pytest.mark.parametrize("padding", PADDINGS)
    @pytest.mark.parametrize("dtype", FLOAT_DTYPES)
    def test_conv_transpose1d_bias(shape, kernel, stride, padding, dtype, monkeypatch):
        inp = torch.randn(shape, dtype=dtype, device=flag_gems.device, requires_grad=False)
        ref_inp = to_reference(inp, True)
        weight = torch.randn(kernel, dtype=dtype, device=flag_gems.device)
        ref_weight = to_reference(weight, True)
        out_channels = kernel[1]
        kernel_width = kernel[2]
        bias = torch.randn(out_channels, dtype=dtype, device=flag_gems.device)
        ref_bias = to_reference(bias, True)
    
        ref_out = torch.nn.functional.conv_transpose1d(
            ref_inp, ref_weight, bias=ref_bias, stride=stride, padding=padding, dilation=1
        )
    
        res_out = flag_gems.conv_transpose1d(
            inp, weight, bias=bias, stride=stride, padding=padding, dilation=1
        )
        in_channels = kernel[0]
        out_channels = kernel[1]
>       gems_assert_close(
            res_out,
            ref_out,
            dtype,
            reduce_dim=kernel_width * max(in_channels, out_channels),
        )

test_conv_transpose1d.py:96: 
_ _ _ _ _ _ _ _ _ _ _ _ _ _ _ _ _ _ _ _ _ _ _ _ _ _ _ _ _ _ _ _ _ _ _ _ _ _ _ _ 
accuracy_utils.py:312: in gems_assert_close
    flag_gems.testing.assert_close(
_ _ _ _ _ _ _ _ _ _ _ _ _ _ _ _ _ _ _ _ _ _ _ _ _ _ _ _ _ _ _ _ _ _ _ _ _ _ _ _ 

res = tensor([[[-4.4175e+02, -1.8223e+00, -4.3520e+03,  ..., -1.6006e-02,
           1.8770e+00, -7.9443e-01],
         [ 1.... [-1.6523e+00,  3.5547e-01,  1.6836e+00,  ..., -1.6953e+00,
           5.2673e-02, -1.6494e+00]]], dtype=torch.float16)
ref = tensor([[[ 4.7578,  4.1719,  6.7500,  ..., -0.2101, -1.8799, -2.6113],
         [-6.8438,  1.2822, -3.5684,  ...,  6.8... 6.2539, -0.0986],
         [-0.3711, -3.8438,  8.3359,  ...,  3.6777, -1.5400,  5.1328]]],
       dtype=torch.float16)
dtype = torch.float16, equal_nan = False, reduce_dim = 160, atol = 0.0001

    def assert_close(res, ref, dtype, equal_nan=False, reduce_dim=1, atol=1e-4):
        if dtype is None:
            dtype = torch.float32
        assert res.dtype == dtype
        ref = ref.to(dtype)
        res, ref = _maybe_move_to_cpu(res, ref)
        rtol = RESOLUTION[dtype]
>       torch.testing.assert_close(
            res, ref, atol=atol * reduce_dim, rtol=rtol, equal_nan=equal_nan
        )
E       AssertionError: Tensor-likes are not close!
E       
E       Mismatched elements: 4156 / 4160 (99.9%)
E       Greatest absolute difference: nan at index (0, 1, 23) (up to 0.016 allowed)
E       Greatest relative difference: nan at index (0, 1, 23) (up to 0.001 allowed)

../src/flag_gems/testing/__init__.py:85: AssertionError
__________ test_conv_transpose1d_groups[dtype0-0-1-shape0-kernel0-2] ___________

shape = (2, 8, 16), kernel = (8, 4, 3), groups = 2, stride = 1, padding = 0
dtype = torch.float32
monkeypatch = <_pytest.monkeypatch.MonkeyPatch object at 0x7f641c38e980>

    @pytest.mark.conv_transpose1d
    @pytest.mark.parametrize(
        "shape, kernel, groups",
        [
            ((2, 8, 16), (8, 4, 3), 2),
            ((4, 12, 32), (12, 4, 3), 3),
        ],
    )
    @pytest.mark.parametrize("stride", STRIDES)
    @pytest.mark.parametrize("padding", PADDINGS)
    @pytest.mark.parametrize("dtype", FLOAT_DTYPES)
    def test_conv_transpose1d_groups(
        shape, kernel, groups, stride, padding, dtype, monkeypatch
    ):
        inp = torch.randn(shape, dtype=dtype, device=flag_gems.device, requires_grad=False)
        ref_inp = to_reference(inp, True)
        weight = torch.randn(kernel, dtype=dtype, device=flag_gems.device)
        ref_weight = to_reference(weight, True)
    
        ref_out = torch.nn.functional.conv_transpose1d(
            ref_inp,
            ref_weight,
            bias=None,
            stride=stride,
            padding=padding,
            dilation=1,
            groups=groups,
        )
    
        res_out = flag_gems.conv_transpose1d(
            inp,
            weight,
            bias=None,
            stride=stride,
            padding=padding,
            dilation=1,
            groups=groups,
        )
        in_channels_per_group = kernel[0] // groups
        kernel_width = kernel[2]
>       gems_assert_close(
            res_out, ref_out, dtype, reduce_dim=kernel_width * in_channels_per_group
        )

test_conv_transpose1d.py:144: 
_ _ _ _ _ _ _ _ _ _ _ _ _ _ _ _ _ _ _ _ _ _ _ _ _ _ _ _ _ _ _ _ _ _ _ _ _ _ _ _ 
accuracy_utils.py:312: in gems_assert_close
    flag_gems.testing.assert_close(
_ _ _ _ _ _ _ _ _ _ _ _ _ _ _ _ _ _ _ _ _ _ _ _ _ _ _ _ _ _ _ _ _ _ _ _ _ _ _ _ 

res = tensor([[[ 1.7946e+00,  4.9429e-01,  6.1807e-01,  6.2974e-01,  6.7773e-01,
          -1.3043e+00, -2.1780e-01, -3.5962...   -4.2316e-13, -8.3223e-13, -6.8737e-03, -7.7556e-09, -3.5337e-02,
           1.2423e-16,  4.7920e-04,  3.3503e-02]]])
ref = tensor([[[ 4.8149e+00, -1.3907e+00,  4.5891e+00,  1.4764e+00,  9.1887e-01,
           3.4301e+00,  3.7084e+00, -1.5608...   -3.6700e+00, -1.1758e+00,  5.7857e+00,  5.9663e-01,  1.0528e-01,
           4.2136e+00, -1.2543e+00, -1.9147e+00]]])
dtype = torch.float32, equal_nan = False, reduce_dim = 12, atol = 0.0001

    def assert_close(res, ref, dtype, equal_nan=False, reduce_dim=1, atol=1e-4):
        if dtype is None:
            dtype = torch.float32
        assert res.dtype == dtype
        ref = ref.to(dtype)
        res, ref = _maybe_move_to_cpu(res, ref)
        rtol = RESOLUTION[dtype]
>       torch.testing.assert_close(
            res, ref, atol=atol * reduce_dim, rtol=rtol, equal_nan=equal_nan
        )
E       AssertionError: Tensor-likes are not close!
E       
E       Mismatched elements: 288 / 288 (100.0%)
E       Greatest absolute difference: 28.860715866088867 at index (1, 4, 0) (up to 0.0012000000000000001 allowed)
E       Greatest relative difference: 1256.3629150390625 at index (1, 2, 16) (up to 1.3e-06 allowed)

../src/flag_gems/testing/__init__.py:85: AssertionError
__________ test_conv_transpose1d_groups[dtype0-0-1-shape1-kernel1-3] ___________

shape = (4, 12, 32), kernel = (12, 4, 3), groups = 3, stride = 1, padding = 0
dtype = torch.float32
monkeypatch = <_pytest.monkeypatch.MonkeyPatch object at 0x7f641c44e560>

    @pytest.mark.conv_transpose1d
    @pytest.mark.parametrize(
        "shape, kernel, groups",
        [
            ((2, 8, 16), (8, 4, 3), 2),
            ((4, 12, 32), (12, 4, 3), 3),
        ],
    )
    @pytest.mark.parametrize("stride", STRIDES)
    @pytest.mark.parametrize("padding", PADDINGS)
    @pytest.mark.parametrize("dtype", FLOAT_DTYPES)
    def test_conv_transpose1d_groups(
        shape, kernel, groups, stride, padding, dtype, monkeypatch
    ):
        inp = torch.randn(shape, dtype=dtype, device=flag_gems.device, requires_grad=False)
        ref_inp = to_reference(inp, True)
        weight = torch.randn(kernel, dtype=dtype, device=flag_gems.device)
        ref_weight = to_reference(weight, True)
    
        ref_out = torch.nn.functional.conv_transpose1d(
            ref_inp,
            ref_weight,
            bias=None,
            stride=stride,
            padding=padding,
            dilation=1,
            groups=groups,
        )
    
        res_out = flag_gems.conv_transpose1d(
            inp,
            weight,
            bias=None,
            stride=stride,
            padding=padding,
            dilation=1,
            groups=groups,
        )
        in_channels_per_group = kernel[0] // groups
        kernel_width = kernel[2]
>       gems_assert_close(
            res_out, ref_out, dtype, reduce_dim=kernel_width * in_channels_per_group
        )

test_conv_transpose1d.py:144: 
_ _ _ _ _ _ _ _ _ _ _ _ _ _ _ _ _ _ _ _ _ _ _ _ _ _ _ _ _ _ _ _ _ _ _ _ _ _ _ _ 
accuracy_utils.py:312: in gems_assert_close
    flag_gems.testing.assert_close(
_ _ _ _ _ _ _ _ _ _ _ _ _ _ _ _ _ _ _ _ _ _ _ _ _ _ _ _ _ _ _ _ _ _ _ _ _ _ _ _ 

res = tensor([[[ 2.3576e+00, -9.1409e-01, -1.5423e-02,  ..., -8.4527e-01,
           5.0590e-01,  6.9057e-01],
         [ 8....4.8470e-02],
         [ 1.5846e-01, -3.7086e-01, -8.2344e-01,  ...,  8.8572e-01,
          -1.8901e-01,  8.9675e-01]]])
ref = tensor([[[-3.5046,  1.5223, -3.2131,  ...,  0.2515, -1.4155, -0.3033],
         [-0.9062, -0.8468, -0.8362,  ..., -0.0...29, -3.9087,  ..., -2.7032,  0.5333, -0.6105],
         [-2.2727, -2.1850,  3.2705,  ...,  0.4495, -4.2636,  0.3595]]])
dtype = torch.float32, equal_nan = False, reduce_dim = 12, atol = 0.0001

    def assert_close(res, ref, dtype, equal_nan=False, reduce_dim=1, atol=1e-4):
        if dtype is None:
            dtype = torch.float32
        assert res.dtype == dtype
        ref = ref.to(dtype)
        res, ref = _maybe_move_to_cpu(res, ref)
        rtol = RESOLUTION[dtype]
>       torch.testing.assert_close(
            res, ref, atol=atol * reduce_dim, rtol=rtol, equal_nan=equal_nan
        )
E       AssertionError: Tensor-likes are not close!
E       
E       Mismatched elements: 1632 / 1632 (100.0%)
E       Greatest absolute difference: 14.070183753967285 at index (2, 4, 27) (up to 0.0012000000000000001 allowed)
E       Greatest relative difference: 7967.1279296875 at index (3, 10, 12) (up to 1.3e-06 allowed)

../src/flag_gems/testing/__init__.py:85: AssertionError
__________ test_conv_transpose1d_groups[dtype0-0-2-shape0-kernel0-2] ___________

shape = (2, 8, 16), kernel = (8, 4, 3), groups = 2, stride = 2, padding = 0
dtype = torch.float32
monkeypatch = <_pytest.monkeypatch.MonkeyPatch object at 0x7f641cb7c640>

    @pytest.mark.conv_transpose1d
    @pytest.mark.parametrize(
        "shape, kernel, groups",
        [
            ((2, 8, 16), (8, 4, 3), 2),
            ((4, 12, 32), (12, 4, 3), 3),
        ],
    )
    @pytest.mark.parametrize("stride", STRIDES)
    @pytest.mark.parametrize("padding", PADDINGS)
    @pytest.mark.parametrize("dtype", FLOAT_DTYPES)
    def test_conv_transpose1d_groups(
        shape, kernel, groups, stride, padding, dtype, monkeypatch
    ):
        inp = torch.randn(shape, dtype=dtype, device=flag_gems.device, requires_grad=False)
        ref_inp = to_reference(inp, True)
        weight = torch.randn(kernel, dtype=dtype, device=flag_gems.device)
        ref_weight = to_reference(weight, True)
    
        ref_out = torch.nn.functional.conv_transpose1d(
            ref_inp,
            ref_weight,
            bias=None,
            stride=stride,
            padding=padding,
            dilation=1,
            groups=groups,
        )
    
        res_out = flag_gems.conv_transpose1d(
            inp,
            weight,
            bias=None,
            stride=stride,
            padding=padding,
            dilation=1,
            groups=groups,
        )
        in_channels_per_group = kernel[0] // groups
        kernel_width = kernel[2]
>       gems_assert_close(
            res_out, ref_out, dtype, reduce_dim=kernel_width * in_channels_per_group
        )

test_conv_transpose1d.py:144: 
_ _ _ _ _ _ _ _ _ _ _ _ _ _ _ _ _ _ _ _ _ _ _ _ _ _ _ _ _ _ _ _ _ _ _ _ _ _ _ _ 
accuracy_utils.py:312: in gems_assert_close
    flag_gems.testing.assert_close(
_ _ _ _ _ _ _ _ _ _ _ _ _ _ _ _ _ _ _ _ _ _ _ _ _ _ _ _ _ _ _ _ _ _ _ _ _ _ _ _ 

res = tensor([[[-3.6256e-01,  8.3954e-02,  1.4643e+00, -1.2013e+00,  6.2351e-01,
          -1.0333e+00,  9.8263e-01,  8.5120...    1.6140e-01,  1.4518e+00, -1.0200e+00,  5.3240e-01,  1.1649e+00,
           4.0850e-01, -9.9977e-01, -5.0893e-01]]])
ref = tensor([[[ 3.3328e+00,  2.4482e+00, -5.2339e+00, -1.8285e+00,  2.0880e-01,
          -1.3934e+00, -1.1371e+00, -2.4567...    1.2201e-01,  6.3039e+00, -2.9458e-01,  3.7175e+00,  1.2846e-01,
           3.6574e-01,  9.8533e-01,  2.5964e+00]]])
dtype = torch.float32, equal_nan = False, reduce_dim = 12, atol = 0.0001

    def assert_close(res, ref, dtype, equal_nan=False, reduce_dim=1, atol=1e-4):
        if dtype is None:
            dtype = torch.float32
        assert res.dtype == dtype
        ref = ref.to(dtype)
        res, ref = _maybe_move_to_cpu(res, ref)
        rtol = RESOLUTION[dtype]
>       torch.testing.assert_close(
            res, ref, atol=atol * reduce_dim, rtol=rtol, equal_nan=equal_nan
        )
E       AssertionError: Tensor-likes are not close!
E       
E       Mismatched elements: 528 / 528 (100.0%)
E       Greatest absolute difference: 11.380081176757812 at index (1, 0, 12) (up to 0.0012000000000000001 allowed)
E       Greatest relative difference: 3016.34912109375 at index (0, 4, 25) (up to 1.3e-06 allowed)

../src/flag_gems/testing/__init__.py:85: AssertionError
__________ test_conv_transpose1d_groups[dtype0-0-2-shape1-kernel1-3] ___________

shape = (4, 12, 32), kernel = (12, 4, 3), groups = 3, stride = 2, padding = 0
dtype = torch.float32
monkeypatch = <_pytest.monkeypatch.MonkeyPatch object at 0x7f64316bc9a0>

    @pytest.mark.conv_transpose1d
    @pytest.mark.parametrize(
        "shape, kernel, groups",
        [
            ((2, 8, 16), (8, 4, 3), 2),
            ((4, 12, 32), (12, 4, 3), 3),
        ],
    )
    @pytest.mark.parametrize("stride", STRIDES)
    @pytest.mark.parametrize("padding", PADDINGS)
    @pytest.mark.parametrize("dtype", FLOAT_DTYPES)
    def test_conv_transpose1d_groups(
        shape, kernel, groups, stride, padding, dtype, monkeypatch
    ):
        inp = torch.randn(shape, dtype=dtype, device=flag_gems.device, requires_grad=False)
        ref_inp = to_reference(inp, True)
        weight = torch.randn(kernel, dtype=dtype, device=flag_gems.device)
        ref_weight = to_reference(weight, True)
    
        ref_out = torch.nn.functional.conv_transpose1d(
            ref_inp,
            ref_weight,
            bias=None,
            stride=stride,
            padding=padding,
            dilation=1,
            groups=groups,
        )
    
        res_out = flag_gems.conv_transpose1d(
            inp,
            weight,
            bias=None,
            stride=stride,
            padding=padding,
            dilation=1,
            groups=groups,
        )
        in_channels_per_group = kernel[0] // groups
        kernel_width = kernel[2]
>       gems_assert_close(
            res_out, ref_out, dtype, reduce_dim=kernel_width * in_channels_per_group
        )

test_conv_transpose1d.py:144: 
_ _ _ _ _ _ _ _ _ _ _ _ _ _ _ _ _ _ _ _ _ _ _ _ _ _ _ _ _ _ _ _ _ _ _ _ _ _ _ _ 
accuracy_utils.py:312: in gems_assert_close
    flag_gems.testing.assert_close(
_ _ _ _ _ _ _ _ _ _ _ _ _ _ _ _ _ _ _ _ _ _ _ _ _ _ _ _ _ _ _ _ _ _ _ _ _ _ _ _ 

res = tensor([[[-1.6504e+00, -2.3164e+00, -2.0272e+00,  ..., -5.9668e-01,
           1.3144e+00, -1.3339e+00],
         [-1....6.5430e-01],
         [-7.8197e-01, -1.6137e+00,  1.3988e+00,  ...,  7.7055e-01,
           6.8426e-01, -3.9873e-01]]])
ref = tensor([[[ 5.6830e-02,  1.5195e+00, -3.3465e-02,  ...,  4.0381e+00,
           1.8780e-01, -3.1319e-01],
         [-4....7.4468e-01],
         [ 2.9153e+00,  2.9341e-01,  2.0284e+00,  ..., -6.8767e-02,
           7.1155e-01, -2.4925e+00]]])
dtype = torch.float32, equal_nan = False, reduce_dim = 12, atol = 0.0001

    def assert_close(res, ref, dtype, equal_nan=False, reduce_dim=1, atol=1e-4):
        if dtype is None:
            dtype = torch.float32
        assert res.dtype == dtype
        ref = ref.to(dtype)
        res, ref = _maybe_move_to_cpu(res, ref)
        rtol = RESOLUTION[dtype]
>       torch.testing.assert_close(
            res, ref, atol=atol * reduce_dim, rtol=rtol, equal_nan=equal_nan
        )
E       AssertionError: Tensor-likes are not close!
E       
E       Mismatched elements: 3119 / 3120 (100.0%)
E       Greatest absolute difference: 31.85919952392578 at index (2, 5, 24) (up to 0.0012000000000000001 allowed)
E       Greatest relative difference: 1228.4698486328125 at index (3, 8, 13) (up to 1.3e-06 allowed)

../src/flag_gems/testing/__init__.py:85: AssertionError
__________ test_conv_transpose1d_groups[dtype0-1-1-shape0-kernel0-2] ___________

shape = (2, 8, 16), kernel = (8, 4, 3), groups = 2, stride = 1, padding = 1
dtype = torch.float32
monkeypatch = <_pytest.monkeypatch.MonkeyPatch object at 0x7f641c0ab8e0>

    @pytest.mark.conv_transpose1d
    @pytest.mark.parametrize(
        "shape, kernel, groups",
        [
            ((2, 8, 16), (8, 4, 3), 2),
            ((4, 12, 32), (12, 4, 3), 3),
        ],
    )
    @pytest.mark.parametrize("stride", STRIDES)
    @pytest.mark.parametrize("padding", PADDINGS)
    @pytest.mark.parametrize("dtype", FLOAT_DTYPES)
    def test_conv_transpose1d_groups(
        shape, kernel, groups, stride, padding, dtype, monkeypatch
    ):
        inp = torch.randn(shape, dtype=dtype, device=flag_gems.device, requires_grad=False)
        ref_inp = to_reference(inp, True)
        weight = torch.randn(kernel, dtype=dtype, device=flag_gems.device)
        ref_weight = to_reference(weight, True)
    
        ref_out = torch.nn.functional.conv_transpose1d(
            ref_inp,
            ref_weight,
            bias=None,
            stride=stride,
            padding=padding,
            dilation=1,
            groups=groups,
        )
    
        res_out = flag_gems.conv_transpose1d(
            inp,
            weight,
            bias=None,
            stride=stride,
            padding=padding,
            dilation=1,
            groups=groups,
        )
        in_channels_per_group = kernel[0] // groups
        kernel_width = kernel[2]
>       gems_assert_close(
            res_out, ref_out, dtype, reduce_dim=kernel_width * in_channels_per_group
        )

test_conv_transpose1d.py:144: 
_ _ _ _ _ _ _ _ _ _ _ _ _ _ _ _ _ _ _ _ _ _ _ _ _ _ _ _ _ _ _ _ _ _ _ _ _ _ _ _ 
accuracy_utils.py:312: in gems_assert_close
    flag_gems.testing.assert_close(
_ _ _ _ _ _ _ _ _ _ _ _ _ _ _ _ _ _ _ _ _ _ _ _ _ _ _ _ _ _ _ _ _ _ _ _ _ _ _ _ 

res = tensor([[[-3.6256e-01,  8.3954e-02,  1.4643e+00, -1.2013e+00,  6.2351e-01,
          -1.0333e+00,  9.8263e-01,  8.5120...e-01, -4.3310e-01,
           1.2754e+00,  1.1944e+00,  5.5433e-01,  1.8917e-02, -1.6331e+00,
          -1.2439e-02]]])
ref = tensor([[[-3.1847,  2.4480, -0.3503,  1.7018,  1.8386, -0.2664,  2.8470,
          -1.0871,  0.3119,  0.0621,  1.5577,....0584,  0.2059,
           3.6530, -1.5452, -7.8863,  8.2087, -4.1719, -4.7156, -1.1424,
          -0.0715,  6.2192]]])
dtype = torch.float32, equal_nan = False, reduce_dim = 12, atol = 0.0001

    def assert_close(res, ref, dtype, equal_nan=False, reduce_dim=1, atol=1e-4):
        if dtype is None:
            dtype = torch.float32
        assert res.dtype == dtype
        ref = ref.to(dtype)
        res, ref = _maybe_move_to_cpu(res, ref)
        rtol = RESOLUTION[dtype]
>       torch.testing.assert_close(
            res, ref, atol=atol * reduce_dim, rtol=rtol, equal_nan=equal_nan
        )
E       AssertionError: Tensor-likes are not close!
E       
E       Mismatched elements: 256 / 256 (100.0%)
E       Greatest absolute difference: 13.163413047790527 at index (0, 7, 6) (up to 0.0012000000000000001 allowed)
E       Greatest relative difference: 45.113037109375 at index (0, 4, 1) (up to 1.3e-06 allowed)

../src/flag_gems/testing/__init__.py:85: AssertionError
__________ test_conv_transpose1d_groups[dtype0-1-1-shape1-kernel1-3] ___________

shape = (4, 12, 32), kernel = (12, 4, 3), groups = 3, stride = 1, padding = 1
dtype = torch.float32
monkeypatch = <_pytest.monkeypatch.MonkeyPatch object at 0x7f64316f39d0>

    @pytest.mark.conv_transpose1d
    @pytest.mark.parametrize(
        "shape, kernel, groups",
        [
            ((2, 8, 16), (8, 4, 3), 2),
            ((4, 12, 32), (12, 4, 3), 3),
        ],
    )
    @pytest.mark.parametrize("stride", STRIDES)
    @pytest.mark.parametrize("padding", PADDINGS)
    @pytest.mark.parametrize("dtype", FLOAT_DTYPES)
    def test_conv_transpose1d_groups(
        shape, kernel, groups, stride, padding, dtype, monkeypatch
    ):
        inp = torch.randn(shape, dtype=dtype, device=flag_gems.device, requires_grad=False)
        ref_inp = to_reference(inp, True)
        weight = torch.randn(kernel, dtype=dtype, device=flag_gems.device)
        ref_weight = to_reference(weight, True)
    
        ref_out = torch.nn.functional.conv_transpose1d(
            ref_inp,
            ref_weight,
            bias=None,
            stride=stride,
            padding=padding,
            dilation=1,
            groups=groups,
        )
    
        res_out = flag_gems.conv_transpose1d(
            inp,
            weight,
            bias=None,
            stride=stride,
            padding=padding,
            dilation=1,
            groups=groups,
        )
        in_channels_per_group = kernel[0] // groups
        kernel_width = kernel[2]
>       gems_assert_close(
            res_out, ref_out, dtype, reduce_dim=kernel_width * in_channels_per_group
        )

test_conv_transpose1d.py:144: 
_ _ _ _ _ _ _ _ _ _ _ _ _ _ _ _ _ _ _ _ _ _ _ _ _ _ _ _ _ _ _ _ _ _ _ _ _ _ _ _ 
accuracy_utils.py:312: in gems_assert_close
    flag_gems.testing.assert_close(
_ _ _ _ _ _ _ _ _ _ _ _ _ _ _ _ _ _ _ _ _ _ _ _ _ _ _ _ _ _ _ _ _ _ _ _ _ _ _ _ 

res = tensor([[[ 0.1017, -1.6123, -1.6587,  ..., -0.5213, -0.6936, -2.0249],
         [ 0.4860,  1.5342,  0.9078,  ..., -1.6...27,  1.5136,  ...,  2.0350, -0.1565, -1.5253],
         [ 0.6318,  0.4800,  0.8076,  ..., -0.5947,  0.0702,  0.5635]]])
ref = tensor([[[ 0.7250, -1.3791,  0.3028,  ..., -2.5392,  4.4171,  1.9127],
         [ 0.9463,  1.2357,  0.2033,  ..., -0.7...47, -2.0008,  ...,  3.3435,  2.3872, -2.7619],
         [-6.3288, -4.7558,  0.4478,  ..., -2.2741, -3.9621, -2.9498]]])
dtype = torch.float32, equal_nan = False, reduce_dim = 12, atol = 0.0001

    def assert_close(res, ref, dtype, equal_nan=False, reduce_dim=1, atol=1e-4):
        if dtype is None:
            dtype = torch.float32
        assert res.dtype == dtype
        ref = ref.to(dtype)
        res, ref = _maybe_move_to_cpu(res, ref)
        rtol = RESOLUTION[dtype]
>       torch.testing.assert_close(
            res, ref, atol=atol * reduce_dim, rtol=rtol, equal_nan=equal_nan
        )
E       AssertionError: Tensor-likes are not close!
E       
E       Mismatched elements: 1535 / 1536 (99.9%)
E       Greatest absolute difference: 12.787951469421387 at index (2, 4, 0) (up to 0.0012000000000000001 allowed)
E       Greatest relative difference: 286.74755859375 at index (1, 8, 12) (up to 1.3e-06 allowed)

../src/flag_gems/testing/__init__.py:85: AssertionError
__________ test_conv_transpose1d_groups[dtype0-1-2-shape0-kernel0-2] ___________

shape = (2, 8, 16), kernel = (8, 4, 3), groups = 2, stride = 2, padding = 1
dtype = torch.float32
monkeypatch = <_pytest.monkeypatch.MonkeyPatch object at 0x7f641c41d300>

    @pytest.mark.conv_transpose1d
    @pytest.mark.parametrize(
        "shape, kernel, groups",
        [
            ((2, 8, 16), (8, 4, 3), 2),
            ((4, 12, 32), (12, 4, 3), 3),
        ],
    )
    @pytest.mark.parametrize("stride", STRIDES)
    @pytest.mark.parametrize("padding", PADDINGS)
    @pytest.mark.parametrize("dtype", FLOAT_DTYPES)
    def test_conv_transpose1d_groups(
        shape, kernel, groups, stride, padding, dtype, monkeypatch
    ):
        inp = torch.randn(shape, dtype=dtype, device=flag_gems.device, requires_grad=False)
        ref_inp = to_reference(inp, True)
        weight = torch.randn(kernel, dtype=dtype, device=flag_gems.device)
        ref_weight = to_reference(weight, True)
    
        ref_out = torch.nn.functional.conv_transpose1d(
            ref_inp,
            ref_weight,
            bias=None,
            stride=stride,
            padding=padding,
            dilation=1,
            groups=groups,
        )
    
        res_out = flag_gems.conv_transpose1d(
            inp,
            weight,
            bias=None,
            stride=stride,
            padding=padding,
            dilation=1,
            groups=groups,
        )
        in_channels_per_group = kernel[0] // groups
        kernel_width = kernel[2]
>       gems_assert_close(
            res_out, ref_out, dtype, reduce_dim=kernel_width * in_channels_per_group
        )

test_conv_transpose1d.py:144: 
_ _ _ _ _ _ _ _ _ _ _ _ _ _ _ _ _ _ _ _ _ _ _ _ _ _ _ _ _ _ _ _ _ _ _ _ _ _ _ _ 
accuracy_utils.py:312: in gems_assert_close
    flag_gems.testing.assert_close(
_ _ _ _ _ _ _ _ _ _ _ _ _ _ _ _ _ _ _ _ _ _ _ _ _ _ _ _ _ _ _ _ _ _ _ _ _ _ _ _ 

res = tensor([[[ 8.4594e-02,  1.5449e+00,  1.1581e+00,  9.1429e-02,  3.0124e-01,
          -4.5459e-01, -1.0488e+00,  2.4335...e-01,  1.0293e+00,
          -2.2827e-01, -1.8188e-01, -7.5096e-01, -4.9253e-02,  1.8418e+00,
           1.0293e+00]]])
ref = tensor([[[ 3.9788e-01,  3.5382e-01, -1.5717e+00,  4.4209e+00,  1.1902e+00,
          -2.0390e+00, -2.3240e+00,  3.6845...e+00, -7.5059e-02,
          -1.3994e+00, -2.3307e+00,  5.5957e+00, -1.6466e+00, -2.7692e+00,
           2.6165e+00]]])
dtype = torch.float32, equal_nan = False, reduce_dim = 12, atol = 0.0001

    def assert_close(res, ref, dtype, equal_nan=False, reduce_dim=1, atol=1e-4):
        if dtype is None:
            dtype = torch.float32
        assert res.dtype == dtype
        ref = ref.to(dtype)
        res, ref = _maybe_move_to_cpu(res, ref)
        rtol = RESOLUTION[dtype]
>       torch.testing.assert_close(
            res, ref, atol=atol * reduce_dim, rtol=rtol, equal_nan=equal_nan
        )
E       AssertionError: Tensor-likes are not close!
E       
E       Mismatched elements: 496 / 496 (100.0%)
E       Greatest absolute difference: 8.719728469848633 at index (0, 5, 21) (up to 0.0012000000000000001 allowed)
E       Greatest relative difference: 132.3499298095703 at index (1, 1, 22) (up to 1.3e-06 allowed)

../src/flag_gems/testing/__init__.py:85: AssertionError
__________ test_conv_transpose1d_groups[dtype0-1-2-shape1-kernel1-3] ___________

shape = (4, 12, 32), kernel = (12, 4, 3), groups = 3, stride = 2, padding = 1
dtype = torch.float32
monkeypatch = <_pytest.monkeypatch.MonkeyPatch object at 0x7f641c385ae0>

    @pytest.mark.conv_transpose1d
    @pytest.mark.parametrize(
        "shape, kernel, groups",
        [
            ((2, 8, 16), (8, 4, 3), 2),
            ((4, 12, 32), (12, 4, 3), 3),
        ],
    )
    @pytest.mark.parametrize("stride", STRIDES)
    @pytest.mark.parametrize("padding", PADDINGS)
    @pytest.mark.parametrize("dtype", FLOAT_DTYPES)
    def test_conv_transpose1d_groups(
        shape, kernel, groups, stride, padding, dtype, monkeypatch
    ):
        inp = torch.randn(shape, dtype=dtype, device=flag_gems.device, requires_grad=False)
        ref_inp = to_reference(inp, True)
        weight = torch.randn(kernel, dtype=dtype, device=flag_gems.device)
        ref_weight = to_reference(weight, True)
    
        ref_out = torch.nn.functional.conv_transpose1d(
            ref_inp,
            ref_weight,
            bias=None,
            stride=stride,
            padding=padding,
            dilation=1,
            groups=groups,
        )
    
        res_out = flag_gems.conv_transpose1d(
            inp,
            weight,
            bias=None,
            stride=stride,
            padding=padding,
            dilation=1,
            groups=groups,
        )
        in_channels_per_group = kernel[0] // groups
        kernel_width = kernel[2]
>       gems_assert_close(
            res_out, ref_out, dtype, reduce_dim=kernel_width * in_channels_per_group
        )

test_conv_transpose1d.py:144: 
_ _ _ _ _ _ _ _ _ _ _ _ _ _ _ _ _ _ _ _ _ _ _ _ _ _ _ _ _ _ _ _ _ _ _ _ _ _ _ _ 
accuracy_utils.py:312: in gems_assert_close
    flag_gems.testing.assert_close(
_ _ _ _ _ _ _ _ _ _ _ _ _ _ _ _ _ _ _ _ _ _ _ _ _ _ _ _ _ _ _ _ _ _ _ _ _ _ _ _ 

res = tensor([[[ 0.0000,  0.0000,  0.0000,  ..., -0.4009,  1.6113, -1.8808],
         [-0.2458, -0.8369,  1.2675,  ..., -0.2...36,  0.2200,  ..., -0.1799,  0.8330,  1.7754],
         [-0.1648,  0.2515, -2.2382,  ..., -1.2832,  0.4106,  0.2395]]])
ref = tensor([[[ 0.2094, -3.9960,  3.3251,  ...,  0.0932,  0.3288,  0.9332],
         [ 0.3559, -1.6816,  0.4032,  ...,  1.9...13, -1.4517,  ...,  0.3031,  2.2139, -1.9562],
         [-1.0779,  0.6311, -0.9941,  ..., -0.2617, -0.5343, -1.0996]]])
dtype = torch.float32, equal_nan = False, reduce_dim = 12, atol = 0.0001

    def assert_close(res, ref, dtype, equal_nan=False, reduce_dim=1, atol=1e-4):
        if dtype is None:
            dtype = torch.float32
        assert res.dtype == dtype
        ref = ref.to(dtype)
        res, ref = _maybe_move_to_cpu(res, ref)
        rtol = RESOLUTION[dtype]
>       torch.testing.assert_close(
            res, ref, atol=atol * reduce_dim, rtol=rtol, equal_nan=equal_nan
        )
E       AssertionError: Tensor-likes are not close!
E       
E       Mismatched elements: 3021 / 3024 (99.9%)
E       Greatest absolute difference: 14.257420539855957 at index (2, 3, 39) (up to 0.0012000000000000001 allowed)
E       Greatest relative difference: 3552.302978515625 at index (2, 10, 16) (up to 1.3e-06 allowed)

../src/flag_gems/testing/__init__.py:85: AssertionError
__________ test_conv_transpose1d_groups[dtype1-0-1-shape0-kernel0-2] ___________

shape = (2, 8, 16), kernel = (8, 4, 3), groups = 2, stride = 1, padding = 0
dtype = torch.float16
monkeypatch = <_pytest.monkeypatch.MonkeyPatch object at 0x7f641c447220>

    @pytest.mark.conv_transpose1d
    @pytest.mark.parametrize(
        "shape, kernel, groups",
        [
            ((2, 8, 16), (8, 4, 3), 2),
            ((4, 12, 32), (12, 4, 3), 3),
        ],
    )
    @pytest.mark.parametrize("stride", STRIDES)
    @pytest.mark.parametrize("padding", PADDINGS)
    @pytest.mark.parametrize("dtype", FLOAT_DTYPES)
    def test_conv_transpose1d_groups(
        shape, kernel, groups, stride, padding, dtype, monkeypatch
    ):
        inp = torch.randn(shape, dtype=dtype, device=flag_gems.device, requires_grad=False)
        ref_inp = to_reference(inp, True)
        weight = torch.randn(kernel, dtype=dtype, device=flag_gems.device)
        ref_weight = to_reference(weight, True)
    
        ref_out = torch.nn.functional.conv_transpose1d(
            ref_inp,
            ref_weight,
            bias=None,
            stride=stride,
            padding=padding,
            dilation=1,
            groups=groups,
        )
    
        res_out = flag_gems.conv_transpose1d(
            inp,
            weight,
            bias=None,
            stride=stride,
            padding=padding,
            dilation=1,
            groups=groups,
        )
        in_channels_per_group = kernel[0] // groups
        kernel_width = kernel[2]
>       gems_assert_close(
            res_out, ref_out, dtype, reduce_dim=kernel_width * in_channels_per_group
        )

test_conv_transpose1d.py:144: 
_ _ _ _ _ _ _ _ _ _ _ _ _ _ _ _ _ _ _ _ _ _ _ _ _ _ _ _ _ _ _ _ _ _ _ _ _ _ _ _ 
accuracy_utils.py:312: in gems_assert_close
    flag_gems.testing.assert_close(
_ _ _ _ _ _ _ _ _ _ _ _ _ _ _ _ _ _ _ _ _ _ _ _ _ _ _ _ _ _ _ _ _ _ _ _ _ _ _ _ 

res = tensor([[[ 7.3600e+02, -1.8975e+00, -2.9999e-02, -1.5586e+00,         nan,
          -1.7861e+00,  5.3242e+00,  1.9033...54e+00,  1.9162e+02,  1.6328e+00,  4.7168e+04,
           1.7197e+00,  1.3649e-02,  1.7324e+00]]], dtype=torch.float16)
ref = tensor([[[ 8.9746e-01, -3.8711e+00,  4.6914e+00, -4.2109e+00, -3.4883e+00,
           4.8242e-01,  5.9375e+00, -1.6572...19e-01, -2.5293e+00, -6.7480e-01,  7.2363e-01,
          -1.0547e+00,  1.5391e+00,  2.3359e+00]]], dtype=torch.float16)
dtype = torch.float16, equal_nan = False, reduce_dim = 12, atol = 0.0001

    def assert_close(res, ref, dtype, equal_nan=False, reduce_dim=1, atol=1e-4):
        if dtype is None:
            dtype = torch.float32
        assert res.dtype == dtype
        ref = ref.to(dtype)
        res, ref = _maybe_move_to_cpu(res, ref)
        rtol = RESOLUTION[dtype]
>       torch.testing.assert_close(
            res, ref, atol=atol * reduce_dim, rtol=rtol, equal_nan=equal_nan
        )
E       AssertionError: Tensor-likes are not close!
E       
E       Mismatched elements: 288 / 288 (100.0%)
E       Greatest absolute difference: nan at index (0, 0, 4) (up to 0.0012000000000000001 allowed)
E       Greatest relative difference: nan at index (0, 0, 4) (up to 0.001 allowed)

../src/flag_gems/testing/__init__.py:85: AssertionError
__________ test_conv_transpose1d_groups[dtype1-0-1-shape1-kernel1-3] ___________

shape = (4, 12, 32), kernel = (12, 4, 3), groups = 3, stride = 1, padding = 0
dtype = torch.float16
monkeypatch = <_pytest.monkeypatch.MonkeyPatch object at 0x7f641c0ab640>

    @pytest.mark.conv_transpose1d
    @pytest.mark.parametrize(
        "shape, kernel, groups",
        [
            ((2, 8, 16), (8, 4, 3), 2),
            ((4, 12, 32), (12, 4, 3), 3),
        ],
    )
    @pytest.mark.parametrize("stride", STRIDES)
    @pytest.mark.parametrize("padding", PADDINGS)
    @pytest.mark.parametrize("dtype", FLOAT_DTYPES)
    def test_conv_transpose1d_groups(
        shape, kernel, groups, stride, padding, dtype, monkeypatch
    ):
        inp = torch.randn(shape, dtype=dtype, device=flag_gems.device, requires_grad=False)
        ref_inp = to_reference(inp, True)
        weight = torch.randn(kernel, dtype=dtype, device=flag_gems.device)
        ref_weight = to_reference(weight, True)
    
        ref_out = torch.nn.functional.conv_transpose1d(
            ref_inp,
            ref_weight,
            bias=None,
            stride=stride,
            padding=padding,
            dilation=1,
            groups=groups,
        )
    
        res_out = flag_gems.conv_transpose1d(
            inp,
            weight,
            bias=None,
            stride=stride,
            padding=padding,
            dilation=1,
            groups=groups,
        )
        in_channels_per_group = kernel[0] // groups
        kernel_width = kernel[2]
>       gems_assert_close(
            res_out, ref_out, dtype, reduce_dim=kernel_width * in_channels_per_group
        )

test_conv_transpose1d.py:144: 
_ _ _ _ _ _ _ _ _ _ _ _ _ _ _ _ _ _ _ _ _ _ _ _ _ _ _ _ _ _ _ _ _ _ _ _ _ _ _ _ 
accuracy_utils.py:312: in gems_assert_close
    flag_gems.testing.assert_close(
_ _ _ _ _ _ _ _ _ _ _ _ _ _ _ _ _ _ _ _ _ _ _ _ _ _ _ _ _ _ _ _ _ _ _ _ _ _ _ _ 

res = tensor([[[ 9.8324e-04, -9.1113e-01, -4.0197e-04,  ...,  1.9131e+00,
           1.6040e-01, -1.6191e+00],
         [-7.... [ 9.4910e-02,  1.6680e+00,  2.5281e+01,  ..., -1.9521e+00,
           1.6624e+04, -1.6475e+00]]], dtype=torch.float16)
ref = tensor([[[ 0.9058, -2.3711, -4.2656,  ...,  2.8359, -2.9277, -3.9082],
         [-1.3438, -3.1777,  4.7891,  ..., -1.6... 2.0879,  1.4307],
         [ 1.8320, -1.0137, -3.1680,  ...,  3.0410,  1.8447,  1.6436]]],
       dtype=torch.float16)
dtype = torch.float16, equal_nan = False, reduce_dim = 12, atol = 0.0001

    def assert_close(res, ref, dtype, equal_nan=False, reduce_dim=1, atol=1e-4):
        if dtype is None:
            dtype = torch.float32
        assert res.dtype == dtype
        ref = ref.to(dtype)
        res, ref = _maybe_move_to_cpu(res, ref)
        rtol = RESOLUTION[dtype]
>       torch.testing.assert_close(
            res, ref, atol=atol * reduce_dim, rtol=rtol, equal_nan=equal_nan
        )
E       AssertionError: Tensor-likes are not close!
E       
E       Mismatched elements: 1631 / 1632 (99.9%)
E       Greatest absolute difference: nan at index (0, 0, 4) (up to 0.0012000000000000001 allowed)
E       Greatest relative difference: nan at index (0, 0, 4) (up to 0.001 allowed)

../src/flag_gems/testing/__init__.py:85: AssertionError
__________ test_conv_transpose1d_groups[dtype1-0-2-shape0-kernel0-2] ___________

shape = (2, 8, 16), kernel = (8, 4, 3), groups = 2, stride = 2, padding = 0
dtype = torch.float16
monkeypatch = <_pytest.monkeypatch.MonkeyPatch object at 0x7f642d0d4a00>

    @pytest.mark.conv_transpose1d
    @pytest.mark.parametrize(
        "shape, kernel, groups",
        [
            ((2, 8, 16), (8, 4, 3), 2),
            ((4, 12, 32), (12, 4, 3), 3),
        ],
    )
    @pytest.mark.parametrize("stride", STRIDES)
    @pytest.mark.parametrize("padding", PADDINGS)
    @pytest.mark.parametrize("dtype", FLOAT_DTYPES)
    def test_conv_transpose1d_groups(
        shape, kernel, groups, stride, padding, dtype, monkeypatch
    ):
        inp = torch.randn(shape, dtype=dtype, device=flag_gems.device, requires_grad=False)
        ref_inp = to_reference(inp, True)
        weight = torch.randn(kernel, dtype=dtype, device=flag_gems.device)
        ref_weight = to_reference(weight, True)
    
        ref_out = torch.nn.functional.conv_transpose1d(
            ref_inp,
            ref_weight,
            bias=None,
            stride=stride,
            padding=padding,
            dilation=1,
            groups=groups,
        )
    
        res_out = flag_gems.conv_transpose1d(
            inp,
            weight,
            bias=None,
            stride=stride,
            padding=padding,
            dilation=1,
            groups=groups,
        )
        in_channels_per_group = kernel[0] // groups
        kernel_width = kernel[2]
>       gems_assert_close(
            res_out, ref_out, dtype, reduce_dim=kernel_width * in_channels_per_group
        )

test_conv_transpose1d.py:144: 
_ _ _ _ _ _ _ _ _ _ _ _ _ _ _ _ _ _ _ _ _ _ _ _ _ _ _ _ _ _ _ _ _ _ _ _ _ _ _ _ 
accuracy_utils.py:312: in gems_assert_close
    flag_gems.testing.assert_close(
_ _ _ _ _ _ _ _ _ _ _ _ _ _ _ _ _ _ _ _ _ _ _ _ _ _ _ _ _ _ _ _ _ _ _ _ _ _ _ _ 

res = tensor([[[ 1.0912e+04, -1.5459e+00, -3.0550e+02, -1.8838e+00,  1.4492e+01,
           2.2031e+00, -6.4254e-05, -1.8330...68e+00,  2.2516e+01,  1.6328e+00, -4.2425e+02,
           1.8828e+00,  4.0675e+02,  1.5342e+00]]], dtype=torch.float16)
ref = tensor([[[ 1.5830e+00, -1.7773e+00,  2.6289e+00,  1.9814e+00, -3.3770e+00,
          -2.7109e+00,  1.4180e+00, -1.0625...49e+00,  7.8308e-02, -2.7383e+00, -2.1582e+00,
           4.9023e-01, -3.6680e+00, -3.9062e-01]]], dtype=torch.float16)
dtype = torch.float16, equal_nan = False, reduce_dim = 12, atol = 0.0001

    def assert_close(res, ref, dtype, equal_nan=False, reduce_dim=1, atol=1e-4):
        if dtype is None:
            dtype = torch.float32
        assert res.dtype == dtype
        ref = ref.to(dtype)
        res, ref = _maybe_move_to_cpu(res, ref)
        rtol = RESOLUTION[dtype]
>       torch.testing.assert_close(
            res, ref, atol=atol * reduce_dim, rtol=rtol, equal_nan=equal_nan
        )
E       AssertionError: Tensor-likes are not close!
E       
E       Mismatched elements: 527 / 528 (99.8%)
E       Greatest absolute difference: nan at index (0, 3, 21) (up to 0.0012000000000000001 allowed)
E       Greatest relative difference: nan at index (0, 3, 21) (up to 0.001 allowed)

../src/flag_gems/testing/__init__.py:85: AssertionError
__________ test_conv_transpose1d_groups[dtype1-0-2-shape1-kernel1-3] ___________

shape = (4, 12, 32), kernel = (12, 4, 3), groups = 3, stride = 2, padding = 0
dtype = torch.float16
monkeypatch = <_pytest.monkeypatch.MonkeyPatch object at 0x7f641c1810c0>

    @pytest.mark.conv_transpose1d
    @pytest.mark.parametrize(
        "shape, kernel, groups",
        [
            ((2, 8, 16), (8, 4, 3), 2),
            ((4, 12, 32), (12, 4, 3), 3),
        ],
    )
    @pytest.mark.parametrize("stride", STRIDES)
    @pytest.mark.parametrize("padding", PADDINGS)
    @pytest.mark.parametrize("dtype", FLOAT_DTYPES)
    def test_conv_transpose1d_groups(
        shape, kernel, groups, stride, padding, dtype, monkeypatch
    ):
        inp = torch.randn(shape, dtype=dtype, device=flag_gems.device, requires_grad=False)
        ref_inp = to_reference(inp, True)
        weight = torch.randn(kernel, dtype=dtype, device=flag_gems.device)
        ref_weight = to_reference(weight, True)
    
        ref_out = torch.nn.functional.conv_transpose1d(
            ref_inp,
            ref_weight,
            bias=None,
            stride=stride,
            padding=padding,
            dilation=1,
            groups=groups,
        )
    
        res_out = flag_gems.conv_transpose1d(
            inp,
            weight,
            bias=None,
            stride=stride,
            padding=padding,
            dilation=1,
            groups=groups,
        )
        in_channels_per_group = kernel[0] // groups
        kernel_width = kernel[2]
>       gems_assert_close(
            res_out, ref_out, dtype, reduce_dim=kernel_width * in_channels_per_group
        )

test_conv_transpose1d.py:144: 
_ _ _ _ _ _ _ _ _ _ _ _ _ _ _ _ _ _ _ _ _ _ _ _ _ _ _ _ _ _ _ _ _ _ _ _ _ _ _ _ 
accuracy_utils.py:312: in gems_assert_close
    flag_gems.testing.assert_close(
_ _ _ _ _ _ _ _ _ _ _ _ _ _ _ _ _ _ _ _ _ _ _ _ _ _ _ _ _ _ _ _ _ _ _ _ _ _ _ _ 

res = tensor([[[-1.9150,  1.2549,  2.0449,  ...,  1.3291,  1.7139,  1.4834],
         [ 1.4336,  1.7822,  1.4971,  ...,  1.6... 1.9121,  1.6670],
         [ 1.3271,  1.8027, -1.6934,  ...,  1.9688, -1.7012,  1.9658]]],
       dtype=torch.float16)
ref = tensor([[[-1.8740e+00,  1.6445e+00,  6.5039e+00,  ..., -5.2930e+00,
           1.1211e+00, -1.5127e+00],
         [ 4.... [ 5.5078e-01, -8.3594e-01, -2.2734e+00,  ..., -1.7310e-01,
          -1.2607e+00, -3.3379e+00]]], dtype=torch.float16)
dtype = torch.float16, equal_nan = False, reduce_dim = 12, atol = 0.0001

    def assert_close(res, ref, dtype, equal_nan=False, reduce_dim=1, atol=1e-4):
        if dtype is None:
            dtype = torch.float32
        assert res.dtype == dtype
        ref = ref.to(dtype)
        res, ref = _maybe_move_to_cpu(res, ref)
        rtol = RESOLUTION[dtype]
>       torch.testing.assert_close(
            res, ref, atol=atol * reduce_dim, rtol=rtol, equal_nan=equal_nan
        )
E       AssertionError: Tensor-likes are not close!
E       
E       Mismatched elements: 3119 / 3120 (100.0%)
E       Greatest absolute difference: 14.6171875 at index (0, 3, 26) (up to 0.0012000000000000001 allowed)
E       Greatest relative difference: 1177.0 at index (2, 6, 11) (up to 0.001 allowed)

../src/flag_gems/testing/__init__.py:85: AssertionError
__________ test_conv_transpose1d_groups[dtype1-1-1-shape0-kernel0-2] ___________

shape = (2, 8, 16), kernel = (8, 4, 3), groups = 2, stride = 1, padding = 1
dtype = torch.float16
monkeypatch = <_pytest.monkeypatch.MonkeyPatch object at 0x7f642d0e0190>

    @pytest.mark.conv_transpose1d
    @pytest.mark.parametrize(
        "shape, kernel, groups",
        [
            ((2, 8, 16), (8, 4, 3), 2),
            ((4, 12, 32), (12, 4, 3), 3),
        ],
    )
    @pytest.mark.parametrize("stride", STRIDES)
    @pytest.mark.parametrize("padding", PADDINGS)
    @pytest.mark.parametrize("dtype", FLOAT_DTYPES)
    def test_conv_transpose1d_groups(
        shape, kernel, groups, stride, padding, dtype, monkeypatch
    ):
        inp = torch.randn(shape, dtype=dtype, device=flag_gems.device, requires_grad=False)
        ref_inp = to_reference(inp, True)
        weight = torch.randn(kernel, dtype=dtype, device=flag_gems.device)
        ref_weight = to_reference(weight, True)
    
        ref_out = torch.nn.functional.conv_transpose1d(
            ref_inp,
            ref_weight,
            bias=None,
            stride=stride,
            padding=padding,
            dilation=1,
            groups=groups,
        )
    
        res_out = flag_gems.conv_transpose1d(
            inp,
            weight,
            bias=None,
            stride=stride,
            padding=padding,
            dilation=1,
            groups=groups,
        )
        in_channels_per_group = kernel[0] // groups
        kernel_width = kernel[2]
>       gems_assert_close(
            res_out, ref_out, dtype, reduce_dim=kernel_width * in_channels_per_group
        )

test_conv_transpose1d.py:144: 
_ _ _ _ _ _ _ _ _ _ _ _ _ _ _ _ _ _ _ _ _ _ _ _ _ _ _ _ _ _ _ _ _ _ _ _ _ _ _ _ 
accuracy_utils.py:312: in gems_assert_close
    flag_gems.testing.assert_close(
_ _ _ _ _ _ _ _ _ _ _ _ _ _ _ _ _ _ _ _ _ _ _ _ _ _ _ _ _ _ _ _ _ _ _ _ _ _ _ _ 

res = tensor([[[ 1.0912e+04, -1.5459e+00, -3.0550e+02, -1.8838e+00,  1.4492e+01,
           2.2031e+00, -6.4254e-05, -1.8330...         7.1754e-03,  1.7227e+00,  5.3888e+04,  1.9307e+00,  2.2797e-02,
          -1.5283e+00]]], dtype=torch.float16)
ref = tensor([[[-6.3135e-01, -5.2656e+00,  7.0078e+00, -4.0469e+00, -2.0508e+00,
           5.6211e+00, -8.5312e+00,  5.6562...        -1.2021e+00,  2.2598e+00, -1.8730e+00,  4.5977e+00, -5.7773e+00,
           1.8486e+00]]], dtype=torch.float16)
dtype = torch.float16, equal_nan = False, reduce_dim = 12, atol = 0.0001

    def assert_close(res, ref, dtype, equal_nan=False, reduce_dim=1, atol=1e-4):
        if dtype is None:
            dtype = torch.float32
        assert res.dtype == dtype
        ref = ref.to(dtype)
        res, ref = _maybe_move_to_cpu(res, ref)
        rtol = RESOLUTION[dtype]
>       torch.testing.assert_close(
            res, ref, atol=atol * reduce_dim, rtol=rtol, equal_nan=equal_nan
        )
E       AssertionError: Tensor-likes are not close!
E       
E       Mismatched elements: 256 / 256 (100.0%)
E       Greatest absolute difference: nan at index (0, 7, 8) (up to 0.0012000000000000001 allowed)
E       Greatest relative difference: nan at index (0, 7, 8) (up to 0.001 allowed)

../src/flag_gems/testing/__init__.py:85: AssertionError
__________ test_conv_transpose1d_groups[dtype1-1-1-shape1-kernel1-3] ___________

shape = (4, 12, 32), kernel = (12, 4, 3), groups = 3, stride = 1, padding = 1
dtype = torch.float16
monkeypatch = <_pytest.monkeypatch.MonkeyPatch object at 0x7f642d0d5120>

    @pytest.mark.conv_transpose1d
    @pytest.mark.parametrize(
        "shape, kernel, groups",
        [
            ((2, 8, 16), (8, 4, 3), 2),
            ((4, 12, 32), (12, 4, 3), 3),
        ],
    )
    @pytest.mark.parametrize("stride", STRIDES)
    @pytest.mark.parametrize("padding", PADDINGS)
    @pytest.mark.parametrize("dtype", FLOAT_DTYPES)
    def test_conv_transpose1d_groups(
        shape, kernel, groups, stride, padding, dtype, monkeypatch
    ):
        inp = torch.randn(shape, dtype=dtype, device=flag_gems.device, requires_grad=False)
        ref_inp = to_reference(inp, True)
        weight = torch.randn(kernel, dtype=dtype, device=flag_gems.device)
        ref_weight = to_reference(weight, True)
    
        ref_out = torch.nn.functional.conv_transpose1d(
            ref_inp,
            ref_weight,
            bias=None,
            stride=stride,
            padding=padding,
            dilation=1,
            groups=groups,
        )
    
        res_out = flag_gems.conv_transpose1d(
            inp,
            weight,
            bias=None,
            stride=stride,
            padding=padding,
            dilation=1,
            groups=groups,
        )
        in_channels_per_group = kernel[0] // groups
        kernel_width = kernel[2]
>       gems_assert_close(
            res_out, ref_out, dtype, reduce_dim=kernel_width * in_channels_per_group
        )

test_conv_transpose1d.py:144: 
_ _ _ _ _ _ _ _ _ _ _ _ _ _ _ _ _ _ _ _ _ _ _ _ _ _ _ _ _ _ _ _ _ _ _ _ _ _ _ _ 
accuracy_utils.py:312: in gems_assert_close
    flag_gems.testing.assert_close(
_ _ _ _ _ _ _ _ _ _ _ _ _ _ _ _ _ _ _ _ _ _ _ _ _ _ _ _ _ _ _ _ _ _ _ _ _ _ _ _ 

res = tensor([[[ 1.8447,  1.6777, -1.8027,  ..., -1.8047, -1.9355, -1.7285],
         [-1.3955, -1.8682, -1.6875,  ..., -1.8... 1.7129, -1.8623],
         [ 1.9092, -1.7588, -1.7607,  ..., -1.7617,  1.3350, -1.9434]]],
       dtype=torch.float16)
ref = tensor([[[  0.3389,   2.2285,   8.1328,  ...,   5.8203,   1.7598,   4.4531],
         [  1.6904,  -0.1039,   2.8594,  ...,  -0.4678],
         [ -2.5000,  -6.1523,   0.9023,  ...,   3.7422,  -3.0254,  -2.8125]]],
       dtype=torch.float16)
dtype = torch.float16, equal_nan = False, reduce_dim = 12, atol = 0.0001

    def assert_close(res, ref, dtype, equal_nan=False, reduce_dim=1, atol=1e-4):
        if dtype is None:
            dtype = torch.float32
        assert res.dtype == dtype
        ref = ref.to(dtype)
        res, ref = _maybe_move_to_cpu(res, ref)
        rtol = RESOLUTION[dtype]
>       torch.testing.assert_close(
            res, ref, atol=atol * reduce_dim, rtol=rtol, equal_nan=equal_nan
        )
E       AssertionError: Tensor-likes are not close!
E       
E       Mismatched elements: 1536 / 1536 (100.0%)
E       Greatest absolute difference: 14.484375 at index (2, 0, 24) (up to 0.0012000000000000001 allowed)
E       Greatest relative difference: 6728.0 at index (2, 1, 27) (up to 0.001 allowed)

../src/flag_gems/testing/__init__.py:85: AssertionError
__________ test_conv_transpose1d_groups[dtype1-1-2-shape0-kernel0-2] ___________

shape = (2, 8, 16), kernel = (8, 4, 3), groups = 2, stride = 2, padding = 1
dtype = torch.float16
monkeypatch = <_pytest.monkeypatch.MonkeyPatch object at 0x7f642d0c19c0>

    @pytest.mark.conv_transpose1d
    @pytest.mark.parametrize(
        "shape, kernel, groups",
        [
            ((2, 8, 16), (8, 4, 3), 2),
            ((4, 12, 32), (12, 4, 3), 3),
        ],
    )
    @pytest.mark.parametrize("stride", STRIDES)
    @pytest.mark.parametrize("padding", PADDINGS)
    @pytest.mark.parametrize("dtype", FLOAT_DTYPES)
    def test_conv_transpose1d_groups(
        shape, kernel, groups, stride, padding, dtype, monkeypatch
    ):
        inp = torch.randn(shape, dtype=dtype, device=flag_gems.device, requires_grad=False)
        ref_inp = to_reference(inp, True)
        weight = torch.randn(kernel, dtype=dtype, device=flag_gems.device)
        ref_weight = to_reference(weight, True)
    
        ref_out = torch.nn.functional.conv_transpose1d(
            ref_inp,
            ref_weight,
            bias=None,
            stride=stride,
            padding=padding,
            dilation=1,
            groups=groups,
        )
    
        res_out = flag_gems.conv_transpose1d(
            inp,
            weight,
            bias=None,
            stride=stride,
            padding=padding,
            dilation=1,
            groups=groups,
        )
        in_channels_per_group = kernel[0] // groups
        kernel_width = kernel[2]
>       gems_assert_close(
            res_out, ref_out, dtype, reduce_dim=kernel_width * in_channels_per_group
        )

test_conv_transpose1d.py:144: 
_ _ _ _ _ _ _ _ _ _ _ _ _ _ _ _ _ _ _ _ _ _ _ _ _ _ _ _ _ _ _ _ _ _ _ _ _ _ _ _ 
accuracy_utils.py:312: in gems_assert_close
    flag_gems.testing.assert_close(
_ _ _ _ _ _ _ _ _ _ _ _ _ _ _ _ _ _ _ _ _ _ _ _ _ _ _ _ _ _ _ _ _ _ _ _ _ _ _ _ 

res = tensor([[[ 1.5635e+00,  5.0342e-01,  6.6602e-01, -1.4331e-01, -9.3945e-01,
          -1.0029e+00, -9.3018e-02,  4.0796...         1.7070e+00, -1.7705e+00,  1.7715e+00, -1.4453e+00, -1.8877e+00,
           1.7139e+00]]], dtype=torch.float16)
ref = tensor([[[-1.7490e+00, -6.2598e-01,  1.9873e+00,  1.1578e-01,  2.6294e-01,
          -5.4901e-02, -5.9082e-01,  6.7078...        -3.5137e+00, -1.6094e+00,  2.4829e-01,  2.0410e+00, -7.5830e-01,
          -7.1875e-01]]], dtype=torch.float16)
dtype = torch.float16, equal_nan = False, reduce_dim = 12, atol = 0.0001

    def assert_close(res, ref, dtype, equal_nan=False, reduce_dim=1, atol=1e-4):
        if dtype is None:
            dtype = torch.float32
        assert res.dtype == dtype
        ref = ref.to(dtype)
        res, ref = _maybe_move_to_cpu(res, ref)
        rtol = RESOLUTION[dtype]
>       torch.testing.assert_close(
            res, ref, atol=atol * reduce_dim, rtol=rtol, equal_nan=equal_nan
        )
E       AssertionError: Tensor-likes are not close!
E       
E       Mismatched elements: 496 / 496 (100.0%)
E       Greatest absolute difference: nan at index (0, 6, 0) (up to 0.0012000000000000001 allowed)
E       Greatest relative difference: nan at index (0, 6, 0) (up to 0.001 allowed)

../src/flag_gems/testing/__init__.py:85: AssertionError
__________ test_conv_transpose1d_groups[dtype1-1-2-shape1-kernel1-3] ___________

shape = (4, 12, 32), kernel = (12, 4, 3), groups = 3, stride = 2, padding = 1
dtype = torch.float16
monkeypatch = <_pytest.monkeypatch.MonkeyPatch object at 0x7f641c155a50>

    @pytest.mark.conv_transpose1d
    @pytest.mark.parametrize(
        "shape, kernel, groups",
        [
            ((2, 8, 16), (8, 4, 3), 2),
            ((4, 12, 32), (12, 4, 3), 3),
        ],
    )
    @pytest.mark.parametrize("stride", STRIDES)
    @pytest.mark.parametrize("padding", PADDINGS)
    @pytest.mark.parametrize("dtype", FLOAT_DTYPES)
    def test_conv_transpose1d_groups(
        shape, kernel, groups, stride, padding, dtype, monkeypatch
    ):
        inp = torch.randn(shape, dtype=dtype, device=flag_gems.device, requires_grad=False)
        ref_inp = to_reference(inp, True)
        weight = torch.randn(kernel, dtype=dtype, device=flag_gems.device)
        ref_weight = to_reference(weight, True)
    
        ref_out = torch.nn.functional.conv_transpose1d(
            ref_inp,
            ref_weight,
            bias=None,
            stride=stride,
            padding=padding,
            dilation=1,
            groups=groups,
        )
    
        res_out = flag_gems.conv_transpose1d(
            inp,
            weight,
            bias=None,
            stride=stride,
            padding=padding,
            dilation=1,
            groups=groups,
        )
        in_channels_per_group = kernel[0] // groups
        kernel_width = kernel[2]
>       gems_assert_close(
            res_out, ref_out, dtype, reduce_dim=kernel_width * in_channels_per_group
        )

test_conv_transpose1d.py:144: 
_ _ _ _ _ _ _ _ _ _ _ _ _ _ _ _ _ _ _ _ _ _ _ _ _ _ _ _ _ _ _ _ _ _ _ _ _ _ _ _ 
accuracy_utils.py:312: in gems_assert_close
    flag_gems.testing.assert_close(
_ _ _ _ _ _ _ _ _ _ _ _ _ _ _ _ _ _ _ _ _ _ _ _ _ _ _ _ _ _ _ _ _ _ _ _ _ _ _ _ 

res = tensor([[[-1.9131,  1.8682,  1.7607,  ..., -1.9297,  1.9521, -1.6328],
         [-1.5234, -1.7949,  1.8496,  ...,  1.9...-1.6699, -1.8857],
         [-1.9287, -1.5811, -1.5850,  ...,  1.5879,  2.0566,  1.9102]]],
       dtype=torch.float16)
ref = tensor([[[ 0.7837, -3.5312, -1.5488,  ..., -0.2279,  2.6172, -0.8252],
         [-1.9941,  1.6709,  2.8887,  ..., -0.4...-0.5132,  0.1160],
         [-0.2172, -0.6245,  0.5576,  ..., -1.2715,  0.4312, -0.3157]]],
       dtype=torch.float16)
dtype = torch.float16, equal_nan = False, reduce_dim = 12, atol = 0.0001

    def assert_close(res, ref, dtype, equal_nan=False, reduce_dim=1, atol=1e-4):
        if dtype is None:
            dtype = torch.float32
        assert res.dtype == dtype
        ref = ref.to(dtype)
        res, ref = _maybe_move_to_cpu(res, ref)
        rtol = RESOLUTION[dtype]
>       torch.testing.assert_close(
            res, ref, atol=atol * reduce_dim, rtol=rtol, equal_nan=equal_nan
        )
E       AssertionError: Tensor-likes are not close!
E       
E       Mismatched elements: 3023 / 3024 (100.0%)
E       Greatest absolute difference: 12.0078125 at index (1, 7, 53) (up to 0.0012000000000000001 allowed)
E       Greatest relative difference: 19280.0 at index (2, 5, 17) (up to 0.001 allowed)

../src/flag_gems/testing/__init__.py:85: AssertionError
=========================== short test summary info ============================
FAILED test_conv_transpose1d.py::test_conv_transpose1d[dtype0-0-1-shape0-kernel0]
FAILED test_conv_transpose1d.py::test_conv_transpose1d[dtype0-0-1-shape1-kernel1]
FAILED test_conv_transpose1d.py::test_conv_transpose1d[dtype0-0-1-shape2-kernel2]
FAILED test_conv_transpose1d.py::test_conv_transpose1d[dtype0-0-2-shape0-kernel0]
FAILED test_conv_transpose1d.py::test_conv_transpose1d[dtype0-0-2-shape1-kernel1]
FAILED test_conv_transpose1d.py::test_conv_transpose1d[dtype0-0-2-shape2-kernel2]
FAILED test_conv_transpose1d.py::test_conv_transpose1d[dtype0-1-1-shape0-kernel0]
FAILED test_conv_transpose1d.py::test_conv_transpose1d[dtype0-1-1-shape1-kernel1]
FAILED test_conv_transpose1d.py::test_conv_transpose1d[dtype0-1-1-shape2-kernel2]
FAILED test_conv_transpose1d.py::test_conv_transpose1d[dtype0-1-2-shape0-kernel0]
FAILED test_conv_transpose1d.py::test_conv_transpose1d[dtype0-1-2-shape1-kernel1]
FAILED test_conv_transpose1d.py::test_conv_transpose1d[dtype0-1-2-shape2-kernel2]
FAILED test_conv_transpose1d.py::test_conv_transpose1d[dtype1-0-1-shape0-kernel0]
FAILED test_conv_transpose1d.py::test_conv_transpose1d[dtype1-0-1-shape1-kernel1]
FAILED test_conv_transpose1d.py::test_conv_transpose1d[dtype1-0-1-shape2-kernel2]
FAILED test_conv_transpose1d.py::test_conv_transpose1d[dtype1-0-2-shape0-kernel0]
FAILED test_conv_transpose1d.py::test_conv_transpose1d[dtype1-0-2-shape1-kernel1]
FAILED test_conv_transpose1d.py::test_conv_transpose1d[dtype1-0-2-shape2-kernel2]
FAILED test_conv_transpose1d.py::test_conv_transpose1d[dtype1-1-1-shape0-kernel0]
FAILED test_conv_transpose1d.py::test_conv_transpose1d[dtype1-1-1-shape1-kernel1]
FAILED test_conv_transpose1d.py::test_conv_transpose1d[dtype1-1-1-shape2-kernel2]
FAILED test_conv_transpose1d.py::test_conv_transpose1d[dtype1-1-2-shape0-kernel0]
FAILED test_conv_transpose1d.py::test_conv_transpose1d[dtype1-1-2-shape1-kernel1]
FAILED test_conv_transpose1d.py::test_conv_transpose1d[dtype1-1-2-shape2-kernel2]
FAILED test_conv_transpose1d.py::test_conv_transpose1d_bias[dtype0-0-1-shape0-kernel0]
FAILED test_conv_transpose1d.py::test_conv_transpose1d_bias[dtype0-0-1-shape1-kernel1]
FAILED test_conv_transpose1d.py::test_conv_transpose1d_bias[dtype0-0-1-shape2-kernel2]
FAILED test_conv_transpose1d.py::test_conv_transpose1d_bias[dtype0-0-2-shape0-kernel0]
FAILED test_conv_transpose1d.py::test_conv_transpose1d_bias[dtype0-0-2-shape1-kernel1]
FAILED test_conv_transpose1d.py::test_conv_transpose1d_bias[dtype0-0-2-shape2-kernel2]
FAILED test_conv_transpose1d.py::test_conv_transpose1d_bias[dtype0-1-1-shape0-kernel0]
FAILED test_conv_transpose1d.py::test_conv_transpose1d_bias[dtype0-1-1-shape1-kernel1]
FAILED test_conv_transpose1d.py::test_conv_transpose1d_bias[dtype0-1-1-shape2-kernel2]
FAILED test_conv_transpose1d.py::test_conv_transpose1d_bias[dtype0-1-2-shape0-kernel0]
FAILED test_conv_transpose1d.py::test_conv_transpose1d_bias[dtype0-1-2-shape1-kernel1]
FAILED test_conv_transpose1d.py::test_conv_transpose1d_bias[dtype0-1-2-shape2-kernel2]
FAILED test_conv_transpose1d.py::test_conv_transpose1d_bias[dtype1-0-1-shape0-kernel0]
FAILED test_conv_transpose1d.py::test_conv_transpose1d_bias[dtype1-0-1-shape1-kernel1]
FAILED test_conv_transpose1d.py::test_conv_transpose1d_bias[dtype1-0-1-shape2-kernel2]
FAILED test_conv_transpose1d.py::test_conv_transpose1d_bias[dtype1-0-2-shape0-kernel0]
FAILED test_conv_transpose1d.py::test_conv_transpose1d_bias[dtype1-0-2-shape1-kernel1]
FAILED test_conv_transpose1d.py::test_conv_transpose1d_bias[dtype1-0-2-shape2-kernel2]
FAILED test_conv_transpose1d.py::test_conv_transpose1d_bias[dtype1-1-1-shape0-kernel0]
FAILED test_conv_transpose1d.py::test_conv_transpose1d_bias[dtype1-1-1-shape1-kernel1]
FAILED test_conv_transpose1d.py::test_conv_transpose1d_bias[dtype1-1-1-shape2-kernel2]
FAILED test_conv_transpose1d.py::test_conv_transpose1d_bias[dtype1-1-2-shape0-kernel0]
FAILED test_conv_transpose1d.py::test_conv_transpose1d_bias[dtype1-1-2-shape1-kernel1]
FAILED test_conv_transpose1d.py::test_conv_transpose1d_bias[dtype1-1-2-shape2-kernel2]
FAILED test_conv_transpose1d.py::test_conv_transpose1d_groups[dtype0-0-1-shape0-kernel0-2]
FAILED test_conv_transpose1d.py::test_conv_transpose1d_groups[dtype0-0-1-shape1-kernel1-3]
FAILED test_conv_transpose1d.py::test_conv_transpose1d_groups[dtype0-0-2-shape0-kernel0-2]
FAILED test_conv_transpose1d.py::test_conv_transpose1d_groups[dtype0-0-2-shape1-kernel1-3]
FAILED test_conv_transpose1d.py::test_conv_transpose1d_groups[dtype0-1-1-shape0-kernel0-2]
FAILED test_conv_transpose1d.py::test_conv_transpose1d_groups[dtype0-1-1-shape1-kernel1-3]
FAILED test_conv_transpose1d.py::test_conv_transpose1d_groups[dtype0-1-2-shape0-kernel0-2]
FAILED test_conv_transpose1d.py::test_conv_transpose1d_groups[dtype0-1-2-shape1-kernel1-3]
FAILED test_conv_transpose1d.py::test_conv_transpose1d_groups[dtype1-0-1-shape0-kernel0-2]
FAILED test_conv_transpose1d.py::test_conv_transpose1d_groups[dtype1-0-1-shape1-kernel1-3]
FAILED test_conv_transpose1d.py::test_conv_transpose1d_groups[dtype1-0-2-shape0-kernel0-2]
FAILED test_conv_transpose1d.py::test_conv_transpose1d_groups[dtype1-0-2-shape1-kernel1-3]
FAILED test_conv_transpose1d.py::test_conv_transpose1d_groups[dtype1-1-1-shape0-kernel0-2]
FAILED test_conv_transpose1d.py::test_conv_transpose1d_groups[dtype1-1-1-shape1-kernel1-3]
FAILED test_conv_transpose1d.py::test_conv_transpose1d_groups[dtype1-1-2-shape0-kernel0-2]
FAILED test_conv_transpose1d.py::test_conv_transpose1d_groups[dtype1-1-2-shape1-kernel1-3]
=============== 64 failed, 49887 deselected in 97.18s (0:01:37) ================
