============================= test session starts ==============================
platform linux -- Python 3.10.18, pytest-9.1.1, pluggy-1.6.0 -- /root/miniconda/envs/python310_torch29_cuda/bin/python3.10
cachedir: .pytest_cache
rootdir: /workspace/FlagGems
configfile: pytest.ini
plugins: anyio-4.9.0, typeguard-4.3.0
collecting ... WARNING 07-24 02:23:00 [interface.py:226] Failed to import from vllm._C: ImportError('/root/miniconda/envs/python310_torch29_cuda/lib/python3.10/site-packages/vllm/_C.abi3.so: undefined symbol: _ZN3c104cuda29c10_cuda_check_implementationEiPKcS2_jb')
WARNING 07-24 02:23:02 [interface.py:599] Current platform  does not have '__test__' attribute.
WARNING 07-24 02:23:02 [interface.py:599] Current platform  does not have '__bases__' attribute.
WARNING 07-24 02:23:02 [interface.py:599] Current platform  does not have '__test__' attribute.
WARNING 07-24 02:23:02 [interface.py:599] Current platform  does not have '__test__' attribute.
WARNING 07-24 02:23:02 [interface.py:599] Current platform  does not have '__bases__' attribute.
WARNING 07-24 02:23:02 [interface.py:599] Current platform  does not have '__test__' attribute.
WARNING 07-24 02:23:02 [interface.py:599] Current platform  does not have '__test__' attribute.
WARNING 07-24 02:23:02 [interface.py:599] Current platform  does not have '__bases__' attribute.
WARNING 07-24 02:23:02 [interface.py:599] Current platform  does not have '__test__' attribute.
ERROR 07-24 02:23:03 [config.py:29] Failed to import Triton kernels. Please make sure your triton version is compatible. Error: No module named 'triton.language.target_info'
collected 49951 items / 49771 deselected / 180 selected

test_std.py::test_std[dtype0-True-0-0-shape0] PASSED
test_std.py::test_std[dtype0-True-0-0-shape1] FAILED
test_std.py::test_std[dtype0-True-0-0-shape2] FAILED
test_std.py::test_std[dtype0-True-0-1-shape0] PASSED
test_std.py::test_std[dtype0-True-0-1-shape1] PASSED
test_std.py::test_std[dtype0-True-0-1-shape2] FAILED
test_std.py::test_std[dtype0-True-0-dim2-shape0] PASSED
test_std.py::test_std[dtype0-True-0-dim2-shape1] PASSED
test_std.py::test_std[dtype0-True-0-dim2-shape2] FAILED
test_std.py::test_std[dtype0-True-0-dim3-shape0] PASSED
test_std.py::test_std[dtype0-True-0-dim3-shape1] PASSED
test_std.py::test_std[dtype0-True-0-dim3-shape2] FAILED
test_std.py::test_std[dtype0-True-0-None-shape0] PASSED
test_std.py::test_std[dtype0-True-0-None-shape1] PASSED
test_std.py::test_std[dtype0-True-0-None-shape2] PASSED
test_std.py::test_std[dtype0-True-1-0-shape0] PASSED
test_std.py::test_std[dtype0-True-1-0-shape1] FAILED
test_std.py::test_std[dtype0-True-1-0-shape2] FAILED
test_std.py::test_std[dtype0-True-1-1-shape0] PASSED
test_std.py::test_std[dtype0-True-1-1-shape1] PASSED
test_std.py::test_std[dtype0-True-1-1-shape2] FAILED
test_std.py::test_std[dtype0-True-1-dim2-shape0] PASSED
test_std.py::test_std[dtype0-True-1-dim2-shape1] PASSED
test_std.py::test_std[dtype0-True-1-dim2-shape2] FAILED
test_std.py::test_std[dtype0-True-1-dim3-shape0] PASSED
test_std.py::test_std[dtype0-True-1-dim3-shape1] PASSED
test_std.py::test_std[dtype0-True-1-dim3-shape2] FAILED
test_std.py::test_std[dtype0-True-1-None-shape0] PASSED
test_std.py::test_std[dtype0-True-1-None-shape1] PASSED
test_std.py::test_std[dtype0-True-1-None-shape2] PASSED
test_std.py::test_std[dtype0-False-0-0-shape0] PASSED
test_std.py::test_std[dtype0-False-0-0-shape1] FAILED
test_std.py::test_std[dtype0-False-0-0-shape2] FAILED
test_std.py::test_std[dtype0-False-0-1-shape0] PASSED
test_std.py::test_std[dtype0-False-0-1-shape1] PASSED
test_std.py::test_std[dtype0-False-0-1-shape2] FAILED
test_std.py::test_std[dtype0-False-0-dim2-shape0] PASSED
test_std.py::test_std[dtype0-False-0-dim2-shape1] PASSED
test_std.py::test_std[dtype0-False-0-dim2-shape2] FAILED
test_std.py::test_std[dtype0-False-0-dim3-shape0] PASSED
test_std.py::test_std[dtype0-False-0-dim3-shape1] PASSED
test_std.py::test_std[dtype0-False-0-dim3-shape2] FAILED
test_std.py::test_std[dtype0-False-0-None-shape0] PASSED
test_std.py::test_std[dtype0-False-0-None-shape1] PASSED
test_std.py::test_std[dtype0-False-0-None-shape2] PASSED
test_std.py::test_std[dtype0-False-1-0-shape0] PASSED
test_std.py::test_std[dtype0-False-1-0-shape1] FAILED
test_std.py::test_std[dtype0-False-1-0-shape2] FAILED
test_std.py::test_std[dtype0-False-1-1-shape0] PASSED
test_std.py::test_std[dtype0-False-1-1-shape1] PASSED
test_std.py::test_std[dtype0-False-1-1-shape2] FAILED
test_std.py::test_std[dtype0-False-1-dim2-shape0] PASSED
test_std.py::test_std[dtype0-False-1-dim2-shape1] PASSED
test_std.py::test_std[dtype0-False-1-dim2-shape2] FAILED
test_std.py::test_std[dtype0-False-1-dim3-shape0] PASSED
test_std.py::test_std[dtype0-False-1-dim3-shape1] PASSED
test_std.py::test_std[dtype0-False-1-dim3-shape2] FAILED
test_std.py::test_std[dtype0-False-1-None-shape0] PASSED
test_std.py::test_std[dtype0-False-1-None-shape1] PASSED
test_std.py::test_std[dtype0-False-1-None-shape2] PASSED
test_std.py::test_std[dtype1-True-0-0-shape0] PASSED
test_std.py::test_std[dtype1-True-0-0-shape1] FAILED
test_std.py::test_std[dtype1-True-0-0-shape2] FAILED
test_std.py::test_std[dtype1-True-0-1-shape0] PASSED
test_std.py::test_std[dtype1-True-0-1-shape1] PASSED
test_std.py::test_std[dtype1-True-0-1-shape2] FAILED
test_std.py::test_std[dtype1-True-0-dim2-shape0] PASSED
test_std.py::test_std[dtype1-True-0-dim2-shape1] PASSED
test_std.py::test_std[dtype1-True-0-dim2-shape2] FAILED
test_std.py::test_std[dtype1-True-0-dim3-shape0] PASSED
test_std.py::test_std[dtype1-True-0-dim3-shape1] PASSED
test_std.py::test_std[dtype1-True-0-dim3-shape2] FAILED
test_std.py::test_std[dtype1-True-0-None-shape0] PASSED
test_std.py::test_std[dtype1-True-0-None-shape1] PASSED
test_std.py::test_std[dtype1-True-0-None-shape2] PASSED
test_std.py::test_std[dtype1-True-1-0-shape0] PASSED
test_std.py::test_std[dtype1-True-1-0-shape1] FAILED
test_std.py::test_std[dtype1-True-1-0-shape2] FAILED
test_std.py::test_std[dtype1-True-1-1-shape0] PASSED
test_std.py::test_std[dtype1-True-1-1-shape1] PASSED
test_std.py::test_std[dtype1-True-1-1-shape2] FAILED
test_std.py::test_std[dtype1-True-1-dim2-shape0] PASSED
test_std.py::test_std[dtype1-True-1-dim2-shape1] PASSED
test_std.py::test_std[dtype1-True-1-dim2-shape2] FAILED
test_std.py::test_std[dtype1-True-1-dim3-shape0] PASSED
test_std.py::test_std[dtype1-True-1-dim3-shape1] PASSED
test_std.py::test_std[dtype1-True-1-dim3-shape2] FAILED
test_std.py::test_std[dtype1-True-1-None-shape0] PASSED
test_std.py::test_std[dtype1-True-1-None-shape1] PASSED
test_std.py::test_std[dtype1-True-1-None-shape2] PASSED
test_std.py::test_std[dtype1-False-0-0-shape0] PASSED
test_std.py::test_std[dtype1-False-0-0-shape1] FAILED
test_std.py::test_std[dtype1-False-0-0-shape2] FAILED
test_std.py::test_std[dtype1-False-0-1-shape0] PASSED
test_std.py::test_std[dtype1-False-0-1-shape1] PASSED
test_std.py::test_std[dtype1-False-0-1-shape2] FAILED
test_std.py::test_std[dtype1-False-0-dim2-shape0] PASSED
test_std.py::test_std[dtype1-False-0-dim2-shape1] PASSED
test_std.py::test_std[dtype1-False-0-dim2-shape2] FAILED
test_std.py::test_std[dtype1-False-0-dim3-shape0] PASSED
test_std.py::test_std[dtype1-False-0-dim3-shape1] PASSED
test_std.py::test_std[dtype1-False-0-dim3-shape2] FAILED
test_std.py::test_std[dtype1-False-0-None-shape0] PASSED
test_std.py::test_std[dtype1-False-0-None-shape1] PASSED
test_std.py::test_std[dtype1-False-0-None-shape2] PASSED
test_std.py::test_std[dtype1-False-1-0-shape0] PASSED
test_std.py::test_std[dtype1-False-1-0-shape1] FAILED
test_std.py::test_std[dtype1-False-1-0-shape2] FAILED
test_std.py::test_std[dtype1-False-1-1-shape0] PASSED
test_std.py::test_std[dtype1-False-1-1-shape1] PASSED
test_std.py::test_std[dtype1-False-1-1-shape2] FAILED
test_std.py::test_std[dtype1-False-1-dim2-shape0] PASSED
test_std.py::test_std[dtype1-False-1-dim2-shape1] PASSED
test_std.py::test_std[dtype1-False-1-dim2-shape2] FAILED
test_std.py::test_std[dtype1-False-1-dim3-shape0] PASSED
test_std.py::test_std[dtype1-False-1-dim3-shape1] PASSED
test_std.py::test_std[dtype1-False-1-dim3-shape2] FAILED
test_std.py::test_std[dtype1-False-1-None-shape0] PASSED
test_std.py::test_std[dtype1-False-1-None-shape1] PASSED
test_std.py::test_std[dtype1-False-1-None-shape2] PASSED
test_std.py::test_std[dtype2-True-0-0-shape0] PASSED
test_std.py::test_std[dtype2-True-0-0-shape1] FAILED
test_std.py::test_std[dtype2-True-0-0-shape2] FAILED
test_std.py::test_std[dtype2-True-0-1-shape0] PASSED
test_std.py::test_std[dtype2-True-0-1-shape1] PASSED
test_std.py::test_std[dtype2-True-0-1-shape2] FAILED
test_std.py::test_std[dtype2-True-0-dim2-shape0] PASSED
test_std.py::test_std[dtype2-True-0-dim2-shape1] PASSED
test_std.py::test_std[dtype2-True-0-dim2-shape2] FAILED
test_std.py::test_std[dtype2-True-0-dim3-shape0] PASSED
test_std.py::test_std[dtype2-True-0-dim3-shape1] PASSED
test_std.py::test_std[dtype2-True-0-dim3-shape2] FAILED
test_std.py::test_std[dtype2-True-0-None-shape0] PASSED
test_std.py::test_std[dtype2-True-0-None-shape1] PASSED
test_std.py::test_std[dtype2-True-0-None-shape2] PASSED
test_std.py::test_std[dtype2-True-1-0-shape0] PASSED
test_std.py::test_std[dtype2-True-1-0-shape1] FAILED
test_std.py::test_std[dtype2-True-1-0-shape2] FAILED
test_std.py::test_std[dtype2-True-1-1-shape0] PASSED
test_std.py::test_std[dtype2-True-1-1-shape1] PASSED
test_std.py::test_std[dtype2-True-1-1-shape2] FAILED
test_std.py::test_std[dtype2-True-1-dim2-shape0] PASSED
test_std.py::test_std[dtype2-True-1-dim2-shape1] PASSED
test_std.py::test_std[dtype2-True-1-dim2-shape2] FAILED
test_std.py::test_std[dtype2-True-1-dim3-shape0] PASSED
test_std.py::test_std[dtype2-True-1-dim3-shape1] PASSED
test_std.py::test_std[dtype2-True-1-dim3-shape2] FAILED
test_std.py::test_std[dtype2-True-1-None-shape0] PASSED
test_std.py::test_std[dtype2-True-1-None-shape1] PASSED
test_std.py::test_std[dtype2-True-1-None-shape2] PASSED
test_std.py::test_std[dtype2-False-0-0-shape0] PASSED
test_std.py::test_std[dtype2-False-0-0-shape1] FAILED
test_std.py::test_std[dtype2-False-0-0-shape2] FAILED
test_std.py::test_std[dtype2-False-0-1-shape0] PASSED
test_std.py::test_std[dtype2-False-0-1-shape1] PASSED
test_std.py::test_std[dtype2-False-0-1-shape2] FAILED
test_std.py::test_std[dtype2-False-0-dim2-shape0] PASSED
test_std.py::test_std[dtype2-False-0-dim2-shape1] PASSED
test_std.py::test_std[dtype2-False-0-dim2-shape2] FAILED
test_std.py::test_std[dtype2-False-0-dim3-shape0] PASSED
test_std.py::test_std[dtype2-False-0-dim3-shape1] PASSED
test_std.py::test_std[dtype2-False-0-dim3-shape2] FAILED
test_std.py::test_std[dtype2-False-0-None-shape0] PASSED
test_std.py::test_std[dtype2-False-0-None-shape1] PASSED
test_std.py::test_std[dtype2-False-0-None-shape2] PASSED
test_std.py::test_std[dtype2-False-1-0-shape0] PASSED
test_std.py::test_std[dtype2-False-1-0-shape1] FAILED
test_std.py::test_std[dtype2-False-1-0-shape2] FAILED
test_std.py::test_std[dtype2-False-1-1-shape0] PASSED
test_std.py::test_std[dtype2-False-1-1-shape1] PASSED
test_std.py::test_std[dtype2-False-1-1-shape2] FAILED
test_std.py::test_std[dtype2-False-1-dim2-shape0] PASSED
test_std.py::test_std[dtype2-False-1-dim2-shape1] PASSED
test_std.py::test_std[dtype2-False-1-dim2-shape2] FAILED
test_std.py::test_std[dtype2-False-1-dim3-shape0] PASSED
test_std.py::test_std[dtype2-False-1-dim3-shape1] PASSED
test_std.py::test_std[dtype2-False-1-dim3-shape2] FAILED
test_std.py::test_std[dtype2-False-1-None-shape0] PASSED
test_std.py::test_std[dtype2-False-1-None-shape1] PASSED
test_std.py::test_std[dtype2-False-1-None-shape2] PASSED

=================================== FAILURES ===================================
_______________________ test_std[dtype0-True-0-0-shape1] _______________________

shape = (4096, 256), dim = 0, correction = 0, keepdim = True
dtype = torch.float16

    @pytest.mark.std
    @pytest.mark.parametrize("shape", utils.REDUCTION_SHAPES)
    @pytest.mark.parametrize("dim", DIMS_LIST + [None])
    @pytest.mark.parametrize("correction", CORRECTION)
    @pytest.mark.parametrize("keepdim", KEEP_DIM)
    @pytest.mark.parametrize("dtype", FLOAT_DTYPES)
    @pytest.mark.skipif(
        flag_gems.vendor_name == "tsingmicro", reason="Issue #4131: not working"
    )
    def test_std(shape, dim, correction, keepdim, dtype):
        inp = torch.randn(shape, dtype=dtype, device=flag_gems.device)
    
        dims_to_check = []
        if isinstance(dim, int):
            dims_to_check = [dim]
        elif isinstance(dim, (list, tuple)):
            dims_to_check = dim
    
        if any(d >= len(shape) or d < -len(shape) for d in dims_to_check):
            # skip the test if dimension is out of range for the given shape.
            return
    
        if correction == 1:
            if dim is not None:
                positive_dims = [d % len(shape) for d in dims_to_check]
                reduction_size = 1
                for d in positive_dims:
                    reduction_size *= shape[d]
                if reduction_size < 2:
                    # Invalid case: correction=1 requires reduction size of at least 2
                    return
            elif inp.numel() < 2:
                # Invalid case: correction=1 requires numel >= 2 for global reduction.
                return
    
        ref_inp = utils.to_reference(inp)
    
        with flag_gems.use_gems():
>           res_out = torch.std(inp, dim=dim, correction=correction, keepdim=keepdim)

test_std.py:79: 
_ _ _ _ _ _ _ _ _ _ _ _ _ _ _ _ _ _ _ _ _ _ _ _ _ _ _ _ _ _ _ _ _ _ _ _ _ _ _ _ 
../src/flag_gems/runtime/backend/_kunlunxin/ops/std.py:171: in std
    x_view = dim_compress(x, dim_list_normalized)
../src/flag_gems/utils/shape_utils.py:223: in dim_compress
    return inp.permute(order).contiguous()
../src/flag_gems/runtime/backend/_kunlunxin/ops/copy.py:120: in copy_
    return torch.ops.aten.copy_.default.redispatch(
_ _ _ _ _ _ _ _ _ _ _ _ _ _ _ _ _ _ _ _ _ _ _ _ _ _ _ _ _ _ _ _ _ _ _ _ _ _ _ _ 

self = <OpOverload(op='aten.copy_', overload='default')>
keyset = DispatchKeySet()
args = (tensor([[-1.9326,  1.7246, -2.0117,  ..., -1.6328, -1.6846, -1.7959],
        [ 1.5098,  1.8232, -2.1289,  ..., -1.70...    [ 0.1750, -1.5986, -1.2578,  ..., -0.2488,  1.6162,  0.6040]],
       device='cuda:0', dtype=torch.float16), False)
kwargs = {}

    def redispatch(
        self, /, keyset: torch._C.DispatchKeySet, *args: _P.args, **kwargs: _P.kwargs
    ) -> _T:
>       return self._handle.redispatch_boxed(keyset, *args, **kwargs)  # type: ignore[return-value]
E       torch.AcceleratorError: CUDA error: invalid device function
E       Search for `cudaErrorInvalidDeviceFunction' in https://docs.nvidia.com/cuda/cuda-runtime-api/group__CUDART__TYPES.html for more information.
E       CUDA kernel errors might be asynchronously reported at some other API call, so the stacktrace below might be incorrect.
E       For debugging consider passing CUDA_LAUNCH_BLOCKING=1
E       Compile with `TORCH_USE_CUDA_DSA` to enable device-side assertions.

/root/miniconda/envs/python310_torch29_cuda/lib/python3.10/site-packages/torch/_ops.py:848: AcceleratorError
_______________________ test_std[dtype0-True-0-0-shape2] _______________________

shape = (200, 40999, 3), dim = 0, correction = 0, keepdim = True
dtype = torch.float16

    @pytest.mark.std
    @pytest.mark.parametrize("shape", utils.REDUCTION_SHAPES)
    @pytest.mark.parametrize("dim", DIMS_LIST + [None])
    @pytest.mark.parametrize("correction", CORRECTION)
    @pytest.mark.parametrize("keepdim", KEEP_DIM)
    @pytest.mark.parametrize("dtype", FLOAT_DTYPES)
    @pytest.mark.skipif(
        flag_gems.vendor_name == "tsingmicro", reason="Issue #4131: not working"
    )
    def test_std(shape, dim, correction, keepdim, dtype):
        inp = torch.randn(shape, dtype=dtype, device=flag_gems.device)
    
        dims_to_check = []
        if isinstance(dim, int):
            dims_to_check = [dim]
        elif isinstance(dim, (list, tuple)):
            dims_to_check = dim
    
        if any(d >= len(shape) or d < -len(shape) for d in dims_to_check):
            # skip the test if dimension is out of range for the given shape.
            return
    
        if correction == 1:
            if dim is not None:
                positive_dims = [d % len(shape) for d in dims_to_check]
                reduction_size = 1
                for d in positive_dims:
                    reduction_size *= shape[d]
                if reduction_size < 2:
                    # Invalid case: correction=1 requires reduction size of at least 2
                    return
            elif inp.numel() < 2:
                # Invalid case: correction=1 requires numel >= 2 for global reduction.
                return
    
        ref_inp = utils.to_reference(inp)
    
        with flag_gems.use_gems():
>           res_out = torch.std(inp, dim=dim, correction=correction, keepdim=keepdim)

test_std.py:79: 
_ _ _ _ _ _ _ _ _ _ _ _ _ _ _ _ _ _ _ _ _ _ _ _ _ _ _ _ _ _ _ _ _ _ _ _ _ _ _ _ 
../src/flag_gems/runtime/backend/_kunlunxin/ops/std.py:171: in std
    x_view = dim_compress(x, dim_list_normalized)
../src/flag_gems/utils/shape_utils.py:223: in dim_compress
    return inp.permute(order).contiguous()
../src/flag_gems/runtime/backend/_kunlunxin/ops/copy.py:120: in copy_
    return torch.ops.aten.copy_.default.redispatch(
_ _ _ _ _ _ _ _ _ _ _ _ _ _ _ _ _ _ _ _ _ _ _ _ _ _ _ _ _ _ _ _ _ _ _ _ _ _ _ _ 

self = <OpOverload(op='aten.copy_', overload='default')>
keyset = DispatchKeySet()
args = (tensor([[[-3.8623e-01,  1.9443e+00,  0.0000e+00,  ...,         nan,
          -2.9180e+03,  1.6992e+00],
         [ 7...   [ 1.3369, -0.5820, -0.6821,  ...,  0.4768, -0.2482,  1.5127]]],
       device='cuda:0', dtype=torch.float16), False)
kwargs = {}

    def redispatch(
        self, /, keyset: torch._C.DispatchKeySet, *args: _P.args, **kwargs: _P.kwargs
    ) -> _T:
>       return self._handle.redispatch_boxed(keyset, *args, **kwargs)  # type: ignore[return-value]
E       torch.AcceleratorError: CUDA error: invalid device function
E       Search for `cudaErrorInvalidDeviceFunction' in https://docs.nvidia.com/cuda/cuda-runtime-api/group__CUDART__TYPES.html for more information.
E       CUDA kernel errors might be asynchronously reported at some other API call, so the stacktrace below might be incorrect.
E       For debugging consider passing CUDA_LAUNCH_BLOCKING=1
E       Compile with `TORCH_USE_CUDA_DSA` to enable device-side assertions.

/root/miniconda/envs/python310_torch29_cuda/lib/python3.10/site-packages/torch/_ops.py:848: AcceleratorError
_______________________ test_std[dtype0-True-0-1-shape2] _______________________

shape = (200, 40999, 3), dim = 1, correction = 0, keepdim = True
dtype = torch.float16

    @pytest.mark.std
    @pytest.mark.parametrize("shape", utils.REDUCTION_SHAPES)
    @pytest.mark.parametrize("dim", DIMS_LIST + [None])
    @pytest.mark.parametrize("correction", CORRECTION)
    @pytest.mark.parametrize("keepdim", KEEP_DIM)
    @pytest.mark.parametrize("dtype", FLOAT_DTYPES)
    @pytest.mark.skipif(
        flag_gems.vendor_name == "tsingmicro", reason="Issue #4131: not working"
    )
    def test_std(shape, dim, correction, keepdim, dtype):
        inp = torch.randn(shape, dtype=dtype, device=flag_gems.device)
    
        dims_to_check = []
        if isinstance(dim, int):
            dims_to_check = [dim]
        elif isinstance(dim, (list, tuple)):
            dims_to_check = dim
    
        if any(d >= len(shape) or d < -len(shape) for d in dims_to_check):
            # skip the test if dimension is out of range for the given shape.
            return
    
        if correction == 1:
            if dim is not None:
                positive_dims = [d % len(shape) for d in dims_to_check]
                reduction_size = 1
                for d in positive_dims:
                    reduction_size *= shape[d]
                if reduction_size < 2:
                    # Invalid case: correction=1 requires reduction size of at least 2
                    return
            elif inp.numel() < 2:
                # Invalid case: correction=1 requires numel >= 2 for global reduction.
                return
    
        ref_inp = utils.to_reference(inp)
    
        with flag_gems.use_gems():
>           res_out = torch.std(inp, dim=dim, correction=correction, keepdim=keepdim)

test_std.py:79: 
_ _ _ _ _ _ _ _ _ _ _ _ _ _ _ _ _ _ _ _ _ _ _ _ _ _ _ _ _ _ _ _ _ _ _ _ _ _ _ _ 
../src/flag_gems/runtime/backend/_kunlunxin/ops/std.py:171: in std
    x_view = dim_compress(x, dim_list_normalized)
../src/flag_gems/utils/shape_utils.py:223: in dim_compress
    return inp.permute(order).contiguous()
../src/flag_gems/runtime/backend/_kunlunxin/ops/copy.py:120: in copy_
    return torch.ops.aten.copy_.default.redispatch(
_ _ _ _ _ _ _ _ _ _ _ _ _ _ _ _ _ _ _ _ _ _ _ _ _ _ _ _ _ _ _ _ _ _ _ _ _ _ _ _ 

self = <OpOverload(op='aten.copy_', overload='default')>
keyset = DispatchKeySet()
args = (tensor([[[ 1.7480, -1.7871,  1.6943,  ..., -1.5967,  1.5684, -1.7793],
         [-1.9053,  1.8096,  1.8770,  ..., -2....1,  4.3604e-01,  ...,  2.1387e+00,
           1.2372e-01,  5.4883e-01]]], device='cuda:0', dtype=torch.float16), False)
kwargs = {}

    def redispatch(
        self, /, keyset: torch._C.DispatchKeySet, *args: _P.args, **kwargs: _P.kwargs
    ) -> _T:
>       return self._handle.redispatch_boxed(keyset, *args, **kwargs)  # type: ignore[return-value]
E       torch.AcceleratorError: CUDA error: invalid device function
E       Search for `cudaErrorInvalidDeviceFunction' in https://docs.nvidia.com/cuda/cuda-runtime-api/group__CUDART__TYPES.html for more information.
E       CUDA kernel errors might be asynchronously reported at some other API call, so the stacktrace below might be incorrect.
E       For debugging consider passing CUDA_LAUNCH_BLOCKING=1
E       Compile with `TORCH_USE_CUDA_DSA` to enable device-side assertions.

/root/miniconda/envs/python310_torch29_cuda/lib/python3.10/site-packages/torch/_ops.py:848: AcceleratorError
_____________________ test_std[dtype0-True-0-dim2-shape2] ______________________

shape = (200, 40999, 3), dim = [0, 1], correction = 0, keepdim = True
dtype = torch.float16

    @pytest.mark.std
    @pytest.mark.parametrize("shape", utils.REDUCTION_SHAPES)
    @pytest.mark.parametrize("dim", DIMS_LIST + [None])
    @pytest.mark.parametrize("correction", CORRECTION)
    @pytest.mark.parametrize("keepdim", KEEP_DIM)
    @pytest.mark.parametrize("dtype", FLOAT_DTYPES)
    @pytest.mark.skipif(
        flag_gems.vendor_name == "tsingmicro", reason="Issue #4131: not working"
    )
    def test_std(shape, dim, correction, keepdim, dtype):
        inp = torch.randn(shape, dtype=dtype, device=flag_gems.device)
    
        dims_to_check = []
        if isinstance(dim, int):
            dims_to_check = [dim]
        elif isinstance(dim, (list, tuple)):
            dims_to_check = dim
    
        if any(d >= len(shape) or d < -len(shape) for d in dims_to_check):
            # skip the test if dimension is out of range for the given shape.
            return
    
        if correction == 1:
            if dim is not None:
                positive_dims = [d % len(shape) for d in dims_to_check]
                reduction_size = 1
                for d in positive_dims:
                    reduction_size *= shape[d]
                if reduction_size < 2:
                    # Invalid case: correction=1 requires reduction size of at least 2
                    return
            elif inp.numel() < 2:
                # Invalid case: correction=1 requires numel >= 2 for global reduction.
                return
    
        ref_inp = utils.to_reference(inp)
    
        with flag_gems.use_gems():
>           res_out = torch.std(inp, dim=dim, correction=correction, keepdim=keepdim)

test_std.py:79: 
_ _ _ _ _ _ _ _ _ _ _ _ _ _ _ _ _ _ _ _ _ _ _ _ _ _ _ _ _ _ _ _ _ _ _ _ _ _ _ _ 
../src/flag_gems/runtime/backend/_kunlunxin/ops/std.py:171: in std
    x_view = dim_compress(x, dim_list_normalized)
../src/flag_gems/utils/shape_utils.py:223: in dim_compress
    return inp.permute(order).contiguous()
../src/flag_gems/runtime/backend/_kunlunxin/ops/copy.py:120: in copy_
    return torch.ops.aten.copy_.default.redispatch(
_ _ _ _ _ _ _ _ _ _ _ _ _ _ _ _ _ _ _ _ _ _ _ _ _ _ _ _ _ _ _ _ _ _ _ _ _ _ _ _ 

self = <OpOverload(op='aten.copy_', overload='default')>
keyset = DispatchKeySet()
args = (tensor([[[0., 0., 0.,  ..., 0., 0., 0.],
         [0., 0., 0.,  ..., 0., 0., 0.],
         [0., 0., 0.,  ..., 0., 0.,...   [-0.1757, -0.2262, -0.2433,  ...,  0.7598, -0.6230, -1.1025]]],
       device='cuda:0', dtype=torch.float16), False)
kwargs = {}

    def redispatch(
        self, /, keyset: torch._C.DispatchKeySet, *args: _P.args, **kwargs: _P.kwargs
    ) -> _T:
>       return self._handle.redispatch_boxed(keyset, *args, **kwargs)  # type: ignore[return-value]
E       torch.AcceleratorError: CUDA error: invalid device function
E       Search for `cudaErrorInvalidDeviceFunction' in https://docs.nvidia.com/cuda/cuda-runtime-api/group__CUDART__TYPES.html for more information.
E       CUDA kernel errors might be asynchronously reported at some other API call, so the stacktrace below might be incorrect.
E       For debugging consider passing CUDA_LAUNCH_BLOCKING=1
E       Compile with `TORCH_USE_CUDA_DSA` to enable device-side assertions.

/root/miniconda/envs/python310_torch29_cuda/lib/python3.10/site-packages/torch/_ops.py:848: AcceleratorError
_____________________ test_std[dtype0-True-0-dim3-shape2] ______________________

shape = (200, 40999, 3), dim = [1, 0], correction = 0, keepdim = True
dtype = torch.float16

    @pytest.mark.std
    @pytest.mark.parametrize("shape", utils.REDUCTION_SHAPES)
    @pytest.mark.parametrize("dim", DIMS_LIST + [None])
    @pytest.mark.parametrize("correction", CORRECTION)
    @pytest.mark.parametrize("keepdim", KEEP_DIM)
    @pytest.mark.parametrize("dtype", FLOAT_DTYPES)
    @pytest.mark.skipif(
        flag_gems.vendor_name == "tsingmicro", reason="Issue #4131: not working"
    )
    def test_std(shape, dim, correction, keepdim, dtype):
        inp = torch.randn(shape, dtype=dtype, device=flag_gems.device)
    
        dims_to_check = []
        if isinstance(dim, int):
            dims_to_check = [dim]
        elif isinstance(dim, (list, tuple)):
            dims_to_check = dim
    
        if any(d >= len(shape) or d < -len(shape) for d in dims_to_check):
            # skip the test if dimension is out of range for the given shape.
            return
    
        if correction == 1:
            if dim is not None:
                positive_dims = [d % len(shape) for d in dims_to_check]
                reduction_size = 1
                for d in positive_dims:
                    reduction_size *= shape[d]
                if reduction_size < 2:
                    # Invalid case: correction=1 requires reduction size of at least 2
                    return
            elif inp.numel() < 2:
                # Invalid case: correction=1 requires numel >= 2 for global reduction.
                return
    
        ref_inp = utils.to_reference(inp)
    
        with flag_gems.use_gems():
>           res_out = torch.std(inp, dim=dim, correction=correction, keepdim=keepdim)

test_std.py:79: 
_ _ _ _ _ _ _ _ _ _ _ _ _ _ _ _ _ _ _ _ _ _ _ _ _ _ _ _ _ _ _ _ _ _ _ _ _ _ _ _ 
../src/flag_gems/runtime/backend/_kunlunxin/ops/std.py:171: in std
    x_view = dim_compress(x, dim_list_normalized)
../src/flag_gems/utils/shape_utils.py:223: in dim_compress
    return inp.permute(order).contiguous()
../src/flag_gems/runtime/backend/_kunlunxin/ops/copy.py:120: in copy_
    return torch.ops.aten.copy_.default.redispatch(
_ _ _ _ _ _ _ _ _ _ _ _ _ _ _ _ _ _ _ _ _ _ _ _ _ _ _ _ _ _ _ _ _ _ _ _ _ _ _ _ 

self = <OpOverload(op='aten.copy_', overload='default')>
keyset = DispatchKeySet()
args = (tensor([[[0., 0., 0.,  ..., 0., 0., 0.],
         [0., 0., 0.,  ..., 0., 0., 0.],
         [0., 0., 0.,  ..., 0., 0.,...   [-0.3418, -1.5996, -0.5010,  ..., -0.6851,  0.1171, -0.9023]]],
       device='cuda:0', dtype=torch.float16), False)
kwargs = {}

    def redispatch(
        self, /, keyset: torch._C.DispatchKeySet, *args: _P.args, **kwargs: _P.kwargs
    ) -> _T:
>       return self._handle.redispatch_boxed(keyset, *args, **kwargs)  # type: ignore[return-value]
E       torch.AcceleratorError: CUDA error: invalid device function
E       Search for `cudaErrorInvalidDeviceFunction' in https://docs.nvidia.com/cuda/cuda-runtime-api/group__CUDART__TYPES.html for more information.
E       CUDA kernel errors might be asynchronously reported at some other API call, so the stacktrace below might be incorrect.
E       For debugging consider passing CUDA_LAUNCH_BLOCKING=1
E       Compile with `TORCH_USE_CUDA_DSA` to enable device-side assertions.

/root/miniconda/envs/python310_torch29_cuda/lib/python3.10/site-packages/torch/_ops.py:848: AcceleratorError
_______________________ test_std[dtype0-True-1-0-shape1] _______________________

shape = (4096, 256), dim = 0, correction = 1, keepdim = True
dtype = torch.float16

    @pytest.mark.std
    @pytest.mark.parametrize("shape", utils.REDUCTION_SHAPES)
    @pytest.mark.parametrize("dim", DIMS_LIST + [None])
    @pytest.mark.parametrize("correction", CORRECTION)
    @pytest.mark.parametrize("keepdim", KEEP_DIM)
    @pytest.mark.parametrize("dtype", FLOAT_DTYPES)
    @pytest.mark.skipif(
        flag_gems.vendor_name == "tsingmicro", reason="Issue #4131: not working"
    )
    def test_std(shape, dim, correction, keepdim, dtype):
        inp = torch.randn(shape, dtype=dtype, device=flag_gems.device)
    
        dims_to_check = []
        if isinstance(dim, int):
            dims_to_check = [dim]
        elif isinstance(dim, (list, tuple)):
            dims_to_check = dim
    
        if any(d >= len(shape) or d < -len(shape) for d in dims_to_check):
            # skip the test if dimension is out of range for the given shape.
            return
    
        if correction == 1:
            if dim is not None:
                positive_dims = [d % len(shape) for d in dims_to_check]
                reduction_size = 1
                for d in positive_dims:
                    reduction_size *= shape[d]
                if reduction_size < 2:
                    # Invalid case: correction=1 requires reduction size of at least 2
                    return
            elif inp.numel() < 2:
                # Invalid case: correction=1 requires numel >= 2 for global reduction.
                return
    
        ref_inp = utils.to_reference(inp)
    
        with flag_gems.use_gems():
>           res_out = torch.std(inp, dim=dim, correction=correction, keepdim=keepdim)

test_std.py:79: 
_ _ _ _ _ _ _ _ _ _ _ _ _ _ _ _ _ _ _ _ _ _ _ _ _ _ _ _ _ _ _ _ _ _ _ _ _ _ _ _ 
../src/flag_gems/runtime/backend/_kunlunxin/ops/std.py:171: in std
    x_view = dim_compress(x, dim_list_normalized)
../src/flag_gems/utils/shape_utils.py:223: in dim_compress
    return inp.permute(order).contiguous()
../src/flag_gems/runtime/backend/_kunlunxin/ops/copy.py:120: in copy_
    return torch.ops.aten.copy_.default.redispatch(
_ _ _ _ _ _ _ _ _ _ _ _ _ _ _ _ _ _ _ _ _ _ _ _ _ _ _ _ _ _ _ _ _ _ _ _ _ _ _ _ 

self = <OpOverload(op='aten.copy_', overload='default')>
keyset = DispatchKeySet()
args = (tensor([[-3.4250e+02,  1.8652e+00,  7.6600e+02,  ...,  1.9404e+00,
          8.2135e-05, -1.7236e+00],
        [ 6.51...    [ 1.6455,  1.7002,  0.6812,  ...,  0.1184, -0.5454, -0.1572]],
       device='cuda:0', dtype=torch.float16), False)
kwargs = {}

    def redispatch(
        self, /, keyset: torch._C.DispatchKeySet, *args: _P.args, **kwargs: _P.kwargs
    ) -> _T:
>       return self._handle.redispatch_boxed(keyset, *args, **kwargs)  # type: ignore[return-value]
E       torch.AcceleratorError: CUDA error: invalid device function
E       Search for `cudaErrorInvalidDeviceFunction' in https://docs.nvidia.com/cuda/cuda-runtime-api/group__CUDART__TYPES.html for more information.
E       CUDA kernel errors might be asynchronously reported at some other API call, so the stacktrace below might be incorrect.
E       For debugging consider passing CUDA_LAUNCH_BLOCKING=1
E       Compile with `TORCH_USE_CUDA_DSA` to enable device-side assertions.

/root/miniconda/envs/python310_torch29_cuda/lib/python3.10/site-packages/torch/_ops.py:848: AcceleratorError
_______________________ test_std[dtype0-True-1-0-shape2] _______________________

shape = (200, 40999, 3), dim = 0, correction = 1, keepdim = True
dtype = torch.float16

    @pytest.mark.std
    @pytest.mark.parametrize("shape", utils.REDUCTION_SHAPES)
    @pytest.mark.parametrize("dim", DIMS_LIST + [None])
    @pytest.mark.parametrize("correction", CORRECTION)
    @pytest.mark.parametrize("keepdim", KEEP_DIM)
    @pytest.mark.parametrize("dtype", FLOAT_DTYPES)
    @pytest.mark.skipif(
        flag_gems.vendor_name == "tsingmicro", reason="Issue #4131: not working"
    )
    def test_std(shape, dim, correction, keepdim, dtype):
        inp = torch.randn(shape, dtype=dtype, device=flag_gems.device)
    
        dims_to_check = []
        if isinstance(dim, int):
            dims_to_check = [dim]
        elif isinstance(dim, (list, tuple)):
            dims_to_check = dim
    
        if any(d >= len(shape) or d < -len(shape) for d in dims_to_check):
            # skip the test if dimension is out of range for the given shape.
            return
    
        if correction == 1:
            if dim is not None:
                positive_dims = [d % len(shape) for d in dims_to_check]
                reduction_size = 1
                for d in positive_dims:
                    reduction_size *= shape[d]
                if reduction_size < 2:
                    # Invalid case: correction=1 requires reduction size of at least 2
                    return
            elif inp.numel() < 2:
                # Invalid case: correction=1 requires numel >= 2 for global reduction.
                return
    
        ref_inp = utils.to_reference(inp)
    
        with flag_gems.use_gems():
>           res_out = torch.std(inp, dim=dim, correction=correction, keepdim=keepdim)

test_std.py:79: 
_ _ _ _ _ _ _ _ _ _ _ _ _ _ _ _ _ _ _ _ _ _ _ _ _ _ _ _ _ _ _ _ _ _ _ _ _ _ _ _ 
../src/flag_gems/runtime/backend/_kunlunxin/ops/std.py:171: in std
    x_view = dim_compress(x, dim_list_normalized)
../src/flag_gems/utils/shape_utils.py:223: in dim_compress
    return inp.permute(order).contiguous()
../src/flag_gems/runtime/backend/_kunlunxin/ops/copy.py:120: in copy_
    return torch.ops.aten.copy_.default.redispatch(
_ _ _ _ _ _ _ _ _ _ _ _ _ _ _ _ _ _ _ _ _ _ _ _ _ _ _ _ _ _ _ _ _ _ _ _ _ _ _ _ 

self = <OpOverload(op='aten.copy_', overload='default')>
keyset = DispatchKeySet()
args = (tensor([[[0., 0., 0.,  ..., 0., 0., 0.],
         [0., 0., 0.,  ..., 0., 0., 0.],
         [0., 0., 0.,  ..., 0., 0.,...   [ 0.9629,  0.4575, -0.5601,  ..., -0.9390, -1.6914,  0.9194]]],
       device='cuda:0', dtype=torch.float16), False)
kwargs = {}

    def redispatch(
        self, /, keyset: torch._C.DispatchKeySet, *args: _P.args, **kwargs: _P.kwargs
    ) -> _T:
>       return self._handle.redispatch_boxed(keyset, *args, **kwargs)  # type: ignore[return-value]
E       torch.AcceleratorError: CUDA error: invalid device function
E       Search for `cudaErrorInvalidDeviceFunction' in https://docs.nvidia.com/cuda/cuda-runtime-api/group__CUDART__TYPES.html for more information.
E       CUDA kernel errors might be asynchronously reported at some other API call, so the stacktrace below might be incorrect.
E       For debugging consider passing CUDA_LAUNCH_BLOCKING=1
E       Compile with `TORCH_USE_CUDA_DSA` to enable device-side assertions.

/root/miniconda/envs/python310_torch29_cuda/lib/python3.10/site-packages/torch/_ops.py:848: AcceleratorError
_______________________ test_std[dtype0-True-1-1-shape2] _______________________

shape = (200, 40999, 3), dim = 1, correction = 1, keepdim = True
dtype = torch.float16

    @pytest.mark.std
    @pytest.mark.parametrize("shape", utils.REDUCTION_SHAPES)
    @pytest.mark.parametrize("dim", DIMS_LIST + [None])
    @pytest.mark.parametrize("correction", CORRECTION)
    @pytest.mark.parametrize("keepdim", KEEP_DIM)
    @pytest.mark.parametrize("dtype", FLOAT_DTYPES)
    @pytest.mark.skipif(
        flag_gems.vendor_name == "tsingmicro", reason="Issue #4131: not working"
    )
    def test_std(shape, dim, correction, keepdim, dtype):
        inp = torch.randn(shape, dtype=dtype, device=flag_gems.device)
    
        dims_to_check = []
        if isinstance(dim, int):
            dims_to_check = [dim]
        elif isinstance(dim, (list, tuple)):
            dims_to_check = dim
    
        if any(d >= len(shape) or d < -len(shape) for d in dims_to_check):
            # skip the test if dimension is out of range for the given shape.
            return
    
        if correction == 1:
            if dim is not None:
                positive_dims = [d % len(shape) for d in dims_to_check]
                reduction_size = 1
                for d in positive_dims:
                    reduction_size *= shape[d]
                if reduction_size < 2:
                    # Invalid case: correction=1 requires reduction size of at least 2
                    return
            elif inp.numel() < 2:
                # Invalid case: correction=1 requires numel >= 2 for global reduction.
                return
    
        ref_inp = utils.to_reference(inp)
    
        with flag_gems.use_gems():
>           res_out = torch.std(inp, dim=dim, correction=correction, keepdim=keepdim)

test_std.py:79: 
_ _ _ _ _ _ _ _ _ _ _ _ _ _ _ _ _ _ _ _ _ _ _ _ _ _ _ _ _ _ _ _ _ _ _ _ _ _ _ _ 
../src/flag_gems/runtime/backend/_kunlunxin/ops/std.py:171: in std
    x_view = dim_compress(x, dim_list_normalized)
../src/flag_gems/utils/shape_utils.py:223: in dim_compress
    return inp.permute(order).contiguous()
../src/flag_gems/runtime/backend/_kunlunxin/ops/copy.py:120: in copy_
    return torch.ops.aten.copy_.default.redispatch(
_ _ _ _ _ _ _ _ _ _ _ _ _ _ _ _ _ _ _ _ _ _ _ _ _ _ _ _ _ _ _ _ _ _ _ _ _ _ _ _ 

self = <OpOverload(op='aten.copy_', overload='default')>
keyset = DispatchKeySet()
args = (tensor([[[0., 0., 0.,  ..., 0., 0., 0.],
         [0., 0., 0.,  ..., 0., 0., 0.],
         [0., 0., 0.,  ..., 0., 0.,...   [ 0.1565,  0.5645, -1.2773,  ...,  0.0258, -0.3975, -0.7954]]],
       device='cuda:0', dtype=torch.float16), False)
kwargs = {}

    def redispatch(
        self, /, keyset: torch._C.DispatchKeySet, *args: _P.args, **kwargs: _P.kwargs
    ) -> _T:
>       return self._handle.redispatch_boxed(keyset, *args, **kwargs)  # type: ignore[return-value]
E       torch.AcceleratorError: CUDA error: invalid device function
E       Search for `cudaErrorInvalidDeviceFunction' in https://docs.nvidia.com/cuda/cuda-runtime-api/group__CUDART__TYPES.html for more information.
E       CUDA kernel errors might be asynchronously reported at some other API call, so the stacktrace below might be incorrect.
E       For debugging consider passing CUDA_LAUNCH_BLOCKING=1
E       Compile with `TORCH_USE_CUDA_DSA` to enable device-side assertions.

/root/miniconda/envs/python310_torch29_cuda/lib/python3.10/site-packages/torch/_ops.py:848: AcceleratorError
_____________________ test_std[dtype0-True-1-dim2-shape2] ______________________

shape = (200, 40999, 3), dim = [0, 1], correction = 1, keepdim = True
dtype = torch.float16

    @pytest.mark.std
    @pytest.mark.parametrize("shape", utils.REDUCTION_SHAPES)
    @pytest.mark.parametrize("dim", DIMS_LIST + [None])
    @pytest.mark.parametrize("correction", CORRECTION)
    @pytest.mark.parametrize("keepdim", KEEP_DIM)
    @pytest.mark.parametrize("dtype", FLOAT_DTYPES)
    @pytest.mark.skipif(
        flag_gems.vendor_name == "tsingmicro", reason="Issue #4131: not working"
    )
    def test_std(shape, dim, correction, keepdim, dtype):
        inp = torch.randn(shape, dtype=dtype, device=flag_gems.device)
    
        dims_to_check = []
        if isinstance(dim, int):
            dims_to_check = [dim]
        elif isinstance(dim, (list, tuple)):
            dims_to_check = dim
    
        if any(d >= len(shape) or d < -len(shape) for d in dims_to_check):
            # skip the test if dimension is out of range for the given shape.
            return
    
        if correction == 1:
            if dim is not None:
                positive_dims = [d % len(shape) for d in dims_to_check]
                reduction_size = 1
                for d in positive_dims:
                    reduction_size *= shape[d]
                if reduction_size < 2:
                    # Invalid case: correction=1 requires reduction size of at least 2
                    return
            elif inp.numel() < 2:
                # Invalid case: correction=1 requires numel >= 2 for global reduction.
                return
    
        ref_inp = utils.to_reference(inp)
    
        with flag_gems.use_gems():
>           res_out = torch.std(inp, dim=dim, correction=correction, keepdim=keepdim)

test_std.py:79: 
_ _ _ _ _ _ _ _ _ _ _ _ _ _ _ _ _ _ _ _ _ _ _ _ _ _ _ _ _ _ _ _ _ _ _ _ _ _ _ _ 
../src/flag_gems/runtime/backend/_kunlunxin/ops/std.py:171: in std
    x_view = dim_compress(x, dim_list_normalized)
../src/flag_gems/utils/shape_utils.py:223: in dim_compress
    return inp.permute(order).contiguous()
../src/flag_gems/runtime/backend/_kunlunxin/ops/copy.py:120: in copy_
    return torch.ops.aten.copy_.default.redispatch(
_ _ _ _ _ _ _ _ _ _ _ _ _ _ _ _ _ _ _ _ _ _ _ _ _ _ _ _ _ _ _ _ _ _ _ _ _ _ _ _ 

self = <OpOverload(op='aten.copy_', overload='default')>
keyset = DispatchKeySet()
args = (tensor([[[0., 0., 0.,  ..., 0., 0., 0.],
         [0., 0., 0.,  ..., 0., 0., 0.],
         [0., 0., 0.,  ..., 0., 0.,...0,  3.5547e-01,  ..., -5.3662e-01,
           1.8721e+00, -4.1772e-01]]], device='cuda:0', dtype=torch.float16), False)
kwargs = {}

    def redispatch(
        self, /, keyset: torch._C.DispatchKeySet, *args: _P.args, **kwargs: _P.kwargs
    ) -> _T:
>       return self._handle.redispatch_boxed(keyset, *args, **kwargs)  # type: ignore[return-value]
E       torch.AcceleratorError: CUDA error: invalid device function
E       Search for `cudaErrorInvalidDeviceFunction' in https://docs.nvidia.com/cuda/cuda-runtime-api/group__CUDART__TYPES.html for more information.
E       CUDA kernel errors might be asynchronously reported at some other API call, so the stacktrace below might be incorrect.
E       For debugging consider passing CUDA_LAUNCH_BLOCKING=1
E       Compile with `TORCH_USE_CUDA_DSA` to enable device-side assertions.

/root/miniconda/envs/python310_torch29_cuda/lib/python3.10/site-packages/torch/_ops.py:848: AcceleratorError
_____________________ test_std[dtype0-True-1-dim3-shape2] ______________________

shape = (200, 40999, 3), dim = [1, 0], correction = 1, keepdim = True
dtype = torch.float16

    @pytest.mark.std
    @pytest.mark.parametrize("shape", utils.REDUCTION_SHAPES)
    @pytest.mark.parametrize("dim", DIMS_LIST + [None])
    @pytest.mark.parametrize("correction", CORRECTION)
    @pytest.mark.parametrize("keepdim", KEEP_DIM)
    @pytest.mark.parametrize("dtype", FLOAT_DTYPES)
    @pytest.mark.skipif(
        flag_gems.vendor_name == "tsingmicro", reason="Issue #4131: not working"
    )
    def test_std(shape, dim, correction, keepdim, dtype):
        inp = torch.randn(shape, dtype=dtype, device=flag_gems.device)
    
        dims_to_check = []
        if isinstance(dim, int):
            dims_to_check = [dim]
        elif isinstance(dim, (list, tuple)):
            dims_to_check = dim
    
        if any(d >= len(shape) or d < -len(shape) for d in dims_to_check):
            # skip the test if dimension is out of range for the given shape.
            return
    
        if correction == 1:
            if dim is not None:
                positive_dims = [d % len(shape) for d in dims_to_check]
                reduction_size = 1
                for d in positive_dims:
                    reduction_size *= shape[d]
                if reduction_size < 2:
                    # Invalid case: correction=1 requires reduction size of at least 2
                    return
            elif inp.numel() < 2:
                # Invalid case: correction=1 requires numel >= 2 for global reduction.
                return
    
        ref_inp = utils.to_reference(inp)
    
        with flag_gems.use_gems():
>           res_out = torch.std(inp, dim=dim, correction=correction, keepdim=keepdim)

test_std.py:79: 
_ _ _ _ _ _ _ _ _ _ _ _ _ _ _ _ _ _ _ _ _ _ _ _ _ _ _ _ _ _ _ _ _ _ _ _ _ _ _ _ 
../src/flag_gems/runtime/backend/_kunlunxin/ops/std.py:171: in std
    x_view = dim_compress(x, dim_list_normalized)
../src/flag_gems/utils/shape_utils.py:223: in dim_compress
    return inp.permute(order).contiguous()
../src/flag_gems/runtime/backend/_kunlunxin/ops/copy.py:120: in copy_
    return torch.ops.aten.copy_.default.redispatch(
_ _ _ _ _ _ _ _ _ _ _ _ _ _ _ _ _ _ _ _ _ _ _ _ _ _ _ _ _ _ _ _ _ _ _ _ _ _ _ _ 

self = <OpOverload(op='aten.copy_', overload='default')>
keyset = DispatchKeySet()
args = (tensor([[[0., 0., 0.,  ..., 0., 0., 0.],
         [0., 0., 0.,  ..., 0., 0., 0.],
         [0., 0., 0.,  ..., 0., 0.,...   [-0.4336, -0.2539,  0.4377,  ..., -0.8364, -0.9370,  0.3616]]],
       device='cuda:0', dtype=torch.float16), False)
kwargs = {}

    def redispatch(
        self, /, keyset: torch._C.DispatchKeySet, *args: _P.args, **kwargs: _P.kwargs
    ) -> _T:
>       return self._handle.redispatch_boxed(keyset, *args, **kwargs)  # type: ignore[return-value]
E       torch.AcceleratorError: CUDA error: invalid device function
E       Search for `cudaErrorInvalidDeviceFunction' in https://docs.nvidia.com/cuda/cuda-runtime-api/group__CUDART__TYPES.html for more information.
E       CUDA kernel errors might be asynchronously reported at some other API call, so the stacktrace below might be incorrect.
E       For debugging consider passing CUDA_LAUNCH_BLOCKING=1
E       Compile with `TORCH_USE_CUDA_DSA` to enable device-side assertions.

/root/miniconda/envs/python310_torch29_cuda/lib/python3.10/site-packages/torch/_ops.py:848: AcceleratorError
______________________ test_std[dtype0-False-0-0-shape1] _______________________

shape = (4096, 256), dim = 0, correction = 0, keepdim = False
dtype = torch.float16

    @pytest.mark.std
    @pytest.mark.parametrize("shape", utils.REDUCTION_SHAPES)
    @pytest.mark.parametrize("dim", DIMS_LIST + [None])
    @pytest.mark.parametrize("correction", CORRECTION)
    @pytest.mark.parametrize("keepdim", KEEP_DIM)
    @pytest.mark.parametrize("dtype", FLOAT_DTYPES)
    @pytest.mark.skipif(
        flag_gems.vendor_name == "tsingmicro", reason="Issue #4131: not working"
    )
    def test_std(shape, dim, correction, keepdim, dtype):
        inp = torch.randn(shape, dtype=dtype, device=flag_gems.device)
    
        dims_to_check = []
        if isinstance(dim, int):
            dims_to_check = [dim]
        elif isinstance(dim, (list, tuple)):
            dims_to_check = dim
    
        if any(d >= len(shape) or d < -len(shape) for d in dims_to_check):
            # skip the test if dimension is out of range for the given shape.
            return
    
        if correction == 1:
            if dim is not None:
                positive_dims = [d % len(shape) for d in dims_to_check]
                reduction_size = 1
                for d in positive_dims:
                    reduction_size *= shape[d]
                if reduction_size < 2:
                    # Invalid case: correction=1 requires reduction size of at least 2
                    return
            elif inp.numel() < 2:
                # Invalid case: correction=1 requires numel >= 2 for global reduction.
                return
    
        ref_inp = utils.to_reference(inp)
    
        with flag_gems.use_gems():
>           res_out = torch.std(inp, dim=dim, correction=correction, keepdim=keepdim)

test_std.py:79: 
_ _ _ _ _ _ _ _ _ _ _ _ _ _ _ _ _ _ _ _ _ _ _ _ _ _ _ _ _ _ _ _ _ _ _ _ _ _ _ _ 
../src/flag_gems/runtime/backend/_kunlunxin/ops/std.py:171: in std
    x_view = dim_compress(x, dim_list_normalized)
../src/flag_gems/utils/shape_utils.py:223: in dim_compress
    return inp.permute(order).contiguous()
../src/flag_gems/runtime/backend/_kunlunxin/ops/copy.py:120: in copy_
    return torch.ops.aten.copy_.default.redispatch(
_ _ _ _ _ _ _ _ _ _ _ _ _ _ _ _ _ _ _ _ _ _ _ _ _ _ _ _ _ _ _ _ _ _ _ _ _ _ _ _ 

self = <OpOverload(op='aten.copy_', overload='default')>
keyset = DispatchKeySet()
args = (tensor([[-1.9326,  1.7246, -2.0117,  ..., -1.6328, -1.6846, -1.7959],
        [ 1.5098,  1.8232, -2.1289,  ..., -1.70...    [-0.1207, -0.5288, -1.9209,  ...,  0.6533,  1.3838,  1.0117]],
       device='cuda:0', dtype=torch.float16), False)
kwargs = {}

    def redispatch(
        self, /, keyset: torch._C.DispatchKeySet, *args: _P.args, **kwargs: _P.kwargs
    ) -> _T:
>       return self._handle.redispatch_boxed(keyset, *args, **kwargs)  # type: ignore[return-value]
E       torch.AcceleratorError: CUDA error: invalid device function
E       Search for `cudaErrorInvalidDeviceFunction' in https://docs.nvidia.com/cuda/cuda-runtime-api/group__CUDART__TYPES.html for more information.
E       CUDA kernel errors might be asynchronously reported at some other API call, so the stacktrace below might be incorrect.
E       For debugging consider passing CUDA_LAUNCH_BLOCKING=1
E       Compile with `TORCH_USE_CUDA_DSA` to enable device-side assertions.

/root/miniconda/envs/python310_torch29_cuda/lib/python3.10/site-packages/torch/_ops.py:848: AcceleratorError
______________________ test_std[dtype0-False-0-0-shape2] _______________________

shape = (200, 40999, 3), dim = 0, correction = 0, keepdim = False
dtype = torch.float16

    @pytest.mark.std
    @pytest.mark.parametrize("shape", utils.REDUCTION_SHAPES)
    @pytest.mark.parametrize("dim", DIMS_LIST + [None])
    @pytest.mark.parametrize("correction", CORRECTION)
    @pytest.mark.parametrize("keepdim", KEEP_DIM)
    @pytest.mark.parametrize("dtype", FLOAT_DTYPES)
    @pytest.mark.skipif(
        flag_gems.vendor_name == "tsingmicro", reason="Issue #4131: not working"
    )
    def test_std(shape, dim, correction, keepdim, dtype):
        inp = torch.randn(shape, dtype=dtype, device=flag_gems.device)
    
        dims_to_check = []
        if isinstance(dim, int):
            dims_to_check = [dim]
        elif isinstance(dim, (list, tuple)):
            dims_to_check = dim
    
        if any(d >= len(shape) or d < -len(shape) for d in dims_to_check):
            # skip the test if dimension is out of range for the given shape.
            return
    
        if correction == 1:
            if dim is not None:
                positive_dims = [d % len(shape) for d in dims_to_check]
                reduction_size = 1
                for d in positive_dims:
                    reduction_size *= shape[d]
                if reduction_size < 2:
                    # Invalid case: correction=1 requires reduction size of at least 2
                    return
            elif inp.numel() < 2:
                # Invalid case: correction=1 requires numel >= 2 for global reduction.
                return
    
        ref_inp = utils.to_reference(inp)
    
        with flag_gems.use_gems():
>           res_out = torch.std(inp, dim=dim, correction=correction, keepdim=keepdim)

test_std.py:79: 
_ _ _ _ _ _ _ _ _ _ _ _ _ _ _ _ _ _ _ _ _ _ _ _ _ _ _ _ _ _ _ _ _ _ _ _ _ _ _ _ 
../src/flag_gems/runtime/backend/_kunlunxin/ops/std.py:171: in std
    x_view = dim_compress(x, dim_list_normalized)
../src/flag_gems/utils/shape_utils.py:223: in dim_compress
    return inp.permute(order).contiguous()
../src/flag_gems/runtime/backend/_kunlunxin/ops/copy.py:120: in copy_
    return torch.ops.aten.copy_.default.redispatch(
_ _ _ _ _ _ _ _ _ _ _ _ _ _ _ _ _ _ _ _ _ _ _ _ _ _ _ _ _ _ _ _ _ _ _ _ _ _ _ _ 

self = <OpOverload(op='aten.copy_', overload='default')>
keyset = DispatchKeySet()
args = (tensor([[[-3.8623e-01,  1.9443e+00,  0.0000e+00,  ...,         nan,
          -2.9180e+03,  1.6992e+00],
         [ 7...   [ 0.3982,  0.6738,  0.8066,  ...,  1.8066,  0.4858, -1.5928]]],
       device='cuda:0', dtype=torch.float16), False)
kwargs = {}

    def redispatch(
        self, /, keyset: torch._C.DispatchKeySet, *args: _P.args, **kwargs: _P.kwargs
    ) -> _T:
>       return self._handle.redispatch_boxed(keyset, *args, **kwargs)  # type: ignore[return-value]
E       torch.AcceleratorError: CUDA error: invalid device function
E       Search for `cudaErrorInvalidDeviceFunction' in https://docs.nvidia.com/cuda/cuda-runtime-api/group__CUDART__TYPES.html for more information.
E       CUDA kernel errors might be asynchronously reported at some other API call, so the stacktrace below might be incorrect.
E       For debugging consider passing CUDA_LAUNCH_BLOCKING=1
E       Compile with `TORCH_USE_CUDA_DSA` to enable device-side assertions.

/root/miniconda/envs/python310_torch29_cuda/lib/python3.10/site-packages/torch/_ops.py:848: AcceleratorError
______________________ test_std[dtype0-False-0-1-shape2] _______________________

shape = (200, 40999, 3), dim = 1, correction = 0, keepdim = False
dtype = torch.float16

    @pytest.mark.std
    @pytest.mark.parametrize("shape", utils.REDUCTION_SHAPES)
    @pytest.mark.parametrize("dim", DIMS_LIST + [None])
    @pytest.mark.parametrize("correction", CORRECTION)
    @pytest.mark.parametrize("keepdim", KEEP_DIM)
    @pytest.mark.parametrize("dtype", FLOAT_DTYPES)
    @pytest.mark.skipif(
        flag_gems.vendor_name == "tsingmicro", reason="Issue #4131: not working"
    )
    def test_std(shape, dim, correction, keepdim, dtype):
        inp = torch.randn(shape, dtype=dtype, device=flag_gems.device)
    
        dims_to_check = []
        if isinstance(dim, int):
            dims_to_check = [dim]
        elif isinstance(dim, (list, tuple)):
            dims_to_check = dim
    
        if any(d >= len(shape) or d < -len(shape) for d in dims_to_check):
            # skip the test if dimension is out of range for the given shape.
            return
    
        if correction == 1:
            if dim is not None:
                positive_dims = [d % len(shape) for d in dims_to_check]
                reduction_size = 1
                for d in positive_dims:
                    reduction_size *= shape[d]
                if reduction_size < 2:
                    # Invalid case: correction=1 requires reduction size of at least 2
                    return
            elif inp.numel() < 2:
                # Invalid case: correction=1 requires numel >= 2 for global reduction.
                return
    
        ref_inp = utils.to_reference(inp)
    
        with flag_gems.use_gems():
>           res_out = torch.std(inp, dim=dim, correction=correction, keepdim=keepdim)

test_std.py:79: 
_ _ _ _ _ _ _ _ _ _ _ _ _ _ _ _ _ _ _ _ _ _ _ _ _ _ _ _ _ _ _ _ _ _ _ _ _ _ _ _ 
../src/flag_gems/runtime/backend/_kunlunxin/ops/std.py:171: in std
    x_view = dim_compress(x, dim_list_normalized)
../src/flag_gems/utils/shape_utils.py:223: in dim_compress
    return inp.permute(order).contiguous()
../src/flag_gems/runtime/backend/_kunlunxin/ops/copy.py:120: in copy_
    return torch.ops.aten.copy_.default.redispatch(
_ _ _ _ _ _ _ _ _ _ _ _ _ _ _ _ _ _ _ _ _ _ _ _ _ _ _ _ _ _ _ _ _ _ _ _ _ _ _ _ 

self = <OpOverload(op='aten.copy_', overload='default')>
keyset = DispatchKeySet()
args = (tensor([[[ 1.7480, -1.7871,  1.6943,  ..., -1.5967,  1.5684, -1.7793],
         [-1.9053,  1.8096,  1.8770,  ..., -2....   [ 0.9209,  1.9482, -0.0729,  ...,  0.2351,  2.2656, -1.8906]]],
       device='cuda:0', dtype=torch.float16), False)
kwargs = {}

    def redispatch(
        self, /, keyset: torch._C.DispatchKeySet, *args: _P.args, **kwargs: _P.kwargs
    ) -> _T:
>       return self._handle.redispatch_boxed(keyset, *args, **kwargs)  # type: ignore[return-value]
E       torch.AcceleratorError: CUDA error: invalid device function
E       Search for `cudaErrorInvalidDeviceFunction' in https://docs.nvidia.com/cuda/cuda-runtime-api/group__CUDART__TYPES.html for more information.
E       CUDA kernel errors might be asynchronously reported at some other API call, so the stacktrace below might be incorrect.
E       For debugging consider passing CUDA_LAUNCH_BLOCKING=1
E       Compile with `TORCH_USE_CUDA_DSA` to enable device-side assertions.

/root/miniconda/envs/python310_torch29_cuda/lib/python3.10/site-packages/torch/_ops.py:848: AcceleratorError
_____________________ test_std[dtype0-False-0-dim2-shape2] _____________________

shape = (200, 40999, 3), dim = [0, 1], correction = 0, keepdim = False
dtype = torch.float16

    @pytest.mark.std
    @pytest.mark.parametrize("shape", utils.REDUCTION_SHAPES)
    @pytest.mark.parametrize("dim", DIMS_LIST + [None])
    @pytest.mark.parametrize("correction", CORRECTION)
    @pytest.mark.parametrize("keepdim", KEEP_DIM)
    @pytest.mark.parametrize("dtype", FLOAT_DTYPES)
    @pytest.mark.skipif(
        flag_gems.vendor_name == "tsingmicro", reason="Issue #4131: not working"
    )
    def test_std(shape, dim, correction, keepdim, dtype):
        inp = torch.randn(shape, dtype=dtype, device=flag_gems.device)
    
        dims_to_check = []
        if isinstance(dim, int):
            dims_to_check = [dim]
        elif isinstance(dim, (list, tuple)):
            dims_to_check = dim
    
        if any(d >= len(shape) or d < -len(shape) for d in dims_to_check):
            # skip the test if dimension is out of range for the given shape.
            return
    
        if correction == 1:
            if dim is not None:
                positive_dims = [d % len(shape) for d in dims_to_check]
                reduction_size = 1
                for d in positive_dims:
                    reduction_size *= shape[d]
                if reduction_size < 2:
                    # Invalid case: correction=1 requires reduction size of at least 2
                    return
            elif inp.numel() < 2:
                # Invalid case: correction=1 requires numel >= 2 for global reduction.
                return
    
        ref_inp = utils.to_reference(inp)
    
        with flag_gems.use_gems():
>           res_out = torch.std(inp, dim=dim, correction=correction, keepdim=keepdim)

test_std.py:79: 
_ _ _ _ _ _ _ _ _ _ _ _ _ _ _ _ _ _ _ _ _ _ _ _ _ _ _ _ _ _ _ _ _ _ _ _ _ _ _ _ 
../src/flag_gems/runtime/backend/_kunlunxin/ops/std.py:171: in std
    x_view = dim_compress(x, dim_list_normalized)
../src/flag_gems/utils/shape_utils.py:223: in dim_compress
    return inp.permute(order).contiguous()
../src/flag_gems/runtime/backend/_kunlunxin/ops/copy.py:120: in copy_
    return torch.ops.aten.copy_.default.redispatch(
_ _ _ _ _ _ _ _ _ _ _ _ _ _ _ _ _ _ _ _ _ _ _ _ _ _ _ _ _ _ _ _ _ _ _ _ _ _ _ _ 

self = <OpOverload(op='aten.copy_', overload='default')>
keyset = DispatchKeySet()
args = (tensor([[[0., 0., 0.,  ..., 0., 0., 0.],
         [0., 0., 0.,  ..., 0., 0., 0.],
         [0., 0., 0.,  ..., 0., 0.,...   [ 0.2106, -0.0815,  0.1097,  ...,  2.5254, -0.3550,  0.7866]]],
       device='cuda:0', dtype=torch.float16), False)
kwargs = {}

    def redispatch(
        self, /, keyset: torch._C.DispatchKeySet, *args: _P.args, **kwargs: _P.kwargs
    ) -> _T:
>       return self._handle.redispatch_boxed(keyset, *args, **kwargs)  # type: ignore[return-value]
E       torch.AcceleratorError: CUDA error: invalid device function
E       Search for `cudaErrorInvalidDeviceFunction' in https://docs.nvidia.com/cuda/cuda-runtime-api/group__CUDART__TYPES.html for more information.
E       CUDA kernel errors might be asynchronously reported at some other API call, so the stacktrace below might be incorrect.
E       For debugging consider passing CUDA_LAUNCH_BLOCKING=1
E       Compile with `TORCH_USE_CUDA_DSA` to enable device-side assertions.

/root/miniconda/envs/python310_torch29_cuda/lib/python3.10/site-packages/torch/_ops.py:848: AcceleratorError
_____________________ test_std[dtype0-False-0-dim3-shape2] _____________________

shape = (200, 40999, 3), dim = [1, 0], correction = 0, keepdim = False
dtype = torch.float16

    @pytest.mark.std
    @pytest.mark.parametrize("shape", utils.REDUCTION_SHAPES)
    @pytest.mark.parametrize("dim", DIMS_LIST + [None])
    @pytest.mark.parametrize("correction", CORRECTION)
    @pytest.mark.parametrize("keepdim", KEEP_DIM)
    @pytest.mark.parametrize("dtype", FLOAT_DTYPES)
    @pytest.mark.skipif(
        flag_gems.vendor_name == "tsingmicro", reason="Issue #4131: not working"
    )
    def test_std(shape, dim, correction, keepdim, dtype):
        inp = torch.randn(shape, dtype=dtype, device=flag_gems.device)
    
        dims_to_check = []
        if isinstance(dim, int):
            dims_to_check = [dim]
        elif isinstance(dim, (list, tuple)):
            dims_to_check = dim
    
        if any(d >= len(shape) or d < -len(shape) for d in dims_to_check):
            # skip the test if dimension is out of range for the given shape.
            return
    
        if correction == 1:
            if dim is not None:
                positive_dims = [d % len(shape) for d in dims_to_check]
                reduction_size = 1
                for d in positive_dims:
                    reduction_size *= shape[d]
                if reduction_size < 2:
                    # Invalid case: correction=1 requires reduction size of at least 2
                    return
            elif inp.numel() < 2:
                # Invalid case: correction=1 requires numel >= 2 for global reduction.
                return
    
        ref_inp = utils.to_reference(inp)
    
        with flag_gems.use_gems():
>           res_out = torch.std(inp, dim=dim, correction=correction, keepdim=keepdim)

test_std.py:79: 
_ _ _ _ _ _ _ _ _ _ _ _ _ _ _ _ _ _ _ _ _ _ _ _ _ _ _ _ _ _ _ _ _ _ _ _ _ _ _ _ 
../src/flag_gems/runtime/backend/_kunlunxin/ops/std.py:171: in std
    x_view = dim_compress(x, dim_list_normalized)
../src/flag_gems/utils/shape_utils.py:223: in dim_compress
    return inp.permute(order).contiguous()
../src/flag_gems/runtime/backend/_kunlunxin/ops/copy.py:120: in copy_
    return torch.ops.aten.copy_.default.redispatch(
_ _ _ _ _ _ _ _ _ _ _ _ _ _ _ _ _ _ _ _ _ _ _ _ _ _ _ _ _ _ _ _ _ _ _ _ _ _ _ _ 

self = <OpOverload(op='aten.copy_', overload='default')>
keyset = DispatchKeySet()
args = (tensor([[[0., 0., 0.,  ..., 0., 0., 0.],
         [0., 0., 0.,  ..., 0., 0., 0.],
         [0., 0., 0.,  ..., 0., 0.,...1, -8.5449e-01,  ..., -4.4482e-01,
          -1.2227e+00,  6.2354e-01]]], device='cuda:0', dtype=torch.float16), False)
kwargs = {}

    def redispatch(
        self, /, keyset: torch._C.DispatchKeySet, *args: _P.args, **kwargs: _P.kwargs
    ) -> _T:
>       return self._handle.redispatch_boxed(keyset, *args, **kwargs)  # type: ignore[return-value]
E       torch.AcceleratorError: CUDA error: invalid device function
E       Search for `cudaErrorInvalidDeviceFunction' in https://docs.nvidia.com/cuda/cuda-runtime-api/group__CUDART__TYPES.html for more information.
E       CUDA kernel errors might be asynchronously reported at some other API call, so the stacktrace below might be incorrect.
E       For debugging consider passing CUDA_LAUNCH_BLOCKING=1
E       Compile with `TORCH_USE_CUDA_DSA` to enable device-side assertions.

/root/miniconda/envs/python310_torch29_cuda/lib/python3.10/site-packages/torch/_ops.py:848: AcceleratorError
______________________ test_std[dtype0-False-1-0-shape1] _______________________

shape = (4096, 256), dim = 0, correction = 1, keepdim = False
dtype = torch.float16

    @pytest.mark.std
    @pytest.mark.parametrize("shape", utils.REDUCTION_SHAPES)
    @pytest.mark.parametrize("dim", DIMS_LIST + [None])
    @pytest.mark.parametrize("correction", CORRECTION)
    @pytest.mark.parametrize("keepdim", KEEP_DIM)
    @pytest.mark.parametrize("dtype", FLOAT_DTYPES)
    @pytest.mark.skipif(
        flag_gems.vendor_name == "tsingmicro", reason="Issue #4131: not working"
    )
    def test_std(shape, dim, correction, keepdim, dtype):
        inp = torch.randn(shape, dtype=dtype, device=flag_gems.device)
    
        dims_to_check = []
        if isinstance(dim, int):
            dims_to_check = [dim]
        elif isinstance(dim, (list, tuple)):
            dims_to_check = dim
    
        if any(d >= len(shape) or d < -len(shape) for d in dims_to_check):
            # skip the test if dimension is out of range for the given shape.
            return
    
        if correction == 1:
            if dim is not None:
                positive_dims = [d % len(shape) for d in dims_to_check]
                reduction_size = 1
                for d in positive_dims:
                    reduction_size *= shape[d]
                if reduction_size < 2:
                    # Invalid case: correction=1 requires reduction size of at least 2
                    return
            elif inp.numel() < 2:
                # Invalid case: correction=1 requires numel >= 2 for global reduction.
                return
    
        ref_inp = utils.to_reference(inp)
    
        with flag_gems.use_gems():
>           res_out = torch.std(inp, dim=dim, correction=correction, keepdim=keepdim)

test_std.py:79: 
_ _ _ _ _ _ _ _ _ _ _ _ _ _ _ _ _ _ _ _ _ _ _ _ _ _ _ _ _ _ _ _ _ _ _ _ _ _ _ _ 
../src/flag_gems/runtime/backend/_kunlunxin/ops/std.py:171: in std
    x_view = dim_compress(x, dim_list_normalized)
../src/flag_gems/utils/shape_utils.py:223: in dim_compress
    return inp.permute(order).contiguous()
../src/flag_gems/runtime/backend/_kunlunxin/ops/copy.py:120: in copy_
    return torch.ops.aten.copy_.default.redispatch(
_ _ _ _ _ _ _ _ _ _ _ _ _ _ _ _ _ _ _ _ _ _ _ _ _ _ _ _ _ _ _ _ _ _ _ _ _ _ _ _ 

self = <OpOverload(op='aten.copy_', overload='default')>
keyset = DispatchKeySet()
args = (tensor([[-3.4250e+02,  1.8652e+00,  7.6600e+02,  ...,  1.9404e+00,
          8.2135e-05, -1.7236e+00],
        [ 6.51...    [-1.2793, -0.5703, -0.2178,  ...,  0.3933, -1.7451,  0.2288]],
       device='cuda:0', dtype=torch.float16), False)
kwargs = {}

    def redispatch(
        self, /, keyset: torch._C.DispatchKeySet, *args: _P.args, **kwargs: _P.kwargs
    ) -> _T:
>       return self._handle.redispatch_boxed(keyset, *args, **kwargs)  # type: ignore[return-value]
E       torch.AcceleratorError: CUDA error: invalid device function
E       Search for `cudaErrorInvalidDeviceFunction' in https://docs.nvidia.com/cuda/cuda-runtime-api/group__CUDART__TYPES.html for more information.
E       CUDA kernel errors might be asynchronously reported at some other API call, so the stacktrace below might be incorrect.
E       For debugging consider passing CUDA_LAUNCH_BLOCKING=1
E       Compile with `TORCH_USE_CUDA_DSA` to enable device-side assertions.

/root/miniconda/envs/python310_torch29_cuda/lib/python3.10/site-packages/torch/_ops.py:848: AcceleratorError
______________________ test_std[dtype0-False-1-0-shape2] _______________________

shape = (200, 40999, 3), dim = 0, correction = 1, keepdim = False
dtype = torch.float16

    @pytest.mark.std
    @pytest.mark.parametrize("shape", utils.REDUCTION_SHAPES)
    @pytest.mark.parametrize("dim", DIMS_LIST + [None])
    @pytest.mark.parametrize("correction", CORRECTION)
    @pytest.mark.parametrize("keepdim", KEEP_DIM)
    @pytest.mark.parametrize("dtype", FLOAT_DTYPES)
    @pytest.mark.skipif(
        flag_gems.vendor_name == "tsingmicro", reason="Issue #4131: not working"
    )
    def test_std(shape, dim, correction, keepdim, dtype):
        inp = torch.randn(shape, dtype=dtype, device=flag_gems.device)
    
        dims_to_check = []
        if isinstance(dim, int):
            dims_to_check = [dim]
        elif isinstance(dim, (list, tuple)):
            dims_to_check = dim
    
        if any(d >= len(shape) or d < -len(shape) for d in dims_to_check):
            # skip the test if dimension is out of range for the given shape.
            return
    
        if correction == 1:
            if dim is not None:
                positive_dims = [d % len(shape) for d in dims_to_check]
                reduction_size = 1
                for d in positive_dims:
                    reduction_size *= shape[d]
                if reduction_size < 2:
                    # Invalid case: correction=1 requires reduction size of at least 2
                    return
            elif inp.numel() < 2:
                # Invalid case: correction=1 requires numel >= 2 for global reduction.
                return
    
        ref_inp = utils.to_reference(inp)
    
        with flag_gems.use_gems():
>           res_out = torch.std(inp, dim=dim, correction=correction, keepdim=keepdim)

test_std.py:79: 
_ _ _ _ _ _ _ _ _ _ _ _ _ _ _ _ _ _ _ _ _ _ _ _ _ _ _ _ _ _ _ _ _ _ _ _ _ _ _ _ 
../src/flag_gems/runtime/backend/_kunlunxin/ops/std.py:171: in std
    x_view = dim_compress(x, dim_list_normalized)
../src/flag_gems/utils/shape_utils.py:223: in dim_compress
    return inp.permute(order).contiguous()
../src/flag_gems/runtime/backend/_kunlunxin/ops/copy.py:120: in copy_
    return torch.ops.aten.copy_.default.redispatch(
_ _ _ _ _ _ _ _ _ _ _ _ _ _ _ _ _ _ _ _ _ _ _ _ _ _ _ _ _ _ _ _ _ _ _ _ _ _ _ _ 

self = <OpOverload(op='aten.copy_', overload='default')>
keyset = DispatchKeySet()
args = (tensor([[[0., 0., 0.,  ..., 0., 0., 0.],
         [0., 0., 0.,  ..., 0., 0., 0.],
         [0., 0., 0.,  ..., 0., 0.,...   [-0.5825, -1.0615, -1.2715,  ...,  0.3047,  1.5029,  0.2725]]],
       device='cuda:0', dtype=torch.float16), False)
kwargs = {}

    def redispatch(
        self, /, keyset: torch._C.DispatchKeySet, *args: _P.args, **kwargs: _P.kwargs
    ) -> _T:
>       return self._handle.redispatch_boxed(keyset, *args, **kwargs)  # type: ignore[return-value]
E       torch.AcceleratorError: CUDA error: invalid device function
E       Search for `cudaErrorInvalidDeviceFunction' in https://docs.nvidia.com/cuda/cuda-runtime-api/group__CUDART__TYPES.html for more information.
E       CUDA kernel errors might be asynchronously reported at some other API call, so the stacktrace below might be incorrect.
E       For debugging consider passing CUDA_LAUNCH_BLOCKING=1
E       Compile with `TORCH_USE_CUDA_DSA` to enable device-side assertions.

/root/miniconda/envs/python310_torch29_cuda/lib/python3.10/site-packages/torch/_ops.py:848: AcceleratorError
______________________ test_std[dtype0-False-1-1-shape2] _______________________

shape = (200, 40999, 3), dim = 1, correction = 1, keepdim = False
dtype = torch.float16

    @pytest.mark.std
    @pytest.mark.parametrize("shape", utils.REDUCTION_SHAPES)
    @pytest.mark.parametrize("dim", DIMS_LIST + [None])
    @pytest.mark.parametrize("correction", CORRECTION)
    @pytest.mark.parametrize("keepdim", KEEP_DIM)
    @pytest.mark.parametrize("dtype", FLOAT_DTYPES)
    @pytest.mark.skipif(
        flag_gems.vendor_name == "tsingmicro", reason="Issue #4131: not working"
    )
    def test_std(shape, dim, correction, keepdim, dtype):
        inp = torch.randn(shape, dtype=dtype, device=flag_gems.device)
    
        dims_to_check = []
        if isinstance(dim, int):
            dims_to_check = [dim]
        elif isinstance(dim, (list, tuple)):
            dims_to_check = dim
    
        if any(d >= len(shape) or d < -len(shape) for d in dims_to_check):
            # skip the test if dimension is out of range for the given shape.
            return
    
        if correction == 1:
            if dim is not None:
                positive_dims = [d % len(shape) for d in dims_to_check]
                reduction_size = 1
                for d in positive_dims:
                    reduction_size *= shape[d]
                if reduction_size < 2:
                    # Invalid case: correction=1 requires reduction size of at least 2
                    return
            elif inp.numel() < 2:
                # Invalid case: correction=1 requires numel >= 2 for global reduction.
                return
    
        ref_inp = utils.to_reference(inp)
    
        with flag_gems.use_gems():
>           res_out = torch.std(inp, dim=dim, correction=correction, keepdim=keepdim)

test_std.py:79: 
_ _ _ _ _ _ _ _ _ _ _ _ _ _ _ _ _ _ _ _ _ _ _ _ _ _ _ _ _ _ _ _ _ _ _ _ _ _ _ _ 
../src/flag_gems/runtime/backend/_kunlunxin/ops/std.py:171: in std
    x_view = dim_compress(x, dim_list_normalized)
../src/flag_gems/utils/shape_utils.py:223: in dim_compress
    return inp.permute(order).contiguous()
../src/flag_gems/runtime/backend/_kunlunxin/ops/copy.py:120: in copy_
    return torch.ops.aten.copy_.default.redispatch(
_ _ _ _ _ _ _ _ _ _ _ _ _ _ _ _ _ _ _ _ _ _ _ _ _ _ _ _ _ _ _ _ _ _ _ _ _ _ _ _ 

self = <OpOverload(op='aten.copy_', overload='default')>
keyset = DispatchKeySet()
args = (tensor([[[0., 0., 0.,  ..., 0., 0., 0.],
         [0., 0., 0.,  ..., 0., 0., 0.],
         [0., 0., 0.,  ..., 0., 0.,...   [ 0.0514,  0.1920, -0.0779,  ..., -1.1230, -1.1230,  0.1359]]],
       device='cuda:0', dtype=torch.float16), False)
kwargs = {}

    def redispatch(
        self, /, keyset: torch._C.DispatchKeySet, *args: _P.args, **kwargs: _P.kwargs
    ) -> _T:
>       return self._handle.redispatch_boxed(keyset, *args, **kwargs)  # type: ignore[return-value]
E       torch.AcceleratorError: CUDA error: invalid device function
E       Search for `cudaErrorInvalidDeviceFunction' in https://docs.nvidia.com/cuda/cuda-runtime-api/group__CUDART__TYPES.html for more information.
E       CUDA kernel errors might be asynchronously reported at some other API call, so the stacktrace below might be incorrect.
E       For debugging consider passing CUDA_LAUNCH_BLOCKING=1
E       Compile with `TORCH_USE_CUDA_DSA` to enable device-side assertions.

/root/miniconda/envs/python310_torch29_cuda/lib/python3.10/site-packages/torch/_ops.py:848: AcceleratorError
_____________________ test_std[dtype0-False-1-dim2-shape2] _____________________

shape = (200, 40999, 3), dim = [0, 1], correction = 1, keepdim = False
dtype = torch.float16

    @pytest.mark.std
    @pytest.mark.parametrize("shape", utils.REDUCTION_SHAPES)
    @pytest.mark.parametrize("dim", DIMS_LIST + [None])
    @pytest.mark.parametrize("correction", CORRECTION)
    @pytest.mark.parametrize("keepdim", KEEP_DIM)
    @pytest.mark.parametrize("dtype", FLOAT_DTYPES)
    @pytest.mark.skipif(
        flag_gems.vendor_name == "tsingmicro", reason="Issue #4131: not working"
    )
    def test_std(shape, dim, correction, keepdim, dtype):
        inp = torch.randn(shape, dtype=dtype, device=flag_gems.device)
    
        dims_to_check = []
        if isinstance(dim, int):
            dims_to_check = [dim]
        elif isinstance(dim, (list, tuple)):
            dims_to_check = dim
    
        if any(d >= len(shape) or d < -len(shape) for d in dims_to_check):
            # skip the test if dimension is out of range for the given shape.
            return
    
        if correction == 1:
            if dim is not None:
                positive_dims = [d % len(shape) for d in dims_to_check]
                reduction_size = 1
                for d in positive_dims:
                    reduction_size *= shape[d]
                if reduction_size < 2:
                    # Invalid case: correction=1 requires reduction size of at least 2
                    return
            elif inp.numel() < 2:
                # Invalid case: correction=1 requires numel >= 2 for global reduction.
                return
    
        ref_inp = utils.to_reference(inp)
    
        with flag_gems.use_gems():
>           res_out = torch.std(inp, dim=dim, correction=correction, keepdim=keepdim)

test_std.py:79: 
_ _ _ _ _ _ _ _ _ _ _ _ _ _ _ _ _ _ _ _ _ _ _ _ _ _ _ _ _ _ _ _ _ _ _ _ _ _ _ _ 
../src/flag_gems/runtime/backend/_kunlunxin/ops/std.py:171: in std
    x_view = dim_compress(x, dim_list_normalized)
../src/flag_gems/utils/shape_utils.py:223: in dim_compress
    return inp.permute(order).contiguous()
../src/flag_gems/runtime/backend/_kunlunxin/ops/copy.py:120: in copy_
    return torch.ops.aten.copy_.default.redispatch(
_ _ _ _ _ _ _ _ _ _ _ _ _ _ _ _ _ _ _ _ _ _ _ _ _ _ _ _ _ _ _ _ _ _ _ _ _ _ _ _ 

self = <OpOverload(op='aten.copy_', overload='default')>
keyset = DispatchKeySet()
args = (tensor([[[0., 0., 0.,  ..., 0., 0., 0.],
         [0., 0., 0.,  ..., 0., 0., 0.],
         [0., 0., 0.,  ..., 0., 0.,...   [-0.2058, -1.1582, -0.2231,  ..., -0.4719,  2.1152, -1.0889]]],
       device='cuda:0', dtype=torch.float16), False)
kwargs = {}

    def redispatch(
        self, /, keyset: torch._C.DispatchKeySet, *args: _P.args, **kwargs: _P.kwargs
    ) -> _T:
>       return self._handle.redispatch_boxed(keyset, *args, **kwargs)  # type: ignore[return-value]
E       torch.AcceleratorError: CUDA error: invalid device function
E       Search for `cudaErrorInvalidDeviceFunction' in https://docs.nvidia.com/cuda/cuda-runtime-api/group__CUDART__TYPES.html for more information.
E       CUDA kernel errors might be asynchronously reported at some other API call, so the stacktrace below might be incorrect.
E       For debugging consider passing CUDA_LAUNCH_BLOCKING=1
E       Compile with `TORCH_USE_CUDA_DSA` to enable device-side assertions.

/root/miniconda/envs/python310_torch29_cuda/lib/python3.10/site-packages/torch/_ops.py:848: AcceleratorError
_____________________ test_std[dtype0-False-1-dim3-shape2] _____________________

shape = (200, 40999, 3), dim = [1, 0], correction = 1, keepdim = False
dtype = torch.float16

    @pytest.mark.std
    @pytest.mark.parametrize("shape", utils.REDUCTION_SHAPES)
    @pytest.mark.parametrize("dim", DIMS_LIST + [None])
    @pytest.mark.parametrize("correction", CORRECTION)
    @pytest.mark.parametrize("keepdim", KEEP_DIM)
    @pytest.mark.parametrize("dtype", FLOAT_DTYPES)
    @pytest.mark.skipif(
        flag_gems.vendor_name == "tsingmicro", reason="Issue #4131: not working"
    )
    def test_std(shape, dim, correction, keepdim, dtype):
        inp = torch.randn(shape, dtype=dtype, device=flag_gems.device)
    
        dims_to_check = []
        if isinstance(dim, int):
            dims_to_check = [dim]
        elif isinstance(dim, (list, tuple)):
            dims_to_check = dim
    
        if any(d >= len(shape) or d < -len(shape) for d in dims_to_check):
            # skip the test if dimension is out of range for the given shape.
            return
    
        if correction == 1:
            if dim is not None:
                positive_dims = [d % len(shape) for d in dims_to_check]
                reduction_size = 1
                for d in positive_dims:
                    reduction_size *= shape[d]
                if reduction_size < 2:
                    # Invalid case: correction=1 requires reduction size of at least 2
                    return
            elif inp.numel() < 2:
                # Invalid case: correction=1 requires numel >= 2 for global reduction.
                return
    
        ref_inp = utils.to_reference(inp)
    
        with flag_gems.use_gems():
>           res_out = torch.std(inp, dim=dim, correction=correction, keepdim=keepdim)

test_std.py:79: 
_ _ _ _ _ _ _ _ _ _ _ _ _ _ _ _ _ _ _ _ _ _ _ _ _ _ _ _ _ _ _ _ _ _ _ _ _ _ _ _ 
../src/flag_gems/runtime/backend/_kunlunxin/ops/std.py:171: in std
    x_view = dim_compress(x, dim_list_normalized)
../src/flag_gems/utils/shape_utils.py:223: in dim_compress
    return inp.permute(order).contiguous()
../src/flag_gems/runtime/backend/_kunlunxin/ops/copy.py:120: in copy_
    return torch.ops.aten.copy_.default.redispatch(
_ _ _ _ _ _ _ _ _ _ _ _ _ _ _ _ _ _ _ _ _ _ _ _ _ _ _ _ _ _ _ _ _ _ _ _ _ _ _ _ 

self = <OpOverload(op='aten.copy_', overload='default')>
keyset = DispatchKeySet()
args = (tensor([[[ 0.0000e+00,  0.0000e+00,  0.0000e+00,  ...,  0.0000e+00,
           0.0000e+00,  0.0000e+00],
         [ 0...   [ 0.4685, -0.3552,  1.1875,  ...,  1.0488, -0.5444, -0.2791]]],
       device='cuda:0', dtype=torch.float16), False)
kwargs = {}

    def redispatch(
        self, /, keyset: torch._C.DispatchKeySet, *args: _P.args, **kwargs: _P.kwargs
    ) -> _T:
>       return self._handle.redispatch_boxed(keyset, *args, **kwargs)  # type: ignore[return-value]
E       torch.AcceleratorError: CUDA error: invalid device function
E       Search for `cudaErrorInvalidDeviceFunction' in https://docs.nvidia.com/cuda/cuda-runtime-api/group__CUDART__TYPES.html for more information.
E       CUDA kernel errors might be asynchronously reported at some other API call, so the stacktrace below might be incorrect.
E       For debugging consider passing CUDA_LAUNCH_BLOCKING=1
E       Compile with `TORCH_USE_CUDA_DSA` to enable device-side assertions.

/root/miniconda/envs/python310_torch29_cuda/lib/python3.10/site-packages/torch/_ops.py:848: AcceleratorError
_______________________ test_std[dtype1-True-0-0-shape1] _______________________

shape = (4096, 256), dim = 0, correction = 0, keepdim = True
dtype = torch.float32

    @pytest.mark.std
    @pytest.mark.parametrize("shape", utils.REDUCTION_SHAPES)
    @pytest.mark.parametrize("dim", DIMS_LIST + [None])
    @pytest.mark.parametrize("correction", CORRECTION)
    @pytest.mark.parametrize("keepdim", KEEP_DIM)
    @pytest.mark.parametrize("dtype", FLOAT_DTYPES)
    @pytest.mark.skipif(
        flag_gems.vendor_name == "tsingmicro", reason="Issue #4131: not working"
    )
    def test_std(shape, dim, correction, keepdim, dtype):
        inp = torch.randn(shape, dtype=dtype, device=flag_gems.device)
    
        dims_to_check = []
        if isinstance(dim, int):
            dims_to_check = [dim]
        elif isinstance(dim, (list, tuple)):
            dims_to_check = dim
    
        if any(d >= len(shape) or d < -len(shape) for d in dims_to_check):
            # skip the test if dimension is out of range for the given shape.
            return
    
        if correction == 1:
            if dim is not None:
                positive_dims = [d % len(shape) for d in dims_to_check]
                reduction_size = 1
                for d in positive_dims:
                    reduction_size *= shape[d]
                if reduction_size < 2:
                    # Invalid case: correction=1 requires reduction size of at least 2
                    return
            elif inp.numel() < 2:
                # Invalid case: correction=1 requires numel >= 2 for global reduction.
                return
    
        ref_inp = utils.to_reference(inp)
    
        with flag_gems.use_gems():
>           res_out = torch.std(inp, dim=dim, correction=correction, keepdim=keepdim)

test_std.py:79: 
_ _ _ _ _ _ _ _ _ _ _ _ _ _ _ _ _ _ _ _ _ _ _ _ _ _ _ _ _ _ _ _ _ _ _ _ _ _ _ _ 
../src/flag_gems/runtime/backend/_kunlunxin/ops/std.py:171: in std
    x_view = dim_compress(x, dim_list_normalized)
../src/flag_gems/utils/shape_utils.py:223: in dim_compress
    return inp.permute(order).contiguous()
../src/flag_gems/runtime/backend/_kunlunxin/ops/copy.py:120: in copy_
    return torch.ops.aten.copy_.default.redispatch(
_ _ _ _ _ _ _ _ _ _ _ _ _ _ _ _ _ _ _ _ _ _ _ _ _ _ _ _ _ _ _ _ _ _ _ _ _ _ _ _ 

self = <OpOverload(op='aten.copy_', overload='default')>
keyset = DispatchKeySet()
args = (tensor([[ 0.6025,  1.0566,  0.2891,  ...,  0.6172,     nan,     nan],
        [    nan,     nan,  1.0410,  ...,  1.06....5317,  0.7043],
        [ 0.6902, -0.3816,  0.4365,  ..., -0.9251,  1.6390,  0.4363]],
       device='cuda:0'), False)
kwargs = {}

    def redispatch(
        self, /, keyset: torch._C.DispatchKeySet, *args: _P.args, **kwargs: _P.kwargs
    ) -> _T:
>       return self._handle.redispatch_boxed(keyset, *args, **kwargs)  # type: ignore[return-value]
E       torch.AcceleratorError: CUDA error: invalid device function
E       Search for `cudaErrorInvalidDeviceFunction' in https://docs.nvidia.com/cuda/cuda-runtime-api/group__CUDART__TYPES.html for more information.
E       CUDA kernel errors might be asynchronously reported at some other API call, so the stacktrace below might be incorrect.
E       For debugging consider passing CUDA_LAUNCH_BLOCKING=1
E       Compile with `TORCH_USE_CUDA_DSA` to enable device-side assertions.

/root/miniconda/envs/python310_torch29_cuda/lib/python3.10/site-packages/torch/_ops.py:848: AcceleratorError
_______________________ test_std[dtype1-True-0-0-shape2] _______________________

shape = (200, 40999, 3), dim = 0, correction = 0, keepdim = True
dtype = torch.float32

    @pytest.mark.std
    @pytest.mark.parametrize("shape", utils.REDUCTION_SHAPES)
    @pytest.mark.parametrize("dim", DIMS_LIST + [None])
    @pytest.mark.parametrize("correction", CORRECTION)
    @pytest.mark.parametrize("keepdim", KEEP_DIM)
    @pytest.mark.parametrize("dtype", FLOAT_DTYPES)
    @pytest.mark.skipif(
        flag_gems.vendor_name == "tsingmicro", reason="Issue #4131: not working"
    )
    def test_std(shape, dim, correction, keepdim, dtype):
        inp = torch.randn(shape, dtype=dtype, device=flag_gems.device)
    
        dims_to_check = []
        if isinstance(dim, int):
            dims_to_check = [dim]
        elif isinstance(dim, (list, tuple)):
            dims_to_check = dim
    
        if any(d >= len(shape) or d < -len(shape) for d in dims_to_check):
            # skip the test if dimension is out of range for the given shape.
            return
    
        if correction == 1:
            if dim is not None:
                positive_dims = [d % len(shape) for d in dims_to_check]
                reduction_size = 1
                for d in positive_dims:
                    reduction_size *= shape[d]
                if reduction_size < 2:
                    # Invalid case: correction=1 requires reduction size of at least 2
                    return
            elif inp.numel() < 2:
                # Invalid case: correction=1 requires numel >= 2 for global reduction.
                return
    
        ref_inp = utils.to_reference(inp)
    
        with flag_gems.use_gems():
>           res_out = torch.std(inp, dim=dim, correction=correction, keepdim=keepdim)

test_std.py:79: 
_ _ _ _ _ _ _ _ _ _ _ _ _ _ _ _ _ _ _ _ _ _ _ _ _ _ _ _ _ _ _ _ _ _ _ _ _ _ _ _ 
../src/flag_gems/runtime/backend/_kunlunxin/ops/std.py:171: in std
    x_view = dim_compress(x, dim_list_normalized)
../src/flag_gems/utils/shape_utils.py:223: in dim_compress
    return inp.permute(order).contiguous()
../src/flag_gems/runtime/backend/_kunlunxin/ops/copy.py:120: in copy_
    return torch.ops.aten.copy_.default.redispatch(
_ _ _ _ _ _ _ _ _ _ _ _ _ _ _ _ _ _ _ _ _ _ _ _ _ _ _ _ _ _ _ _ _ _ _ _ _ _ _ _ 

self = <OpOverload(op='aten.copy_', overload='default')>
keyset = DispatchKeySet()
args = (tensor([[[ 0.8941, -2.0440,  2.8163,  ...,  0.5715,  3.3661,  0.8833],
         [-0.5187,  2.1551, -1.2266,  ...,  0.....9438e-01,  4.1227e-01, -4.0125e-01,  ..., -7.1457e-01,
          -1.4282e-01,  4.7677e-01]]], device='cuda:0'), False)
kwargs = {}

    def redispatch(
        self, /, keyset: torch._C.DispatchKeySet, *args: _P.args, **kwargs: _P.kwargs
    ) -> _T:
>       return self._handle.redispatch_boxed(keyset, *args, **kwargs)  # type: ignore[return-value]
E       torch.AcceleratorError: CUDA error: invalid device function
E       Search for `cudaErrorInvalidDeviceFunction' in https://docs.nvidia.com/cuda/cuda-runtime-api/group__CUDART__TYPES.html for more information.
E       CUDA kernel errors might be asynchronously reported at some other API call, so the stacktrace below might be incorrect.
E       For debugging consider passing CUDA_LAUNCH_BLOCKING=1
E       Compile with `TORCH_USE_CUDA_DSA` to enable device-side assertions.

/root/miniconda/envs/python310_torch29_cuda/lib/python3.10/site-packages/torch/_ops.py:848: AcceleratorError
_______________________ test_std[dtype1-True-0-1-shape2] _______________________

shape = (200, 40999, 3), dim = 1, correction = 0, keepdim = True
dtype = torch.float32

    @pytest.mark.std
    @pytest.mark.parametrize("shape", utils.REDUCTION_SHAPES)
    @pytest.mark.parametrize("dim", DIMS_LIST + [None])
    @pytest.mark.parametrize("correction", CORRECTION)
    @pytest.mark.parametrize("keepdim", KEEP_DIM)
    @pytest.mark.parametrize("dtype", FLOAT_DTYPES)
    @pytest.mark.skipif(
        flag_gems.vendor_name == "tsingmicro", reason="Issue #4131: not working"
    )
    def test_std(shape, dim, correction, keepdim, dtype):
        inp = torch.randn(shape, dtype=dtype, device=flag_gems.device)
    
        dims_to_check = []
        if isinstance(dim, int):
            dims_to_check = [dim]
        elif isinstance(dim, (list, tuple)):
            dims_to_check = dim
    
        if any(d >= len(shape) or d < -len(shape) for d in dims_to_check):
            # skip the test if dimension is out of range for the given shape.
            return
    
        if correction == 1:
            if dim is not None:
                positive_dims = [d % len(shape) for d in dims_to_check]
                reduction_size = 1
                for d in positive_dims:
                    reduction_size *= shape[d]
                if reduction_size < 2:
                    # Invalid case: correction=1 requires reduction size of at least 2
                    return
            elif inp.numel() < 2:
                # Invalid case: correction=1 requires numel >= 2 for global reduction.
                return
    
        ref_inp = utils.to_reference(inp)
    
        with flag_gems.use_gems():
>           res_out = torch.std(inp, dim=dim, correction=correction, keepdim=keepdim)

test_std.py:79: 
_ _ _ _ _ _ _ _ _ _ _ _ _ _ _ _ _ _ _ _ _ _ _ _ _ _ _ _ _ _ _ _ _ _ _ _ _ _ _ _ 
../src/flag_gems/runtime/backend/_kunlunxin/ops/std.py:171: in std
    x_view = dim_compress(x, dim_list_normalized)
../src/flag_gems/utils/shape_utils.py:223: in dim_compress
    return inp.permute(order).contiguous()
../src/flag_gems/runtime/backend/_kunlunxin/ops/copy.py:120: in copy_
    return torch.ops.aten.copy_.default.redispatch(
_ _ _ _ _ _ _ _ _ _ _ _ _ _ _ _ _ _ _ _ _ _ _ _ _ _ _ _ _ _ _ _ _ _ _ _ _ _ _ _ 

self = <OpOverload(op='aten.copy_', overload='default')>
keyset = DispatchKeySet()
args = (tensor([[[-3.2612e-03, -1.2778e+00, -3.0247e+00,  ..., -3.0062e+00,
           1.5801e+00, -1.3792e+00],
         [ 1...712, -1.5293],
         [-0.1243, -0.1424,  1.5203,  ...,  0.7339,  2.5274, -0.4568]]],
       device='cuda:0'), False)
kwargs = {}

    def redispatch(
        self, /, keyset: torch._C.DispatchKeySet, *args: _P.args, **kwargs: _P.kwargs
    ) -> _T:
>       return self._handle.redispatch_boxed(keyset, *args, **kwargs)  # type: ignore[return-value]
E       torch.AcceleratorError: CUDA error: invalid device function
E       Search for `cudaErrorInvalidDeviceFunction' in https://docs.nvidia.com/cuda/cuda-runtime-api/group__CUDART__TYPES.html for more information.
E       CUDA kernel errors might be asynchronously reported at some other API call, so the stacktrace below might be incorrect.
E       For debugging consider passing CUDA_LAUNCH_BLOCKING=1
E       Compile with `TORCH_USE_CUDA_DSA` to enable device-side assertions.

/root/miniconda/envs/python310_torch29_cuda/lib/python3.10/site-packages/torch/_ops.py:848: AcceleratorError
_____________________ test_std[dtype1-True-0-dim2-shape2] ______________________

shape = (200, 40999, 3), dim = [0, 1], correction = 0, keepdim = True
dtype = torch.float32

    @pytest.mark.std
    @pytest.mark.parametrize("shape", utils.REDUCTION_SHAPES)
    @pytest.mark.parametrize("dim", DIMS_LIST + [None])
    @pytest.mark.parametrize("correction", CORRECTION)
    @pytest.mark.parametrize("keepdim", KEEP_DIM)
    @pytest.mark.parametrize("dtype", FLOAT_DTYPES)
    @pytest.mark.skipif(
        flag_gems.vendor_name == "tsingmicro", reason="Issue #4131: not working"
    )
    def test_std(shape, dim, correction, keepdim, dtype):
        inp = torch.randn(shape, dtype=dtype, device=flag_gems.device)
    
        dims_to_check = []
        if isinstance(dim, int):
            dims_to_check = [dim]
        elif isinstance(dim, (list, tuple)):
            dims_to_check = dim
    
        if any(d >= len(shape) or d < -len(shape) for d in dims_to_check):
            # skip the test if dimension is out of range for the given shape.
            return
    
        if correction == 1:
            if dim is not None:
                positive_dims = [d % len(shape) for d in dims_to_check]
                reduction_size = 1
                for d in positive_dims:
                    reduction_size *= shape[d]
                if reduction_size < 2:
                    # Invalid case: correction=1 requires reduction size of at least 2
                    return
            elif inp.numel() < 2:
                # Invalid case: correction=1 requires numel >= 2 for global reduction.
                return
    
        ref_inp = utils.to_reference(inp)
    
        with flag_gems.use_gems():
>           res_out = torch.std(inp, dim=dim, correction=correction, keepdim=keepdim)

test_std.py:79: 
_ _ _ _ _ _ _ _ _ _ _ _ _ _ _ _ _ _ _ _ _ _ _ _ _ _ _ _ _ _ _ _ _ _ _ _ _ _ _ _ 
../src/flag_gems/runtime/backend/_kunlunxin/ops/std.py:171: in std
    x_view = dim_compress(x, dim_list_normalized)
../src/flag_gems/utils/shape_utils.py:223: in dim_compress
    return inp.permute(order).contiguous()
../src/flag_gems/runtime/backend/_kunlunxin/ops/copy.py:120: in copy_
    return torch.ops.aten.copy_.default.redispatch(
_ _ _ _ _ _ _ _ _ _ _ _ _ _ _ _ _ _ _ _ _ _ _ _ _ _ _ _ _ _ _ _ _ _ _ _ _ _ _ _ 

self = <OpOverload(op='aten.copy_', overload='default')>
keyset = DispatchKeySet()
args = (tensor([[[-1.0122, -0.4282,  1.4970,  ...,  1.2613,  0.9446,  2.7376],
         [-1.1039, -0.7065, -1.6287,  ...,  3....028,  1.2982],
         [ 0.7613,  0.3683, -1.1542,  ..., -0.4113,  1.5957, -1.9485]]],
       device='cuda:0'), False)
kwargs = {}

    def redispatch(
        self, /, keyset: torch._C.DispatchKeySet, *args: _P.args, **kwargs: _P.kwargs
    ) -> _T:
>       return self._handle.redispatch_boxed(keyset, *args, **kwargs)  # type: ignore[return-value]
E       torch.AcceleratorError: CUDA error: invalid device function
E       Search for `cudaErrorInvalidDeviceFunction' in https://docs.nvidia.com/cuda/cuda-runtime-api/group__CUDART__TYPES.html for more information.
E       CUDA kernel errors might be asynchronously reported at some other API call, so the stacktrace below might be incorrect.
E       For debugging consider passing CUDA_LAUNCH_BLOCKING=1
E       Compile with `TORCH_USE_CUDA_DSA` to enable device-side assertions.

/root/miniconda/envs/python310_torch29_cuda/lib/python3.10/site-packages/torch/_ops.py:848: AcceleratorError
_____________________ test_std[dtype1-True-0-dim3-shape2] ______________________

shape = (200, 40999, 3), dim = [1, 0], correction = 0, keepdim = True
dtype = torch.float32

    @pytest.mark.std
    @pytest.mark.parametrize("shape", utils.REDUCTION_SHAPES)
    @pytest.mark.parametrize("dim", DIMS_LIST + [None])
    @pytest.mark.parametrize("correction", CORRECTION)
    @pytest.mark.parametrize("keepdim", KEEP_DIM)
    @pytest.mark.parametrize("dtype", FLOAT_DTYPES)
    @pytest.mark.skipif(
        flag_gems.vendor_name == "tsingmicro", reason="Issue #4131: not working"
    )
    def test_std(shape, dim, correction, keepdim, dtype):
        inp = torch.randn(shape, dtype=dtype, device=flag_gems.device)
    
        dims_to_check = []
        if isinstance(dim, int):
            dims_to_check = [dim]
        elif isinstance(dim, (list, tuple)):
            dims_to_check = dim
    
        if any(d >= len(shape) or d < -len(shape) for d in dims_to_check):
            # skip the test if dimension is out of range for the given shape.
            return
    
        if correction == 1:
            if dim is not None:
                positive_dims = [d % len(shape) for d in dims_to_check]
                reduction_size = 1
                for d in positive_dims:
                    reduction_size *= shape[d]
                if reduction_size < 2:
                    # Invalid case: correction=1 requires reduction size of at least 2
                    return
            elif inp.numel() < 2:
                # Invalid case: correction=1 requires numel >= 2 for global reduction.
                return
    
        ref_inp = utils.to_reference(inp)
    
        with flag_gems.use_gems():
>           res_out = torch.std(inp, dim=dim, correction=correction, keepdim=keepdim)

test_std.py:79: 
_ _ _ _ _ _ _ _ _ _ _ _ _ _ _ _ _ _ _ _ _ _ _ _ _ _ _ _ _ _ _ _ _ _ _ _ _ _ _ _ 
../src/flag_gems/runtime/backend/_kunlunxin/ops/std.py:171: in std
    x_view = dim_compress(x, dim_list_normalized)
../src/flag_gems/utils/shape_utils.py:223: in dim_compress
    return inp.permute(order).contiguous()
../src/flag_gems/runtime/backend/_kunlunxin/ops/copy.py:120: in copy_
    return torch.ops.aten.copy_.default.redispatch(
_ _ _ _ _ _ _ _ _ _ _ _ _ _ _ _ _ _ _ _ _ _ _ _ _ _ _ _ _ _ _ _ _ _ _ _ _ _ _ _ 

self = <OpOverload(op='aten.copy_', overload='default')>
keyset = DispatchKeySet()
args = (tensor([[[-0.7666,  0.4087,  0.6699,  ...,  1.0785,  0.6306, -1.5923],
         [ 2.6609,  2.1000, -1.1440,  ..., -0....040,  0.4767],
         [-0.2599,  0.8484,  0.9481,  ..., -2.5420,  1.7031, -0.6068]]],
       device='cuda:0'), False)
kwargs = {}

    def redispatch(
        self, /, keyset: torch._C.DispatchKeySet, *args: _P.args, **kwargs: _P.kwargs
    ) -> _T:
>       return self._handle.redispatch_boxed(keyset, *args, **kwargs)  # type: ignore[return-value]
E       torch.AcceleratorError: CUDA error: invalid device function
E       Search for `cudaErrorInvalidDeviceFunction' in https://docs.nvidia.com/cuda/cuda-runtime-api/group__CUDART__TYPES.html for more information.
E       CUDA kernel errors might be asynchronously reported at some other API call, so the stacktrace below might be incorrect.
E       For debugging consider passing CUDA_LAUNCH_BLOCKING=1
E       Compile with `TORCH_USE_CUDA_DSA` to enable device-side assertions.

/root/miniconda/envs/python310_torch29_cuda/lib/python3.10/site-packages/torch/_ops.py:848: AcceleratorError
_______________________ test_std[dtype1-True-1-0-shape1] _______________________

shape = (4096, 256), dim = 0, correction = 1, keepdim = True
dtype = torch.float32

    @pytest.mark.std
    @pytest.mark.parametrize("shape", utils.REDUCTION_SHAPES)
    @pytest.mark.parametrize("dim", DIMS_LIST + [None])
    @pytest.mark.parametrize("correction", CORRECTION)
    @pytest.mark.parametrize("keepdim", KEEP_DIM)
    @pytest.mark.parametrize("dtype", FLOAT_DTYPES)
    @pytest.mark.skipif(
        flag_gems.vendor_name == "tsingmicro", reason="Issue #4131: not working"
    )
    def test_std(shape, dim, correction, keepdim, dtype):
        inp = torch.randn(shape, dtype=dtype, device=flag_gems.device)
    
        dims_to_check = []
        if isinstance(dim, int):
            dims_to_check = [dim]
        elif isinstance(dim, (list, tuple)):
            dims_to_check = dim
    
        if any(d >= len(shape) or d < -len(shape) for d in dims_to_check):
            # skip the test if dimension is out of range for the given shape.
            return
    
        if correction == 1:
            if dim is not None:
                positive_dims = [d % len(shape) for d in dims_to_check]
                reduction_size = 1
                for d in positive_dims:
                    reduction_size *= shape[d]
                if reduction_size < 2:
                    # Invalid case: correction=1 requires reduction size of at least 2
                    return
            elif inp.numel() < 2:
                # Invalid case: correction=1 requires numel >= 2 for global reduction.
                return
    
        ref_inp = utils.to_reference(inp)
    
        with flag_gems.use_gems():
>           res_out = torch.std(inp, dim=dim, correction=correction, keepdim=keepdim)

test_std.py:79: 
_ _ _ _ _ _ _ _ _ _ _ _ _ _ _ _ _ _ _ _ _ _ _ _ _ _ _ _ _ _ _ _ _ _ _ _ _ _ _ _ 
../src/flag_gems/runtime/backend/_kunlunxin/ops/std.py:171: in std
    x_view = dim_compress(x, dim_list_normalized)
../src/flag_gems/utils/shape_utils.py:223: in dim_compress
    return inp.permute(order).contiguous()
../src/flag_gems/runtime/backend/_kunlunxin/ops/copy.py:120: in copy_
    return torch.ops.aten.copy_.default.redispatch(
_ _ _ _ _ _ _ _ _ _ _ _ _ _ _ _ _ _ _ _ _ _ _ _ _ _ _ _ _ _ _ _ _ _ _ _ _ _ _ _ 

self = <OpOverload(op='aten.copy_', overload='default')>
keyset = DispatchKeySet()
args = (tensor([[ 5.8112e-05,  2.3198e-12, -1.8748e-03,  ..., -6.1149e-05,
          2.4618e-02, -3.0958e-07],
        [-9.54....5542, -0.1241],
        [ 1.3376,  1.4970,  1.3746,  ..., -1.0881, -0.2225,  0.6372]],
       device='cuda:0'), False)
kwargs = {}

    def redispatch(
        self, /, keyset: torch._C.DispatchKeySet, *args: _P.args, **kwargs: _P.kwargs
    ) -> _T:
>       return self._handle.redispatch_boxed(keyset, *args, **kwargs)  # type: ignore[return-value]
E       torch.AcceleratorError: CUDA error: invalid device function
E       Search for `cudaErrorInvalidDeviceFunction' in https://docs.nvidia.com/cuda/cuda-runtime-api/group__CUDART__TYPES.html for more information.
E       CUDA kernel errors might be asynchronously reported at some other API call, so the stacktrace below might be incorrect.
E       For debugging consider passing CUDA_LAUNCH_BLOCKING=1
E       Compile with `TORCH_USE_CUDA_DSA` to enable device-side assertions.

/root/miniconda/envs/python310_torch29_cuda/lib/python3.10/site-packages/torch/_ops.py:848: AcceleratorError
_______________________ test_std[dtype1-True-1-0-shape2] _______________________

shape = (200, 40999, 3), dim = 0, correction = 1, keepdim = True
dtype = torch.float32

    @pytest.mark.std
    @pytest.mark.parametrize("shape", utils.REDUCTION_SHAPES)
    @pytest.mark.parametrize("dim", DIMS_LIST + [None])
    @pytest.mark.parametrize("correction", CORRECTION)
    @pytest.mark.parametrize("keepdim", KEEP_DIM)
    @pytest.mark.parametrize("dtype", FLOAT_DTYPES)
    @pytest.mark.skipif(
        flag_gems.vendor_name == "tsingmicro", reason="Issue #4131: not working"
    )
    def test_std(shape, dim, correction, keepdim, dtype):
        inp = torch.randn(shape, dtype=dtype, device=flag_gems.device)
    
        dims_to_check = []
        if isinstance(dim, int):
            dims_to_check = [dim]
        elif isinstance(dim, (list, tuple)):
            dims_to_check = dim
    
        if any(d >= len(shape) or d < -len(shape) for d in dims_to_check):
            # skip the test if dimension is out of range for the given shape.
            return
    
        if correction == 1:
            if dim is not None:
                positive_dims = [d % len(shape) for d in dims_to_check]
                reduction_size = 1
                for d in positive_dims:
                    reduction_size *= shape[d]
                if reduction_size < 2:
                    # Invalid case: correction=1 requires reduction size of at least 2
                    return
            elif inp.numel() < 2:
                # Invalid case: correction=1 requires numel >= 2 for global reduction.
                return
    
        ref_inp = utils.to_reference(inp)
    
        with flag_gems.use_gems():
>           res_out = torch.std(inp, dim=dim, correction=correction, keepdim=keepdim)

test_std.py:79: 
_ _ _ _ _ _ _ _ _ _ _ _ _ _ _ _ _ _ _ _ _ _ _ _ _ _ _ _ _ _ _ _ _ _ _ _ _ _ _ _ 
../src/flag_gems/runtime/backend/_kunlunxin/ops/std.py:171: in std
    x_view = dim_compress(x, dim_list_normalized)
../src/flag_gems/utils/shape_utils.py:223: in dim_compress
    return inp.permute(order).contiguous()
../src/flag_gems/runtime/backend/_kunlunxin/ops/copy.py:120: in copy_
    return torch.ops.aten.copy_.default.redispatch(
_ _ _ _ _ _ _ _ _ _ _ _ _ _ _ _ _ _ _ _ _ _ _ _ _ _ _ _ _ _ _ _ _ _ _ _ _ _ _ _ 

self = <OpOverload(op='aten.copy_', overload='default')>
keyset = DispatchKeySet()
args = (tensor([[[-0.6397, -1.2089, -0.4546,  ..., -5.2967, -1.2965, -1.4816],
         [-3.3959, -1.3391, -1.7681,  ..., -0....486, -0.0947],
         [-0.6939,  0.4205,  0.3838,  ...,  0.4147, -1.0687,  0.5449]]],
       device='cuda:0'), False)
kwargs = {}

    def redispatch(
        self, /, keyset: torch._C.DispatchKeySet, *args: _P.args, **kwargs: _P.kwargs
    ) -> _T:
>       return self._handle.redispatch_boxed(keyset, *args, **kwargs)  # type: ignore[return-value]
E       torch.AcceleratorError: CUDA error: invalid device function
E       Search for `cudaErrorInvalidDeviceFunction' in https://docs.nvidia.com/cuda/cuda-runtime-api/group__CUDART__TYPES.html for more information.
E       CUDA kernel errors might be asynchronously reported at some other API call, so the stacktrace below might be incorrect.
E       For debugging consider passing CUDA_LAUNCH_BLOCKING=1
E       Compile with `TORCH_USE_CUDA_DSA` to enable device-side assertions.

/root/miniconda/envs/python310_torch29_cuda/lib/python3.10/site-packages/torch/_ops.py:848: AcceleratorError
_______________________ test_std[dtype1-True-1-1-shape2] _______________________

shape = (200, 40999, 3), dim = 1, correction = 1, keepdim = True
dtype = torch.float32

    @pytest.mark.std
    @pytest.mark.parametrize("shape", utils.REDUCTION_SHAPES)
    @pytest.mark.parametrize("dim", DIMS_LIST + [None])
    @pytest.mark.parametrize("correction", CORRECTION)
    @pytest.mark.parametrize("keepdim", KEEP_DIM)
    @pytest.mark.parametrize("dtype", FLOAT_DTYPES)
    @pytest.mark.skipif(
        flag_gems.vendor_name == "tsingmicro", reason="Issue #4131: not working"
    )
    def test_std(shape, dim, correction, keepdim, dtype):
        inp = torch.randn(shape, dtype=dtype, device=flag_gems.device)
    
        dims_to_check = []
        if isinstance(dim, int):
            dims_to_check = [dim]
        elif isinstance(dim, (list, tuple)):
            dims_to_check = dim
    
        if any(d >= len(shape) or d < -len(shape) for d in dims_to_check):
            # skip the test if dimension is out of range for the given shape.
            return
    
        if correction == 1:
            if dim is not None:
                positive_dims = [d % len(shape) for d in dims_to_check]
                reduction_size = 1
                for d in positive_dims:
                    reduction_size *= shape[d]
                if reduction_size < 2:
                    # Invalid case: correction=1 requires reduction size of at least 2
                    return
            elif inp.numel() < 2:
                # Invalid case: correction=1 requires numel >= 2 for global reduction.
                return
    
        ref_inp = utils.to_reference(inp)
    
        with flag_gems.use_gems():
>           res_out = torch.std(inp, dim=dim, correction=correction, keepdim=keepdim)

test_std.py:79: 
_ _ _ _ _ _ _ _ _ _ _ _ _ _ _ _ _ _ _ _ _ _ _ _ _ _ _ _ _ _ _ _ _ _ _ _ _ _ _ _ 
../src/flag_gems/runtime/backend/_kunlunxin/ops/std.py:171: in std
    x_view = dim_compress(x, dim_list_normalized)
../src/flag_gems/utils/shape_utils.py:223: in dim_compress
    return inp.permute(order).contiguous()
../src/flag_gems/runtime/backend/_kunlunxin/ops/copy.py:120: in copy_
    return torch.ops.aten.copy_.default.redispatch(
_ _ _ _ _ _ _ _ _ _ _ _ _ _ _ _ _ _ _ _ _ _ _ _ _ _ _ _ _ _ _ _ _ _ _ _ _ _ _ _ 

self = <OpOverload(op='aten.copy_', overload='default')>
keyset = DispatchKeySet()
args = (tensor([[[-4.3498, -2.3241, -1.3796,  ...,  0.1214, -1.8556, -4.8940],
         [-1.6438,  0.1802, -2.6911,  ...,  0....988, -0.2421],
         [ 0.3698, -0.1501,  0.4048,  ...,  1.0271, -0.1271,  1.5612]]],
       device='cuda:0'), False)
kwargs = {}

    def redispatch(
        self, /, keyset: torch._C.DispatchKeySet, *args: _P.args, **kwargs: _P.kwargs
    ) -> _T:
>       return self._handle.redispatch_boxed(keyset, *args, **kwargs)  # type: ignore[return-value]
E       torch.AcceleratorError: CUDA error: invalid device function
E       Search for `cudaErrorInvalidDeviceFunction' in https://docs.nvidia.com/cuda/cuda-runtime-api/group__CUDART__TYPES.html for more information.
E       CUDA kernel errors might be asynchronously reported at some other API call, so the stacktrace below might be incorrect.
E       For debugging consider passing CUDA_LAUNCH_BLOCKING=1
E       Compile with `TORCH_USE_CUDA_DSA` to enable device-side assertions.

/root/miniconda/envs/python310_torch29_cuda/lib/python3.10/site-packages/torch/_ops.py:848: AcceleratorError
_____________________ test_std[dtype1-True-1-dim2-shape2] ______________________

shape = (200, 40999, 3), dim = [0, 1], correction = 1, keepdim = True
dtype = torch.float32

    @pytest.mark.std
    @pytest.mark.parametrize("shape", utils.REDUCTION_SHAPES)
    @pytest.mark.parametrize("dim", DIMS_LIST + [None])
    @pytest.mark.parametrize("correction", CORRECTION)
    @pytest.mark.parametrize("keepdim", KEEP_DIM)
    @pytest.mark.parametrize("dtype", FLOAT_DTYPES)
    @pytest.mark.skipif(
        flag_gems.vendor_name == "tsingmicro", reason="Issue #4131: not working"
    )
    def test_std(shape, dim, correction, keepdim, dtype):
        inp = torch.randn(shape, dtype=dtype, device=flag_gems.device)
    
        dims_to_check = []
        if isinstance(dim, int):
            dims_to_check = [dim]
        elif isinstance(dim, (list, tuple)):
            dims_to_check = dim
    
        if any(d >= len(shape) or d < -len(shape) for d in dims_to_check):
            # skip the test if dimension is out of range for the given shape.
            return
    
        if correction == 1:
            if dim is not None:
                positive_dims = [d % len(shape) for d in dims_to_check]
                reduction_size = 1
                for d in positive_dims:
                    reduction_size *= shape[d]
                if reduction_size < 2:
                    # Invalid case: correction=1 requires reduction size of at least 2
                    return
            elif inp.numel() < 2:
                # Invalid case: correction=1 requires numel >= 2 for global reduction.
                return
    
        ref_inp = utils.to_reference(inp)
    
        with flag_gems.use_gems():
>           res_out = torch.std(inp, dim=dim, correction=correction, keepdim=keepdim)

test_std.py:79: 
_ _ _ _ _ _ _ _ _ _ _ _ _ _ _ _ _ _ _ _ _ _ _ _ _ _ _ _ _ _ _ _ _ _ _ _ _ _ _ _ 
../src/flag_gems/runtime/backend/_kunlunxin/ops/std.py:171: in std
    x_view = dim_compress(x, dim_list_normalized)
../src/flag_gems/utils/shape_utils.py:223: in dim_compress
    return inp.permute(order).contiguous()
../src/flag_gems/runtime/backend/_kunlunxin/ops/copy.py:120: in copy_
    return torch.ops.aten.copy_.default.redispatch(
_ _ _ _ _ _ _ _ _ _ _ _ _ _ _ _ _ _ _ _ _ _ _ _ _ _ _ _ _ _ _ _ _ _ _ _ _ _ _ _ 

self = <OpOverload(op='aten.copy_', overload='default')>
keyset = DispatchKeySet()
args = (tensor([[[-1.1943e+00, -2.3767e+00, -5.0491e-01,  ..., -4.5188e+00,
          -1.0443e+00, -4.8816e-01],
         [ 2...168, -1.7433],
         [ 1.1184,  0.2872,  0.7354,  ...,  0.3746,  0.2460, -0.7767]]],
       device='cuda:0'), False)
kwargs = {}

    def redispatch(
        self, /, keyset: torch._C.DispatchKeySet, *args: _P.args, **kwargs: _P.kwargs
    ) -> _T:
>       return self._handle.redispatch_boxed(keyset, *args, **kwargs)  # type: ignore[return-value]
E       torch.AcceleratorError: CUDA error: invalid device function
E       Search for `cudaErrorInvalidDeviceFunction' in https://docs.nvidia.com/cuda/cuda-runtime-api/group__CUDART__TYPES.html for more information.
E       CUDA kernel errors might be asynchronously reported at some other API call, so the stacktrace below might be incorrect.
E       For debugging consider passing CUDA_LAUNCH_BLOCKING=1
E       Compile with `TORCH_USE_CUDA_DSA` to enable device-side assertions.

/root/miniconda/envs/python310_torch29_cuda/lib/python3.10/site-packages/torch/_ops.py:848: AcceleratorError
_____________________ test_std[dtype1-True-1-dim3-shape2] ______________________

shape = (200, 40999, 3), dim = [1, 0], correction = 1, keepdim = True
dtype = torch.float32

    @pytest.mark.std
    @pytest.mark.parametrize("shape", utils.REDUCTION_SHAPES)
    @pytest.mark.parametrize("dim", DIMS_LIST + [None])
    @pytest.mark.parametrize("correction", CORRECTION)
    @pytest.mark.parametrize("keepdim", KEEP_DIM)
    @pytest.mark.parametrize("dtype", FLOAT_DTYPES)
    @pytest.mark.skipif(
        flag_gems.vendor_name == "tsingmicro", reason="Issue #4131: not working"
    )
    def test_std(shape, dim, correction, keepdim, dtype):
        inp = torch.randn(shape, dtype=dtype, device=flag_gems.device)
    
        dims_to_check = []
        if isinstance(dim, int):
            dims_to_check = [dim]
        elif isinstance(dim, (list, tuple)):
            dims_to_check = dim
    
        if any(d >= len(shape) or d < -len(shape) for d in dims_to_check):
            # skip the test if dimension is out of range for the given shape.
            return
    
        if correction == 1:
            if dim is not None:
                positive_dims = [d % len(shape) for d in dims_to_check]
                reduction_size = 1
                for d in positive_dims:
                    reduction_size *= shape[d]
                if reduction_size < 2:
                    # Invalid case: correction=1 requires reduction size of at least 2
                    return
            elif inp.numel() < 2:
                # Invalid case: correction=1 requires numel >= 2 for global reduction.
                return
    
        ref_inp = utils.to_reference(inp)
    
        with flag_gems.use_gems():
>           res_out = torch.std(inp, dim=dim, correction=correction, keepdim=keepdim)

test_std.py:79: 
_ _ _ _ _ _ _ _ _ _ _ _ _ _ _ _ _ _ _ _ _ _ _ _ _ _ _ _ _ _ _ _ _ _ _ _ _ _ _ _ 
../src/flag_gems/runtime/backend/_kunlunxin/ops/std.py:171: in std
    x_view = dim_compress(x, dim_list_normalized)
../src/flag_gems/utils/shape_utils.py:223: in dim_compress
    return inp.permute(order).contiguous()
../src/flag_gems/runtime/backend/_kunlunxin/ops/copy.py:120: in copy_
    return torch.ops.aten.copy_.default.redispatch(
_ _ _ _ _ _ _ _ _ _ _ _ _ _ _ _ _ _ _ _ _ _ _ _ _ _ _ _ _ _ _ _ _ _ _ _ _ _ _ _ 

self = <OpOverload(op='aten.copy_', overload='default')>
keyset = DispatchKeySet()
args = (tensor([[[ 1.8742,  0.6512,  0.3477,  ...,  0.2788, -1.2635, -0.0055],
         [ 0.0620, -0.3592, -1.5452,  ...,  1....683,  0.6677],
         [ 2.0386,  0.9311, -0.4109,  ..., -0.3272,  0.1773,  0.1588]]],
       device='cuda:0'), False)
kwargs = {}

    def redispatch(
        self, /, keyset: torch._C.DispatchKeySet, *args: _P.args, **kwargs: _P.kwargs
    ) -> _T:
>       return self._handle.redispatch_boxed(keyset, *args, **kwargs)  # type: ignore[return-value]
E       torch.AcceleratorError: CUDA error: invalid device function
E       Search for `cudaErrorInvalidDeviceFunction' in https://docs.nvidia.com/cuda/cuda-runtime-api/group__CUDART__TYPES.html for more information.
E       CUDA kernel errors might be asynchronously reported at some other API call, so the stacktrace below might be incorrect.
E       For debugging consider passing CUDA_LAUNCH_BLOCKING=1
E       Compile with `TORCH_USE_CUDA_DSA` to enable device-side assertions.

/root/miniconda/envs/python310_torch29_cuda/lib/python3.10/site-packages/torch/_ops.py:848: AcceleratorError
______________________ test_std[dtype1-False-0-0-shape1] _______________________

shape = (4096, 256), dim = 0, correction = 0, keepdim = False
dtype = torch.float32

    @pytest.mark.std
    @pytest.mark.parametrize("shape", utils.REDUCTION_SHAPES)
    @pytest.mark.parametrize("dim", DIMS_LIST + [None])
    @pytest.mark.parametrize("correction", CORRECTION)
    @pytest.mark.parametrize("keepdim", KEEP_DIM)
    @pytest.mark.parametrize("dtype", FLOAT_DTYPES)
    @pytest.mark.skipif(
        flag_gems.vendor_name == "tsingmicro", reason="Issue #4131: not working"
    )
    def test_std(shape, dim, correction, keepdim, dtype):
        inp = torch.randn(shape, dtype=dtype, device=flag_gems.device)
    
        dims_to_check = []
        if isinstance(dim, int):
            dims_to_check = [dim]
        elif isinstance(dim, (list, tuple)):
            dims_to_check = dim
    
        if any(d >= len(shape) or d < -len(shape) for d in dims_to_check):
            # skip the test if dimension is out of range for the given shape.
            return
    
        if correction == 1:
            if dim is not None:
                positive_dims = [d % len(shape) for d in dims_to_check]
                reduction_size = 1
                for d in positive_dims:
                    reduction_size *= shape[d]
                if reduction_size < 2:
                    # Invalid case: correction=1 requires reduction size of at least 2
                    return
            elif inp.numel() < 2:
                # Invalid case: correction=1 requires numel >= 2 for global reduction.
                return
    
        ref_inp = utils.to_reference(inp)
    
        with flag_gems.use_gems():
>           res_out = torch.std(inp, dim=dim, correction=correction, keepdim=keepdim)

test_std.py:79: 
_ _ _ _ _ _ _ _ _ _ _ _ _ _ _ _ _ _ _ _ _ _ _ _ _ _ _ _ _ _ _ _ _ _ _ _ _ _ _ _ 
../src/flag_gems/runtime/backend/_kunlunxin/ops/std.py:171: in std
    x_view = dim_compress(x, dim_list_normalized)
../src/flag_gems/utils/shape_utils.py:223: in dim_compress
    return inp.permute(order).contiguous()
../src/flag_gems/runtime/backend/_kunlunxin/ops/copy.py:120: in copy_
    return torch.ops.aten.copy_.default.redispatch(
_ _ _ _ _ _ _ _ _ _ _ _ _ _ _ _ _ _ _ _ _ _ _ _ _ _ _ _ _ _ _ _ _ _ _ _ _ _ _ _ 

self = <OpOverload(op='aten.copy_', overload='default')>
keyset = DispatchKeySet()
args = (tensor([[-1.7524e-04,  6.8786e-05,  1.9127e-02,  ...,  2.2624e-04,
         -2.5967e-03, -7.1808e-04],
        [ 4.49....4768,  0.3116],
        [ 1.9613,  1.4856, -0.5625,  ..., -0.7357,  0.5470, -0.4222]],
       device='cuda:0'), False)
kwargs = {}

    def redispatch(
        self, /, keyset: torch._C.DispatchKeySet, *args: _P.args, **kwargs: _P.kwargs
    ) -> _T:
>       return self._handle.redispatch_boxed(keyset, *args, **kwargs)  # type: ignore[return-value]
E       torch.AcceleratorError: CUDA error: invalid device function
E       Search for `cudaErrorInvalidDeviceFunction' in https://docs.nvidia.com/cuda/cuda-runtime-api/group__CUDART__TYPES.html for more information.
E       CUDA kernel errors might be asynchronously reported at some other API call, so the stacktrace below might be incorrect.
E       For debugging consider passing CUDA_LAUNCH_BLOCKING=1
E       Compile with `TORCH_USE_CUDA_DSA` to enable device-side assertions.

/root/miniconda/envs/python310_torch29_cuda/lib/python3.10/site-packages/torch/_ops.py:848: AcceleratorError
______________________ test_std[dtype1-False-0-0-shape2] _______________________

shape = (200, 40999, 3), dim = 0, correction = 0, keepdim = False
dtype = torch.float32

    @pytest.mark.std
    @pytest.mark.parametrize("shape", utils.REDUCTION_SHAPES)
    @pytest.mark.parametrize("dim", DIMS_LIST + [None])
    @pytest.mark.parametrize("correction", CORRECTION)
    @pytest.mark.parametrize("keepdim", KEEP_DIM)
    @pytest.mark.parametrize("dtype", FLOAT_DTYPES)
    @pytest.mark.skipif(
        flag_gems.vendor_name == "tsingmicro", reason="Issue #4131: not working"
    )
    def test_std(shape, dim, correction, keepdim, dtype):
        inp = torch.randn(shape, dtype=dtype, device=flag_gems.device)
    
        dims_to_check = []
        if isinstance(dim, int):
            dims_to_check = [dim]
        elif isinstance(dim, (list, tuple)):
            dims_to_check = dim
    
        if any(d >= len(shape) or d < -len(shape) for d in dims_to_check):
            # skip the test if dimension is out of range for the given shape.
            return
    
        if correction == 1:
            if dim is not None:
                positive_dims = [d % len(shape) for d in dims_to_check]
                reduction_size = 1
                for d in positive_dims:
                    reduction_size *= shape[d]
                if reduction_size < 2:
                    # Invalid case: correction=1 requires reduction size of at least 2
                    return
            elif inp.numel() < 2:
                # Invalid case: correction=1 requires numel >= 2 for global reduction.
                return
    
        ref_inp = utils.to_reference(inp)
    
        with flag_gems.use_gems():
>           res_out = torch.std(inp, dim=dim, correction=correction, keepdim=keepdim)

test_std.py:79: 
_ _ _ _ _ _ _ _ _ _ _ _ _ _ _ _ _ _ _ _ _ _ _ _ _ _ _ _ _ _ _ _ _ _ _ _ _ _ _ _ 
../src/flag_gems/runtime/backend/_kunlunxin/ops/std.py:171: in std
    x_view = dim_compress(x, dim_list_normalized)
../src/flag_gems/utils/shape_utils.py:223: in dim_compress
    return inp.permute(order).contiguous()
../src/flag_gems/runtime/backend/_kunlunxin/ops/copy.py:120: in copy_
    return torch.ops.aten.copy_.default.redispatch(
_ _ _ _ _ _ _ _ _ _ _ _ _ _ _ _ _ _ _ _ _ _ _ _ _ _ _ _ _ _ _ _ _ _ _ _ _ _ _ _ 

self = <OpOverload(op='aten.copy_', overload='default')>
keyset = DispatchKeySet()
args = (tensor([[[-1.4987, -0.0711,  0.4395,  ...,  0.5393,  0.8074,  0.5378],
         [-0.5575,  1.5565, -0.6672,  ...,  0....926,  0.8059],
         [-0.7505, -0.0952,  0.8955,  ..., -0.8817, -1.1417,  1.7805]]],
       device='cuda:0'), False)
kwargs = {}

    def redispatch(
        self, /, keyset: torch._C.DispatchKeySet, *args: _P.args, **kwargs: _P.kwargs
    ) -> _T:
>       return self._handle.redispatch_boxed(keyset, *args, **kwargs)  # type: ignore[return-value]
E       torch.AcceleratorError: CUDA error: invalid device function
E       Search for `cudaErrorInvalidDeviceFunction' in https://docs.nvidia.com/cuda/cuda-runtime-api/group__CUDART__TYPES.html for more information.
E       CUDA kernel errors might be asynchronously reported at some other API call, so the stacktrace below might be incorrect.
E       For debugging consider passing CUDA_LAUNCH_BLOCKING=1
E       Compile with `TORCH_USE_CUDA_DSA` to enable device-side assertions.

/root/miniconda/envs/python310_torch29_cuda/lib/python3.10/site-packages/torch/_ops.py:848: AcceleratorError
______________________ test_std[dtype1-False-0-1-shape2] _______________________

shape = (200, 40999, 3), dim = 1, correction = 0, keepdim = False
dtype = torch.float32

    @pytest.mark.std
    @pytest.mark.parametrize("shape", utils.REDUCTION_SHAPES)
    @pytest.mark.parametrize("dim", DIMS_LIST + [None])
    @pytest.mark.parametrize("correction", CORRECTION)
    @pytest.mark.parametrize("keepdim", KEEP_DIM)
    @pytest.mark.parametrize("dtype", FLOAT_DTYPES)
    @pytest.mark.skipif(
        flag_gems.vendor_name == "tsingmicro", reason="Issue #4131: not working"
    )
    def test_std(shape, dim, correction, keepdim, dtype):
        inp = torch.randn(shape, dtype=dtype, device=flag_gems.device)
    
        dims_to_check = []
        if isinstance(dim, int):
            dims_to_check = [dim]
        elif isinstance(dim, (list, tuple)):
            dims_to_check = dim
    
        if any(d >= len(shape) or d < -len(shape) for d in dims_to_check):
            # skip the test if dimension is out of range for the given shape.
            return
    
        if correction == 1:
            if dim is not None:
                positive_dims = [d % len(shape) for d in dims_to_check]
                reduction_size = 1
                for d in positive_dims:
                    reduction_size *= shape[d]
                if reduction_size < 2:
                    # Invalid case: correction=1 requires reduction size of at least 2
                    return
            elif inp.numel() < 2:
                # Invalid case: correction=1 requires numel >= 2 for global reduction.
                return
    
        ref_inp = utils.to_reference(inp)
    
        with flag_gems.use_gems():
>           res_out = torch.std(inp, dim=dim, correction=correction, keepdim=keepdim)

test_std.py:79: 
_ _ _ _ _ _ _ _ _ _ _ _ _ _ _ _ _ _ _ _ _ _ _ _ _ _ _ _ _ _ _ _ _ _ _ _ _ _ _ _ 
../src/flag_gems/runtime/backend/_kunlunxin/ops/std.py:171: in std
    x_view = dim_compress(x, dim_list_normalized)
../src/flag_gems/utils/shape_utils.py:223: in dim_compress
    return inp.permute(order).contiguous()
../src/flag_gems/runtime/backend/_kunlunxin/ops/copy.py:120: in copy_
    return torch.ops.aten.copy_.default.redispatch(
_ _ _ _ _ _ _ _ _ _ _ _ _ _ _ _ _ _ _ _ _ _ _ _ _ _ _ _ _ _ _ _ _ _ _ _ _ _ _ _ 

self = <OpOverload(op='aten.copy_', overload='default')>
keyset = DispatchKeySet()
args = (tensor([[[ 1.6860,  3.6917, -2.0235,  ..., -1.9123, -0.7433, -0.1420],
         [ 1.3309, -0.5290, -1.1257,  ...,  0....475, -0.7810],
         [-1.7674,  1.0030,  0.8027,  ...,  0.7949, -1.9454, -0.7959]]],
       device='cuda:0'), False)
kwargs = {}

    def redispatch(
        self, /, keyset: torch._C.DispatchKeySet, *args: _P.args, **kwargs: _P.kwargs
    ) -> _T:
>       return self._handle.redispatch_boxed(keyset, *args, **kwargs)  # type: ignore[return-value]
E       torch.AcceleratorError: CUDA error: invalid device function
E       Search for `cudaErrorInvalidDeviceFunction' in https://docs.nvidia.com/cuda/cuda-runtime-api/group__CUDART__TYPES.html for more information.
E       CUDA kernel errors might be asynchronously reported at some other API call, so the stacktrace below might be incorrect.
E       For debugging consider passing CUDA_LAUNCH_BLOCKING=1
E       Compile with `TORCH_USE_CUDA_DSA` to enable device-side assertions.

/root/miniconda/envs/python310_torch29_cuda/lib/python3.10/site-packages/torch/_ops.py:848: AcceleratorError
_____________________ test_std[dtype1-False-0-dim2-shape2] _____________________

shape = (200, 40999, 3), dim = [0, 1], correction = 0, keepdim = False
dtype = torch.float32

    @pytest.mark.std
    @pytest.mark.parametrize("shape", utils.REDUCTION_SHAPES)
    @pytest.mark.parametrize("dim", DIMS_LIST + [None])
    @pytest.mark.parametrize("correction", CORRECTION)
    @pytest.mark.parametrize("keepdim", KEEP_DIM)
    @pytest.mark.parametrize("dtype", FLOAT_DTYPES)
    @pytest.mark.skipif(
        flag_gems.vendor_name == "tsingmicro", reason="Issue #4131: not working"
    )
    def test_std(shape, dim, correction, keepdim, dtype):
        inp = torch.randn(shape, dtype=dtype, device=flag_gems.device)
    
        dims_to_check = []
        if isinstance(dim, int):
            dims_to_check = [dim]
        elif isinstance(dim, (list, tuple)):
            dims_to_check = dim
    
        if any(d >= len(shape) or d < -len(shape) for d in dims_to_check):
            # skip the test if dimension is out of range for the given shape.
            return
    
        if correction == 1:
            if dim is not None:
                positive_dims = [d % len(shape) for d in dims_to_check]
                reduction_size = 1
                for d in positive_dims:
                    reduction_size *= shape[d]
                if reduction_size < 2:
                    # Invalid case: correction=1 requires reduction size of at least 2
                    return
            elif inp.numel() < 2:
                # Invalid case: correction=1 requires numel >= 2 for global reduction.
                return
    
        ref_inp = utils.to_reference(inp)
    
        with flag_gems.use_gems():
>           res_out = torch.std(inp, dim=dim, correction=correction, keepdim=keepdim)

test_std.py:79: 
_ _ _ _ _ _ _ _ _ _ _ _ _ _ _ _ _ _ _ _ _ _ _ _ _ _ _ _ _ _ _ _ _ _ _ _ _ _ _ _ 
../src/flag_gems/runtime/backend/_kunlunxin/ops/std.py:171: in std
    x_view = dim_compress(x, dim_list_normalized)
../src/flag_gems/utils/shape_utils.py:223: in dim_compress
    return inp.permute(order).contiguous()
../src/flag_gems/runtime/backend/_kunlunxin/ops/copy.py:120: in copy_
    return torch.ops.aten.copy_.default.redispatch(
_ _ _ _ _ _ _ _ _ _ _ _ _ _ _ _ _ _ _ _ _ _ _ _ _ _ _ _ _ _ _ _ _ _ _ _ _ _ _ _ 

self = <OpOverload(op='aten.copy_', overload='default')>
keyset = DispatchKeySet()
args = (tensor([[[-2.6296e-01,  3.0967e+00, -1.0851e+00,  ...,  4.2786e-01,
          -1.5405e+00,  7.8759e-02],
         [ 1...614, -1.8431],
         [-0.1307,  0.6289, -0.5970,  ..., -0.7991,  1.3181, -1.8756]]],
       device='cuda:0'), False)
kwargs = {}

    def redispatch(
        self, /, keyset: torch._C.DispatchKeySet, *args: _P.args, **kwargs: _P.kwargs
    ) -> _T:
>       return self._handle.redispatch_boxed(keyset, *args, **kwargs)  # type: ignore[return-value]
E       torch.AcceleratorError: CUDA error: invalid device function
E       Search for `cudaErrorInvalidDeviceFunction' in https://docs.nvidia.com/cuda/cuda-runtime-api/group__CUDART__TYPES.html for more information.
E       CUDA kernel errors might be asynchronously reported at some other API call, so the stacktrace below might be incorrect.
E       For debugging consider passing CUDA_LAUNCH_BLOCKING=1
E       Compile with `TORCH_USE_CUDA_DSA` to enable device-side assertions.

/root/miniconda/envs/python310_torch29_cuda/lib/python3.10/site-packages/torch/_ops.py:848: AcceleratorError
_____________________ test_std[dtype1-False-0-dim3-shape2] _____________________

shape = (200, 40999, 3), dim = [1, 0], correction = 0, keepdim = False
dtype = torch.float32

    @pytest.mark.std
    @pytest.mark.parametrize("shape", utils.REDUCTION_SHAPES)
    @pytest.mark.parametrize("dim", DIMS_LIST + [None])
    @pytest.mark.parametrize("correction", CORRECTION)
    @pytest.mark.parametrize("keepdim", KEEP_DIM)
    @pytest.mark.parametrize("dtype", FLOAT_DTYPES)
    @pytest.mark.skipif(
        flag_gems.vendor_name == "tsingmicro", reason="Issue #4131: not working"
    )
    def test_std(shape, dim, correction, keepdim, dtype):
        inp = torch.randn(shape, dtype=dtype, device=flag_gems.device)
    
        dims_to_check = []
        if isinstance(dim, int):
            dims_to_check = [dim]
        elif isinstance(dim, (list, tuple)):
            dims_to_check = dim
    
        if any(d >= len(shape) or d < -len(shape) for d in dims_to_check):
            # skip the test if dimension is out of range for the given shape.
            return
    
        if correction == 1:
            if dim is not None:
                positive_dims = [d % len(shape) for d in dims_to_check]
                reduction_size = 1
                for d in positive_dims:
                    reduction_size *= shape[d]
                if reduction_size < 2:
                    # Invalid case: correction=1 requires reduction size of at least 2
                    return
            elif inp.numel() < 2:
                # Invalid case: correction=1 requires numel >= 2 for global reduction.
                return
    
        ref_inp = utils.to_reference(inp)
    
        with flag_gems.use_gems():
>           res_out = torch.std(inp, dim=dim, correction=correction, keepdim=keepdim)

test_std.py:79: 
_ _ _ _ _ _ _ _ _ _ _ _ _ _ _ _ _ _ _ _ _ _ _ _ _ _ _ _ _ _ _ _ _ _ _ _ _ _ _ _ 
../src/flag_gems/runtime/backend/_kunlunxin/ops/std.py:171: in std
    x_view = dim_compress(x, dim_list_normalized)
../src/flag_gems/utils/shape_utils.py:223: in dim_compress
    return inp.permute(order).contiguous()
../src/flag_gems/runtime/backend/_kunlunxin/ops/copy.py:120: in copy_
    return torch.ops.aten.copy_.default.redispatch(
_ _ _ _ _ _ _ _ _ _ _ _ _ _ _ _ _ _ _ _ _ _ _ _ _ _ _ _ _ _ _ _ _ _ _ _ _ _ _ _ 

self = <OpOverload(op='aten.copy_', overload='default')>
keyset = DispatchKeySet()
args = (tensor([[[ 0.0324, -0.0721,  0.0809,  ...,  0.0405, -0.0245, -0.0098],
         [ 0.0661, -0.0054, -0.0080,  ..., -0....799, -0.7568],
         [-0.8433,  1.0209,  0.2740,  ..., -1.5954, -1.9606, -1.8575]]],
       device='cuda:0'), False)
kwargs = {}

    def redispatch(
        self, /, keyset: torch._C.DispatchKeySet, *args: _P.args, **kwargs: _P.kwargs
    ) -> _T:
>       return self._handle.redispatch_boxed(keyset, *args, **kwargs)  # type: ignore[return-value]
E       torch.AcceleratorError: CUDA error: invalid device function
E       Search for `cudaErrorInvalidDeviceFunction' in https://docs.nvidia.com/cuda/cuda-runtime-api/group__CUDART__TYPES.html for more information.
E       CUDA kernel errors might be asynchronously reported at some other API call, so the stacktrace below might be incorrect.
E       For debugging consider passing CUDA_LAUNCH_BLOCKING=1
E       Compile with `TORCH_USE_CUDA_DSA` to enable device-side assertions.

/root/miniconda/envs/python310_torch29_cuda/lib/python3.10/site-packages/torch/_ops.py:848: AcceleratorError
______________________ test_std[dtype1-False-1-0-shape1] _______________________

shape = (4096, 256), dim = 0, correction = 1, keepdim = False
dtype = torch.float32

    @pytest.mark.std
    @pytest.mark.parametrize("shape", utils.REDUCTION_SHAPES)
    @pytest.mark.parametrize("dim", DIMS_LIST + [None])
    @pytest.mark.parametrize("correction", CORRECTION)
    @pytest.mark.parametrize("keepdim", KEEP_DIM)
    @pytest.mark.parametrize("dtype", FLOAT_DTYPES)
    @pytest.mark.skipif(
        flag_gems.vendor_name == "tsingmicro", reason="Issue #4131: not working"
    )
    def test_std(shape, dim, correction, keepdim, dtype):
        inp = torch.randn(shape, dtype=dtype, device=flag_gems.device)
    
        dims_to_check = []
        if isinstance(dim, int):
            dims_to_check = [dim]
        elif isinstance(dim, (list, tuple)):
            dims_to_check = dim
    
        if any(d >= len(shape) or d < -len(shape) for d in dims_to_check):
            # skip the test if dimension is out of range for the given shape.
            return
    
        if correction == 1:
            if dim is not None:
                positive_dims = [d % len(shape) for d in dims_to_check]
                reduction_size = 1
                for d in positive_dims:
                    reduction_size *= shape[d]
                if reduction_size < 2:
                    # Invalid case: correction=1 requires reduction size of at least 2
                    return
            elif inp.numel() < 2:
                # Invalid case: correction=1 requires numel >= 2 for global reduction.
                return
    
        ref_inp = utils.to_reference(inp)
    
        with flag_gems.use_gems():
>           res_out = torch.std(inp, dim=dim, correction=correction, keepdim=keepdim)

test_std.py:79: 
_ _ _ _ _ _ _ _ _ _ _ _ _ _ _ _ _ _ _ _ _ _ _ _ _ _ _ _ _ _ _ _ _ _ _ _ _ _ _ _ 
../src/flag_gems/runtime/backend/_kunlunxin/ops/std.py:171: in std
    x_view = dim_compress(x, dim_list_normalized)
../src/flag_gems/utils/shape_utils.py:223: in dim_compress
    return inp.permute(order).contiguous()
../src/flag_gems/runtime/backend/_kunlunxin/ops/copy.py:120: in copy_
    return torch.ops.aten.copy_.default.redispatch(
_ _ _ _ _ _ _ _ _ _ _ _ _ _ _ _ _ _ _ _ _ _ _ _ _ _ _ _ _ _ _ _ _ _ _ _ _ _ _ _ 

self = <OpOverload(op='aten.copy_', overload='default')>
keyset = DispatchKeySet()
args = (tensor([[ 2.4285e-04,  2.7609e-04,  9.1693e-03,  ..., -2.6089e-02,
         -2.6757e+00,  5.9139e-07],
        [ 2.58....6592, -0.0579],
        [-0.9321, -0.1543,  1.0683,  ...,  0.4740,  0.1896, -1.6050]],
       device='cuda:0'), False)
kwargs = {}

    def redispatch(
        self, /, keyset: torch._C.DispatchKeySet, *args: _P.args, **kwargs: _P.kwargs
    ) -> _T:
>       return self._handle.redispatch_boxed(keyset, *args, **kwargs)  # type: ignore[return-value]
E       torch.AcceleratorError: CUDA error: invalid device function
E       Search for `cudaErrorInvalidDeviceFunction' in https://docs.nvidia.com/cuda/cuda-runtime-api/group__CUDART__TYPES.html for more information.
E       CUDA kernel errors might be asynchronously reported at some other API call, so the stacktrace below might be incorrect.
E       For debugging consider passing CUDA_LAUNCH_BLOCKING=1
E       Compile with `TORCH_USE_CUDA_DSA` to enable device-side assertions.

/root/miniconda/envs/python310_torch29_cuda/lib/python3.10/site-packages/torch/_ops.py:848: AcceleratorError
______________________ test_std[dtype1-False-1-0-shape2] _______________________

shape = (200, 40999, 3), dim = 0, correction = 1, keepdim = False
dtype = torch.float32

    @pytest.mark.std
    @pytest.mark.parametrize("shape", utils.REDUCTION_SHAPES)
    @pytest.mark.parametrize("dim", DIMS_LIST + [None])
    @pytest.mark.parametrize("correction", CORRECTION)
    @pytest.mark.parametrize("keepdim", KEEP_DIM)
    @pytest.mark.parametrize("dtype", FLOAT_DTYPES)
    @pytest.mark.skipif(
        flag_gems.vendor_name == "tsingmicro", reason="Issue #4131: not working"
    )
    def test_std(shape, dim, correction, keepdim, dtype):
        inp = torch.randn(shape, dtype=dtype, device=flag_gems.device)
    
        dims_to_check = []
        if isinstance(dim, int):
            dims_to_check = [dim]
        elif isinstance(dim, (list, tuple)):
            dims_to_check = dim
    
        if any(d >= len(shape) or d < -len(shape) for d in dims_to_check):
            # skip the test if dimension is out of range for the given shape.
            return
    
        if correction == 1:
            if dim is not None:
                positive_dims = [d % len(shape) for d in dims_to_check]
                reduction_size = 1
                for d in positive_dims:
                    reduction_size *= shape[d]
                if reduction_size < 2:
                    # Invalid case: correction=1 requires reduction size of at least 2
                    return
            elif inp.numel() < 2:
                # Invalid case: correction=1 requires numel >= 2 for global reduction.
                return
    
        ref_inp = utils.to_reference(inp)
    
        with flag_gems.use_gems():
>           res_out = torch.std(inp, dim=dim, correction=correction, keepdim=keepdim)

test_std.py:79: 
_ _ _ _ _ _ _ _ _ _ _ _ _ _ _ _ _ _ _ _ _ _ _ _ _ _ _ _ _ _ _ _ _ _ _ _ _ _ _ _ 
../src/flag_gems/runtime/backend/_kunlunxin/ops/std.py:171: in std
    x_view = dim_compress(x, dim_list_normalized)
../src/flag_gems/utils/shape_utils.py:223: in dim_compress
    return inp.permute(order).contiguous()
../src/flag_gems/runtime/backend/_kunlunxin/ops/copy.py:120: in copy_
    return torch.ops.aten.copy_.default.redispatch(
_ _ _ _ _ _ _ _ _ _ _ _ _ _ _ _ _ _ _ _ _ _ _ _ _ _ _ _ _ _ _ _ _ _ _ _ _ _ _ _ 

self = <OpOverload(op='aten.copy_', overload='default')>
keyset = DispatchKeySet()
args = (tensor([[[ 0.0365, -0.0436,  0.0055,  ...,  0.0011,  0.0006,  0.0461],
         [ 0.0352,  0.0493,  0.0406,  ...,  0....548,  0.8214],
         [-0.4110, -0.0254, -0.8513,  ..., -0.4366, -0.7059, -0.7946]]],
       device='cuda:0'), False)
kwargs = {}

    def redispatch(
        self, /, keyset: torch._C.DispatchKeySet, *args: _P.args, **kwargs: _P.kwargs
    ) -> _T:
>       return self._handle.redispatch_boxed(keyset, *args, **kwargs)  # type: ignore[return-value]
E       torch.AcceleratorError: CUDA error: invalid device function
E       Search for `cudaErrorInvalidDeviceFunction' in https://docs.nvidia.com/cuda/cuda-runtime-api/group__CUDART__TYPES.html for more information.
E       CUDA kernel errors might be asynchronously reported at some other API call, so the stacktrace below might be incorrect.
E       For debugging consider passing CUDA_LAUNCH_BLOCKING=1
E       Compile with `TORCH_USE_CUDA_DSA` to enable device-side assertions.

/root/miniconda/envs/python310_torch29_cuda/lib/python3.10/site-packages/torch/_ops.py:848: AcceleratorError
______________________ test_std[dtype1-False-1-1-shape2] _______________________

shape = (200, 40999, 3), dim = 1, correction = 1, keepdim = False
dtype = torch.float32

    @pytest.mark.std
    @pytest.mark.parametrize("shape", utils.REDUCTION_SHAPES)
    @pytest.mark.parametrize("dim", DIMS_LIST + [None])
    @pytest.mark.parametrize("correction", CORRECTION)
    @pytest.mark.parametrize("keepdim", KEEP_DIM)
    @pytest.mark.parametrize("dtype", FLOAT_DTYPES)
    @pytest.mark.skipif(
        flag_gems.vendor_name == "tsingmicro", reason="Issue #4131: not working"
    )
    def test_std(shape, dim, correction, keepdim, dtype):
        inp = torch.randn(shape, dtype=dtype, device=flag_gems.device)
    
        dims_to_check = []
        if isinstance(dim, int):
            dims_to_check = [dim]
        elif isinstance(dim, (list, tuple)):
            dims_to_check = dim
    
        if any(d >= len(shape) or d < -len(shape) for d in dims_to_check):
            # skip the test if dimension is out of range for the given shape.
            return
    
        if correction == 1:
            if dim is not None:
                positive_dims = [d % len(shape) for d in dims_to_check]
                reduction_size = 1
                for d in positive_dims:
                    reduction_size *= shape[d]
                if reduction_size < 2:
                    # Invalid case: correction=1 requires reduction size of at least 2
                    return
            elif inp.numel() < 2:
                # Invalid case: correction=1 requires numel >= 2 for global reduction.
                return
    
        ref_inp = utils.to_reference(inp)
    
        with flag_gems.use_gems():
>           res_out = torch.std(inp, dim=dim, correction=correction, keepdim=keepdim)

test_std.py:79: 
_ _ _ _ _ _ _ _ _ _ _ _ _ _ _ _ _ _ _ _ _ _ _ _ _ _ _ _ _ _ _ _ _ _ _ _ _ _ _ _ 
../src/flag_gems/runtime/backend/_kunlunxin/ops/std.py:171: in std
    x_view = dim_compress(x, dim_list_normalized)
../src/flag_gems/utils/shape_utils.py:223: in dim_compress
    return inp.permute(order).contiguous()
../src/flag_gems/runtime/backend/_kunlunxin/ops/copy.py:120: in copy_
    return torch.ops.aten.copy_.default.redispatch(
_ _ _ _ _ _ _ _ _ _ _ _ _ _ _ _ _ _ _ _ _ _ _ _ _ _ _ _ _ _ _ _ _ _ _ _ _ _ _ _ 

self = <OpOverload(op='aten.copy_', overload='default')>
keyset = DispatchKeySet()
args = (tensor([[[-0.0880, -0.0502,  0.0892,  ..., -0.0585, -0.0373, -0.0826],
         [ 0.0087,  0.0187,  0.0541,  ...,  0....277,  1.4698],
         [-0.4393, -1.2606, -0.5357,  ...,  1.9268, -0.6275, -1.6263]]],
       device='cuda:0'), False)
kwargs = {}

    def redispatch(
        self, /, keyset: torch._C.DispatchKeySet, *args: _P.args, **kwargs: _P.kwargs
    ) -> _T:
>       return self._handle.redispatch_boxed(keyset, *args, **kwargs)  # type: ignore[return-value]
E       torch.AcceleratorError: CUDA error: invalid device function
E       Search for `cudaErrorInvalidDeviceFunction' in https://docs.nvidia.com/cuda/cuda-runtime-api/group__CUDART__TYPES.html for more information.
E       CUDA kernel errors might be asynchronously reported at some other API call, so the stacktrace below might be incorrect.
E       For debugging consider passing CUDA_LAUNCH_BLOCKING=1
E       Compile with `TORCH_USE_CUDA_DSA` to enable device-side assertions.

/root/miniconda/envs/python310_torch29_cuda/lib/python3.10/site-packages/torch/_ops.py:848: AcceleratorError
_____________________ test_std[dtype1-False-1-dim2-shape2] _____________________

shape = (200, 40999, 3), dim = [0, 1], correction = 1, keepdim = False
dtype = torch.float32

    @pytest.mark.std
    @pytest.mark.parametrize("shape", utils.REDUCTION_SHAPES)
    @pytest.mark.parametrize("dim", DIMS_LIST + [None])
    @pytest.mark.parametrize("correction", CORRECTION)
    @pytest.mark.parametrize("keepdim", KEEP_DIM)
    @pytest.mark.parametrize("dtype", FLOAT_DTYPES)
    @pytest.mark.skipif(
        flag_gems.vendor_name == "tsingmicro", reason="Issue #4131: not working"
    )
    def test_std(shape, dim, correction, keepdim, dtype):
        inp = torch.randn(shape, dtype=dtype, device=flag_gems.device)
    
        dims_to_check = []
        if isinstance(dim, int):
            dims_to_check = [dim]
        elif isinstance(dim, (list, tuple)):
            dims_to_check = dim
    
        if any(d >= len(shape) or d < -len(shape) for d in dims_to_check):
            # skip the test if dimension is out of range for the given shape.
            return
    
        if correction == 1:
            if dim is not None:
                positive_dims = [d % len(shape) for d in dims_to_check]
                reduction_size = 1
                for d in positive_dims:
                    reduction_size *= shape[d]
                if reduction_size < 2:
                    # Invalid case: correction=1 requires reduction size of at least 2
                    return
            elif inp.numel() < 2:
                # Invalid case: correction=1 requires numel >= 2 for global reduction.
                return
    
        ref_inp = utils.to_reference(inp)
    
        with flag_gems.use_gems():
>           res_out = torch.std(inp, dim=dim, correction=correction, keepdim=keepdim)

test_std.py:79: 
_ _ _ _ _ _ _ _ _ _ _ _ _ _ _ _ _ _ _ _ _ _ _ _ _ _ _ _ _ _ _ _ _ _ _ _ _ _ _ _ 
../src/flag_gems/runtime/backend/_kunlunxin/ops/std.py:171: in std
    x_view = dim_compress(x, dim_list_normalized)
../src/flag_gems/utils/shape_utils.py:223: in dim_compress
    return inp.permute(order).contiguous()
../src/flag_gems/runtime/backend/_kunlunxin/ops/copy.py:120: in copy_
    return torch.ops.aten.copy_.default.redispatch(
_ _ _ _ _ _ _ _ _ _ _ _ _ _ _ _ _ _ _ _ _ _ _ _ _ _ _ _ _ _ _ _ _ _ _ _ _ _ _ _ 

self = <OpOverload(op='aten.copy_', overload='default')>
keyset = DispatchKeySet()
args = (tensor([[[-0.0357,  0.0065, -0.1095,  ..., -0.1171,  0.0358, -0.0121],
         [-0.0566,  0.0992, -0.0219,  ...,  0....533, -1.7179],
         [-0.3048,  0.2019, -1.8652,  ...,  0.7442, -0.4843, -0.1893]]],
       device='cuda:0'), False)
kwargs = {}

    def redispatch(
        self, /, keyset: torch._C.DispatchKeySet, *args: _P.args, **kwargs: _P.kwargs
    ) -> _T:
>       return self._handle.redispatch_boxed(keyset, *args, **kwargs)  # type: ignore[return-value]
E       torch.AcceleratorError: CUDA error: invalid device function
E       Search for `cudaErrorInvalidDeviceFunction' in https://docs.nvidia.com/cuda/cuda-runtime-api/group__CUDART__TYPES.html for more information.
E       CUDA kernel errors might be asynchronously reported at some other API call, so the stacktrace below might be incorrect.
E       For debugging consider passing CUDA_LAUNCH_BLOCKING=1
E       Compile with `TORCH_USE_CUDA_DSA` to enable device-side assertions.

/root/miniconda/envs/python310_torch29_cuda/lib/python3.10/site-packages/torch/_ops.py:848: AcceleratorError
_____________________ test_std[dtype1-False-1-dim3-shape2] _____________________

shape = (200, 40999, 3), dim = [1, 0], correction = 1, keepdim = False
dtype = torch.float32

    @pytest.mark.std
    @pytest.mark.parametrize("shape", utils.REDUCTION_SHAPES)
    @pytest.mark.parametrize("dim", DIMS_LIST + [None])
    @pytest.mark.parametrize("correction", CORRECTION)
    @pytest.mark.parametrize("keepdim", KEEP_DIM)
    @pytest.mark.parametrize("dtype", FLOAT_DTYPES)
    @pytest.mark.skipif(
        flag_gems.vendor_name == "tsingmicro", reason="Issue #4131: not working"
    )
    def test_std(shape, dim, correction, keepdim, dtype):
        inp = torch.randn(shape, dtype=dtype, device=flag_gems.device)
    
        dims_to_check = []
        if isinstance(dim, int):
            dims_to_check = [dim]
        elif isinstance(dim, (list, tuple)):
            dims_to_check = dim
    
        if any(d >= len(shape) or d < -len(shape) for d in dims_to_check):
            # skip the test if dimension is out of range for the given shape.
            return
    
        if correction == 1:
            if dim is not None:
                positive_dims = [d % len(shape) for d in dims_to_check]
                reduction_size = 1
                for d in positive_dims:
                    reduction_size *= shape[d]
                if reduction_size < 2:
                    # Invalid case: correction=1 requires reduction size of at least 2
                    return
            elif inp.numel() < 2:
                # Invalid case: correction=1 requires numel >= 2 for global reduction.
                return
    
        ref_inp = utils.to_reference(inp)
    
        with flag_gems.use_gems():
>           res_out = torch.std(inp, dim=dim, correction=correction, keepdim=keepdim)

test_std.py:79: 
_ _ _ _ _ _ _ _ _ _ _ _ _ _ _ _ _ _ _ _ _ _ _ _ _ _ _ _ _ _ _ _ _ _ _ _ _ _ _ _ 
../src/flag_gems/runtime/backend/_kunlunxin/ops/std.py:171: in std
    x_view = dim_compress(x, dim_list_normalized)
../src/flag_gems/utils/shape_utils.py:223: in dim_compress
    return inp.permute(order).contiguous()
../src/flag_gems/runtime/backend/_kunlunxin/ops/copy.py:120: in copy_
    return torch.ops.aten.copy_.default.redispatch(
_ _ _ _ _ _ _ _ _ _ _ _ _ _ _ _ _ _ _ _ _ _ _ _ _ _ _ _ _ _ _ _ _ _ _ _ _ _ _ _ 

self = <OpOverload(op='aten.copy_', overload='default')>
keyset = DispatchKeySet()
args = (tensor([[[-0.0083,  0.1136, -0.0662,  ...,  0.0488, -0.0522,  0.0841],
         [-0.0709,  0.0859, -0.0387,  ..., -0.....9036e-01, -9.2897e-01,  1.4185e-03,  ..., -2.0640e-01,
          -1.3834e+00,  3.9398e-01]]], device='cuda:0'), False)
kwargs = {}

    def redispatch(
        self, /, keyset: torch._C.DispatchKeySet, *args: _P.args, **kwargs: _P.kwargs
    ) -> _T:
>       return self._handle.redispatch_boxed(keyset, *args, **kwargs)  # type: ignore[return-value]
E       torch.AcceleratorError: CUDA error: invalid device function
E       Search for `cudaErrorInvalidDeviceFunction' in https://docs.nvidia.com/cuda/cuda-runtime-api/group__CUDART__TYPES.html for more information.
E       CUDA kernel errors might be asynchronously reported at some other API call, so the stacktrace below might be incorrect.
E       For debugging consider passing CUDA_LAUNCH_BLOCKING=1
E       Compile with `TORCH_USE_CUDA_DSA` to enable device-side assertions.

/root/miniconda/envs/python310_torch29_cuda/lib/python3.10/site-packages/torch/_ops.py:848: AcceleratorError
_______________________ test_std[dtype2-True-0-0-shape1] _______________________

shape = (4096, 256), dim = 0, correction = 0, keepdim = True
dtype = torch.bfloat16

    @pytest.mark.std
    @pytest.mark.parametrize("shape", utils.REDUCTION_SHAPES)
    @pytest.mark.parametrize("dim", DIMS_LIST + [None])
    @pytest.mark.parametrize("correction", CORRECTION)
    @pytest.mark.parametrize("keepdim", KEEP_DIM)
    @pytest.mark.parametrize("dtype", FLOAT_DTYPES)
    @pytest.mark.skipif(
        flag_gems.vendor_name == "tsingmicro", reason="Issue #4131: not working"
    )
    def test_std(shape, dim, correction, keepdim, dtype):
        inp = torch.randn(shape, dtype=dtype, device=flag_gems.device)
    
        dims_to_check = []
        if isinstance(dim, int):
            dims_to_check = [dim]
        elif isinstance(dim, (list, tuple)):
            dims_to_check = dim
    
        if any(d >= len(shape) or d < -len(shape) for d in dims_to_check):
            # skip the test if dimension is out of range for the given shape.
            return
    
        if correction == 1:
            if dim is not None:
                positive_dims = [d % len(shape) for d in dims_to_check]
                reduction_size = 1
                for d in positive_dims:
                    reduction_size *= shape[d]
                if reduction_size < 2:
                    # Invalid case: correction=1 requires reduction size of at least 2
                    return
            elif inp.numel() < 2:
                # Invalid case: correction=1 requires numel >= 2 for global reduction.
                return
    
        ref_inp = utils.to_reference(inp)
    
        with flag_gems.use_gems():
>           res_out = torch.std(inp, dim=dim, correction=correction, keepdim=keepdim)

test_std.py:79: 
_ _ _ _ _ _ _ _ _ _ _ _ _ _ _ _ _ _ _ _ _ _ _ _ _ _ _ _ _ _ _ _ _ _ _ _ _ _ _ _ 
../src/flag_gems/runtime/backend/_kunlunxin/ops/std.py:171: in std
    x_view = dim_compress(x, dim_list_normalized)
../src/flag_gems/utils/shape_utils.py:223: in dim_compress
    return inp.permute(order).contiguous()
../src/flag_gems/runtime/backend/_kunlunxin/ops/copy.py:120: in copy_
    return torch.ops.aten.copy_.default.redispatch(
_ _ _ _ _ _ _ _ _ _ _ _ _ _ _ _ _ _ _ _ _ _ _ _ _ _ _ _ _ _ _ _ _ _ _ _ _ _ _ _ 

self = <OpOverload(op='aten.copy_', overload='default')>
keyset = DispatchKeySet()
args = (tensor([[-6.9632e+04, -4.7461e-01, -1.2913e+21,  ..., -8.5938e-01,
         -1.6320e+26,  1.9629e-01],
        [-6.41...   [ 0.0977, -0.3730, -0.1484,  ..., -0.6094, -0.1377,  0.2891]],
       device='cuda:0', dtype=torch.bfloat16), False)
kwargs = {}

    def redispatch(
        self, /, keyset: torch._C.DispatchKeySet, *args: _P.args, **kwargs: _P.kwargs
    ) -> _T:
>       return self._handle.redispatch_boxed(keyset, *args, **kwargs)  # type: ignore[return-value]
E       torch.AcceleratorError: CUDA error: invalid device function
E       Search for `cudaErrorInvalidDeviceFunction' in https://docs.nvidia.com/cuda/cuda-runtime-api/group__CUDART__TYPES.html for more information.
E       CUDA kernel errors might be asynchronously reported at some other API call, so the stacktrace below might be incorrect.
E       For debugging consider passing CUDA_LAUNCH_BLOCKING=1
E       Compile with `TORCH_USE_CUDA_DSA` to enable device-side assertions.

/root/miniconda/envs/python310_torch29_cuda/lib/python3.10/site-packages/torch/_ops.py:848: AcceleratorError
_______________________ test_std[dtype2-True-0-0-shape2] _______________________

shape = (200, 40999, 3), dim = 0, correction = 0, keepdim = True
dtype = torch.bfloat16

    @pytest.mark.std
    @pytest.mark.parametrize("shape", utils.REDUCTION_SHAPES)
    @pytest.mark.parametrize("dim", DIMS_LIST + [None])
    @pytest.mark.parametrize("correction", CORRECTION)
    @pytest.mark.parametrize("keepdim", KEEP_DIM)
    @pytest.mark.parametrize("dtype", FLOAT_DTYPES)
    @pytest.mark.skipif(
        flag_gems.vendor_name == "tsingmicro", reason="Issue #4131: not working"
    )
    def test_std(shape, dim, correction, keepdim, dtype):
        inp = torch.randn(shape, dtype=dtype, device=flag_gems.device)
    
        dims_to_check = []
        if isinstance(dim, int):
            dims_to_check = [dim]
        elif isinstance(dim, (list, tuple)):
            dims_to_check = dim
    
        if any(d >= len(shape) or d < -len(shape) for d in dims_to_check):
            # skip the test if dimension is out of range for the given shape.
            return
    
        if correction == 1:
            if dim is not None:
                positive_dims = [d % len(shape) for d in dims_to_check]
                reduction_size = 1
                for d in positive_dims:
                    reduction_size *= shape[d]
                if reduction_size < 2:
                    # Invalid case: correction=1 requires reduction size of at least 2
                    return
            elif inp.numel() < 2:
                # Invalid case: correction=1 requires numel >= 2 for global reduction.
                return
    
        ref_inp = utils.to_reference(inp)
    
        with flag_gems.use_gems():
>           res_out = torch.std(inp, dim=dim, correction=correction, keepdim=keepdim)

test_std.py:79: 
_ _ _ _ _ _ _ _ _ _ _ _ _ _ _ _ _ _ _ _ _ _ _ _ _ _ _ _ _ _ _ _ _ _ _ _ _ _ _ _ 
../src/flag_gems/runtime/backend/_kunlunxin/ops/std.py:171: in std
    x_view = dim_compress(x, dim_list_normalized)
../src/flag_gems/utils/shape_utils.py:223: in dim_compress
    return inp.permute(order).contiguous()
../src/flag_gems/runtime/backend/_kunlunxin/ops/copy.py:120: in copy_
    return torch.ops.aten.copy_.default.redispatch(
_ _ _ _ _ _ _ _ _ _ _ _ _ _ _ _ _ _ _ _ _ _ _ _ _ _ _ _ _ _ _ _ _ _ _ _ _ _ _ _ 

self = <OpOverload(op='aten.copy_', overload='default')>
keyset = DispatchKeySet()
args = (tensor([[[-5.0765e+22,  1.2109e+00, -5.2296e-12,  ..., -5.3516e-01,
          -1.5599e+13,  4.4531e-01],
         [-2...  [ 0.0688, -0.1992, -0.0879,  ...,  0.8672,  0.6602,  1.8828]]],
       device='cuda:0', dtype=torch.bfloat16), False)
kwargs = {}

    def redispatch(
        self, /, keyset: torch._C.DispatchKeySet, *args: _P.args, **kwargs: _P.kwargs
    ) -> _T:
>       return self._handle.redispatch_boxed(keyset, *args, **kwargs)  # type: ignore[return-value]
E       torch.AcceleratorError: CUDA error: invalid device function
E       Search for `cudaErrorInvalidDeviceFunction' in https://docs.nvidia.com/cuda/cuda-runtime-api/group__CUDART__TYPES.html for more information.
E       CUDA kernel errors might be asynchronously reported at some other API call, so the stacktrace below might be incorrect.
E       For debugging consider passing CUDA_LAUNCH_BLOCKING=1
E       Compile with `TORCH_USE_CUDA_DSA` to enable device-side assertions.

/root/miniconda/envs/python310_torch29_cuda/lib/python3.10/site-packages/torch/_ops.py:848: AcceleratorError
_______________________ test_std[dtype2-True-0-1-shape2] _______________________

shape = (200, 40999, 3), dim = 1, correction = 0, keepdim = True
dtype = torch.bfloat16

    @pytest.mark.std
    @pytest.mark.parametrize("shape", utils.REDUCTION_SHAPES)
    @pytest.mark.parametrize("dim", DIMS_LIST + [None])
    @pytest.mark.parametrize("correction", CORRECTION)
    @pytest.mark.parametrize("keepdim", KEEP_DIM)
    @pytest.mark.parametrize("dtype", FLOAT_DTYPES)
    @pytest.mark.skipif(
        flag_gems.vendor_name == "tsingmicro", reason="Issue #4131: not working"
    )
    def test_std(shape, dim, correction, keepdim, dtype):
        inp = torch.randn(shape, dtype=dtype, device=flag_gems.device)
    
        dims_to_check = []
        if isinstance(dim, int):
            dims_to_check = [dim]
        elif isinstance(dim, (list, tuple)):
            dims_to_check = dim
    
        if any(d >= len(shape) or d < -len(shape) for d in dims_to_check):
            # skip the test if dimension is out of range for the given shape.
            return
    
        if correction == 1:
            if dim is not None:
                positive_dims = [d % len(shape) for d in dims_to_check]
                reduction_size = 1
                for d in positive_dims:
                    reduction_size *= shape[d]
                if reduction_size < 2:
                    # Invalid case: correction=1 requires reduction size of at least 2
                    return
            elif inp.numel() < 2:
                # Invalid case: correction=1 requires numel >= 2 for global reduction.
                return
    
        ref_inp = utils.to_reference(inp)
    
        with flag_gems.use_gems():
>           res_out = torch.std(inp, dim=dim, correction=correction, keepdim=keepdim)

test_std.py:79: 
_ _ _ _ _ _ _ _ _ _ _ _ _ _ _ _ _ _ _ _ _ _ _ _ _ _ _ _ _ _ _ _ _ _ _ _ _ _ _ _ 
../src/flag_gems/runtime/backend/_kunlunxin/ops/std.py:171: in std
    x_view = dim_compress(x, dim_list_normalized)
../src/flag_gems/utils/shape_utils.py:223: in dim_compress
    return inp.permute(order).contiguous()
../src/flag_gems/runtime/backend/_kunlunxin/ops/copy.py:120: in copy_
    return torch.ops.aten.copy_.default.redispatch(
_ _ _ _ _ _ _ _ _ _ _ _ _ _ _ _ _ _ _ _ _ _ _ _ _ _ _ _ _ _ _ _ _ _ _ _ _ _ _ _ 

self = <OpOverload(op='aten.copy_', overload='default')>
keyset = DispatchKeySet()
args = (tensor([[[-2.5928e-06,  1.5547e+00,  0.0000e+00,  ...,  0.0000e+00,
                  nan,  0.0000e+00],
         [  ...  [-0.8281,  0.2119,  1.6172,  ...,  1.5391,  0.1250,  0.3359]]],
       device='cuda:0', dtype=torch.bfloat16), False)
kwargs = {}

    def redispatch(
        self, /, keyset: torch._C.DispatchKeySet, *args: _P.args, **kwargs: _P.kwargs
    ) -> _T:
>       return self._handle.redispatch_boxed(keyset, *args, **kwargs)  # type: ignore[return-value]
E       torch.AcceleratorError: CUDA error: invalid device function
E       Search for `cudaErrorInvalidDeviceFunction' in https://docs.nvidia.com/cuda/cuda-runtime-api/group__CUDART__TYPES.html for more information.
E       CUDA kernel errors might be asynchronously reported at some other API call, so the stacktrace below might be incorrect.
E       For debugging consider passing CUDA_LAUNCH_BLOCKING=1
E       Compile with `TORCH_USE_CUDA_DSA` to enable device-side assertions.

/root/miniconda/envs/python310_torch29_cuda/lib/python3.10/site-packages/torch/_ops.py:848: AcceleratorError
_____________________ test_std[dtype2-True-0-dim2-shape2] ______________________

shape = (200, 40999, 3), dim = [0, 1], correction = 0, keepdim = True
dtype = torch.bfloat16

    @pytest.mark.std
    @pytest.mark.parametrize("shape", utils.REDUCTION_SHAPES)
    @pytest.mark.parametrize("dim", DIMS_LIST + [None])
    @pytest.mark.parametrize("correction", CORRECTION)
    @pytest.mark.parametrize("keepdim", KEEP_DIM)
    @pytest.mark.parametrize("dtype", FLOAT_DTYPES)
    @pytest.mark.skipif(
        flag_gems.vendor_name == "tsingmicro", reason="Issue #4131: not working"
    )
    def test_std(shape, dim, correction, keepdim, dtype):
        inp = torch.randn(shape, dtype=dtype, device=flag_gems.device)
    
        dims_to_check = []
        if isinstance(dim, int):
            dims_to_check = [dim]
        elif isinstance(dim, (list, tuple)):
            dims_to_check = dim
    
        if any(d >= len(shape) or d < -len(shape) for d in dims_to_check):
            # skip the test if dimension is out of range for the given shape.
            return
    
        if correction == 1:
            if dim is not None:
                positive_dims = [d % len(shape) for d in dims_to_check]
                reduction_size = 1
                for d in positive_dims:
                    reduction_size *= shape[d]
                if reduction_size < 2:
                    # Invalid case: correction=1 requires reduction size of at least 2
                    return
            elif inp.numel() < 2:
                # Invalid case: correction=1 requires numel >= 2 for global reduction.
                return
    
        ref_inp = utils.to_reference(inp)
    
        with flag_gems.use_gems():
>           res_out = torch.std(inp, dim=dim, correction=correction, keepdim=keepdim)

test_std.py:79: 
_ _ _ _ _ _ _ _ _ _ _ _ _ _ _ _ _ _ _ _ _ _ _ _ _ _ _ _ _ _ _ _ _ _ _ _ _ _ _ _ 
../src/flag_gems/runtime/backend/_kunlunxin/ops/std.py:171: in std
    x_view = dim_compress(x, dim_list_normalized)
../src/flag_gems/utils/shape_utils.py:223: in dim_compress
    return inp.permute(order).contiguous()
../src/flag_gems/runtime/backend/_kunlunxin/ops/copy.py:120: in copy_
    return torch.ops.aten.copy_.default.redispatch(
_ _ _ _ _ _ _ _ _ _ _ _ _ _ _ _ _ _ _ _ _ _ _ _ _ _ _ _ _ _ _ _ _ _ _ _ _ _ _ _ 

self = <OpOverload(op='aten.copy_', overload='default')>
keyset = DispatchKeySet()
args = (tensor([[[ 0.4961, -0.6484,  0.3887,  ..., -0.2217,  0.1934, -0.6172],
         [-1.2422,  0.7383,  1.0156,  ..., -2....  [ 2.3906,  0.3145,  0.7930,  ...,  0.6914,  0.9375,  1.2891]]],
       device='cuda:0', dtype=torch.bfloat16), False)
kwargs = {}

    def redispatch(
        self, /, keyset: torch._C.DispatchKeySet, *args: _P.args, **kwargs: _P.kwargs
    ) -> _T:
>       return self._handle.redispatch_boxed(keyset, *args, **kwargs)  # type: ignore[return-value]
E       torch.AcceleratorError: CUDA error: invalid device function
E       Search for `cudaErrorInvalidDeviceFunction' in https://docs.nvidia.com/cuda/cuda-runtime-api/group__CUDART__TYPES.html for more information.
E       CUDA kernel errors might be asynchronously reported at some other API call, so the stacktrace below might be incorrect.
E       For debugging consider passing CUDA_LAUNCH_BLOCKING=1
E       Compile with `TORCH_USE_CUDA_DSA` to enable device-side assertions.

/root/miniconda/envs/python310_torch29_cuda/lib/python3.10/site-packages/torch/_ops.py:848: AcceleratorError
_____________________ test_std[dtype2-True-0-dim3-shape2] ______________________

shape = (200, 40999, 3), dim = [1, 0], correction = 0, keepdim = True
dtype = torch.bfloat16

    @pytest.mark.std
    @pytest.mark.parametrize("shape", utils.REDUCTION_SHAPES)
    @pytest.mark.parametrize("dim", DIMS_LIST + [None])
    @pytest.mark.parametrize("correction", CORRECTION)
    @pytest.mark.parametrize("keepdim", KEEP_DIM)
    @pytest.mark.parametrize("dtype", FLOAT_DTYPES)
    @pytest.mark.skipif(
        flag_gems.vendor_name == "tsingmicro", reason="Issue #4131: not working"
    )
    def test_std(shape, dim, correction, keepdim, dtype):
        inp = torch.randn(shape, dtype=dtype, device=flag_gems.device)
    
        dims_to_check = []
        if isinstance(dim, int):
            dims_to_check = [dim]
        elif isinstance(dim, (list, tuple)):
            dims_to_check = dim
    
        if any(d >= len(shape) or d < -len(shape) for d in dims_to_check):
            # skip the test if dimension is out of range for the given shape.
            return
    
        if correction == 1:
            if dim is not None:
                positive_dims = [d % len(shape) for d in dims_to_check]
                reduction_size = 1
                for d in positive_dims:
                    reduction_size *= shape[d]
                if reduction_size < 2:
                    # Invalid case: correction=1 requires reduction size of at least 2
                    return
            elif inp.numel() < 2:
                # Invalid case: correction=1 requires numel >= 2 for global reduction.
                return
    
        ref_inp = utils.to_reference(inp)
    
        with flag_gems.use_gems():
>           res_out = torch.std(inp, dim=dim, correction=correction, keepdim=keepdim)

test_std.py:79: 
_ _ _ _ _ _ _ _ _ _ _ _ _ _ _ _ _ _ _ _ _ _ _ _ _ _ _ _ _ _ _ _ _ _ _ _ _ _ _ _ 
../src/flag_gems/runtime/backend/_kunlunxin/ops/std.py:171: in std
    x_view = dim_compress(x, dim_list_normalized)
../src/flag_gems/utils/shape_utils.py:223: in dim_compress
    return inp.permute(order).contiguous()
../src/flag_gems/runtime/backend/_kunlunxin/ops/copy.py:120: in copy_
    return torch.ops.aten.copy_.default.redispatch(
_ _ _ _ _ _ _ _ _ _ _ _ _ _ _ _ _ _ _ _ _ _ _ _ _ _ _ _ _ _ _ _ _ _ _ _ _ _ _ _ 

self = <OpOverload(op='aten.copy_', overload='default')>
keyset = DispatchKeySet()
args = (tensor([[[0., 0., 0.,  ..., 0., 0., 0.],
         [0., 0., 0.,  ..., 0., 0., 0.],
         [0., 0., 0.,  ..., 0., 0.,...  [ 0.1113,  1.3125,  0.2832,  ...,  1.5547,  0.2871,  0.4531]]],
       device='cuda:0', dtype=torch.bfloat16), False)
kwargs = {}

    def redispatch(
        self, /, keyset: torch._C.DispatchKeySet, *args: _P.args, **kwargs: _P.kwargs
    ) -> _T:
>       return self._handle.redispatch_boxed(keyset, *args, **kwargs)  # type: ignore[return-value]
E       torch.AcceleratorError: CUDA error: invalid device function
E       Search for `cudaErrorInvalidDeviceFunction' in https://docs.nvidia.com/cuda/cuda-runtime-api/group__CUDART__TYPES.html for more information.
E       CUDA kernel errors might be asynchronously reported at some other API call, so the stacktrace below might be incorrect.
E       For debugging consider passing CUDA_LAUNCH_BLOCKING=1
E       Compile with `TORCH_USE_CUDA_DSA` to enable device-side assertions.

/root/miniconda/envs/python310_torch29_cuda/lib/python3.10/site-packages/torch/_ops.py:848: AcceleratorError
_______________________ test_std[dtype2-True-1-0-shape1] _______________________

shape = (4096, 256), dim = 0, correction = 1, keepdim = True
dtype = torch.bfloat16

    @pytest.mark.std
    @pytest.mark.parametrize("shape", utils.REDUCTION_SHAPES)
    @pytest.mark.parametrize("dim", DIMS_LIST + [None])
    @pytest.mark.parametrize("correction", CORRECTION)
    @pytest.mark.parametrize("keepdim", KEEP_DIM)
    @pytest.mark.parametrize("dtype", FLOAT_DTYPES)
    @pytest.mark.skipif(
        flag_gems.vendor_name == "tsingmicro", reason="Issue #4131: not working"
    )
    def test_std(shape, dim, correction, keepdim, dtype):
        inp = torch.randn(shape, dtype=dtype, device=flag_gems.device)
    
        dims_to_check = []
        if isinstance(dim, int):
            dims_to_check = [dim]
        elif isinstance(dim, (list, tuple)):
            dims_to_check = dim
    
        if any(d >= len(shape) or d < -len(shape) for d in dims_to_check):
            # skip the test if dimension is out of range for the given shape.
            return
    
        if correction == 1:
            if dim is not None:
                positive_dims = [d % len(shape) for d in dims_to_check]
                reduction_size = 1
                for d in positive_dims:
                    reduction_size *= shape[d]
                if reduction_size < 2:
                    # Invalid case: correction=1 requires reduction size of at least 2
                    return
            elif inp.numel() < 2:
                # Invalid case: correction=1 requires numel >= 2 for global reduction.
                return
    
        ref_inp = utils.to_reference(inp)
    
        with flag_gems.use_gems():
>           res_out = torch.std(inp, dim=dim, correction=correction, keepdim=keepdim)

test_std.py:79: 
_ _ _ _ _ _ _ _ _ _ _ _ _ _ _ _ _ _ _ _ _ _ _ _ _ _ _ _ _ _ _ _ _ _ _ _ _ _ _ _ 
../src/flag_gems/runtime/backend/_kunlunxin/ops/std.py:171: in std
    x_view = dim_compress(x, dim_list_normalized)
../src/flag_gems/utils/shape_utils.py:223: in dim_compress
    return inp.permute(order).contiguous()
../src/flag_gems/runtime/backend/_kunlunxin/ops/copy.py:120: in copy_
    return torch.ops.aten.copy_.default.redispatch(
_ _ _ _ _ _ _ _ _ _ _ _ _ _ _ _ _ _ _ _ _ _ _ _ _ _ _ _ _ _ _ _ _ _ _ _ _ _ _ _ 

self = <OpOverload(op='aten.copy_', overload='default')>
keyset = DispatchKeySet()
args = (tensor([[-1.4609,  0.4492, -2.0938,  ..., -0.2656, -0.3691, -0.6836],
        [ 0.1348,  0.7930, -3.0312,  ..., -0.41...   [-0.5234,  0.9023, -3.8906,  ..., -0.4199, -0.8867, -0.0806]],
       device='cuda:0', dtype=torch.bfloat16), False)
kwargs = {}

    def redispatch(
        self, /, keyset: torch._C.DispatchKeySet, *args: _P.args, **kwargs: _P.kwargs
    ) -> _T:
>       return self._handle.redispatch_boxed(keyset, *args, **kwargs)  # type: ignore[return-value]
E       torch.AcceleratorError: CUDA error: invalid device function
E       Search for `cudaErrorInvalidDeviceFunction' in https://docs.nvidia.com/cuda/cuda-runtime-api/group__CUDART__TYPES.html for more information.
E       CUDA kernel errors might be asynchronously reported at some other API call, so the stacktrace below might be incorrect.
E       For debugging consider passing CUDA_LAUNCH_BLOCKING=1
E       Compile with `TORCH_USE_CUDA_DSA` to enable device-side assertions.

/root/miniconda/envs/python310_torch29_cuda/lib/python3.10/site-packages/torch/_ops.py:848: AcceleratorError
_______________________ test_std[dtype2-True-1-0-shape2] _______________________

shape = (200, 40999, 3), dim = 0, correction = 1, keepdim = True
dtype = torch.bfloat16

    @pytest.mark.std
    @pytest.mark.parametrize("shape", utils.REDUCTION_SHAPES)
    @pytest.mark.parametrize("dim", DIMS_LIST + [None])
    @pytest.mark.parametrize("correction", CORRECTION)
    @pytest.mark.parametrize("keepdim", KEEP_DIM)
    @pytest.mark.parametrize("dtype", FLOAT_DTYPES)
    @pytest.mark.skipif(
        flag_gems.vendor_name == "tsingmicro", reason="Issue #4131: not working"
    )
    def test_std(shape, dim, correction, keepdim, dtype):
        inp = torch.randn(shape, dtype=dtype, device=flag_gems.device)
    
        dims_to_check = []
        if isinstance(dim, int):
            dims_to_check = [dim]
        elif isinstance(dim, (list, tuple)):
            dims_to_check = dim
    
        if any(d >= len(shape) or d < -len(shape) for d in dims_to_check):
            # skip the test if dimension is out of range for the given shape.
            return
    
        if correction == 1:
            if dim is not None:
                positive_dims = [d % len(shape) for d in dims_to_check]
                reduction_size = 1
                for d in positive_dims:
                    reduction_size *= shape[d]
                if reduction_size < 2:
                    # Invalid case: correction=1 requires reduction size of at least 2
                    return
            elif inp.numel() < 2:
                # Invalid case: correction=1 requires numel >= 2 for global reduction.
                return
    
        ref_inp = utils.to_reference(inp)
    
        with flag_gems.use_gems():
>           res_out = torch.std(inp, dim=dim, correction=correction, keepdim=keepdim)

test_std.py:79: 
_ _ _ _ _ _ _ _ _ _ _ _ _ _ _ _ _ _ _ _ _ _ _ _ _ _ _ _ _ _ _ _ _ _ _ _ _ _ _ _ 
../src/flag_gems/runtime/backend/_kunlunxin/ops/std.py:171: in std
    x_view = dim_compress(x, dim_list_normalized)
../src/flag_gems/utils/shape_utils.py:223: in dim_compress
    return inp.permute(order).contiguous()
../src/flag_gems/runtime/backend/_kunlunxin/ops/copy.py:120: in copy_
    return torch.ops.aten.copy_.default.redispatch(
_ _ _ _ _ _ _ _ _ _ _ _ _ _ _ _ _ _ _ _ _ _ _ _ _ _ _ _ _ _ _ _ _ _ _ _ _ _ _ _ 

self = <OpOverload(op='aten.copy_', overload='default')>
keyset = DispatchKeySet()
args = (tensor([[[0., 0., 0.,  ..., 0., 0., 0.],
         [0., 0., 0.,  ..., 0., 0., 0.],
         [0., 0., 0.,  ..., 0., 0.,...  [-0.2012,  0.7227, -0.6562,  ..., -1.4844, -1.1953, -0.1338]]],
       device='cuda:0', dtype=torch.bfloat16), False)
kwargs = {}

    def redispatch(
        self, /, keyset: torch._C.DispatchKeySet, *args: _P.args, **kwargs: _P.kwargs
    ) -> _T:
>       return self._handle.redispatch_boxed(keyset, *args, **kwargs)  # type: ignore[return-value]
E       torch.AcceleratorError: CUDA error: invalid device function
E       Search for `cudaErrorInvalidDeviceFunction' in https://docs.nvidia.com/cuda/cuda-runtime-api/group__CUDART__TYPES.html for more information.
E       CUDA kernel errors might be asynchronously reported at some other API call, so the stacktrace below might be incorrect.
E       For debugging consider passing CUDA_LAUNCH_BLOCKING=1
E       Compile with `TORCH_USE_CUDA_DSA` to enable device-side assertions.

/root/miniconda/envs/python310_torch29_cuda/lib/python3.10/site-packages/torch/_ops.py:848: AcceleratorError
_______________________ test_std[dtype2-True-1-1-shape2] _______________________

shape = (200, 40999, 3), dim = 1, correction = 1, keepdim = True
dtype = torch.bfloat16

    @pytest.mark.std
    @pytest.mark.parametrize("shape", utils.REDUCTION_SHAPES)
    @pytest.mark.parametrize("dim", DIMS_LIST + [None])
    @pytest.mark.parametrize("correction", CORRECTION)
    @pytest.mark.parametrize("keepdim", KEEP_DIM)
    @pytest.mark.parametrize("dtype", FLOAT_DTYPES)
    @pytest.mark.skipif(
        flag_gems.vendor_name == "tsingmicro", reason="Issue #4131: not working"
    )
    def test_std(shape, dim, correction, keepdim, dtype):
        inp = torch.randn(shape, dtype=dtype, device=flag_gems.device)
    
        dims_to_check = []
        if isinstance(dim, int):
            dims_to_check = [dim]
        elif isinstance(dim, (list, tuple)):
            dims_to_check = dim
    
        if any(d >= len(shape) or d < -len(shape) for d in dims_to_check):
            # skip the test if dimension is out of range for the given shape.
            return
    
        if correction == 1:
            if dim is not None:
                positive_dims = [d % len(shape) for d in dims_to_check]
                reduction_size = 1
                for d in positive_dims:
                    reduction_size *= shape[d]
                if reduction_size < 2:
                    # Invalid case: correction=1 requires reduction size of at least 2
                    return
            elif inp.numel() < 2:
                # Invalid case: correction=1 requires numel >= 2 for global reduction.
                return
    
        ref_inp = utils.to_reference(inp)
    
        with flag_gems.use_gems():
>           res_out = torch.std(inp, dim=dim, correction=correction, keepdim=keepdim)

test_std.py:79: 
_ _ _ _ _ _ _ _ _ _ _ _ _ _ _ _ _ _ _ _ _ _ _ _ _ _ _ _ _ _ _ _ _ _ _ _ _ _ _ _ 
../src/flag_gems/runtime/backend/_kunlunxin/ops/std.py:171: in std
    x_view = dim_compress(x, dim_list_normalized)
../src/flag_gems/utils/shape_utils.py:223: in dim_compress
    return inp.permute(order).contiguous()
../src/flag_gems/runtime/backend/_kunlunxin/ops/copy.py:120: in copy_
    return torch.ops.aten.copy_.default.redispatch(
_ _ _ _ _ _ _ _ _ _ _ _ _ _ _ _ _ _ _ _ _ _ _ _ _ _ _ _ _ _ _ _ _ _ _ _ _ _ _ _ 

self = <OpOverload(op='aten.copy_', overload='default')>
keyset = DispatchKeySet()
args = (tensor([[[0., 0., 0.,  ..., 0., 0., 0.],
         [0., 0., 0.,  ..., 0., 0., 0.],
         [0., 0., 0.,  ..., 0., 0.,...  [-0.2266,  1.0312, -0.6133,  ...,  1.4609,  0.9531, -1.2422]]],
       device='cuda:0', dtype=torch.bfloat16), False)
kwargs = {}

    def redispatch(
        self, /, keyset: torch._C.DispatchKeySet, *args: _P.args, **kwargs: _P.kwargs
    ) -> _T:
>       return self._handle.redispatch_boxed(keyset, *args, **kwargs)  # type: ignore[return-value]
E       torch.AcceleratorError: CUDA error: invalid device function
E       Search for `cudaErrorInvalidDeviceFunction' in https://docs.nvidia.com/cuda/cuda-runtime-api/group__CUDART__TYPES.html for more information.
E       CUDA kernel errors might be asynchronously reported at some other API call, so the stacktrace below might be incorrect.
E       For debugging consider passing CUDA_LAUNCH_BLOCKING=1
E       Compile with `TORCH_USE_CUDA_DSA` to enable device-side assertions.

/root/miniconda/envs/python310_torch29_cuda/lib/python3.10/site-packages/torch/_ops.py:848: AcceleratorError
_____________________ test_std[dtype2-True-1-dim2-shape2] ______________________

shape = (200, 40999, 3), dim = [0, 1], correction = 1, keepdim = True
dtype = torch.bfloat16

    @pytest.mark.std
    @pytest.mark.parametrize("shape", utils.REDUCTION_SHAPES)
    @pytest.mark.parametrize("dim", DIMS_LIST + [None])
    @pytest.mark.parametrize("correction", CORRECTION)
    @pytest.mark.parametrize("keepdim", KEEP_DIM)
    @pytest.mark.parametrize("dtype", FLOAT_DTYPES)
    @pytest.mark.skipif(
        flag_gems.vendor_name == "tsingmicro", reason="Issue #4131: not working"
    )
    def test_std(shape, dim, correction, keepdim, dtype):
        inp = torch.randn(shape, dtype=dtype, device=flag_gems.device)
    
        dims_to_check = []
        if isinstance(dim, int):
            dims_to_check = [dim]
        elif isinstance(dim, (list, tuple)):
            dims_to_check = dim
    
        if any(d >= len(shape) or d < -len(shape) for d in dims_to_check):
            # skip the test if dimension is out of range for the given shape.
            return
    
        if correction == 1:
            if dim is not None:
                positive_dims = [d % len(shape) for d in dims_to_check]
                reduction_size = 1
                for d in positive_dims:
                    reduction_size *= shape[d]
                if reduction_size < 2:
                    # Invalid case: correction=1 requires reduction size of at least 2
                    return
            elif inp.numel() < 2:
                # Invalid case: correction=1 requires numel >= 2 for global reduction.
                return
    
        ref_inp = utils.to_reference(inp)
    
        with flag_gems.use_gems():
>           res_out = torch.std(inp, dim=dim, correction=correction, keepdim=keepdim)

test_std.py:79: 
_ _ _ _ _ _ _ _ _ _ _ _ _ _ _ _ _ _ _ _ _ _ _ _ _ _ _ _ _ _ _ _ _ _ _ _ _ _ _ _ 
../src/flag_gems/runtime/backend/_kunlunxin/ops/std.py:171: in std
    x_view = dim_compress(x, dim_list_normalized)
../src/flag_gems/utils/shape_utils.py:223: in dim_compress
    return inp.permute(order).contiguous()
../src/flag_gems/runtime/backend/_kunlunxin/ops/copy.py:120: in copy_
    return torch.ops.aten.copy_.default.redispatch(
_ _ _ _ _ _ _ _ _ _ _ _ _ _ _ _ _ _ _ _ _ _ _ _ _ _ _ _ _ _ _ _ _ _ _ _ _ _ _ _ 

self = <OpOverload(op='aten.copy_', overload='default')>
keyset = DispatchKeySet()
args = (tensor([[[0., 0., 0.,  ..., 0., 0., 0.],
         [0., 0., 0.,  ..., 0., 0., 0.],
         [0., 0., 0.,  ..., 0., 0.,...  [ 0.6328,  0.3535, -0.4668,  ..., -0.9297, -0.9961, -0.3164]]],
       device='cuda:0', dtype=torch.bfloat16), False)
kwargs = {}

    def redispatch(
        self, /, keyset: torch._C.DispatchKeySet, *args: _P.args, **kwargs: _P.kwargs
    ) -> _T:
>       return self._handle.redispatch_boxed(keyset, *args, **kwargs)  # type: ignore[return-value]
E       torch.AcceleratorError: CUDA error: invalid device function
E       Search for `cudaErrorInvalidDeviceFunction' in https://docs.nvidia.com/cuda/cuda-runtime-api/group__CUDART__TYPES.html for more information.
E       CUDA kernel errors might be asynchronously reported at some other API call, so the stacktrace below might be incorrect.
E       For debugging consider passing CUDA_LAUNCH_BLOCKING=1
E       Compile with `TORCH_USE_CUDA_DSA` to enable device-side assertions.

/root/miniconda/envs/python310_torch29_cuda/lib/python3.10/site-packages/torch/_ops.py:848: AcceleratorError
_____________________ test_std[dtype2-True-1-dim3-shape2] ______________________

shape = (200, 40999, 3), dim = [1, 0], correction = 1, keepdim = True
dtype = torch.bfloat16

    @pytest.mark.std
    @pytest.mark.parametrize("shape", utils.REDUCTION_SHAPES)
    @pytest.mark.parametrize("dim", DIMS_LIST + [None])
    @pytest.mark.parametrize("correction", CORRECTION)
    @pytest.mark.parametrize("keepdim", KEEP_DIM)
    @pytest.mark.parametrize("dtype", FLOAT_DTYPES)
    @pytest.mark.skipif(
        flag_gems.vendor_name == "tsingmicro", reason="Issue #4131: not working"
    )
    def test_std(shape, dim, correction, keepdim, dtype):
        inp = torch.randn(shape, dtype=dtype, device=flag_gems.device)
    
        dims_to_check = []
        if isinstance(dim, int):
            dims_to_check = [dim]
        elif isinstance(dim, (list, tuple)):
            dims_to_check = dim
    
        if any(d >= len(shape) or d < -len(shape) for d in dims_to_check):
            # skip the test if dimension is out of range for the given shape.
            return
    
        if correction == 1:
            if dim is not None:
                positive_dims = [d % len(shape) for d in dims_to_check]
                reduction_size = 1
                for d in positive_dims:
                    reduction_size *= shape[d]
                if reduction_size < 2:
                    # Invalid case: correction=1 requires reduction size of at least 2
                    return
            elif inp.numel() < 2:
                # Invalid case: correction=1 requires numel >= 2 for global reduction.
                return
    
        ref_inp = utils.to_reference(inp)
    
        with flag_gems.use_gems():
>           res_out = torch.std(inp, dim=dim, correction=correction, keepdim=keepdim)

test_std.py:79: 
_ _ _ _ _ _ _ _ _ _ _ _ _ _ _ _ _ _ _ _ _ _ _ _ _ _ _ _ _ _ _ _ _ _ _ _ _ _ _ _ 
../src/flag_gems/runtime/backend/_kunlunxin/ops/std.py:171: in std
    x_view = dim_compress(x, dim_list_normalized)
../src/flag_gems/utils/shape_utils.py:223: in dim_compress
    return inp.permute(order).contiguous()
../src/flag_gems/runtime/backend/_kunlunxin/ops/copy.py:120: in copy_
    return torch.ops.aten.copy_.default.redispatch(
_ _ _ _ _ _ _ _ _ _ _ _ _ _ _ _ _ _ _ _ _ _ _ _ _ _ _ _ _ _ _ _ _ _ _ _ _ _ _ _ 

self = <OpOverload(op='aten.copy_', overload='default')>
keyset = DispatchKeySet()
args = (tensor([[[0., 0., 0.,  ..., 0., 0., 0.],
         [0., 0., 0.,  ..., 0., 0., 0.],
         [0., 0., 0.,  ..., 0., 0.,..., -6.7969e-01,  ...,  1.2891e+00,
          -1.2598e-01,  1.0889e-01]]], device='cuda:0', dtype=torch.bfloat16), False)
kwargs = {}

    def redispatch(
        self, /, keyset: torch._C.DispatchKeySet, *args: _P.args, **kwargs: _P.kwargs
    ) -> _T:
>       return self._handle.redispatch_boxed(keyset, *args, **kwargs)  # type: ignore[return-value]
E       torch.AcceleratorError: CUDA error: invalid device function
E       Search for `cudaErrorInvalidDeviceFunction' in https://docs.nvidia.com/cuda/cuda-runtime-api/group__CUDART__TYPES.html for more information.
E       CUDA kernel errors might be asynchronously reported at some other API call, so the stacktrace below might be incorrect.
E       For debugging consider passing CUDA_LAUNCH_BLOCKING=1
E       Compile with `TORCH_USE_CUDA_DSA` to enable device-side assertions.

/root/miniconda/envs/python310_torch29_cuda/lib/python3.10/site-packages/torch/_ops.py:848: AcceleratorError
______________________ test_std[dtype2-False-0-0-shape1] _______________________

shape = (4096, 256), dim = 0, correction = 0, keepdim = False
dtype = torch.bfloat16

    @pytest.mark.std
    @pytest.mark.parametrize("shape", utils.REDUCTION_SHAPES)
    @pytest.mark.parametrize("dim", DIMS_LIST + [None])
    @pytest.mark.parametrize("correction", CORRECTION)
    @pytest.mark.parametrize("keepdim", KEEP_DIM)
    @pytest.mark.parametrize("dtype", FLOAT_DTYPES)
    @pytest.mark.skipif(
        flag_gems.vendor_name == "tsingmicro", reason="Issue #4131: not working"
    )
    def test_std(shape, dim, correction, keepdim, dtype):
        inp = torch.randn(shape, dtype=dtype, device=flag_gems.device)
    
        dims_to_check = []
        if isinstance(dim, int):
            dims_to_check = [dim]
        elif isinstance(dim, (list, tuple)):
            dims_to_check = dim
    
        if any(d >= len(shape) or d < -len(shape) for d in dims_to_check):
            # skip the test if dimension is out of range for the given shape.
            return
    
        if correction == 1:
            if dim is not None:
                positive_dims = [d % len(shape) for d in dims_to_check]
                reduction_size = 1
                for d in positive_dims:
                    reduction_size *= shape[d]
                if reduction_size < 2:
                    # Invalid case: correction=1 requires reduction size of at least 2
                    return
            elif inp.numel() < 2:
                # Invalid case: correction=1 requires numel >= 2 for global reduction.
                return
    
        ref_inp = utils.to_reference(inp)
    
        with flag_gems.use_gems():
>           res_out = torch.std(inp, dim=dim, correction=correction, keepdim=keepdim)

test_std.py:79: 
_ _ _ _ _ _ _ _ _ _ _ _ _ _ _ _ _ _ _ _ _ _ _ _ _ _ _ _ _ _ _ _ _ _ _ _ _ _ _ _ 
../src/flag_gems/runtime/backend/_kunlunxin/ops/std.py:171: in std
    x_view = dim_compress(x, dim_list_normalized)
../src/flag_gems/utils/shape_utils.py:223: in dim_compress
    return inp.permute(order).contiguous()
../src/flag_gems/runtime/backend/_kunlunxin/ops/copy.py:120: in copy_
    return torch.ops.aten.copy_.default.redispatch(
_ _ _ _ _ _ _ _ _ _ _ _ _ _ _ _ _ _ _ _ _ _ _ _ _ _ _ _ _ _ _ _ _ _ _ _ _ _ _ _ 

self = <OpOverload(op='aten.copy_', overload='default')>
keyset = DispatchKeySet()
args = (tensor([[-9.8178e+17,  9.6094e-01,  5.8107e+20,  ...,  1.5234e+00,
          1.0626e-35, -4.4727e-01],
        [ 1.82...   [ 0.1826, -0.4023, -0.6250,  ...,  0.9531,  0.6953, -1.1172]],
       device='cuda:0', dtype=torch.bfloat16), False)
kwargs = {}

    def redispatch(
        self, /, keyset: torch._C.DispatchKeySet, *args: _P.args, **kwargs: _P.kwargs
    ) -> _T:
>       return self._handle.redispatch_boxed(keyset, *args, **kwargs)  # type: ignore[return-value]
E       torch.AcceleratorError: CUDA error: invalid device function
E       Search for `cudaErrorInvalidDeviceFunction' in https://docs.nvidia.com/cuda/cuda-runtime-api/group__CUDART__TYPES.html for more information.
E       CUDA kernel errors might be asynchronously reported at some other API call, so the stacktrace below might be incorrect.
E       For debugging consider passing CUDA_LAUNCH_BLOCKING=1
E       Compile with `TORCH_USE_CUDA_DSA` to enable device-side assertions.

/root/miniconda/envs/python310_torch29_cuda/lib/python3.10/site-packages/torch/_ops.py:848: AcceleratorError
______________________ test_std[dtype2-False-0-0-shape2] _______________________

shape = (200, 40999, 3), dim = 0, correction = 0, keepdim = False
dtype = torch.bfloat16

    @pytest.mark.std
    @pytest.mark.parametrize("shape", utils.REDUCTION_SHAPES)
    @pytest.mark.parametrize("dim", DIMS_LIST + [None])
    @pytest.mark.parametrize("correction", CORRECTION)
    @pytest.mark.parametrize("keepdim", KEEP_DIM)
    @pytest.mark.parametrize("dtype", FLOAT_DTYPES)
    @pytest.mark.skipif(
        flag_gems.vendor_name == "tsingmicro", reason="Issue #4131: not working"
    )
    def test_std(shape, dim, correction, keepdim, dtype):
        inp = torch.randn(shape, dtype=dtype, device=flag_gems.device)
    
        dims_to_check = []
        if isinstance(dim, int):
            dims_to_check = [dim]
        elif isinstance(dim, (list, tuple)):
            dims_to_check = dim
    
        if any(d >= len(shape) or d < -len(shape) for d in dims_to_check):
            # skip the test if dimension is out of range for the given shape.
            return
    
        if correction == 1:
            if dim is not None:
                positive_dims = [d % len(shape) for d in dims_to_check]
                reduction_size = 1
                for d in positive_dims:
                    reduction_size *= shape[d]
                if reduction_size < 2:
                    # Invalid case: correction=1 requires reduction size of at least 2
                    return
            elif inp.numel() < 2:
                # Invalid case: correction=1 requires numel >= 2 for global reduction.
                return
    
        ref_inp = utils.to_reference(inp)
    
        with flag_gems.use_gems():
>           res_out = torch.std(inp, dim=dim, correction=correction, keepdim=keepdim)

test_std.py:79: 
_ _ _ _ _ _ _ _ _ _ _ _ _ _ _ _ _ _ _ _ _ _ _ _ _ _ _ _ _ _ _ _ _ _ _ _ _ _ _ _ 
../src/flag_gems/runtime/backend/_kunlunxin/ops/std.py:171: in std
    x_view = dim_compress(x, dim_list_normalized)
../src/flag_gems/utils/shape_utils.py:223: in dim_compress
    return inp.permute(order).contiguous()
../src/flag_gems/runtime/backend/_kunlunxin/ops/copy.py:120: in copy_
    return torch.ops.aten.copy_.default.redispatch(
_ _ _ _ _ _ _ _ _ _ _ _ _ _ _ _ _ _ _ _ _ _ _ _ _ _ _ _ _ _ _ _ _ _ _ _ _ _ _ _ 

self = <OpOverload(op='aten.copy_', overload='default')>
keyset = DispatchKeySet()
args = (tensor([[[0., 0., 0.,  ..., 0., 0., 0.],
         [0., 0., 0.,  ..., 0., 0., 0.],
         [0., 0., 0.,  ..., 0., 0.,...  [-0.0381, -0.4648,  0.2773,  ..., -0.4707, -0.7422, -0.1235]]],
       device='cuda:0', dtype=torch.bfloat16), False)
kwargs = {}

    def redispatch(
        self, /, keyset: torch._C.DispatchKeySet, *args: _P.args, **kwargs: _P.kwargs
    ) -> _T:
>       return self._handle.redispatch_boxed(keyset, *args, **kwargs)  # type: ignore[return-value]
E       torch.AcceleratorError: CUDA error: invalid device function
E       Search for `cudaErrorInvalidDeviceFunction' in https://docs.nvidia.com/cuda/cuda-runtime-api/group__CUDART__TYPES.html for more information.
E       CUDA kernel errors might be asynchronously reported at some other API call, so the stacktrace below might be incorrect.
E       For debugging consider passing CUDA_LAUNCH_BLOCKING=1
E       Compile with `TORCH_USE_CUDA_DSA` to enable device-side assertions.

/root/miniconda/envs/python310_torch29_cuda/lib/python3.10/site-packages/torch/_ops.py:848: AcceleratorError
______________________ test_std[dtype2-False-0-1-shape2] _______________________

shape = (200, 40999, 3), dim = 1, correction = 0, keepdim = False
dtype = torch.bfloat16

    @pytest.mark.std
    @pytest.mark.parametrize("shape", utils.REDUCTION_SHAPES)
    @pytest.mark.parametrize("dim", DIMS_LIST + [None])
    @pytest.mark.parametrize("correction", CORRECTION)
    @pytest.mark.parametrize("keepdim", KEEP_DIM)
    @pytest.mark.parametrize("dtype", FLOAT_DTYPES)
    @pytest.mark.skipif(
        flag_gems.vendor_name == "tsingmicro", reason="Issue #4131: not working"
    )
    def test_std(shape, dim, correction, keepdim, dtype):
        inp = torch.randn(shape, dtype=dtype, device=flag_gems.device)
    
        dims_to_check = []
        if isinstance(dim, int):
            dims_to_check = [dim]
        elif isinstance(dim, (list, tuple)):
            dims_to_check = dim
    
        if any(d >= len(shape) or d < -len(shape) for d in dims_to_check):
            # skip the test if dimension is out of range for the given shape.
            return
    
        if correction == 1:
            if dim is not None:
                positive_dims = [d % len(shape) for d in dims_to_check]
                reduction_size = 1
                for d in positive_dims:
                    reduction_size *= shape[d]
                if reduction_size < 2:
                    # Invalid case: correction=1 requires reduction size of at least 2
                    return
            elif inp.numel() < 2:
                # Invalid case: correction=1 requires numel >= 2 for global reduction.
                return
    
        ref_inp = utils.to_reference(inp)
    
        with flag_gems.use_gems():
>           res_out = torch.std(inp, dim=dim, correction=correction, keepdim=keepdim)

test_std.py:79: 
_ _ _ _ _ _ _ _ _ _ _ _ _ _ _ _ _ _ _ _ _ _ _ _ _ _ _ _ _ _ _ _ _ _ _ _ _ _ _ _ 
../src/flag_gems/runtime/backend/_kunlunxin/ops/std.py:171: in std
    x_view = dim_compress(x, dim_list_normalized)
../src/flag_gems/utils/shape_utils.py:223: in dim_compress
    return inp.permute(order).contiguous()
../src/flag_gems/runtime/backend/_kunlunxin/ops/copy.py:120: in copy_
    return torch.ops.aten.copy_.default.redispatch(
_ _ _ _ _ _ _ _ _ _ _ _ _ _ _ _ _ _ _ _ _ _ _ _ _ _ _ _ _ _ _ _ _ _ _ _ _ _ _ _ 

self = <OpOverload(op='aten.copy_', overload='default')>
keyset = DispatchKeySet()
args = (tensor([[[ 0.0000e+00,  0.0000e+00,  0.0000e+00,  ...,  0.0000e+00,
           0.0000e+00,  0.0000e+00],
         [ 0...  [ 0.1406, -1.0312,  0.4551,  ..., -1.0312,  1.7578, -0.0371]]],
       device='cuda:0', dtype=torch.bfloat16), False)
kwargs = {}

    def redispatch(
        self, /, keyset: torch._C.DispatchKeySet, *args: _P.args, **kwargs: _P.kwargs
    ) -> _T:
>       return self._handle.redispatch_boxed(keyset, *args, **kwargs)  # type: ignore[return-value]
E       torch.AcceleratorError: CUDA error: invalid device function
E       Search for `cudaErrorInvalidDeviceFunction' in https://docs.nvidia.com/cuda/cuda-runtime-api/group__CUDART__TYPES.html for more information.
E       CUDA kernel errors might be asynchronously reported at some other API call, so the stacktrace below might be incorrect.
E       For debugging consider passing CUDA_LAUNCH_BLOCKING=1
E       Compile with `TORCH_USE_CUDA_DSA` to enable device-side assertions.

/root/miniconda/envs/python310_torch29_cuda/lib/python3.10/site-packages/torch/_ops.py:848: AcceleratorError
_____________________ test_std[dtype2-False-0-dim2-shape2] _____________________

shape = (200, 40999, 3), dim = [0, 1], correction = 0, keepdim = False
dtype = torch.bfloat16

    @pytest.mark.std
    @pytest.mark.parametrize("shape", utils.REDUCTION_SHAPES)
    @pytest.mark.parametrize("dim", DIMS_LIST + [None])
    @pytest.mark.parametrize("correction", CORRECTION)
    @pytest.mark.parametrize("keepdim", KEEP_DIM)
    @pytest.mark.parametrize("dtype", FLOAT_DTYPES)
    @pytest.mark.skipif(
        flag_gems.vendor_name == "tsingmicro", reason="Issue #4131: not working"
    )
    def test_std(shape, dim, correction, keepdim, dtype):
        inp = torch.randn(shape, dtype=dtype, device=flag_gems.device)
    
        dims_to_check = []
        if isinstance(dim, int):
            dims_to_check = [dim]
        elif isinstance(dim, (list, tuple)):
            dims_to_check = dim
    
        if any(d >= len(shape) or d < -len(shape) for d in dims_to_check):
            # skip the test if dimension is out of range for the given shape.
            return
    
        if correction == 1:
            if dim is not None:
                positive_dims = [d % len(shape) for d in dims_to_check]
                reduction_size = 1
                for d in positive_dims:
                    reduction_size *= shape[d]
                if reduction_size < 2:
                    # Invalid case: correction=1 requires reduction size of at least 2
                    return
            elif inp.numel() < 2:
                # Invalid case: correction=1 requires numel >= 2 for global reduction.
                return
    
        ref_inp = utils.to_reference(inp)
    
        with flag_gems.use_gems():
>           res_out = torch.std(inp, dim=dim, correction=correction, keepdim=keepdim)

test_std.py:79: 
_ _ _ _ _ _ _ _ _ _ _ _ _ _ _ _ _ _ _ _ _ _ _ _ _ _ _ _ _ _ _ _ _ _ _ _ _ _ _ _ 
../src/flag_gems/runtime/backend/_kunlunxin/ops/std.py:171: in std
    x_view = dim_compress(x, dim_list_normalized)
../src/flag_gems/utils/shape_utils.py:223: in dim_compress
    return inp.permute(order).contiguous()
../src/flag_gems/runtime/backend/_kunlunxin/ops/copy.py:120: in copy_
    return torch.ops.aten.copy_.default.redispatch(
_ _ _ _ _ _ _ _ _ _ _ _ _ _ _ _ _ _ _ _ _ _ _ _ _ _ _ _ _ _ _ _ _ _ _ _ _ _ _ _ 

self = <OpOverload(op='aten.copy_', overload='default')>
keyset = DispatchKeySet()
args = (tensor([[[ 2.2446e+06, -1.5234e-01, -4.0224e-38,  ..., -7.2181e-29,
          -9.4922e-01, -9.1520e+03],
         [-1...  [-0.0869, -0.0381,  0.1875,  ..., -0.8555,  0.4160,  0.3535]]],
       device='cuda:0', dtype=torch.bfloat16), False)
kwargs = {}

    def redispatch(
        self, /, keyset: torch._C.DispatchKeySet, *args: _P.args, **kwargs: _P.kwargs
    ) -> _T:
>       return self._handle.redispatch_boxed(keyset, *args, **kwargs)  # type: ignore[return-value]
E       torch.AcceleratorError: CUDA error: invalid device function
E       Search for `cudaErrorInvalidDeviceFunction' in https://docs.nvidia.com/cuda/cuda-runtime-api/group__CUDART__TYPES.html for more information.
E       CUDA kernel errors might be asynchronously reported at some other API call, so the stacktrace below might be incorrect.
E       For debugging consider passing CUDA_LAUNCH_BLOCKING=1
E       Compile with `TORCH_USE_CUDA_DSA` to enable device-side assertions.

/root/miniconda/envs/python310_torch29_cuda/lib/python3.10/site-packages/torch/_ops.py:848: AcceleratorError
_____________________ test_std[dtype2-False-0-dim3-shape2] _____________________

shape = (200, 40999, 3), dim = [1, 0], correction = 0, keepdim = False
dtype = torch.bfloat16

    @pytest.mark.std
    @pytest.mark.parametrize("shape", utils.REDUCTION_SHAPES)
    @pytest.mark.parametrize("dim", DIMS_LIST + [None])
    @pytest.mark.parametrize("correction", CORRECTION)
    @pytest.mark.parametrize("keepdim", KEEP_DIM)
    @pytest.mark.parametrize("dtype", FLOAT_DTYPES)
    @pytest.mark.skipif(
        flag_gems.vendor_name == "tsingmicro", reason="Issue #4131: not working"
    )
    def test_std(shape, dim, correction, keepdim, dtype):
        inp = torch.randn(shape, dtype=dtype, device=flag_gems.device)
    
        dims_to_check = []
        if isinstance(dim, int):
            dims_to_check = [dim]
        elif isinstance(dim, (list, tuple)):
            dims_to_check = dim
    
        if any(d >= len(shape) or d < -len(shape) for d in dims_to_check):
            # skip the test if dimension is out of range for the given shape.
            return
    
        if correction == 1:
            if dim is not None:
                positive_dims = [d % len(shape) for d in dims_to_check]
                reduction_size = 1
                for d in positive_dims:
                    reduction_size *= shape[d]
                if reduction_size < 2:
                    # Invalid case: correction=1 requires reduction size of at least 2
                    return
            elif inp.numel() < 2:
                # Invalid case: correction=1 requires numel >= 2 for global reduction.
                return
    
        ref_inp = utils.to_reference(inp)
    
        with flag_gems.use_gems():
>           res_out = torch.std(inp, dim=dim, correction=correction, keepdim=keepdim)

test_std.py:79: 
_ _ _ _ _ _ _ _ _ _ _ _ _ _ _ _ _ _ _ _ _ _ _ _ _ _ _ _ _ _ _ _ _ _ _ _ _ _ _ _ 
../src/flag_gems/runtime/backend/_kunlunxin/ops/std.py:171: in std
    x_view = dim_compress(x, dim_list_normalized)
../src/flag_gems/utils/shape_utils.py:223: in dim_compress
    return inp.permute(order).contiguous()
../src/flag_gems/runtime/backend/_kunlunxin/ops/copy.py:120: in copy_
    return torch.ops.aten.copy_.default.redispatch(
_ _ _ _ _ _ _ _ _ _ _ _ _ _ _ _ _ _ _ _ _ _ _ _ _ _ _ _ _ _ _ _ _ _ _ _ _ _ _ _ 

self = <OpOverload(op='aten.copy_', overload='default')>
keyset = DispatchKeySet()
args = (tensor([[[-1.8152e+22,  8.9062e-01, -1.2952e+10,  ...,  1.2864e+04,
          -2.8281e+00, -3.3290e-35],
         [ 3...  [ 1.1875, -0.7617, -1.4922,  ..., -0.1230,  0.5469,  0.4082]]],
       device='cuda:0', dtype=torch.bfloat16), False)
kwargs = {}

    def redispatch(
        self, /, keyset: torch._C.DispatchKeySet, *args: _P.args, **kwargs: _P.kwargs
    ) -> _T:
>       return self._handle.redispatch_boxed(keyset, *args, **kwargs)  # type: ignore[return-value]
E       torch.AcceleratorError: CUDA error: invalid device function
E       Search for `cudaErrorInvalidDeviceFunction' in https://docs.nvidia.com/cuda/cuda-runtime-api/group__CUDART__TYPES.html for more information.
E       CUDA kernel errors might be asynchronously reported at some other API call, so the stacktrace below might be incorrect.
E       For debugging consider passing CUDA_LAUNCH_BLOCKING=1
E       Compile with `TORCH_USE_CUDA_DSA` to enable device-side assertions.

/root/miniconda/envs/python310_torch29_cuda/lib/python3.10/site-packages/torch/_ops.py:848: AcceleratorError
______________________ test_std[dtype2-False-1-0-shape1] _______________________

shape = (4096, 256), dim = 0, correction = 1, keepdim = False
dtype = torch.bfloat16

    @pytest.mark.std
    @pytest.mark.parametrize("shape", utils.REDUCTION_SHAPES)
    @pytest.mark.parametrize("dim", DIMS_LIST + [None])
    @pytest.mark.parametrize("correction", CORRECTION)
    @pytest.mark.parametrize("keepdim", KEEP_DIM)
    @pytest.mark.parametrize("dtype", FLOAT_DTYPES)
    @pytest.mark.skipif(
        flag_gems.vendor_name == "tsingmicro", reason="Issue #4131: not working"
    )
    def test_std(shape, dim, correction, keepdim, dtype):
        inp = torch.randn(shape, dtype=dtype, device=flag_gems.device)
    
        dims_to_check = []
        if isinstance(dim, int):
            dims_to_check = [dim]
        elif isinstance(dim, (list, tuple)):
            dims_to_check = dim
    
        if any(d >= len(shape) or d < -len(shape) for d in dims_to_check):
            # skip the test if dimension is out of range for the given shape.
            return
    
        if correction == 1:
            if dim is not None:
                positive_dims = [d % len(shape) for d in dims_to_check]
                reduction_size = 1
                for d in positive_dims:
                    reduction_size *= shape[d]
                if reduction_size < 2:
                    # Invalid case: correction=1 requires reduction size of at least 2
                    return
            elif inp.numel() < 2:
                # Invalid case: correction=1 requires numel >= 2 for global reduction.
                return
    
        ref_inp = utils.to_reference(inp)
    
        with flag_gems.use_gems():
>           res_out = torch.std(inp, dim=dim, correction=correction, keepdim=keepdim)

test_std.py:79: 
_ _ _ _ _ _ _ _ _ _ _ _ _ _ _ _ _ _ _ _ _ _ _ _ _ _ _ _ _ _ _ _ _ _ _ _ _ _ _ _ 
../src/flag_gems/runtime/backend/_kunlunxin/ops/std.py:171: in std
    x_view = dim_compress(x, dim_list_normalized)
../src/flag_gems/utils/shape_utils.py:223: in dim_compress
    return inp.permute(order).contiguous()
../src/flag_gems/runtime/backend/_kunlunxin/ops/copy.py:120: in copy_
    return torch.ops.aten.copy_.default.redispatch(
_ _ _ _ _ _ _ _ _ _ _ _ _ _ _ _ _ _ _ _ _ _ _ _ _ _ _ _ _ _ _ _ _ _ _ _ _ _ _ _ 

self = <OpOverload(op='aten.copy_', overload='default')>
keyset = DispatchKeySet()
args = (tensor([[ 2.0310e+27, -7.8516e-01,  1.6044e+30,  ...,  3.0664e-01,
         -4.9738e-13,  3.8086e-01],
        [-1.58...   [-0.3477, -1.2500, -0.1436,  ..., -0.2432,  1.4609, -0.0442]],
       device='cuda:0', dtype=torch.bfloat16), False)
kwargs = {}

    def redispatch(
        self, /, keyset: torch._C.DispatchKeySet, *args: _P.args, **kwargs: _P.kwargs
    ) -> _T:
>       return self._handle.redispatch_boxed(keyset, *args, **kwargs)  # type: ignore[return-value]
E       torch.AcceleratorError: CUDA error: invalid device function
E       Search for `cudaErrorInvalidDeviceFunction' in https://docs.nvidia.com/cuda/cuda-runtime-api/group__CUDART__TYPES.html for more information.
E       CUDA kernel errors might be asynchronously reported at some other API call, so the stacktrace below might be incorrect.
E       For debugging consider passing CUDA_LAUNCH_BLOCKING=1
E       Compile with `TORCH_USE_CUDA_DSA` to enable device-side assertions.

/root/miniconda/envs/python310_torch29_cuda/lib/python3.10/site-packages/torch/_ops.py:848: AcceleratorError
______________________ test_std[dtype2-False-1-0-shape2] _______________________

shape = (200, 40999, 3), dim = 0, correction = 1, keepdim = False
dtype = torch.bfloat16

    @pytest.mark.std
    @pytest.mark.parametrize("shape", utils.REDUCTION_SHAPES)
    @pytest.mark.parametrize("dim", DIMS_LIST + [None])
    @pytest.mark.parametrize("correction", CORRECTION)
    @pytest.mark.parametrize("keepdim", KEEP_DIM)
    @pytest.mark.parametrize("dtype", FLOAT_DTYPES)
    @pytest.mark.skipif(
        flag_gems.vendor_name == "tsingmicro", reason="Issue #4131: not working"
    )
    def test_std(shape, dim, correction, keepdim, dtype):
        inp = torch.randn(shape, dtype=dtype, device=flag_gems.device)
    
        dims_to_check = []
        if isinstance(dim, int):
            dims_to_check = [dim]
        elif isinstance(dim, (list, tuple)):
            dims_to_check = dim
    
        if any(d >= len(shape) or d < -len(shape) for d in dims_to_check):
            # skip the test if dimension is out of range for the given shape.
            return
    
        if correction == 1:
            if dim is not None:
                positive_dims = [d % len(shape) for d in dims_to_check]
                reduction_size = 1
                for d in positive_dims:
                    reduction_size *= shape[d]
                if reduction_size < 2:
                    # Invalid case: correction=1 requires reduction size of at least 2
                    return
            elif inp.numel() < 2:
                # Invalid case: correction=1 requires numel >= 2 for global reduction.
                return
    
        ref_inp = utils.to_reference(inp)
    
        with flag_gems.use_gems():
>           res_out = torch.std(inp, dim=dim, correction=correction, keepdim=keepdim)

test_std.py:79: 
_ _ _ _ _ _ _ _ _ _ _ _ _ _ _ _ _ _ _ _ _ _ _ _ _ _ _ _ _ _ _ _ _ _ _ _ _ _ _ _ 
../src/flag_gems/runtime/backend/_kunlunxin/ops/std.py:171: in std
    x_view = dim_compress(x, dim_list_normalized)
../src/flag_gems/utils/shape_utils.py:223: in dim_compress
    return inp.permute(order).contiguous()
../src/flag_gems/runtime/backend/_kunlunxin/ops/copy.py:120: in copy_
    return torch.ops.aten.copy_.default.redispatch(
_ _ _ _ _ _ _ _ _ _ _ _ _ _ _ _ _ _ _ _ _ _ _ _ _ _ _ _ _ _ _ _ _ _ _ _ _ _ _ _ 

self = <OpOverload(op='aten.copy_', overload='default')>
keyset = DispatchKeySet()
args = (tensor([[[ 1.3173e-31,  1.3125e+00, -4.5433e+34,  ..., -7.3438e-01,
          -1.9065e+33,  1.9219e+00],
         [ 1...  [ 1.0469, -0.9922, -0.0579,  ..., -0.0913,  1.4844,  1.1484]]],
       device='cuda:0', dtype=torch.bfloat16), False)
kwargs = {}

    def redispatch(
        self, /, keyset: torch._C.DispatchKeySet, *args: _P.args, **kwargs: _P.kwargs
    ) -> _T:
>       return self._handle.redispatch_boxed(keyset, *args, **kwargs)  # type: ignore[return-value]
E       torch.AcceleratorError: CUDA error: invalid device function
E       Search for `cudaErrorInvalidDeviceFunction' in https://docs.nvidia.com/cuda/cuda-runtime-api/group__CUDART__TYPES.html for more information.
E       CUDA kernel errors might be asynchronously reported at some other API call, so the stacktrace below might be incorrect.
E       For debugging consider passing CUDA_LAUNCH_BLOCKING=1
E       Compile with `TORCH_USE_CUDA_DSA` to enable device-side assertions.

/root/miniconda/envs/python310_torch29_cuda/lib/python3.10/site-packages/torch/_ops.py:848: AcceleratorError
______________________ test_std[dtype2-False-1-1-shape2] _______________________

shape = (200, 40999, 3), dim = 1, correction = 1, keepdim = False
dtype = torch.bfloat16

    @pytest.mark.std
    @pytest.mark.parametrize("shape", utils.REDUCTION_SHAPES)
    @pytest.mark.parametrize("dim", DIMS_LIST + [None])
    @pytest.mark.parametrize("correction", CORRECTION)
    @pytest.mark.parametrize("keepdim", KEEP_DIM)
    @pytest.mark.parametrize("dtype", FLOAT_DTYPES)
    @pytest.mark.skipif(
        flag_gems.vendor_name == "tsingmicro", reason="Issue #4131: not working"
    )
    def test_std(shape, dim, correction, keepdim, dtype):
        inp = torch.randn(shape, dtype=dtype, device=flag_gems.device)
    
        dims_to_check = []
        if isinstance(dim, int):
            dims_to_check = [dim]
        elif isinstance(dim, (list, tuple)):
            dims_to_check = dim
    
        if any(d >= len(shape) or d < -len(shape) for d in dims_to_check):
            # skip the test if dimension is out of range for the given shape.
            return
    
        if correction == 1:
            if dim is not None:
                positive_dims = [d % len(shape) for d in dims_to_check]
                reduction_size = 1
                for d in positive_dims:
                    reduction_size *= shape[d]
                if reduction_size < 2:
                    # Invalid case: correction=1 requires reduction size of at least 2
                    return
            elif inp.numel() < 2:
                # Invalid case: correction=1 requires numel >= 2 for global reduction.
                return
    
        ref_inp = utils.to_reference(inp)
    
        with flag_gems.use_gems():
>           res_out = torch.std(inp, dim=dim, correction=correction, keepdim=keepdim)

test_std.py:79: 
_ _ _ _ _ _ _ _ _ _ _ _ _ _ _ _ _ _ _ _ _ _ _ _ _ _ _ _ _ _ _ _ _ _ _ _ _ _ _ _ 
../src/flag_gems/runtime/backend/_kunlunxin/ops/std.py:171: in std
    x_view = dim_compress(x, dim_list_normalized)
../src/flag_gems/utils/shape_utils.py:223: in dim_compress
    return inp.permute(order).contiguous()
../src/flag_gems/runtime/backend/_kunlunxin/ops/copy.py:120: in copy_
    return torch.ops.aten.copy_.default.redispatch(
_ _ _ _ _ _ _ _ _ _ _ _ _ _ _ _ _ _ _ _ _ _ _ _ _ _ _ _ _ _ _ _ _ _ _ _ _ _ _ _ 

self = <OpOverload(op='aten.copy_', overload='default')>
keyset = DispatchKeySet()
args = (tensor([[[-2.2697e-04, -3.2501e-03, -1.0970e-30,  ..., -7.1991e-17,
           4.1211e-01,  8.5709e-14],
         [ 7...  [ 1.3203,  0.1650, -1.4922,  ...,  0.5078,  0.0386, -1.8281]]],
       device='cuda:0', dtype=torch.bfloat16), False)
kwargs = {}

    def redispatch(
        self, /, keyset: torch._C.DispatchKeySet, *args: _P.args, **kwargs: _P.kwargs
    ) -> _T:
>       return self._handle.redispatch_boxed(keyset, *args, **kwargs)  # type: ignore[return-value]
E       torch.AcceleratorError: CUDA error: invalid device function
E       Search for `cudaErrorInvalidDeviceFunction' in https://docs.nvidia.com/cuda/cuda-runtime-api/group__CUDART__TYPES.html for more information.
E       CUDA kernel errors might be asynchronously reported at some other API call, so the stacktrace below might be incorrect.
E       For debugging consider passing CUDA_LAUNCH_BLOCKING=1
E       Compile with `TORCH_USE_CUDA_DSA` to enable device-side assertions.

/root/miniconda/envs/python310_torch29_cuda/lib/python3.10/site-packages/torch/_ops.py:848: AcceleratorError
_____________________ test_std[dtype2-False-1-dim2-shape2] _____________________

shape = (200, 40999, 3), dim = [0, 1], correction = 1, keepdim = False
dtype = torch.bfloat16

    @pytest.mark.std
    @pytest.mark.parametrize("shape", utils.REDUCTION_SHAPES)
    @pytest.mark.parametrize("dim", DIMS_LIST + [None])
    @pytest.mark.parametrize("correction", CORRECTION)
    @pytest.mark.parametrize("keepdim", KEEP_DIM)
    @pytest.mark.parametrize("dtype", FLOAT_DTYPES)
    @pytest.mark.skipif(
        flag_gems.vendor_name == "tsingmicro", reason="Issue #4131: not working"
    )
    def test_std(shape, dim, correction, keepdim, dtype):
        inp = torch.randn(shape, dtype=dtype, device=flag_gems.device)
    
        dims_to_check = []
        if isinstance(dim, int):
            dims_to_check = [dim]
        elif isinstance(dim, (list, tuple)):
            dims_to_check = dim
    
        if any(d >= len(shape) or d < -len(shape) for d in dims_to_check):
            # skip the test if dimension is out of range for the given shape.
            return
    
        if correction == 1:
            if dim is not None:
                positive_dims = [d % len(shape) for d in dims_to_check]
                reduction_size = 1
                for d in positive_dims:
                    reduction_size *= shape[d]
                if reduction_size < 2:
                    # Invalid case: correction=1 requires reduction size of at least 2
                    return
            elif inp.numel() < 2:
                # Invalid case: correction=1 requires numel >= 2 for global reduction.
                return
    
        ref_inp = utils.to_reference(inp)
    
        with flag_gems.use_gems():
>           res_out = torch.std(inp, dim=dim, correction=correction, keepdim=keepdim)

test_std.py:79: 
_ _ _ _ _ _ _ _ _ _ _ _ _ _ _ _ _ _ _ _ _ _ _ _ _ _ _ _ _ _ _ _ _ _ _ _ _ _ _ _ 
../src/flag_gems/runtime/backend/_kunlunxin/ops/std.py:171: in std
    x_view = dim_compress(x, dim_list_normalized)
../src/flag_gems/utils/shape_utils.py:223: in dim_compress
    return inp.permute(order).contiguous()
../src/flag_gems/runtime/backend/_kunlunxin/ops/copy.py:120: in copy_
    return torch.ops.aten.copy_.default.redispatch(
_ _ _ _ _ _ _ _ _ _ _ _ _ _ _ _ _ _ _ _ _ _ _ _ _ _ _ _ _ _ _ _ _ _ _ _ _ _ _ _ 

self = <OpOverload(op='aten.copy_', overload='default')>
keyset = DispatchKeySet()
args = (tensor([[[-1.4500e+13,  1.3965e-01,  3.2490e+24,  ...,  3.0938e-30,
           1.7676e-01, -3.6240e-05],
         [-1...  [ 0.0928,  1.1250,  0.5312,  ..., -0.3438, -2.2812, -0.0199]]],
       device='cuda:0', dtype=torch.bfloat16), False)
kwargs = {}

    def redispatch(
        self, /, keyset: torch._C.DispatchKeySet, *args: _P.args, **kwargs: _P.kwargs
    ) -> _T:
>       return self._handle.redispatch_boxed(keyset, *args, **kwargs)  # type: ignore[return-value]
E       torch.AcceleratorError: CUDA error: invalid device function
E       Search for `cudaErrorInvalidDeviceFunction' in https://docs.nvidia.com/cuda/cuda-runtime-api/group__CUDART__TYPES.html for more information.
E       CUDA kernel errors might be asynchronously reported at some other API call, so the stacktrace below might be incorrect.
E       For debugging consider passing CUDA_LAUNCH_BLOCKING=1
E       Compile with `TORCH_USE_CUDA_DSA` to enable device-side assertions.

/root/miniconda/envs/python310_torch29_cuda/lib/python3.10/site-packages/torch/_ops.py:848: AcceleratorError
_____________________ test_std[dtype2-False-1-dim3-shape2] _____________________

shape = (200, 40999, 3), dim = [1, 0], correction = 1, keepdim = False
dtype = torch.bfloat16

    @pytest.mark.std
    @pytest.mark.parametrize("shape", utils.REDUCTION_SHAPES)
    @pytest.mark.parametrize("dim", DIMS_LIST + [None])
    @pytest.mark.parametrize("correction", CORRECTION)
    @pytest.mark.parametrize("keepdim", KEEP_DIM)
    @pytest.mark.parametrize("dtype", FLOAT_DTYPES)
    @pytest.mark.skipif(
        flag_gems.vendor_name == "tsingmicro", reason="Issue #4131: not working"
    )
    def test_std(shape, dim, correction, keepdim, dtype):
        inp = torch.randn(shape, dtype=dtype, device=flag_gems.device)
    
        dims_to_check = []
        if isinstance(dim, int):
            dims_to_check = [dim]
        elif isinstance(dim, (list, tuple)):
            dims_to_check = dim
    
        if any(d >= len(shape) or d < -len(shape) for d in dims_to_check):
            # skip the test if dimension is out of range for the given shape.
            return
    
        if correction == 1:
            if dim is not None:
                positive_dims = [d % len(shape) for d in dims_to_check]
                reduction_size = 1
                for d in positive_dims:
                    reduction_size *= shape[d]
                if reduction_size < 2:
                    # Invalid case: correction=1 requires reduction size of at least 2
                    return
            elif inp.numel() < 2:
                # Invalid case: correction=1 requires numel >= 2 for global reduction.
                return
    
        ref_inp = utils.to_reference(inp)
    
        with flag_gems.use_gems():
>           res_out = torch.std(inp, dim=dim, correction=correction, keepdim=keepdim)

test_std.py:79: 
_ _ _ _ _ _ _ _ _ _ _ _ _ _ _ _ _ _ _ _ _ _ _ _ _ _ _ _ _ _ _ _ _ _ _ _ _ _ _ _ 
../src/flag_gems/runtime/backend/_kunlunxin/ops/std.py:171: in std
    x_view = dim_compress(x, dim_list_normalized)
../src/flag_gems/utils/shape_utils.py:223: in dim_compress
    return inp.permute(order).contiguous()
../src/flag_gems/runtime/backend/_kunlunxin/ops/copy.py:120: in copy_
    return torch.ops.aten.copy_.default.redispatch(
_ _ _ _ _ _ _ _ _ _ _ _ _ _ _ _ _ _ _ _ _ _ _ _ _ _ _ _ _ _ _ _ _ _ _ _ _ _ _ _ 

self = <OpOverload(op='aten.copy_', overload='default')>
keyset = DispatchKeySet()
args = (tensor([[[-5.6699e-30, -1.0078e+00,  1.8597e-05,  ...,  2.6021e-17,
          -7.4219e-02, -1.8106e-17],
         [ 1...  [ 0.2061, -2.5312,  0.9570,  ...,  1.4531, -1.5625,  2.0000]]],
       device='cuda:0', dtype=torch.bfloat16), False)
kwargs = {}

    def redispatch(
        self, /, keyset: torch._C.DispatchKeySet, *args: _P.args, **kwargs: _P.kwargs
    ) -> _T:
>       return self._handle.redispatch_boxed(keyset, *args, **kwargs)  # type: ignore[return-value]
E       torch.AcceleratorError: CUDA error: invalid device function
E       Search for `cudaErrorInvalidDeviceFunction' in https://docs.nvidia.com/cuda/cuda-runtime-api/group__CUDART__TYPES.html for more information.
E       CUDA kernel errors might be asynchronously reported at some other API call, so the stacktrace below might be incorrect.
E       For debugging consider passing CUDA_LAUNCH_BLOCKING=1
E       Compile with `TORCH_USE_CUDA_DSA` to enable device-side assertions.

/root/miniconda/envs/python310_torch29_cuda/lib/python3.10/site-packages/torch/_ops.py:848: AcceleratorError
=========================== short test summary info ============================
FAILED test_std.py::test_std[dtype0-True-0-0-shape1] - torch.AcceleratorError...
FAILED test_std.py::test_std[dtype0-True-0-0-shape2] - torch.AcceleratorError...
FAILED test_std.py::test_std[dtype0-True-0-1-shape2] - torch.AcceleratorError...
FAILED test_std.py::test_std[dtype0-True-0-dim2-shape2] - torch.AcceleratorEr...
FAILED test_std.py::test_std[dtype0-True-0-dim3-shape2] - torch.AcceleratorEr...
FAILED test_std.py::test_std[dtype0-True-1-0-shape1] - torch.AcceleratorError...
FAILED test_std.py::test_std[dtype0-True-1-0-shape2] - torch.AcceleratorError...
FAILED test_std.py::test_std[dtype0-True-1-1-shape2] - torch.AcceleratorError...
FAILED test_std.py::test_std[dtype0-True-1-dim2-shape2] - torch.AcceleratorEr...
FAILED test_std.py::test_std[dtype0-True-1-dim3-shape2] - torch.AcceleratorEr...
FAILED test_std.py::test_std[dtype0-False-0-0-shape1] - torch.AcceleratorErro...
FAILED test_std.py::test_std[dtype0-False-0-0-shape2] - torch.AcceleratorErro...
FAILED test_std.py::test_std[dtype0-False-0-1-shape2] - torch.AcceleratorErro...
FAILED test_std.py::test_std[dtype0-False-0-dim2-shape2] - torch.AcceleratorE...
FAILED test_std.py::test_std[dtype0-False-0-dim3-shape2] - torch.AcceleratorE...
FAILED test_std.py::test_std[dtype0-False-1-0-shape1] - torch.AcceleratorErro...
FAILED test_std.py::test_std[dtype0-False-1-0-shape2] - torch.AcceleratorErro...
FAILED test_std.py::test_std[dtype0-False-1-1-shape2] - torch.AcceleratorErro...
FAILED test_std.py::test_std[dtype0-False-1-dim2-shape2] - torch.AcceleratorE...
FAILED test_std.py::test_std[dtype0-False-1-dim3-shape2] - torch.AcceleratorE...
FAILED test_std.py::test_std[dtype1-True-0-0-shape1] - torch.AcceleratorError...
FAILED test_std.py::test_std[dtype1-True-0-0-shape2] - torch.AcceleratorError...
FAILED test_std.py::test_std[dtype1-True-0-1-shape2] - torch.AcceleratorError...
FAILED test_std.py::test_std[dtype1-True-0-dim2-shape2] - torch.AcceleratorEr...
FAILED test_std.py::test_std[dtype1-True-0-dim3-shape2] - torch.AcceleratorEr...
FAILED test_std.py::test_std[dtype1-True-1-0-shape1] - torch.AcceleratorError...
FAILED test_std.py::test_std[dtype1-True-1-0-shape2] - torch.AcceleratorError...
FAILED test_std.py::test_std[dtype1-True-1-1-shape2] - torch.AcceleratorError...
FAILED test_std.py::test_std[dtype1-True-1-dim2-shape2] - torch.AcceleratorEr...
FAILED test_std.py::test_std[dtype1-True-1-dim3-shape2] - torch.AcceleratorEr...
FAILED test_std.py::test_std[dtype1-False-0-0-shape1] - torch.AcceleratorErro...
FAILED test_std.py::test_std[dtype1-False-0-0-shape2] - torch.AcceleratorErro...
FAILED test_std.py::test_std[dtype1-False-0-1-shape2] - torch.AcceleratorErro...
FAILED test_std.py::test_std[dtype1-False-0-dim2-shape2] - torch.AcceleratorE...
FAILED test_std.py::test_std[dtype1-False-0-dim3-shape2] - torch.AcceleratorE...
FAILED test_std.py::test_std[dtype1-False-1-0-shape1] - torch.AcceleratorErro...
FAILED test_std.py::test_std[dtype1-False-1-0-shape2] - torch.AcceleratorErro...
FAILED test_std.py::test_std[dtype1-False-1-1-shape2] - torch.AcceleratorErro...
FAILED test_std.py::test_std[dtype1-False-1-dim2-shape2] - torch.AcceleratorE...
FAILED test_std.py::test_std[dtype1-False-1-dim3-shape2] - torch.AcceleratorE...
FAILED test_std.py::test_std[dtype2-True-0-0-shape1] - torch.AcceleratorError...
FAILED test_std.py::test_std[dtype2-True-0-0-shape2] - torch.AcceleratorError...
FAILED test_std.py::test_std[dtype2-True-0-1-shape2] - torch.AcceleratorError...
FAILED test_std.py::test_std[dtype2-True-0-dim2-shape2] - torch.AcceleratorEr...
FAILED test_std.py::test_std[dtype2-True-0-dim3-shape2] - torch.AcceleratorEr...
FAILED test_std.py::test_std[dtype2-True-1-0-shape1] - torch.AcceleratorError...
FAILED test_std.py::test_std[dtype2-True-1-0-shape2] - torch.AcceleratorError...
FAILED test_std.py::test_std[dtype2-True-1-1-shape2] - torch.AcceleratorError...
FAILED test_std.py::test_std[dtype2-True-1-dim2-shape2] - torch.AcceleratorEr...
FAILED test_std.py::test_std[dtype2-True-1-dim3-shape2] - torch.AcceleratorEr...
FAILED test_std.py::test_std[dtype2-False-0-0-shape1] - torch.AcceleratorErro...
FAILED test_std.py::test_std[dtype2-False-0-0-shape2] - torch.AcceleratorErro...
FAILED test_std.py::test_std[dtype2-False-0-1-shape2] - torch.AcceleratorErro...
FAILED test_std.py::test_std[dtype2-False-0-dim2-shape2] - torch.AcceleratorE...
FAILED test_std.py::test_std[dtype2-False-0-dim3-shape2] - torch.AcceleratorE...
FAILED test_std.py::test_std[dtype2-False-1-0-shape1] - torch.AcceleratorErro...
FAILED test_std.py::test_std[dtype2-False-1-0-shape2] - torch.AcceleratorErro...
FAILED test_std.py::test_std[dtype2-False-1-1-shape2] - torch.AcceleratorErro...
FAILED test_std.py::test_std[dtype2-False-1-dim2-shape2] - torch.AcceleratorE...
FAILED test_std.py::test_std[dtype2-False-1-dim3-shape2] - torch.AcceleratorE...
============== 60 failed, 120 passed, 49771 deselected in 23.34s ===============
