============================= test session starts ==============================
platform linux -- Python 3.10.18, pytest-9.1.1, pluggy-1.6.0 -- /root/miniconda/envs/python310_torch29_cuda/bin/python3.10
cachedir: .pytest_cache
rootdir: /workspace/FlagGems
configfile: pytest.ini
plugins: anyio-4.9.0, typeguard-4.3.0
collecting ... WARNING 07-23 23:37:21 [interface.py:226] Failed to import from vllm._C: ImportError('/root/miniconda/envs/python310_torch29_cuda/lib/python3.10/site-packages/vllm/_C.abi3.so: undefined symbol: _ZN3c104cuda29c10_cuda_check_implementationEiPKcS2_jb')
WARNING 07-23 23:37:24 [interface.py:599] Current platform  does not have '__test__' attribute.
WARNING 07-23 23:37:24 [interface.py:599] Current platform  does not have '__bases__' attribute.
WARNING 07-23 23:37:24 [interface.py:599] Current platform  does not have '__test__' attribute.
WARNING 07-23 23:37:24 [interface.py:599] Current platform  does not have '__test__' attribute.
WARNING 07-23 23:37:24 [interface.py:599] Current platform  does not have '__bases__' attribute.
WARNING 07-23 23:37:24 [interface.py:599] Current platform  does not have '__test__' attribute.
WARNING 07-23 23:37:24 [interface.py:599] Current platform  does not have '__test__' attribute.
WARNING 07-23 23:37:24 [interface.py:599] Current platform  does not have '__bases__' attribute.
WARNING 07-23 23:37:24 [interface.py:599] Current platform  does not have '__test__' attribute.
ERROR 07-23 23:37:25 [config.py:29] Failed to import Triton kernels. Please make sure your triton version is compatible. Error: No module named 'triton.language.target_info'
collected 49951 items / 49917 deselected / 34 selected

test_conv_transpose2d.py::test_accuracy_conv_transpose2d_supported[fp16_direct_16x32x8] FAILED
test_conv_transpose2d.py::test_accuracy_conv_transpose2d_supported[fp32_direct_32x64x16] FAILED
test_conv_transpose2d.py::test_accuracy_conv_transpose2d_supported[fp32_direct_benchmark_stride1] FAILED
test_conv_transpose2d.py::test_accuracy_conv_transpose2d_supported[bf16_direct_16x32x32] FAILED
test_conv_transpose2d.py::test_accuracy_conv_transpose2d_supported[fp32_general_bias_shape_previously_unsupported] FAILED
test_conv_transpose2d.py::test_accuracy_conv_transpose2d_supported[fp16_general_groups_asymmetric_stride_output_padding] FAILED
test_conv_transpose2d.py::test_accuracy_conv_transpose2d_supported[fp32_general_dilation_output_padding] FAILED
test_conv_transpose2d.py::test_accuracy_conv_transpose2d_supported[bf16_general_non_tuned] FAILED
test_conv_transpose2d.py::test_accuracy_conv_transpose2d_extended_parameters[fp32_groups2_bias_stride3_asymmetric_output_padding] FAILED
test_conv_transpose2d.py::test_accuracy_conv_transpose2d_extended_parameters[fp16_scatter_groups_bias_stride4_output_padding] FAILED
test_conv_transpose2d.py::test_accuracy_conv_transpose2d_extended_parameters[bf16_scatter_stride3x4_output_padding] FAILED
test_conv_transpose2d.py::test_accuracy_conv_transpose2d_extended_parameters[fp16_bias_tuple_padding_dilation] FAILED
test_conv_transpose2d.py::test_accuracy_conv_transpose2d_extended_parameters[fp32_1x1_kernel_single_pixel] FAILED
test_conv_transpose2d.py::test_accuracy_conv_transpose2d_extended_parameters[fp32_empty_batch] PASSED
test_conv_transpose2d.py::test_accuracy_conv_transpose2d_extended_parameters[bf16_grouped_dilation_output_padding] FAILED
test_conv_transpose2d.py::test_conv_transpose2d_invalid_groups_raise PASSED
test_conv_transpose2d.py::test_conv_transpose2d_invalid_arguments_raise[groups_zero-positive integer] PASSED
test_conv_transpose2d.py::test_conv_transpose2d_invalid_arguments_raise[channel_mismatch-match weight input channels] PASSED
test_conv_transpose2d.py::test_conv_transpose2d_invalid_arguments_raise[bias_size-one element per output channel] PASSED
test_conv_transpose2d.py::test_conv_transpose2d_invalid_arguments_raise[stride_zero-non-positive stride] PASSED
test_conv_transpose2d.py::test_conv_transpose2d_invalid_arguments_raise[negative_padding-negative padding] PASSED
test_conv_transpose2d.py::test_conv_transpose2d_invalid_arguments_raise[invalid_output_padding-smaller than either stride or dilation] PASSED
test_conv_transpose2d.py::test_conv_transpose2d_invalid_arguments_raise[dilation_zero-greater than zero] PASSED
test_conv_transpose2d.py::test_conv_transpose2d_invalid_arguments_raise[output_too_small-output size is too small] PASSED
test_conv_transpose2d.py::test_conv_transpose2d_rejects_triplet_hyperparameters[stride] PASSED
test_conv_transpose2d.py::test_conv_transpose2d_rejects_triplet_hyperparameters[padding] PASSED
test_conv_transpose2d.py::test_conv_transpose2d_rejects_triplet_hyperparameters[output_padding] PASSED
test_conv_transpose2d.py::test_conv_transpose2d_rejects_triplet_hyperparameters[dilation] PASSED
test_conv_transpose2d.py::test_conv_transpose2d_unsupported_dtype_raise FAILED
test_conv_transpose2d.py::test_conv_transpose2d_unbatched_3d_matches_pytorch FAILED
test_conv_transpose2d.py::test_conv_transpose2d_noncontiguous_tensors_match_pytorch[input] FAILED
test_conv_transpose2d.py::test_conv_transpose2d_noncontiguous_tensors_match_pytorch[weight] FAILED
test_conv_transpose2d.py::test_conv_transpose2d_noncontiguous_tensors_match_pytorch[bias] FAILED
test_conv_transpose2d.py::test_conv_transpose2d_noncontiguous_tensors_match_pytorch[all] FAILED

=================================== FAILURES ===================================
________ test_accuracy_conv_transpose2d_supported[fp16_direct_16x32x8] _________

args = (<triton.language.core.tensor object at 0x7fae18cdf760>, <triton.language.core.tensor object at 0x7fae19a27d30>)
kwargs = {'_builder': <triton._C.libtriton.ir.builder object at 0x7fac60c327f0>, 'input_precision': constexpr[tf32x3]}

    @wraps(fn)
    def wrapper(*args, **kwargs):
        if "_builder" not in kwargs or kwargs["_builder"] is None:
            raise ValueError("Did you forget to add @triton.jit ? "
                             "(`_builder` argument must be provided outside of JIT functions.)")
>       return fn(*args, **kwargs)

/root/miniconda/envs/python310_torch29_cuda/lib/python3.10/site-packages/triton/language/core.py:38: 
_ _ _ _ _ _ _ _ _ _ _ _ _ _ _ _ _ _ _ _ _ _ _ _ _ _ _ _ _ _ _ _ _ _ _ _ _ _ _ _ 
/root/miniconda/envs/python310_torch29_cuda/lib/python3.10/site-packages/triton/language/core.py:1544: in dot
    return semantic.dot(input, other, acc, input_precision, max_num_imprecise_acc, out_dtype, _builder)
/root/miniconda/envs/python310_torch29_cuda/lib/python3.10/site-packages/triton/language/semantic.py:1480: in dot
    input_precision = _str_to_dot_input_precision(input_precision, builder)
_ _ _ _ _ _ _ _ _ _ _ _ _ _ _ _ _ _ _ _ _ _ _ _ _ _ _ _ _ _ _ _ _ _ _ _ _ _ _ _ 

input_precision = 'tf32x3'
builder = <triton._C.libtriton.ir.builder object at 0x7fac60c327f0>

    def _str_to_dot_input_precision(input_precision, builder):
>       assert input_precision.lower() in builder.options.allowed_dot_input_precisions, \
            f"input_precision must be one of {builder.options.allowed_dot_input_precisions}. Got {input_precision}"
E       AssertionError: input_precision must be one of ('ieee', 'tf32'). Got tf32x3

/root/miniconda/envs/python310_torch29_cuda/lib/python3.10/site-packages/triton/language/semantic.py:1428: AssertionError

The above exception was the direct cause of the following exception:

monkeypatch = <_pytest.monkeypatch.MonkeyPatch object at 0x7fac619e7cd0>
input_shape = (16, 32, 8, 8), weight_shape = (32, 24, 5, 5), use_bias = False
stride = 2, padding = 2, output_padding = 0, groups = 1, dilation = 1
dtype = torch.float16

    @pytest.mark.conv_transpose2d
    @pytest.mark.parametrize(
        "input_shape, weight_shape, use_bias, stride, padding, output_padding, groups, "
        "dilation, dtype",
        (
            SUPPORTED_CONV_TRANSPOSE2D_CASES[:2]
            if cfg.QUICK_MODE
            else SUPPORTED_CONV_TRANSPOSE2D_CASES
        ),
    )
    def test_accuracy_conv_transpose2d_supported(
        monkeypatch,
        input_shape,
        weight_shape,
        use_bias,
        stride,
        padding,
        output_padding,
        groups,
        dilation,
        dtype,
    ):
>       _assert_conv_transpose2d_matches(
            monkeypatch,
            input_shape,
            weight_shape,
            use_bias,
            stride,
            padding,
            output_padding,
            groups,
            dilation,
            dtype,
        )

test_conv_transpose2d.py:298: 
_ _ _ _ _ _ _ _ _ _ _ _ _ _ _ _ _ _ _ _ _ _ _ _ _ _ _ _ _ _ _ _ _ _ _ _ _ _ _ _ 
test_conv_transpose2d.py:257: in _assert_conv_transpose2d_matches
    res_out = flag_gems.conv_transpose2d(
../src/flag_gems/ops/conv_transpose2d.py:1354: in conv_transpose2d
    output = _conv_transpose2d_4d_dispatch(
../src/flag_gems/ops/conv_transpose2d.py:1420: in _conv_transpose2d_4d_dispatch
    return _conv_transpose2d_direct(
../src/flag_gems/ops/conv_transpose2d.py:1727: in _conv_transpose2d_direct
    _conv_transpose2d_direct_kernel[grid](
/root/miniconda/envs/python310_torch29_cuda/lib/python3.10/site-packages/triton/runtime/jit.py:364: in <lambda>
    return lambda *args, **kwargs: self.run(grid=grid, warmup=False, *args, **kwargs)
../src/flag_gems/utils/libentry.py:889: in run
    kernel = self.fn.run(*args, **kwargs)
/root/miniconda/envs/python310_torch29_cuda/lib/python3.10/site-packages/triton/runtime/jit.py:795: in run
    kernel = self.default_run(*args, **kwargs)
/root/miniconda/envs/python310_torch29_cuda/lib/python3.10/site-packages/triton/runtime/jit.py:686: in default_run
    kernel = self.compile(
/root/miniconda/envs/python310_torch29_cuda/lib/python3.10/site-packages/triton/compiler/compiler.py:285: in compile
    module = src.make_ir(options, codegen_fns, context)
_ _ _ _ _ _ _ _ _ _ _ _ _ _ _ _ _ _ _ _ _ _ _ _ _ _ _ _ _ _ _ _ _ _ _ _ _ _ _ _ 

self = <triton.compiler.compiler.ASTSource object at 0x7fac63895810>
options = XPUOptions(arch=3, grid=(8, 1, 4), debug=None, cluster_num=12, core_num=64, buffer_size_limit=512, groups_per_cluster=...wed_dot_input_precisions=('ieee', 'tf32'), exp_range=':0', num_warps=4, num_ctas=-1, num_stages=1, use_int4_w4a8=False)
codegen_fns = {}
context = <triton._C.libtriton.ir.context object at 0x7fac6bf340b0>

    def make_ir(self, options, codegen_fns, context):
>       return ast_to_ttir(self.fn, self, context=context, options=options, codegen_fns=codegen_fns)
E       triton.compiler.errors.CompilationError: at 100:33:
E                                   ci_offsets[None, :] < input_channels
E                               )
E                               weight_mask = (ci_offsets[:, None] < input_channels) & (
E                                   co_offsets[None, :] < output_channels
E                               )
E                               input_block = tl.load(
E                                   input_pointer + input_offsets, mask=input_mask, other=0.0
E                               )
E                               weight_block = tl.load(
E                                   weight_pointer + weight_offsets, mask=weight_mask, other=0.0
E                               )
E                               accum += tl.dot(
E                                        ^

/root/miniconda/envs/python310_torch29_cuda/lib/python3.10/site-packages/triton/compiler/compiler.py:122: CompilationError
________ test_accuracy_conv_transpose2d_supported[fp32_direct_32x64x16] ________

args = (<triton.language.core.tensor object at 0x7fac4c896830>, <triton.language.core.tensor object at 0x7fac4c8967d0>)
kwargs = {'_builder': <triton._C.libtriton.ir.builder object at 0x7fac64ec4770>, 'input_precision': constexpr[tf32x3]}

    @wraps(fn)
    def wrapper(*args, **kwargs):
        if "_builder" not in kwargs or kwargs["_builder"] is None:
            raise ValueError("Did you forget to add @triton.jit ? "
                             "(`_builder` argument must be provided outside of JIT functions.)")
>       return fn(*args, **kwargs)

/root/miniconda/envs/python310_torch29_cuda/lib/python3.10/site-packages/triton/language/core.py:38: 
_ _ _ _ _ _ _ _ _ _ _ _ _ _ _ _ _ _ _ _ _ _ _ _ _ _ _ _ _ _ _ _ _ _ _ _ _ _ _ _ 
/root/miniconda/envs/python310_torch29_cuda/lib/python3.10/site-packages/triton/language/core.py:1544: in dot
    return semantic.dot(input, other, acc, input_precision, max_num_imprecise_acc, out_dtype, _builder)
/root/miniconda/envs/python310_torch29_cuda/lib/python3.10/site-packages/triton/language/semantic.py:1480: in dot
    input_precision = _str_to_dot_input_precision(input_precision, builder)
_ _ _ _ _ _ _ _ _ _ _ _ _ _ _ _ _ _ _ _ _ _ _ _ _ _ _ _ _ _ _ _ _ _ _ _ _ _ _ _ 

input_precision = 'tf32x3'
builder = <triton._C.libtriton.ir.builder object at 0x7fac64ec4770>

    def _str_to_dot_input_precision(input_precision, builder):
>       assert input_precision.lower() in builder.options.allowed_dot_input_precisions, \
            f"input_precision must be one of {builder.options.allowed_dot_input_precisions}. Got {input_precision}"
E       AssertionError: input_precision must be one of ('ieee', 'tf32'). Got tf32x3

/root/miniconda/envs/python310_torch29_cuda/lib/python3.10/site-packages/triton/language/semantic.py:1428: AssertionError

The above exception was the direct cause of the following exception:

monkeypatch = <_pytest.monkeypatch.MonkeyPatch object at 0x7fac620bb5e0>
input_shape = (32, 64, 16, 16), weight_shape = (64, 32, 3, 3), use_bias = False
stride = 2, padding = 1, output_padding = 0, groups = 1, dilation = 1
dtype = torch.float32

    @pytest.mark.conv_transpose2d
    @pytest.mark.parametrize(
        "input_shape, weight_shape, use_bias, stride, padding, output_padding, groups, "
        "dilation, dtype",
        (
            SUPPORTED_CONV_TRANSPOSE2D_CASES[:2]
            if cfg.QUICK_MODE
            else SUPPORTED_CONV_TRANSPOSE2D_CASES
        ),
    )
    def test_accuracy_conv_transpose2d_supported(
        monkeypatch,
        input_shape,
        weight_shape,
        use_bias,
        stride,
        padding,
        output_padding,
        groups,
        dilation,
        dtype,
    ):
>       _assert_conv_transpose2d_matches(
            monkeypatch,
            input_shape,
            weight_shape,
            use_bias,
            stride,
            padding,
            output_padding,
            groups,
            dilation,
            dtype,
        )

test_conv_transpose2d.py:298: 
_ _ _ _ _ _ _ _ _ _ _ _ _ _ _ _ _ _ _ _ _ _ _ _ _ _ _ _ _ _ _ _ _ _ _ _ _ _ _ _ 
test_conv_transpose2d.py:257: in _assert_conv_transpose2d_matches
    res_out = flag_gems.conv_transpose2d(
../src/flag_gems/ops/conv_transpose2d.py:1354: in conv_transpose2d
    output = _conv_transpose2d_4d_dispatch(
../src/flag_gems/ops/conv_transpose2d.py:1401: in _conv_transpose2d_4d_dispatch
    return _conv_transpose2d_stride2_pad1_3x3(input, weight)
../src/flag_gems/ops/conv_transpose2d.py:1562: in _conv_transpose2d_stride2_pad1_3x3
    _conv_transpose2d_stride2_pad1_3x3_kernel[grid](
/root/miniconda/envs/python310_torch29_cuda/lib/python3.10/site-packages/triton/runtime/jit.py:364: in <lambda>
    return lambda *args, **kwargs: self.run(grid=grid, warmup=False, *args, **kwargs)
../src/flag_gems/utils/libentry.py:889: in run
    kernel = self.fn.run(*args, **kwargs)
/root/miniconda/envs/python310_torch29_cuda/lib/python3.10/site-packages/triton/runtime/jit.py:795: in run
    kernel = self.default_run(*args, **kwargs)
/root/miniconda/envs/python310_torch29_cuda/lib/python3.10/site-packages/triton/runtime/jit.py:686: in default_run
    kernel = self.compile(
/root/miniconda/envs/python310_torch29_cuda/lib/python3.10/site-packages/triton/compiler/compiler.py:285: in compile
    module = src.make_ir(options, codegen_fns, context)
_ _ _ _ _ _ _ _ _ _ _ _ _ _ _ _ _ _ _ _ _ _ _ _ _ _ _ _ _ _ _ _ _ _ _ _ _ _ _ _ 

self = <triton.compiler.compiler.ASTSource object at 0x7fac4c5139a0>
options = XPUOptions(arch=3, grid=(512, 2), debug=None, cluster_num=12, core_num=64, buffer_size_limit=512, groups_per_cluster=1...wed_dot_input_precisions=('ieee', 'tf32'), exp_range=':0', num_warps=4, num_ctas=-1, num_stages=1, use_int4_w4a8=False)
codegen_fns = {}
context = <triton._C.libtriton.ir.context object at 0x7fae18d4af30>

    def make_ir(self, options, codegen_fns, context):
>       return ast_to_ttir(self.fn, self, context=context, options=options, codegen_fns=codegen_fns)
E       triton.compiler.errors.CompilationError: at 98:25:
E                           (ci_offsets[:, None] < input_channels)
E                           & (co_offsets[None, :] < output_channels)
E                           & valid_kh
E                           & valid_kw
E                       )
E                       input_block = tl.load(
E                           input_pointer + input_offsets, mask=input_mask, other=0.0
E                       )
E                       weight_block = tl.load(
E                           weight_pointer + weight_offsets, mask=weight_mask, other=0.0
E                       )
E                       accum += tl.dot(
E                                ^

/root/miniconda/envs/python310_torch29_cuda/lib/python3.10/site-packages/triton/compiler/compiler.py:122: CompilationError
___ test_accuracy_conv_transpose2d_supported[fp32_direct_benchmark_stride1] ____

args = (<triton.language.core.tensor object at 0x7fac4c5ed8a0>, <triton.language.core.tensor object at 0x7fac4c5edd80>)
kwargs = {'_builder': <triton._C.libtriton.ir.builder object at 0x7fac4c908b80>, 'input_precision': constexpr[tf32x3]}

    @wraps(fn)
    def wrapper(*args, **kwargs):
        if "_builder" not in kwargs or kwargs["_builder"] is None:
            raise ValueError("Did you forget to add @triton.jit ? "
                             "(`_builder` argument must be provided outside of JIT functions.)")
>       return fn(*args, **kwargs)

/root/miniconda/envs/python310_torch29_cuda/lib/python3.10/site-packages/triton/language/core.py:38: 
_ _ _ _ _ _ _ _ _ _ _ _ _ _ _ _ _ _ _ _ _ _ _ _ _ _ _ _ _ _ _ _ _ _ _ _ _ _ _ _ 
/root/miniconda/envs/python310_torch29_cuda/lib/python3.10/site-packages/triton/language/core.py:1544: in dot
    return semantic.dot(input, other, acc, input_precision, max_num_imprecise_acc, out_dtype, _builder)
/root/miniconda/envs/python310_torch29_cuda/lib/python3.10/site-packages/triton/language/semantic.py:1480: in dot
    input_precision = _str_to_dot_input_precision(input_precision, builder)
_ _ _ _ _ _ _ _ _ _ _ _ _ _ _ _ _ _ _ _ _ _ _ _ _ _ _ _ _ _ _ _ _ _ _ _ _ _ _ _ 

input_precision = 'tf32x3'
builder = <triton._C.libtriton.ir.builder object at 0x7fac4c908b80>

    def _str_to_dot_input_precision(input_precision, builder):
>       assert input_precision.lower() in builder.options.allowed_dot_input_precisions, \
            f"input_precision must be one of {builder.options.allowed_dot_input_precisions}. Got {input_precision}"
E       AssertionError: input_precision must be one of ('ieee', 'tf32'). Got tf32x3

/root/miniconda/envs/python310_torch29_cuda/lib/python3.10/site-packages/triton/language/semantic.py:1428: AssertionError

The above exception was the direct cause of the following exception:

monkeypatch = <_pytest.monkeypatch.MonkeyPatch object at 0x7fae1982f850>
input_shape = (32, 64, 32, 32), weight_shape = (64, 32, 3, 3), use_bias = False
stride = 1, padding = 0, output_padding = 0, groups = 1, dilation = 1
dtype = torch.float32

    @pytest.mark.conv_transpose2d
    @pytest.mark.parametrize(
        "input_shape, weight_shape, use_bias, stride, padding, output_padding, groups, "
        "dilation, dtype",
        (
            SUPPORTED_CONV_TRANSPOSE2D_CASES[:2]
            if cfg.QUICK_MODE
            else SUPPORTED_CONV_TRANSPOSE2D_CASES
        ),
    )
    def test_accuracy_conv_transpose2d_supported(
        monkeypatch,
        input_shape,
        weight_shape,
        use_bias,
        stride,
        padding,
        output_padding,
        groups,
        dilation,
        dtype,
    ):
>       _assert_conv_transpose2d_matches(
            monkeypatch,
            input_shape,
            weight_shape,
            use_bias,
            stride,
            padding,
            output_padding,
            groups,
            dilation,
            dtype,
        )

test_conv_transpose2d.py:298: 
_ _ _ _ _ _ _ _ _ _ _ _ _ _ _ _ _ _ _ _ _ _ _ _ _ _ _ _ _ _ _ _ _ _ _ _ _ _ _ _ 
test_conv_transpose2d.py:257: in _assert_conv_transpose2d_matches
    res_out = flag_gems.conv_transpose2d(
../src/flag_gems/ops/conv_transpose2d.py:1354: in conv_transpose2d
    output = _conv_transpose2d_4d_dispatch(
../src/flag_gems/ops/conv_transpose2d.py:1420: in _conv_transpose2d_4d_dispatch
    return _conv_transpose2d_direct(
../src/flag_gems/ops/conv_transpose2d.py:1727: in _conv_transpose2d_direct
    _conv_transpose2d_direct_kernel[grid](
/root/miniconda/envs/python310_torch29_cuda/lib/python3.10/site-packages/triton/runtime/jit.py:364: in <lambda>
    return lambda *args, **kwargs: self.run(grid=grid, warmup=False, *args, **kwargs)
../src/flag_gems/utils/libentry.py:889: in run
    kernel = self.fn.run(*args, **kwargs)
/root/miniconda/envs/python310_torch29_cuda/lib/python3.10/site-packages/triton/runtime/jit.py:795: in run
    kernel = self.default_run(*args, **kwargs)
/root/miniconda/envs/python310_torch29_cuda/lib/python3.10/site-packages/triton/runtime/jit.py:686: in default_run
    kernel = self.compile(
/root/miniconda/envs/python310_torch29_cuda/lib/python3.10/site-packages/triton/compiler/compiler.py:285: in compile
    module = src.make_ir(options, codegen_fns, context)
_ _ _ _ _ _ _ _ _ _ _ _ _ _ _ _ _ _ _ _ _ _ _ _ _ _ _ _ _ _ _ _ _ _ _ _ _ _ _ _ 

self = <triton.compiler.compiler.ASTSource object at 0x7fac6208ebf0>
options = XPUOptions(arch=3, grid=(145, 1, 1), debug=None, cluster_num=12, core_num=64, buffer_size_limit=512, groups_per_cluste...wed_dot_input_precisions=('ieee', 'tf32'), exp_range=':0', num_warps=8, num_ctas=-1, num_stages=1, use_int4_w4a8=False)
codegen_fns = {}
context = <triton._C.libtriton.ir.context object at 0x7fac6b3fc5b0>

    def make_ir(self, options, codegen_fns, context):
>       return ast_to_ttir(self.fn, self, context=context, options=options, codegen_fns=codegen_fns)
E       triton.compiler.errors.CompilationError: at 100:33:
E                                   ci_offsets[None, :] < input_channels
E                               )
E                               weight_mask = (ci_offsets[:, None] < input_channels) & (
E                                   co_offsets[None, :] < output_channels
E                               )
E                               input_block = tl.load(
E                                   input_pointer + input_offsets, mask=input_mask, other=0.0
E                               )
E                               weight_block = tl.load(
E                                   weight_pointer + weight_offsets, mask=weight_mask, other=0.0
E                               )
E                               accum += tl.dot(
E                                        ^

/root/miniconda/envs/python310_torch29_cuda/lib/python3.10/site-packages/triton/compiler/compiler.py:122: CompilationError
________ test_accuracy_conv_transpose2d_supported[bf16_direct_16x32x32] ________

args = (<triton.language.core.tensor object at 0x7fac60fb3520>, <triton.language.core.tensor object at 0x7fac60c1ec50>)
kwargs = {'_builder': <triton._C.libtriton.ir.builder object at 0x7fac4c40cf40>, 'input_precision': constexpr[tf32x3]}

    @wraps(fn)
    def wrapper(*args, **kwargs):
        if "_builder" not in kwargs or kwargs["_builder"] is None:
            raise ValueError("Did you forget to add @triton.jit ? "
                             "(`_builder` argument must be provided outside of JIT functions.)")
>       return fn(*args, **kwargs)

/root/miniconda/envs/python310_torch29_cuda/lib/python3.10/site-packages/triton/language/core.py:38: 
_ _ _ _ _ _ _ _ _ _ _ _ _ _ _ _ _ _ _ _ _ _ _ _ _ _ _ _ _ _ _ _ _ _ _ _ _ _ _ _ 
/root/miniconda/envs/python310_torch29_cuda/lib/python3.10/site-packages/triton/language/core.py:1544: in dot
    return semantic.dot(input, other, acc, input_precision, max_num_imprecise_acc, out_dtype, _builder)
/root/miniconda/envs/python310_torch29_cuda/lib/python3.10/site-packages/triton/language/semantic.py:1480: in dot
    input_precision = _str_to_dot_input_precision(input_precision, builder)
_ _ _ _ _ _ _ _ _ _ _ _ _ _ _ _ _ _ _ _ _ _ _ _ _ _ _ _ _ _ _ _ _ _ _ _ _ _ _ _ 

input_precision = 'tf32x3'
builder = <triton._C.libtriton.ir.builder object at 0x7fac4c40cf40>

    def _str_to_dot_input_precision(input_precision, builder):
>       assert input_precision.lower() in builder.options.allowed_dot_input_precisions, \
            f"input_precision must be one of {builder.options.allowed_dot_input_precisions}. Got {input_precision}"
E       AssertionError: input_precision must be one of ('ieee', 'tf32'). Got tf32x3

/root/miniconda/envs/python310_torch29_cuda/lib/python3.10/site-packages/triton/language/semantic.py:1428: AssertionError

The above exception was the direct cause of the following exception:

monkeypatch = <_pytest.monkeypatch.MonkeyPatch object at 0x7fae1978b9d0>
input_shape = (16, 32, 32, 32), weight_shape = (32, 64, 3, 3), use_bias = False
stride = 2, padding = 1, output_padding = 0, groups = 1, dilation = 1
dtype = torch.bfloat16

    @pytest.mark.conv_transpose2d
    @pytest.mark.parametrize(
        "input_shape, weight_shape, use_bias, stride, padding, output_padding, groups, "
        "dilation, dtype",
        (
            SUPPORTED_CONV_TRANSPOSE2D_CASES[:2]
            if cfg.QUICK_MODE
            else SUPPORTED_CONV_TRANSPOSE2D_CASES
        ),
    )
    def test_accuracy_conv_transpose2d_supported(
        monkeypatch,
        input_shape,
        weight_shape,
        use_bias,
        stride,
        padding,
        output_padding,
        groups,
        dilation,
        dtype,
    ):
>       _assert_conv_transpose2d_matches(
            monkeypatch,
            input_shape,
            weight_shape,
            use_bias,
            stride,
            padding,
            output_padding,
            groups,
            dilation,
            dtype,
        )

test_conv_transpose2d.py:298: 
_ _ _ _ _ _ _ _ _ _ _ _ _ _ _ _ _ _ _ _ _ _ _ _ _ _ _ _ _ _ _ _ _ _ _ _ _ _ _ _ 
test_conv_transpose2d.py:257: in _assert_conv_transpose2d_matches
    res_out = flag_gems.conv_transpose2d(
../src/flag_gems/ops/conv_transpose2d.py:1354: in conv_transpose2d
    output = _conv_transpose2d_4d_dispatch(
../src/flag_gems/ops/conv_transpose2d.py:1420: in _conv_transpose2d_4d_dispatch
    return _conv_transpose2d_direct(
../src/flag_gems/ops/conv_transpose2d.py:1727: in _conv_transpose2d_direct
    _conv_transpose2d_direct_kernel[grid](
/root/miniconda/envs/python310_torch29_cuda/lib/python3.10/site-packages/triton/runtime/jit.py:364: in <lambda>
    return lambda *args, **kwargs: self.run(grid=grid, warmup=False, *args, **kwargs)
../src/flag_gems/utils/libentry.py:889: in run
    kernel = self.fn.run(*args, **kwargs)
/root/miniconda/envs/python310_torch29_cuda/lib/python3.10/site-packages/triton/runtime/jit.py:795: in run
    kernel = self.default_run(*args, **kwargs)
/root/miniconda/envs/python310_torch29_cuda/lib/python3.10/site-packages/triton/runtime/jit.py:686: in default_run
    kernel = self.compile(
/root/miniconda/envs/python310_torch29_cuda/lib/python3.10/site-packages/triton/compiler/compiler.py:285: in compile
    module = src.make_ir(options, codegen_fns, context)
_ _ _ _ _ _ _ _ _ _ _ _ _ _ _ _ _ _ _ _ _ _ _ _ _ _ _ _ _ _ _ _ _ _ _ _ _ _ _ _ 

self = <triton.compiler.compiler.ASTSource object at 0x7fac4c4defb0>
options = XPUOptions(arch=3, grid=(128, 1, 4), debug=None, cluster_num=12, core_num=64, buffer_size_limit=512, groups_per_cluste...wed_dot_input_precisions=('ieee', 'tf32'), exp_range=':0', num_warps=4, num_ctas=-1, num_stages=1, use_int4_w4a8=False)
codegen_fns = {}
context = <triton._C.libtriton.ir.context object at 0x7fac6b0d30b0>

    def make_ir(self, options, codegen_fns, context):
>       return ast_to_ttir(self.fn, self, context=context, options=options, codegen_fns=codegen_fns)
E       triton.compiler.errors.CompilationError: at 100:33:
E                                   ci_offsets[None, :] < input_channels
E                               )
E                               weight_mask = (ci_offsets[:, None] < input_channels) & (
E                                   co_offsets[None, :] < output_channels
E                               )
E                               input_block = tl.load(
E                                   input_pointer + input_offsets, mask=input_mask, other=0.0
E                               )
E                               weight_block = tl.load(
E                                   weight_pointer + weight_offsets, mask=weight_mask, other=0.0
E                               )
E                               accum += tl.dot(
E                                        ^

/root/miniconda/envs/python310_torch29_cuda/lib/python3.10/site-packages/triton/compiler/compiler.py:122: CompilationError
_ test_accuracy_conv_transpose2d_supported[fp32_general_bias_shape_previously_unsupported] _

args = (<triton.language.core.tensor object at 0x7fac4c49ef50>, <triton.language.core.tensor object at 0x7fac4c49ea70>)
kwargs = {'_builder': <triton._C.libtriton.ir.builder object at 0x7fac4c425cb0>, 'input_precision': constexpr[tf32x3]}

    @wraps(fn)
    def wrapper(*args, **kwargs):
        if "_builder" not in kwargs or kwargs["_builder"] is None:
            raise ValueError("Did you forget to add @triton.jit ? "
                             "(`_builder` argument must be provided outside of JIT functions.)")
>       return fn(*args, **kwargs)

/root/miniconda/envs/python310_torch29_cuda/lib/python3.10/site-packages/triton/language/core.py:38: 
_ _ _ _ _ _ _ _ _ _ _ _ _ _ _ _ _ _ _ _ _ _ _ _ _ _ _ _ _ _ _ _ _ _ _ _ _ _ _ _ 
/root/miniconda/envs/python310_torch29_cuda/lib/python3.10/site-packages/triton/language/core.py:1544: in dot
    return semantic.dot(input, other, acc, input_precision, max_num_imprecise_acc, out_dtype, _builder)
/root/miniconda/envs/python310_torch29_cuda/lib/python3.10/site-packages/triton/language/semantic.py:1480: in dot
    input_precision = _str_to_dot_input_precision(input_precision, builder)
_ _ _ _ _ _ _ _ _ _ _ _ _ _ _ _ _ _ _ _ _ _ _ _ _ _ _ _ _ _ _ _ _ _ _ _ _ _ _ _ 

input_precision = 'tf32x3'
builder = <triton._C.libtriton.ir.builder object at 0x7fac4c425cb0>

    def _str_to_dot_input_precision(input_precision, builder):
>       assert input_precision.lower() in builder.options.allowed_dot_input_precisions, \
            f"input_precision must be one of {builder.options.allowed_dot_input_precisions}. Got {input_precision}"
E       AssertionError: input_precision must be one of ('ieee', 'tf32'). Got tf32x3

/root/miniconda/envs/python310_torch29_cuda/lib/python3.10/site-packages/triton/language/semantic.py:1428: AssertionError

The above exception was the direct cause of the following exception:

monkeypatch = <_pytest.monkeypatch.MonkeyPatch object at 0x7fac4c4d5e10>
input_shape = (1, 2, 4, 4), weight_shape = (2, 3, 3, 3), use_bias = True
stride = 1, padding = 0, output_padding = 0, groups = 1, dilation = 1
dtype = torch.float32

    @pytest.mark.conv_transpose2d
    @pytest.mark.parametrize(
        "input_shape, weight_shape, use_bias, stride, padding, output_padding, groups, "
        "dilation, dtype",
        (
            SUPPORTED_CONV_TRANSPOSE2D_CASES[:2]
            if cfg.QUICK_MODE
            else SUPPORTED_CONV_TRANSPOSE2D_CASES
        ),
    )
    def test_accuracy_conv_transpose2d_supported(
        monkeypatch,
        input_shape,
        weight_shape,
        use_bias,
        stride,
        padding,
        output_padding,
        groups,
        dilation,
        dtype,
    ):
>       _assert_conv_transpose2d_matches(
            monkeypatch,
            input_shape,
            weight_shape,
            use_bias,
            stride,
            padding,
            output_padding,
            groups,
            dilation,
            dtype,
        )

test_conv_transpose2d.py:298: 
_ _ _ _ _ _ _ _ _ _ _ _ _ _ _ _ _ _ _ _ _ _ _ _ _ _ _ _ _ _ _ _ _ _ _ _ _ _ _ _ 
test_conv_transpose2d.py:257: in _assert_conv_transpose2d_matches
    res_out = flag_gems.conv_transpose2d(
../src/flag_gems/ops/conv_transpose2d.py:1354: in conv_transpose2d
    output = _conv_transpose2d_4d_dispatch(
../src/flag_gems/ops/conv_transpose2d.py:1480: in _conv_transpose2d_4d_dispatch
    return _conv_transpose2d_general(
../src/flag_gems/ops/conv_transpose2d.py:1769: in _conv_transpose2d_general
    return _conv_transpose2d_residue(
../src/flag_gems/ops/conv_transpose2d.py:1924: in _conv_transpose2d_residue
    _conv_transpose2d_residue_kernel[grid](
/root/miniconda/envs/python310_torch29_cuda/lib/python3.10/site-packages/triton/runtime/jit.py:364: in <lambda>
    return lambda *args, **kwargs: self.run(grid=grid, warmup=False, *args, **kwargs)
../src/flag_gems/utils/libentry.py:889: in run
    kernel = self.fn.run(*args, **kwargs)
/root/miniconda/envs/python310_torch29_cuda/lib/python3.10/site-packages/triton/runtime/jit.py:795: in run
    kernel = self.default_run(*args, **kwargs)
/root/miniconda/envs/python310_torch29_cuda/lib/python3.10/site-packages/triton/runtime/jit.py:686: in default_run
    kernel = self.compile(
/root/miniconda/envs/python310_torch29_cuda/lib/python3.10/site-packages/triton/compiler/compiler.py:285: in compile
    module = src.make_ir(options, codegen_fns, context)
_ _ _ _ _ _ _ _ _ _ _ _ _ _ _ _ _ _ _ _ _ _ _ _ _ _ _ _ _ _ _ _ _ _ _ _ _ _ _ _ 

self = <triton.compiler.compiler.ASTSource object at 0x7fac63b9d4e0>
options = XPUOptions(arch=3, grid=(1, 1, 1), debug=None, cluster_num=12, core_num=64, buffer_size_limit=512, groups_per_cluster=...wed_dot_input_precisions=('ieee', 'tf32'), exp_range=':0', num_warps=4, num_ctas=-1, num_stages=1, use_int4_w4a8=False)
codegen_fns = {}
context = <triton._C.libtriton.ir.context object at 0x7fac4c6c03b0>

    def make_ir(self, options, codegen_fns, context):
>       return ast_to_ttir(self.fn, self, context=context, options=options, codegen_fns=codegen_fns)
E       triton.compiler.errors.CompilationError: at 108:33:
E                                   ci_in_offsets[None, :] < input_channels_per_group
E                               )
E                               weight_mask = (
E                                   ci_in_offsets[:, None] < input_channels_per_group
E                               ) & (co_in_offsets[None, :] < output_channels_per_group)
E                               input_block = tl.load(
E                                   input_pointer + input_offsets, mask=input_mask, other=0.0
E                               )
E                               weight_block = tl.load(
E                                   weight_pointer + weight_offsets, mask=weight_mask, other=0.0
E                               )
E                               accum += tl.dot(
E                                        ^

/root/miniconda/envs/python310_torch29_cuda/lib/python3.10/site-packages/triton/compiler/compiler.py:122: CompilationError
_ test_accuracy_conv_transpose2d_supported[fp16_general_groups_asymmetric_stride_output_padding] _

args = (<triton.language.core.tensor object at 0x7fac4c9e4dc0>, <triton.language.core.tensor object at 0x7fac4c9e7100>)
kwargs = {'_builder': <triton._C.libtriton.ir.builder object at 0x7fac4c9d8310>, 'input_precision': constexpr[tf32x3]}

    @wraps(fn)
    def wrapper(*args, **kwargs):
        if "_builder" not in kwargs or kwargs["_builder"] is None:
            raise ValueError("Did you forget to add @triton.jit ? "
                             "(`_builder` argument must be provided outside of JIT functions.)")
>       return fn(*args, **kwargs)

/root/miniconda/envs/python310_torch29_cuda/lib/python3.10/site-packages/triton/language/core.py:38: 
_ _ _ _ _ _ _ _ _ _ _ _ _ _ _ _ _ _ _ _ _ _ _ _ _ _ _ _ _ _ _ _ _ _ _ _ _ _ _ _ 
/root/miniconda/envs/python310_torch29_cuda/lib/python3.10/site-packages/triton/language/core.py:1544: in dot
    return semantic.dot(input, other, acc, input_precision, max_num_imprecise_acc, out_dtype, _builder)
/root/miniconda/envs/python310_torch29_cuda/lib/python3.10/site-packages/triton/language/semantic.py:1480: in dot
    input_precision = _str_to_dot_input_precision(input_precision, builder)
_ _ _ _ _ _ _ _ _ _ _ _ _ _ _ _ _ _ _ _ _ _ _ _ _ _ _ _ _ _ _ _ _ _ _ _ _ _ _ _ 

input_precision = 'tf32x3'
builder = <triton._C.libtriton.ir.builder object at 0x7fac4c9d8310>

    def _str_to_dot_input_precision(input_precision, builder):
>       assert input_precision.lower() in builder.options.allowed_dot_input_precisions, \
            f"input_precision must be one of {builder.options.allowed_dot_input_precisions}. Got {input_precision}"
E       AssertionError: input_precision must be one of ('ieee', 'tf32'). Got tf32x3

/root/miniconda/envs/python310_torch29_cuda/lib/python3.10/site-packages/triton/language/semantic.py:1428: AssertionError

The above exception was the direct cause of the following exception:

monkeypatch = <_pytest.monkeypatch.MonkeyPatch object at 0x7fac4c4d6a40>
input_shape = (2, 4, 5, 4), weight_shape = (4, 3, 3, 2), use_bias = True
stride = (2, 1), padding = (1, 0), output_padding = (1, 0), groups = 2
dilation = 1, dtype = torch.float16

    @pytest.mark.conv_transpose2d
    @pytest.mark.parametrize(
        "input_shape, weight_shape, use_bias, stride, padding, output_padding, groups, "
        "dilation, dtype",
        (
            SUPPORTED_CONV_TRANSPOSE2D_CASES[:2]
            if cfg.QUICK_MODE
            else SUPPORTED_CONV_TRANSPOSE2D_CASES
        ),
    )
    def test_accuracy_conv_transpose2d_supported(
        monkeypatch,
        input_shape,
        weight_shape,
        use_bias,
        stride,
        padding,
        output_padding,
        groups,
        dilation,
        dtype,
    ):
>       _assert_conv_transpose2d_matches(
            monkeypatch,
            input_shape,
            weight_shape,
            use_bias,
            stride,
            padding,
            output_padding,
            groups,
            dilation,
            dtype,
        )

test_conv_transpose2d.py:298: 
_ _ _ _ _ _ _ _ _ _ _ _ _ _ _ _ _ _ _ _ _ _ _ _ _ _ _ _ _ _ _ _ _ _ _ _ _ _ _ _ 
test_conv_transpose2d.py:257: in _assert_conv_transpose2d_matches
    res_out = flag_gems.conv_transpose2d(
../src/flag_gems/ops/conv_transpose2d.py:1354: in conv_transpose2d
    output = _conv_transpose2d_4d_dispatch(
../src/flag_gems/ops/conv_transpose2d.py:1480: in _conv_transpose2d_4d_dispatch
    return _conv_transpose2d_general(
../src/flag_gems/ops/conv_transpose2d.py:1769: in _conv_transpose2d_general
    return _conv_transpose2d_residue(
../src/flag_gems/ops/conv_transpose2d.py:1924: in _conv_transpose2d_residue
    _conv_transpose2d_residue_kernel[grid](
/root/miniconda/envs/python310_torch29_cuda/lib/python3.10/site-packages/triton/runtime/jit.py:364: in <lambda>
    return lambda *args, **kwargs: self.run(grid=grid, warmup=False, *args, **kwargs)
../src/flag_gems/utils/libentry.py:889: in run
    kernel = self.fn.run(*args, **kwargs)
/root/miniconda/envs/python310_torch29_cuda/lib/python3.10/site-packages/triton/runtime/jit.py:795: in run
    kernel = self.default_run(*args, **kwargs)
/root/miniconda/envs/python310_torch29_cuda/lib/python3.10/site-packages/triton/runtime/jit.py:686: in default_run
    kernel = self.compile(
/root/miniconda/envs/python310_torch29_cuda/lib/python3.10/site-packages/triton/compiler/compiler.py:285: in compile
    module = src.make_ir(options, codegen_fns, context)
_ _ _ _ _ _ _ _ _ _ _ _ _ _ _ _ _ _ _ _ _ _ _ _ _ _ _ _ _ _ _ _ _ _ _ _ _ _ _ _ 

self = <triton.compiler.compiler.ASTSource object at 0x7fac4c443700>
options = XPUOptions(arch=3, grid=(1, 1, 4), debug=None, cluster_num=12, core_num=64, buffer_size_limit=512, groups_per_cluster=...wed_dot_input_precisions=('ieee', 'tf32'), exp_range=':0', num_warps=4, num_ctas=-1, num_stages=1, use_int4_w4a8=False)
codegen_fns = {}
context = <triton._C.libtriton.ir.context object at 0x7fac62a134b0>

    def make_ir(self, options, codegen_fns, context):
>       return ast_to_ttir(self.fn, self, context=context, options=options, codegen_fns=codegen_fns)
E       triton.compiler.errors.CompilationError: at 108:33:
E                                   ci_in_offsets[None, :] < input_channels_per_group
E                               )
E                               weight_mask = (
E                                   ci_in_offsets[:, None] < input_channels_per_group
E                               ) & (co_in_offsets[None, :] < output_channels_per_group)
E                               input_block = tl.load(
E                                   input_pointer + input_offsets, mask=input_mask, other=0.0
E                               )
E                               weight_block = tl.load(
E                                   weight_pointer + weight_offsets, mask=weight_mask, other=0.0
E                               )
E                               accum += tl.dot(
E                                        ^

/root/miniconda/envs/python310_torch29_cuda/lib/python3.10/site-packages/triton/compiler/compiler.py:122: CompilationError
_ test_accuracy_conv_transpose2d_supported[fp32_general_dilation_output_padding] _

args = (<triton.language.core.tensor object at 0x7fac4c61aad0>, <triton.language.core.tensor object at 0x7fac4c61a3b0>)
kwargs = {'_builder': <triton._C.libtriton.ir.builder object at 0x7fac4c96b100>, 'input_precision': constexpr[tf32x3]}

    @wraps(fn)
    def wrapper(*args, **kwargs):
        if "_builder" not in kwargs or kwargs["_builder"] is None:
            raise ValueError("Did you forget to add @triton.jit ? "
                             "(`_builder` argument must be provided outside of JIT functions.)")
>       return fn(*args, **kwargs)

/root/miniconda/envs/python310_torch29_cuda/lib/python3.10/site-packages/triton/language/core.py:38: 
_ _ _ _ _ _ _ _ _ _ _ _ _ _ _ _ _ _ _ _ _ _ _ _ _ _ _ _ _ _ _ _ _ _ _ _ _ _ _ _ 
/root/miniconda/envs/python310_torch29_cuda/lib/python3.10/site-packages/triton/language/core.py:1544: in dot
    return semantic.dot(input, other, acc, input_precision, max_num_imprecise_acc, out_dtype, _builder)
/root/miniconda/envs/python310_torch29_cuda/lib/python3.10/site-packages/triton/language/semantic.py:1480: in dot
    input_precision = _str_to_dot_input_precision(input_precision, builder)
_ _ _ _ _ _ _ _ _ _ _ _ _ _ _ _ _ _ _ _ _ _ _ _ _ _ _ _ _ _ _ _ _ _ _ _ _ _ _ _ 

input_precision = 'tf32x3'
builder = <triton._C.libtriton.ir.builder object at 0x7fac4c96b100>

    def _str_to_dot_input_precision(input_precision, builder):
>       assert input_precision.lower() in builder.options.allowed_dot_input_precisions, \
            f"input_precision must be one of {builder.options.allowed_dot_input_precisions}. Got {input_precision}"
E       AssertionError: input_precision must be one of ('ieee', 'tf32'). Got tf32x3

/root/miniconda/envs/python310_torch29_cuda/lib/python3.10/site-packages/triton/language/semantic.py:1428: AssertionError

The above exception was the direct cause of the following exception:

monkeypatch = <_pytest.monkeypatch.MonkeyPatch object at 0x7fac4c619180>
input_shape = (1, 2, 4, 4), weight_shape = (2, 3, 2, 3), use_bias = False
stride = 1, padding = (2, 1), output_padding = (1, 0), groups = 1
dilation = (2, 1), dtype = torch.float32

    @pytest.mark.conv_transpose2d
    @pytest.mark.parametrize(
        "input_shape, weight_shape, use_bias, stride, padding, output_padding, groups, "
        "dilation, dtype",
        (
            SUPPORTED_CONV_TRANSPOSE2D_CASES[:2]
            if cfg.QUICK_MODE
            else SUPPORTED_CONV_TRANSPOSE2D_CASES
        ),
    )
    def test_accuracy_conv_transpose2d_supported(
        monkeypatch,
        input_shape,
        weight_shape,
        use_bias,
        stride,
        padding,
        output_padding,
        groups,
        dilation,
        dtype,
    ):
>       _assert_conv_transpose2d_matches(
            monkeypatch,
            input_shape,
            weight_shape,
            use_bias,
            stride,
            padding,
            output_padding,
            groups,
            dilation,
            dtype,
        )

test_conv_transpose2d.py:298: 
_ _ _ _ _ _ _ _ _ _ _ _ _ _ _ _ _ _ _ _ _ _ _ _ _ _ _ _ _ _ _ _ _ _ _ _ _ _ _ _ 
test_conv_transpose2d.py:257: in _assert_conv_transpose2d_matches
    res_out = flag_gems.conv_transpose2d(
../src/flag_gems/ops/conv_transpose2d.py:1354: in conv_transpose2d
    output = _conv_transpose2d_4d_dispatch(
../src/flag_gems/ops/conv_transpose2d.py:1480: in _conv_transpose2d_4d_dispatch
    return _conv_transpose2d_general(
../src/flag_gems/ops/conv_transpose2d.py:1769: in _conv_transpose2d_general
    return _conv_transpose2d_residue(
../src/flag_gems/ops/conv_transpose2d.py:1924: in _conv_transpose2d_residue
    _conv_transpose2d_residue_kernel[grid](
/root/miniconda/envs/python310_torch29_cuda/lib/python3.10/site-packages/triton/runtime/jit.py:364: in <lambda>
    return lambda *args, **kwargs: self.run(grid=grid, warmup=False, *args, **kwargs)
../src/flag_gems/utils/libentry.py:889: in run
    kernel = self.fn.run(*args, **kwargs)
/root/miniconda/envs/python310_torch29_cuda/lib/python3.10/site-packages/triton/runtime/jit.py:795: in run
    kernel = self.default_run(*args, **kwargs)
/root/miniconda/envs/python310_torch29_cuda/lib/python3.10/site-packages/triton/runtime/jit.py:686: in default_run
    kernel = self.compile(
/root/miniconda/envs/python310_torch29_cuda/lib/python3.10/site-packages/triton/compiler/compiler.py:285: in compile
    module = src.make_ir(options, codegen_fns, context)
_ _ _ _ _ _ _ _ _ _ _ _ _ _ _ _ _ _ _ _ _ _ _ _ _ _ _ _ _ _ _ _ _ _ _ _ _ _ _ _ 

self = <triton.compiler.compiler.ASTSource object at 0x7fac4c618910>
options = XPUOptions(arch=3, grid=(1, 1, 1), debug=None, cluster_num=12, core_num=64, buffer_size_limit=512, groups_per_cluster=...wed_dot_input_precisions=('ieee', 'tf32'), exp_range=':0', num_warps=4, num_ctas=-1, num_stages=1, use_int4_w4a8=False)
codegen_fns = {}
context = <triton._C.libtriton.ir.context object at 0x7fac4c499730>

    def make_ir(self, options, codegen_fns, context):
>       return ast_to_ttir(self.fn, self, context=context, options=options, codegen_fns=codegen_fns)
E       triton.compiler.errors.CompilationError: at 108:33:
E                                   ci_in_offsets[None, :] < input_channels_per_group
E                               )
E                               weight_mask = (
E                                   ci_in_offsets[:, None] < input_channels_per_group
E                               ) & (co_in_offsets[None, :] < output_channels_per_group)
E                               input_block = tl.load(
E                                   input_pointer + input_offsets, mask=input_mask, other=0.0
E                               )
E                               weight_block = tl.load(
E                                   weight_pointer + weight_offsets, mask=weight_mask, other=0.0
E                               )
E                               accum += tl.dot(
E                                        ^

/root/miniconda/envs/python310_torch29_cuda/lib/python3.10/site-packages/triton/compiler/compiler.py:122: CompilationError
_______ test_accuracy_conv_transpose2d_supported[bf16_general_non_tuned] _______

args = (<triton.language.core.tensor object at 0x7fac4c958dc0>, <triton.language.core.tensor object at 0x7fac4c959210>)
kwargs = {'_builder': <triton._C.libtriton.ir.builder object at 0x7fac4c9a3e20>, 'input_precision': constexpr[tf32x3]}

    @wraps(fn)
    def wrapper(*args, **kwargs):
        if "_builder" not in kwargs or kwargs["_builder"] is None:
            raise ValueError("Did you forget to add @triton.jit ? "
                             "(`_builder` argument must be provided outside of JIT functions.)")
>       return fn(*args, **kwargs)

/root/miniconda/envs/python310_torch29_cuda/lib/python3.10/site-packages/triton/language/core.py:38: 
_ _ _ _ _ _ _ _ _ _ _ _ _ _ _ _ _ _ _ _ _ _ _ _ _ _ _ _ _ _ _ _ _ _ _ _ _ _ _ _ 
/root/miniconda/envs/python310_torch29_cuda/lib/python3.10/site-packages/triton/language/core.py:1544: in dot
    return semantic.dot(input, other, acc, input_precision, max_num_imprecise_acc, out_dtype, _builder)
/root/miniconda/envs/python310_torch29_cuda/lib/python3.10/site-packages/triton/language/semantic.py:1480: in dot
    input_precision = _str_to_dot_input_precision(input_precision, builder)
_ _ _ _ _ _ _ _ _ _ _ _ _ _ _ _ _ _ _ _ _ _ _ _ _ _ _ _ _ _ _ _ _ _ _ _ _ _ _ _ 

input_precision = 'tf32x3'
builder = <triton._C.libtriton.ir.builder object at 0x7fac4c9a3e20>

    def _str_to_dot_input_precision(input_precision, builder):
>       assert input_precision.lower() in builder.options.allowed_dot_input_precisions, \
            f"input_precision must be one of {builder.options.allowed_dot_input_precisions}. Got {input_precision}"
E       AssertionError: input_precision must be one of ('ieee', 'tf32'). Got tf32x3

/root/miniconda/envs/python310_torch29_cuda/lib/python3.10/site-packages/triton/language/semantic.py:1428: AssertionError

The above exception was the direct cause of the following exception:

monkeypatch = <_pytest.monkeypatch.MonkeyPatch object at 0x7fac4c4882e0>
input_shape = (1, 3, 3, 5), weight_shape = (3, 2, 2, 2), use_bias = False
stride = (2, 2), padding = (0, 1), output_padding = (0, 1), groups = 1
dilation = 1, dtype = torch.bfloat16

    @pytest.mark.conv_transpose2d
    @pytest.mark.parametrize(
        "input_shape, weight_shape, use_bias, stride, padding, output_padding, groups, "
        "dilation, dtype",
        (
            SUPPORTED_CONV_TRANSPOSE2D_CASES[:2]
            if cfg.QUICK_MODE
            else SUPPORTED_CONV_TRANSPOSE2D_CASES
        ),
    )
    def test_accuracy_conv_transpose2d_supported(
        monkeypatch,
        input_shape,
        weight_shape,
        use_bias,
        stride,
        padding,
        output_padding,
        groups,
        dilation,
        dtype,
    ):
>       _assert_conv_transpose2d_matches(
            monkeypatch,
            input_shape,
            weight_shape,
            use_bias,
            stride,
            padding,
            output_padding,
            groups,
            dilation,
            dtype,
        )

test_conv_transpose2d.py:298: 
_ _ _ _ _ _ _ _ _ _ _ _ _ _ _ _ _ _ _ _ _ _ _ _ _ _ _ _ _ _ _ _ _ _ _ _ _ _ _ _ 
test_conv_transpose2d.py:257: in _assert_conv_transpose2d_matches
    res_out = flag_gems.conv_transpose2d(
../src/flag_gems/ops/conv_transpose2d.py:1354: in conv_transpose2d
    output = _conv_transpose2d_4d_dispatch(
../src/flag_gems/ops/conv_transpose2d.py:1466: in _conv_transpose2d_4d_dispatch
    return _conv_transpose2d_scatter_no_overlap(
../src/flag_gems/ops/conv_transpose2d.py:1294: in _conv_transpose2d_scatter_no_overlap
    _conv_transpose2d_scatter_no_overlap_kernel[grid](
/root/miniconda/envs/python310_torch29_cuda/lib/python3.10/site-packages/triton/runtime/jit.py:364: in <lambda>
    return lambda *args, **kwargs: self.run(grid=grid, warmup=False, *args, **kwargs)
../src/flag_gems/utils/libentry.py:889: in run
    kernel = self.fn.run(*args, **kwargs)
/root/miniconda/envs/python310_torch29_cuda/lib/python3.10/site-packages/triton/runtime/jit.py:795: in run
    kernel = self.default_run(*args, **kwargs)
/root/miniconda/envs/python310_torch29_cuda/lib/python3.10/site-packages/triton/runtime/jit.py:686: in default_run
    kernel = self.compile(
/root/miniconda/envs/python310_torch29_cuda/lib/python3.10/site-packages/triton/compiler/compiler.py:285: in compile
    module = src.make_ir(options, codegen_fns, context)
_ _ _ _ _ _ _ _ _ _ _ _ _ _ _ _ _ _ _ _ _ _ _ _ _ _ _ _ _ _ _ _ _ _ _ _ _ _ _ _ 

self = <triton.compiler.compiler.ASTSource object at 0x7fac4c809d20>
options = XPUOptions(arch=3, grid=(1, 1, 4), debug=None, cluster_num=12, core_num=64, buffer_size_limit=512, groups_per_cluster=...wed_dot_input_precisions=('ieee', 'tf32'), exp_range=':0', num_warps=4, num_ctas=-1, num_stages=3, use_int4_w4a8=False)
codegen_fns = {}
context = <triton._C.libtriton.ir.context object at 0x7fac4c411830>

    def make_ir(self, options, codegen_fns, context):
>       return ast_to_ttir(self.fn, self, context=context, options=options, codegen_fns=codegen_fns)
E       triton.compiler.errors.CompilationError: at 79:17:
E               co_mask = co_in_group < output_channels_per_group
E               input_block = tl.load(
E                   input_pointer + input_offsets,
E                   mask=valid_nhw[:, None] & ci_mask[None, :],
E                   other=0.0,
E               )
E               weight_block = tl.load(
E                   weight_pointer + weight_offsets,
E                   mask=ci_mask[:, None] & co_mask[None, :],
E                   other=0.0,
E               )
E               accum += tl.dot(
E                        ^

/root/miniconda/envs/python310_torch29_cuda/lib/python3.10/site-packages/triton/compiler/compiler.py:122: CompilationError
_ test_accuracy_conv_transpose2d_extended_parameters[fp32_groups2_bias_stride3_asymmetric_output_padding] _

args = (<triton.language.core.tensor object at 0x7fac4c4a5660>, <triton.language.core.tensor object at 0x7fac4c4a70d0>)
kwargs = {'_builder': <triton._C.libtriton.ir.builder object at 0x7fac4c900310>, 'input_precision': constexpr[tf32x3]}

    @wraps(fn)
    def wrapper(*args, **kwargs):
        if "_builder" not in kwargs or kwargs["_builder"] is None:
            raise ValueError("Did you forget to add @triton.jit ? "
                             "(`_builder` argument must be provided outside of JIT functions.)")
>       return fn(*args, **kwargs)

/root/miniconda/envs/python310_torch29_cuda/lib/python3.10/site-packages/triton/language/core.py:38: 
_ _ _ _ _ _ _ _ _ _ _ _ _ _ _ _ _ _ _ _ _ _ _ _ _ _ _ _ _ _ _ _ _ _ _ _ _ _ _ _ 
/root/miniconda/envs/python310_torch29_cuda/lib/python3.10/site-packages/triton/language/core.py:1544: in dot
    return semantic.dot(input, other, acc, input_precision, max_num_imprecise_acc, out_dtype, _builder)
/root/miniconda/envs/python310_torch29_cuda/lib/python3.10/site-packages/triton/language/semantic.py:1480: in dot
    input_precision = _str_to_dot_input_precision(input_precision, builder)
_ _ _ _ _ _ _ _ _ _ _ _ _ _ _ _ _ _ _ _ _ _ _ _ _ _ _ _ _ _ _ _ _ _ _ _ _ _ _ _ 

input_precision = 'tf32x3'
builder = <triton._C.libtriton.ir.builder object at 0x7fac4c900310>

    def _str_to_dot_input_precision(input_precision, builder):
>       assert input_precision.lower() in builder.options.allowed_dot_input_precisions, \
            f"input_precision must be one of {builder.options.allowed_dot_input_precisions}. Got {input_precision}"
E       AssertionError: input_precision must be one of ('ieee', 'tf32'). Got tf32x3

/root/miniconda/envs/python310_torch29_cuda/lib/python3.10/site-packages/triton/language/semantic.py:1428: AssertionError

The above exception was the direct cause of the following exception:

monkeypatch = <_pytest.monkeypatch.MonkeyPatch object at 0x7fac4c4887c0>
input_shape = (2, 4, 4, 5), weight_shape = (4, 2, 2, 3), use_bias = True
stride = (3, 2), padding = (1, 2), output_padding = (2, 1), groups = 2
dilation = 1, dtype = torch.float32

    @pytest.mark.conv_transpose2d
    @pytest.mark.parametrize(
        "input_shape, weight_shape, use_bias, stride, padding, output_padding, groups, "
        "dilation, dtype",
        (
            ADDITIONAL_CONV_TRANSPOSE2D_CASES[:2]
            if cfg.QUICK_MODE
            else ADDITIONAL_CONV_TRANSPOSE2D_CASES
        ),
    )
    def test_accuracy_conv_transpose2d_extended_parameters(
        monkeypatch,
        input_shape,
        weight_shape,
        use_bias,
        stride,
        padding,
        output_padding,
        groups,
        dilation,
        dtype,
    ):
>       _assert_conv_transpose2d_matches(
            monkeypatch,
            input_shape,
            weight_shape,
            use_bias,
            stride,
            padding,
            output_padding,
            groups,
            dilation,
            dtype,
        )

test_conv_transpose2d.py:334: 
_ _ _ _ _ _ _ _ _ _ _ _ _ _ _ _ _ _ _ _ _ _ _ _ _ _ _ _ _ _ _ _ _ _ _ _ _ _ _ _ 
test_conv_transpose2d.py:257: in _assert_conv_transpose2d_matches
    res_out = flag_gems.conv_transpose2d(
../src/flag_gems/ops/conv_transpose2d.py:1354: in conv_transpose2d
    output = _conv_transpose2d_4d_dispatch(
../src/flag_gems/ops/conv_transpose2d.py:1480: in _conv_transpose2d_4d_dispatch
    return _conv_transpose2d_general(
../src/flag_gems/ops/conv_transpose2d.py:1769: in _conv_transpose2d_general
    return _conv_transpose2d_residue(
../src/flag_gems/ops/conv_transpose2d.py:1924: in _conv_transpose2d_residue
    _conv_transpose2d_residue_kernel[grid](
/root/miniconda/envs/python310_torch29_cuda/lib/python3.10/site-packages/triton/runtime/jit.py:364: in <lambda>
    return lambda *args, **kwargs: self.run(grid=grid, warmup=False, *args, **kwargs)
../src/flag_gems/utils/libentry.py:889: in run
    kernel = self.fn.run(*args, **kwargs)
/root/miniconda/envs/python310_torch29_cuda/lib/python3.10/site-packages/triton/runtime/jit.py:795: in run
    kernel = self.default_run(*args, **kwargs)
/root/miniconda/envs/python310_torch29_cuda/lib/python3.10/site-packages/triton/runtime/jit.py:686: in default_run
    kernel = self.compile(
/root/miniconda/envs/python310_torch29_cuda/lib/python3.10/site-packages/triton/compiler/compiler.py:285: in compile
    module = src.make_ir(options, codegen_fns, context)
_ _ _ _ _ _ _ _ _ _ _ _ _ _ _ _ _ _ _ _ _ _ _ _ _ _ _ _ _ _ _ _ _ _ _ _ _ _ _ _ 

self = <triton.compiler.compiler.ASTSource object at 0x7fac4c4a7e80>
options = XPUOptions(arch=3, grid=(1, 1, 12), debug=None, cluster_num=12, core_num=64, buffer_size_limit=512, groups_per_cluster...wed_dot_input_precisions=('ieee', 'tf32'), exp_range=':0', num_warps=4, num_ctas=-1, num_stages=1, use_int4_w4a8=False)
codegen_fns = {}
context = <triton._C.libtriton.ir.context object at 0x7fac4c9b97b0>

    def make_ir(self, options, codegen_fns, context):
>       return ast_to_ttir(self.fn, self, context=context, options=options, codegen_fns=codegen_fns)
E       triton.compiler.errors.CompilationError: at 108:33:
E                                   ci_in_offsets[None, :] < input_channels_per_group
E                               )
E                               weight_mask = (
E                                   ci_in_offsets[:, None] < input_channels_per_group
E                               ) & (co_in_offsets[None, :] < output_channels_per_group)
E                               input_block = tl.load(
E                                   input_pointer + input_offsets, mask=input_mask, other=0.0
E                               )
E                               weight_block = tl.load(
E                                   weight_pointer + weight_offsets, mask=weight_mask, other=0.0
E                               )
E                               accum += tl.dot(
E                                        ^

/root/miniconda/envs/python310_torch29_cuda/lib/python3.10/site-packages/triton/compiler/compiler.py:122: CompilationError
_ test_accuracy_conv_transpose2d_extended_parameters[fp16_scatter_groups_bias_stride4_output_padding] _

args = (<triton.language.core.tensor object at 0x7fac4c6cb040>, <triton.language.core.tensor object at 0x7fac4c6cb070>)
kwargs = {'_builder': <triton._C.libtriton.ir.builder object at 0x7fac4c690310>, 'input_precision': constexpr[tf32x3]}

    @wraps(fn)
    def wrapper(*args, **kwargs):
        if "_builder" not in kwargs or kwargs["_builder"] is None:
            raise ValueError("Did you forget to add @triton.jit ? "
                             "(`_builder` argument must be provided outside of JIT functions.)")
>       return fn(*args, **kwargs)

/root/miniconda/envs/python310_torch29_cuda/lib/python3.10/site-packages/triton/language/core.py:38: 
_ _ _ _ _ _ _ _ _ _ _ _ _ _ _ _ _ _ _ _ _ _ _ _ _ _ _ _ _ _ _ _ _ _ _ _ _ _ _ _ 
/root/miniconda/envs/python310_torch29_cuda/lib/python3.10/site-packages/triton/language/core.py:1544: in dot
    return semantic.dot(input, other, acc, input_precision, max_num_imprecise_acc, out_dtype, _builder)
/root/miniconda/envs/python310_torch29_cuda/lib/python3.10/site-packages/triton/language/semantic.py:1480: in dot
    input_precision = _str_to_dot_input_precision(input_precision, builder)
_ _ _ _ _ _ _ _ _ _ _ _ _ _ _ _ _ _ _ _ _ _ _ _ _ _ _ _ _ _ _ _ _ _ _ _ _ _ _ _ 

input_precision = 'tf32x3'
builder = <triton._C.libtriton.ir.builder object at 0x7fac4c690310>

    def _str_to_dot_input_precision(input_precision, builder):
>       assert input_precision.lower() in builder.options.allowed_dot_input_precisions, \
            f"input_precision must be one of {builder.options.allowed_dot_input_precisions}. Got {input_precision}"
E       AssertionError: input_precision must be one of ('ieee', 'tf32'). Got tf32x3

/root/miniconda/envs/python310_torch29_cuda/lib/python3.10/site-packages/triton/language/semantic.py:1428: AssertionError

The above exception was the direct cause of the following exception:

monkeypatch = <_pytest.monkeypatch.MonkeyPatch object at 0x7fac4c4889a0>
input_shape = (2, 4, 4, 5), weight_shape = (4, 2, 3, 3), use_bias = True
stride = (4, 4), padding = (1, 2), output_padding = (3, 1), groups = 2
dilation = 1, dtype = torch.float16

    @pytest.mark.conv_transpose2d
    @pytest.mark.parametrize(
        "input_shape, weight_shape, use_bias, stride, padding, output_padding, groups, "
        "dilation, dtype",
        (
            ADDITIONAL_CONV_TRANSPOSE2D_CASES[:2]
            if cfg.QUICK_MODE
            else ADDITIONAL_CONV_TRANSPOSE2D_CASES
        ),
    )
    def test_accuracy_conv_transpose2d_extended_parameters(
        monkeypatch,
        input_shape,
        weight_shape,
        use_bias,
        stride,
        padding,
        output_padding,
        groups,
        dilation,
        dtype,
    ):
>       _assert_conv_transpose2d_matches(
            monkeypatch,
            input_shape,
            weight_shape,
            use_bias,
            stride,
            padding,
            output_padding,
            groups,
            dilation,
            dtype,
        )

test_conv_transpose2d.py:334: 
_ _ _ _ _ _ _ _ _ _ _ _ _ _ _ _ _ _ _ _ _ _ _ _ _ _ _ _ _ _ _ _ _ _ _ _ _ _ _ _ 
test_conv_transpose2d.py:257: in _assert_conv_transpose2d_matches
    res_out = flag_gems.conv_transpose2d(
../src/flag_gems/ops/conv_transpose2d.py:1354: in conv_transpose2d
    output = _conv_transpose2d_4d_dispatch(
../src/flag_gems/ops/conv_transpose2d.py:1466: in _conv_transpose2d_4d_dispatch
    return _conv_transpose2d_scatter_no_overlap(
../src/flag_gems/ops/conv_transpose2d.py:1294: in _conv_transpose2d_scatter_no_overlap
    _conv_transpose2d_scatter_no_overlap_kernel[grid](
/root/miniconda/envs/python310_torch29_cuda/lib/python3.10/site-packages/triton/runtime/jit.py:364: in <lambda>
    return lambda *args, **kwargs: self.run(grid=grid, warmup=False, *args, **kwargs)
../src/flag_gems/utils/libentry.py:889: in run
    kernel = self.fn.run(*args, **kwargs)
/root/miniconda/envs/python310_torch29_cuda/lib/python3.10/site-packages/triton/runtime/jit.py:795: in run
    kernel = self.default_run(*args, **kwargs)
/root/miniconda/envs/python310_torch29_cuda/lib/python3.10/site-packages/triton/runtime/jit.py:686: in default_run
    kernel = self.compile(
/root/miniconda/envs/python310_torch29_cuda/lib/python3.10/site-packages/triton/compiler/compiler.py:285: in compile
    module = src.make_ir(options, codegen_fns, context)
_ _ _ _ _ _ _ _ _ _ _ _ _ _ _ _ _ _ _ _ _ _ _ _ _ _ _ _ _ _ _ _ _ _ _ _ _ _ _ _ 

self = <triton.compiler.compiler.ASTSource object at 0x7fac4c869e40>
options = XPUOptions(arch=3, grid=(1, 1, 18), debug=None, cluster_num=12, core_num=64, buffer_size_limit=512, groups_per_cluster...wed_dot_input_precisions=('ieee', 'tf32'), exp_range=':0', num_warps=4, num_ctas=-1, num_stages=3, use_int4_w4a8=False)
codegen_fns = {}
context = <triton._C.libtriton.ir.context object at 0x7fae18ba1670>

    def make_ir(self, options, codegen_fns, context):
>       return ast_to_ttir(self.fn, self, context=context, options=options, codegen_fns=codegen_fns)
E       triton.compiler.errors.CompilationError: at 79:17:
E               co_mask = co_in_group < output_channels_per_group
E               input_block = tl.load(
E                   input_pointer + input_offsets,
E                   mask=valid_nhw[:, None] & ci_mask[None, :],
E                   other=0.0,
E               )
E               weight_block = tl.load(
E                   weight_pointer + weight_offsets,
E                   mask=ci_mask[:, None] & co_mask[None, :],
E                   other=0.0,
E               )
E               accum += tl.dot(
E                        ^

/root/miniconda/envs/python310_torch29_cuda/lib/python3.10/site-packages/triton/compiler/compiler.py:122: CompilationError
_ test_accuracy_conv_transpose2d_extended_parameters[bf16_scatter_stride3x4_output_padding] _

args = (<triton.language.core.tensor object at 0x7fac4c958a90>, <triton.language.core.tensor object at 0x7fac4c95a5f0>)
kwargs = {'_builder': <triton._C.libtriton.ir.builder object at 0x7fac4c9858a0>, 'input_precision': constexpr[tf32x3]}

    @wraps(fn)
    def wrapper(*args, **kwargs):
        if "_builder" not in kwargs or kwargs["_builder"] is None:
            raise ValueError("Did you forget to add @triton.jit ? "
                             "(`_builder` argument must be provided outside of JIT functions.)")
>       return fn(*args, **kwargs)

/root/miniconda/envs/python310_torch29_cuda/lib/python3.10/site-packages/triton/language/core.py:38: 
_ _ _ _ _ _ _ _ _ _ _ _ _ _ _ _ _ _ _ _ _ _ _ _ _ _ _ _ _ _ _ _ _ _ _ _ _ _ _ _ 
/root/miniconda/envs/python310_torch29_cuda/lib/python3.10/site-packages/triton/language/core.py:1544: in dot
    return semantic.dot(input, other, acc, input_precision, max_num_imprecise_acc, out_dtype, _builder)
/root/miniconda/envs/python310_torch29_cuda/lib/python3.10/site-packages/triton/language/semantic.py:1480: in dot
    input_precision = _str_to_dot_input_precision(input_precision, builder)
_ _ _ _ _ _ _ _ _ _ _ _ _ _ _ _ _ _ _ _ _ _ _ _ _ _ _ _ _ _ _ _ _ _ _ _ _ _ _ _ 

input_precision = 'tf32x3'
builder = <triton._C.libtriton.ir.builder object at 0x7fac4c9858a0>

    def _str_to_dot_input_precision(input_precision, builder):
>       assert input_precision.lower() in builder.options.allowed_dot_input_precisions, \
            f"input_precision must be one of {builder.options.allowed_dot_input_precisions}. Got {input_precision}"
E       AssertionError: input_precision must be one of ('ieee', 'tf32'). Got tf32x3

/root/miniconda/envs/python310_torch29_cuda/lib/python3.10/site-packages/triton/language/semantic.py:1428: AssertionError

The above exception was the direct cause of the following exception:

monkeypatch = <_pytest.monkeypatch.MonkeyPatch object at 0x7fae2ad42350>
input_shape = (1, 8, 5, 4), weight_shape = (8, 4, 3, 3), use_bias = False
stride = (3, 4), padding = (1, 0), output_padding = (2, 3), groups = 1
dilation = 1, dtype = torch.bfloat16

    @pytest.mark.conv_transpose2d
    @pytest.mark.parametrize(
        "input_shape, weight_shape, use_bias, stride, padding, output_padding, groups, "
        "dilation, dtype",
        (
            ADDITIONAL_CONV_TRANSPOSE2D_CASES[:2]
            if cfg.QUICK_MODE
            else ADDITIONAL_CONV_TRANSPOSE2D_CASES
        ),
    )
    def test_accuracy_conv_transpose2d_extended_parameters(
        monkeypatch,
        input_shape,
        weight_shape,
        use_bias,
        stride,
        padding,
        output_padding,
        groups,
        dilation,
        dtype,
    ):
>       _assert_conv_transpose2d_matches(
            monkeypatch,
            input_shape,
            weight_shape,
            use_bias,
            stride,
            padding,
            output_padding,
            groups,
            dilation,
            dtype,
        )

test_conv_transpose2d.py:334: 
_ _ _ _ _ _ _ _ _ _ _ _ _ _ _ _ _ _ _ _ _ _ _ _ _ _ _ _ _ _ _ _ _ _ _ _ _ _ _ _ 
test_conv_transpose2d.py:257: in _assert_conv_transpose2d_matches
    res_out = flag_gems.conv_transpose2d(
../src/flag_gems/ops/conv_transpose2d.py:1354: in conv_transpose2d
    output = _conv_transpose2d_4d_dispatch(
../src/flag_gems/ops/conv_transpose2d.py:1466: in _conv_transpose2d_4d_dispatch
    return _conv_transpose2d_scatter_no_overlap(
../src/flag_gems/ops/conv_transpose2d.py:1294: in _conv_transpose2d_scatter_no_overlap
    _conv_transpose2d_scatter_no_overlap_kernel[grid](
/root/miniconda/envs/python310_torch29_cuda/lib/python3.10/site-packages/triton/runtime/jit.py:364: in <lambda>
    return lambda *args, **kwargs: self.run(grid=grid, warmup=False, *args, **kwargs)
../src/flag_gems/utils/libentry.py:889: in run
    kernel = self.fn.run(*args, **kwargs)
/root/miniconda/envs/python310_torch29_cuda/lib/python3.10/site-packages/triton/runtime/jit.py:795: in run
    kernel = self.default_run(*args, **kwargs)
/root/miniconda/envs/python310_torch29_cuda/lib/python3.10/site-packages/triton/runtime/jit.py:686: in default_run
    kernel = self.compile(
/root/miniconda/envs/python310_torch29_cuda/lib/python3.10/site-packages/triton/compiler/compiler.py:285: in compile
    module = src.make_ir(options, codegen_fns, context)
_ _ _ _ _ _ _ _ _ _ _ _ _ _ _ _ _ _ _ _ _ _ _ _ _ _ _ _ _ _ _ _ _ _ _ _ _ _ _ _ 

self = <triton.compiler.compiler.ASTSource object at 0x7fac4c7d20e0>
options = XPUOptions(arch=3, grid=(1, 1, 9), debug=None, cluster_num=12, core_num=64, buffer_size_limit=512, groups_per_cluster=...wed_dot_input_precisions=('ieee', 'tf32'), exp_range=':0', num_warps=4, num_ctas=-1, num_stages=3, use_int4_w4a8=False)
codegen_fns = {}
context = <triton._C.libtriton.ir.context object at 0x7fac4c4bf4f0>

    def make_ir(self, options, codegen_fns, context):
>       return ast_to_ttir(self.fn, self, context=context, options=options, codegen_fns=codegen_fns)
E       triton.compiler.errors.CompilationError: at 79:17:
E               co_mask = co_in_group < output_channels_per_group
E               input_block = tl.load(
E                   input_pointer + input_offsets,
E                   mask=valid_nhw[:, None] & ci_mask[None, :],
E                   other=0.0,
E               )
E               weight_block = tl.load(
E                   weight_pointer + weight_offsets,
E                   mask=ci_mask[:, None] & co_mask[None, :],
E                   other=0.0,
E               )
E               accum += tl.dot(
E                        ^

/root/miniconda/envs/python310_torch29_cuda/lib/python3.10/site-packages/triton/compiler/compiler.py:122: CompilationError
_ test_accuracy_conv_transpose2d_extended_parameters[fp16_bias_tuple_padding_dilation] _

args = (<triton.language.core.tensor object at 0x7fac4c8a4040>, <triton.language.core.tensor object at 0x7fac4c8a4fa0>)
kwargs = {'_builder': <triton._C.libtriton.ir.builder object at 0x7fac4c9812b0>, 'input_precision': constexpr[tf32x3]}

    @wraps(fn)
    def wrapper(*args, **kwargs):
        if "_builder" not in kwargs or kwargs["_builder"] is None:
            raise ValueError("Did you forget to add @triton.jit ? "
                             "(`_builder` argument must be provided outside of JIT functions.)")
>       return fn(*args, **kwargs)

/root/miniconda/envs/python310_torch29_cuda/lib/python3.10/site-packages/triton/language/core.py:38: 
_ _ _ _ _ _ _ _ _ _ _ _ _ _ _ _ _ _ _ _ _ _ _ _ _ _ _ _ _ _ _ _ _ _ _ _ _ _ _ _ 
/root/miniconda/envs/python310_torch29_cuda/lib/python3.10/site-packages/triton/language/core.py:1544: in dot
    return semantic.dot(input, other, acc, input_precision, max_num_imprecise_acc, out_dtype, _builder)
/root/miniconda/envs/python310_torch29_cuda/lib/python3.10/site-packages/triton/language/semantic.py:1480: in dot
    input_precision = _str_to_dot_input_precision(input_precision, builder)
_ _ _ _ _ _ _ _ _ _ _ _ _ _ _ _ _ _ _ _ _ _ _ _ _ _ _ _ _ _ _ _ _ _ _ _ _ _ _ _ 

input_precision = 'tf32x3'
builder = <triton._C.libtriton.ir.builder object at 0x7fac4c9812b0>

    def _str_to_dot_input_precision(input_precision, builder):
>       assert input_precision.lower() in builder.options.allowed_dot_input_precisions, \
            f"input_precision must be one of {builder.options.allowed_dot_input_precisions}. Got {input_precision}"
E       AssertionError: input_precision must be one of ('ieee', 'tf32'). Got tf32x3

/root/miniconda/envs/python310_torch29_cuda/lib/python3.10/site-packages/triton/language/semantic.py:1428: AssertionError

The above exception was the direct cause of the following exception:

monkeypatch = <_pytest.monkeypatch.MonkeyPatch object at 0x7fac4c8a4be0>
input_shape = (1, 3, 5, 5), weight_shape = (3, 4, 3, 2), use_bias = True
stride = 2, padding = (2, 1), output_padding = 1, groups = 1, dilation = (2, 1)
dtype = torch.float16

    @pytest.mark.conv_transpose2d
    @pytest.mark.parametrize(
        "input_shape, weight_shape, use_bias, stride, padding, output_padding, groups, "
        "dilation, dtype",
        (
            ADDITIONAL_CONV_TRANSPOSE2D_CASES[:2]
            if cfg.QUICK_MODE
            else ADDITIONAL_CONV_TRANSPOSE2D_CASES
        ),
    )
    def test_accuracy_conv_transpose2d_extended_parameters(
        monkeypatch,
        input_shape,
        weight_shape,
        use_bias,
        stride,
        padding,
        output_padding,
        groups,
        dilation,
        dtype,
    ):
>       _assert_conv_transpose2d_matches(
            monkeypatch,
            input_shape,
            weight_shape,
            use_bias,
            stride,
            padding,
            output_padding,
            groups,
            dilation,
            dtype,
        )

test_conv_transpose2d.py:334: 
_ _ _ _ _ _ _ _ _ _ _ _ _ _ _ _ _ _ _ _ _ _ _ _ _ _ _ _ _ _ _ _ _ _ _ _ _ _ _ _ 
test_conv_transpose2d.py:257: in _assert_conv_transpose2d_matches
    res_out = flag_gems.conv_transpose2d(
../src/flag_gems/ops/conv_transpose2d.py:1354: in conv_transpose2d
    output = _conv_transpose2d_4d_dispatch(
../src/flag_gems/ops/conv_transpose2d.py:1480: in _conv_transpose2d_4d_dispatch
    return _conv_transpose2d_general(
../src/flag_gems/ops/conv_transpose2d.py:1769: in _conv_transpose2d_general
    return _conv_transpose2d_residue(
../src/flag_gems/ops/conv_transpose2d.py:1924: in _conv_transpose2d_residue
    _conv_transpose2d_residue_kernel[grid](
/root/miniconda/envs/python310_torch29_cuda/lib/python3.10/site-packages/triton/runtime/jit.py:364: in <lambda>
    return lambda *args, **kwargs: self.run(grid=grid, warmup=False, *args, **kwargs)
../src/flag_gems/utils/libentry.py:889: in run
    kernel = self.fn.run(*args, **kwargs)
/root/miniconda/envs/python310_torch29_cuda/lib/python3.10/site-packages/triton/runtime/jit.py:795: in run
    kernel = self.default_run(*args, **kwargs)
/root/miniconda/envs/python310_torch29_cuda/lib/python3.10/site-packages/triton/runtime/jit.py:686: in default_run
    kernel = self.compile(
/root/miniconda/envs/python310_torch29_cuda/lib/python3.10/site-packages/triton/compiler/compiler.py:285: in compile
    module = src.make_ir(options, codegen_fns, context)
_ _ _ _ _ _ _ _ _ _ _ _ _ _ _ _ _ _ _ _ _ _ _ _ _ _ _ _ _ _ _ _ _ _ _ _ _ _ _ _ 

self = <triton.compiler.compiler.ASTSource object at 0x7fac4c8a5450>
options = XPUOptions(arch=3, grid=(1, 1, 4), debug=None, cluster_num=12, core_num=64, buffer_size_limit=512, groups_per_cluster=...wed_dot_input_precisions=('ieee', 'tf32'), exp_range=':0', num_warps=8, num_ctas=-1, num_stages=1, use_int4_w4a8=False)
codegen_fns = {}
context = <triton._C.libtriton.ir.context object at 0x7fac633b3e30>

    def make_ir(self, options, codegen_fns, context):
>       return ast_to_ttir(self.fn, self, context=context, options=options, codegen_fns=codegen_fns)
E       triton.compiler.errors.CompilationError: at 108:33:
E                                   ci_in_offsets[None, :] < input_channels_per_group
E                               )
E                               weight_mask = (
E                                   ci_in_offsets[:, None] < input_channels_per_group
E                               ) & (co_in_offsets[None, :] < output_channels_per_group)
E                               input_block = tl.load(
E                                   input_pointer + input_offsets, mask=input_mask, other=0.0
E                               )
E                               weight_block = tl.load(
E                                   weight_pointer + weight_offsets, mask=weight_mask, other=0.0
E                               )
E                               accum += tl.dot(
E                                        ^

/root/miniconda/envs/python310_torch29_cuda/lib/python3.10/site-packages/triton/compiler/compiler.py:122: CompilationError
_ test_accuracy_conv_transpose2d_extended_parameters[fp32_1x1_kernel_single_pixel] _

args = (<triton.language.core.tensor object at 0x7fac4c7a6da0>, <triton.language.core.tensor object at 0x7fac4c510ca0>)
kwargs = {'_builder': <triton._C.libtriton.ir.builder object at 0x7fac4c974f40>, 'input_precision': constexpr[tf32x3]}

    @wraps(fn)
    def wrapper(*args, **kwargs):
        if "_builder" not in kwargs or kwargs["_builder"] is None:
            raise ValueError("Did you forget to add @triton.jit ? "
                             "(`_builder` argument must be provided outside of JIT functions.)")
>       return fn(*args, **kwargs)

/root/miniconda/envs/python310_torch29_cuda/lib/python3.10/site-packages/triton/language/core.py:38: 
_ _ _ _ _ _ _ _ _ _ _ _ _ _ _ _ _ _ _ _ _ _ _ _ _ _ _ _ _ _ _ _ _ _ _ _ _ _ _ _ 
/root/miniconda/envs/python310_torch29_cuda/lib/python3.10/site-packages/triton/language/core.py:1544: in dot
    return semantic.dot(input, other, acc, input_precision, max_num_imprecise_acc, out_dtype, _builder)
/root/miniconda/envs/python310_torch29_cuda/lib/python3.10/site-packages/triton/language/semantic.py:1480: in dot
    input_precision = _str_to_dot_input_precision(input_precision, builder)
_ _ _ _ _ _ _ _ _ _ _ _ _ _ _ _ _ _ _ _ _ _ _ _ _ _ _ _ _ _ _ _ _ _ _ _ _ _ _ _ 

input_precision = 'tf32x3'
builder = <triton._C.libtriton.ir.builder object at 0x7fac4c974f40>

    def _str_to_dot_input_precision(input_precision, builder):
>       assert input_precision.lower() in builder.options.allowed_dot_input_precisions, \
            f"input_precision must be one of {builder.options.allowed_dot_input_precisions}. Got {input_precision}"
E       AssertionError: input_precision must be one of ('ieee', 'tf32'). Got tf32x3

/root/miniconda/envs/python310_torch29_cuda/lib/python3.10/site-packages/triton/language/semantic.py:1428: AssertionError

The above exception was the direct cause of the following exception:

monkeypatch = <_pytest.monkeypatch.MonkeyPatch object at 0x7fac4c8637c0>
input_shape = (2, 1, 1, 1), weight_shape = (1, 3, 1, 1), use_bias = True
stride = 1, padding = 0, output_padding = 0, groups = 1, dilation = 1
dtype = torch.float32

    @pytest.mark.conv_transpose2d
    @pytest.mark.parametrize(
        "input_shape, weight_shape, use_bias, stride, padding, output_padding, groups, "
        "dilation, dtype",
        (
            ADDITIONAL_CONV_TRANSPOSE2D_CASES[:2]
            if cfg.QUICK_MODE
            else ADDITIONAL_CONV_TRANSPOSE2D_CASES
        ),
    )
    def test_accuracy_conv_transpose2d_extended_parameters(
        monkeypatch,
        input_shape,
        weight_shape,
        use_bias,
        stride,
        padding,
        output_padding,
        groups,
        dilation,
        dtype,
    ):
>       _assert_conv_transpose2d_matches(
            monkeypatch,
            input_shape,
            weight_shape,
            use_bias,
            stride,
            padding,
            output_padding,
            groups,
            dilation,
            dtype,
        )

test_conv_transpose2d.py:334: 
_ _ _ _ _ _ _ _ _ _ _ _ _ _ _ _ _ _ _ _ _ _ _ _ _ _ _ _ _ _ _ _ _ _ _ _ _ _ _ _ 
test_conv_transpose2d.py:257: in _assert_conv_transpose2d_matches
    res_out = flag_gems.conv_transpose2d(
../src/flag_gems/ops/conv_transpose2d.py:1354: in conv_transpose2d
    output = _conv_transpose2d_4d_dispatch(
../src/flag_gems/ops/conv_transpose2d.py:1456: in _conv_transpose2d_4d_dispatch
    return _conv_transpose2d_pointwise_1x1(input, weight, bias, groups)
../src/flag_gems/ops/conv_transpose2d.py:1200: in _conv_transpose2d_pointwise_1x1
    _conv_transpose2d_1x1_kernel[grid](
/root/miniconda/envs/python310_torch29_cuda/lib/python3.10/site-packages/triton/runtime/jit.py:364: in <lambda>
    return lambda *args, **kwargs: self.run(grid=grid, warmup=False, *args, **kwargs)
../src/flag_gems/utils/libentry.py:889: in run
    kernel = self.fn.run(*args, **kwargs)
/root/miniconda/envs/python310_torch29_cuda/lib/python3.10/site-packages/triton/runtime/jit.py:795: in run
    kernel = self.default_run(*args, **kwargs)
/root/miniconda/envs/python310_torch29_cuda/lib/python3.10/site-packages/triton/runtime/jit.py:686: in default_run
    kernel = self.compile(
/root/miniconda/envs/python310_torch29_cuda/lib/python3.10/site-packages/triton/compiler/compiler.py:285: in compile
    module = src.make_ir(options, codegen_fns, context)
_ _ _ _ _ _ _ _ _ _ _ _ _ _ _ _ _ _ _ _ _ _ _ _ _ _ _ _ _ _ _ _ _ _ _ _ _ _ _ _ 

self = <triton.compiler.compiler.ASTSource object at 0x7fac6286cd00>
options = XPUOptions(arch=3, grid=(1, 1), debug=None, cluster_num=12, core_num=64, buffer_size_limit=512, groups_per_cluster=1, ...wed_dot_input_precisions=('ieee', 'tf32'), exp_range=':0', num_warps=4, num_ctas=-1, num_stages=1, use_int4_w4a8=False)
codegen_fns = {}
context = <triton._C.libtriton.ir.context object at 0x7fac4c69b530>

    def make_ir(self, options, codegen_fns, context):
>       return ast_to_ttir(self.fn, self, context=context, options=options, codegen_fns=codegen_fns)
E       triton.compiler.errors.CompilationError: at 67:17:
E               co_mask = co_in_offsets < output_channels_per_group
E               input_block = tl.load(
E                   input_pointer + input_offsets,
E                   mask=valid_nhw[:, None] & ci_mask[None, :],
E                   other=0.0,
E               )
E               weight_block = tl.load(
E                   weight_pointer + weight_offsets,
E                   mask=ci_mask[:, None] & co_mask[None, :],
E                   other=0.0,
E               )
E               accum += tl.dot(input_block, weight_block, input_precision="tf32x3")
E                        ^

/root/miniconda/envs/python310_torch29_cuda/lib/python3.10/site-packages/triton/compiler/compiler.py:122: CompilationError
_ test_accuracy_conv_transpose2d_extended_parameters[bf16_grouped_dilation_output_padding] _

args = (<triton.language.core.tensor object at 0x7fac4c8abe80>, <triton.language.core.tensor object at 0x7fac4c8aaa40>)
kwargs = {'_builder': <triton._C.libtriton.ir.builder object at 0x7fac4c909f80>, 'input_precision': constexpr[tf32x3]}

    @wraps(fn)
    def wrapper(*args, **kwargs):
        if "_builder" not in kwargs or kwargs["_builder"] is None:
            raise ValueError("Did you forget to add @triton.jit ? "
                             "(`_builder` argument must be provided outside of JIT functions.)")
>       return fn(*args, **kwargs)

/root/miniconda/envs/python310_torch29_cuda/lib/python3.10/site-packages/triton/language/core.py:38: 
_ _ _ _ _ _ _ _ _ _ _ _ _ _ _ _ _ _ _ _ _ _ _ _ _ _ _ _ _ _ _ _ _ _ _ _ _ _ _ _ 
/root/miniconda/envs/python310_torch29_cuda/lib/python3.10/site-packages/triton/language/core.py:1544: in dot
    return semantic.dot(input, other, acc, input_precision, max_num_imprecise_acc, out_dtype, _builder)
/root/miniconda/envs/python310_torch29_cuda/lib/python3.10/site-packages/triton/language/semantic.py:1480: in dot
    input_precision = _str_to_dot_input_precision(input_precision, builder)
_ _ _ _ _ _ _ _ _ _ _ _ _ _ _ _ _ _ _ _ _ _ _ _ _ _ _ _ _ _ _ _ _ _ _ _ _ _ _ _ 

input_precision = 'tf32x3'
builder = <triton._C.libtriton.ir.builder object at 0x7fac4c909f80>

    def _str_to_dot_input_precision(input_precision, builder):
>       assert input_precision.lower() in builder.options.allowed_dot_input_precisions, \
            f"input_precision must be one of {builder.options.allowed_dot_input_precisions}. Got {input_precision}"
E       AssertionError: input_precision must be one of ('ieee', 'tf32'). Got tf32x3

/root/miniconda/envs/python310_torch29_cuda/lib/python3.10/site-packages/triton/language/semantic.py:1428: AssertionError

The above exception was the direct cause of the following exception:

monkeypatch = <_pytest.monkeypatch.MonkeyPatch object at 0x7fac4c863970>
input_shape = (1, 4, 4, 4), weight_shape = (4, 2, 2, 2), use_bias = False
stride = (1, 2), padding = (1, 0), output_padding = (0, 1), groups = 2
dilation = (2, 2), dtype = torch.bfloat16

    @pytest.mark.conv_transpose2d
    @pytest.mark.parametrize(
        "input_shape, weight_shape, use_bias, stride, padding, output_padding, groups, "
        "dilation, dtype",
        (
            ADDITIONAL_CONV_TRANSPOSE2D_CASES[:2]
            if cfg.QUICK_MODE
            else ADDITIONAL_CONV_TRANSPOSE2D_CASES
        ),
    )
    def test_accuracy_conv_transpose2d_extended_parameters(
        monkeypatch,
        input_shape,
        weight_shape,
        use_bias,
        stride,
        padding,
        output_padding,
        groups,
        dilation,
        dtype,
    ):
>       _assert_conv_transpose2d_matches(
            monkeypatch,
            input_shape,
            weight_shape,
            use_bias,
            stride,
            padding,
            output_padding,
            groups,
            dilation,
            dtype,
        )

test_conv_transpose2d.py:334: 
_ _ _ _ _ _ _ _ _ _ _ _ _ _ _ _ _ _ _ _ _ _ _ _ _ _ _ _ _ _ _ _ _ _ _ _ _ _ _ _ 
test_conv_transpose2d.py:257: in _assert_conv_transpose2d_matches
    res_out = flag_gems.conv_transpose2d(
../src/flag_gems/ops/conv_transpose2d.py:1354: in conv_transpose2d
    output = _conv_transpose2d_4d_dispatch(
../src/flag_gems/ops/conv_transpose2d.py:1480: in _conv_transpose2d_4d_dispatch
    return _conv_transpose2d_general(
../src/flag_gems/ops/conv_transpose2d.py:1769: in _conv_transpose2d_general
    return _conv_transpose2d_residue(
../src/flag_gems/ops/conv_transpose2d.py:1924: in _conv_transpose2d_residue
    _conv_transpose2d_residue_kernel[grid](
/root/miniconda/envs/python310_torch29_cuda/lib/python3.10/site-packages/triton/runtime/jit.py:364: in <lambda>
    return lambda *args, **kwargs: self.run(grid=grid, warmup=False, *args, **kwargs)
../src/flag_gems/utils/libentry.py:889: in run
    kernel = self.fn.run(*args, **kwargs)
/root/miniconda/envs/python310_torch29_cuda/lib/python3.10/site-packages/triton/runtime/jit.py:795: in run
    kernel = self.default_run(*args, **kwargs)
/root/miniconda/envs/python310_torch29_cuda/lib/python3.10/site-packages/triton/runtime/jit.py:686: in default_run
    kernel = self.compile(
/root/miniconda/envs/python310_torch29_cuda/lib/python3.10/site-packages/triton/compiler/compiler.py:285: in compile
    module = src.make_ir(options, codegen_fns, context)
_ _ _ _ _ _ _ _ _ _ _ _ _ _ _ _ _ _ _ _ _ _ _ _ _ _ _ _ _ _ _ _ _ _ _ _ _ _ _ _ 

self = <triton.compiler.compiler.ASTSource object at 0x7fac4c8a85e0>
options = XPUOptions(arch=3, grid=(1, 1, 4), debug=None, cluster_num=12, core_num=64, buffer_size_limit=512, groups_per_cluster=...wed_dot_input_precisions=('ieee', 'tf32'), exp_range=':0', num_warps=4, num_ctas=-1, num_stages=1, use_int4_w4a8=False)
codegen_fns = {}
context = <triton._C.libtriton.ir.context object at 0x7fac4c7155f0>

    def make_ir(self, options, codegen_fns, context):
>       return ast_to_ttir(self.fn, self, context=context, options=options, codegen_fns=codegen_fns)
E       triton.compiler.errors.CompilationError: at 108:33:
E                                   ci_in_offsets[None, :] < input_channels_per_group
E                               )
E                               weight_mask = (
E                                   ci_in_offsets[:, None] < input_channels_per_group
E                               ) & (co_in_offsets[None, :] < output_channels_per_group)
E                               input_block = tl.load(
E                                   input_pointer + input_offsets, mask=input_mask, other=0.0
E                               )
E                               weight_block = tl.load(
E                                   weight_pointer + weight_offsets, mask=weight_mask, other=0.0
E                               )
E                               accum += tl.dot(
E                                        ^

/root/miniconda/envs/python310_torch29_cuda/lib/python3.10/site-packages/triton/compiler/compiler.py:122: CompilationError
________________ test_conv_transpose2d_unsupported_dtype_raise _________________

args = (<triton.language.core.tensor object at 0x7fac4c8096f0>, <triton.language.core.tensor object at 0x7fac4c80acb0>)
kwargs = {'_builder': <triton._C.libtriton.ir.builder object at 0x7fac4c8f6b60>, 'input_precision': constexpr[tf32x3]}

    @wraps(fn)
    def wrapper(*args, **kwargs):
        if "_builder" not in kwargs or kwargs["_builder"] is None:
            raise ValueError("Did you forget to add @triton.jit ? "
                             "(`_builder` argument must be provided outside of JIT functions.)")
>       return fn(*args, **kwargs)

/root/miniconda/envs/python310_torch29_cuda/lib/python3.10/site-packages/triton/language/core.py:38: 
_ _ _ _ _ _ _ _ _ _ _ _ _ _ _ _ _ _ _ _ _ _ _ _ _ _ _ _ _ _ _ _ _ _ _ _ _ _ _ _ 
/root/miniconda/envs/python310_torch29_cuda/lib/python3.10/site-packages/triton/language/core.py:1544: in dot
    return semantic.dot(input, other, acc, input_precision, max_num_imprecise_acc, out_dtype, _builder)
/root/miniconda/envs/python310_torch29_cuda/lib/python3.10/site-packages/triton/language/semantic.py:1480: in dot
    input_precision = _str_to_dot_input_precision(input_precision, builder)
_ _ _ _ _ _ _ _ _ _ _ _ _ _ _ _ _ _ _ _ _ _ _ _ _ _ _ _ _ _ _ _ _ _ _ _ _ _ _ _ 

input_precision = 'tf32x3'
builder = <triton._C.libtriton.ir.builder object at 0x7fac4c8f6b60>

    def _str_to_dot_input_precision(input_precision, builder):
>       assert input_precision.lower() in builder.options.allowed_dot_input_precisions, \
            f"input_precision must be one of {builder.options.allowed_dot_input_precisions}. Got {input_precision}"
E       AssertionError: input_precision must be one of ('ieee', 'tf32'). Got tf32x3

/root/miniconda/envs/python310_torch29_cuda/lib/python3.10/site-packages/triton/language/semantic.py:1428: AssertionError

The above exception was the direct cause of the following exception:

    @pytest.mark.conv_transpose2d
    def test_conv_transpose2d_unsupported_dtype_raise():
        _skip_if_unsupported_test_device(torch.float32)
        inp = torch.randn((1, 2, 4, 5), dtype=torch.float32, device=flag_gems.device)
        weight = torch.randn((2, 3, 3, 3), dtype=torch.float64, device=flag_gems.device)
        bias = torch.randn((3,), dtype=torch.float32, device=flag_gems.device)
    
        with pytest.raises(NotImplementedError, match="dtype"):
>           flag_gems.conv_transpose2d(inp, weight, bias=bias)

test_conv_transpose2d.py:436: 
_ _ _ _ _ _ _ _ _ _ _ _ _ _ _ _ _ _ _ _ _ _ _ _ _ _ _ _ _ _ _ _ _ _ _ _ _ _ _ _ 
../src/flag_gems/ops/conv_transpose2d.py:1354: in conv_transpose2d
    output = _conv_transpose2d_4d_dispatch(
../src/flag_gems/ops/conv_transpose2d.py:1480: in _conv_transpose2d_4d_dispatch
    return _conv_transpose2d_general(
../src/flag_gems/ops/conv_transpose2d.py:1769: in _conv_transpose2d_general
    return _conv_transpose2d_residue(
../src/flag_gems/ops/conv_transpose2d.py:1924: in _conv_transpose2d_residue
    _conv_transpose2d_residue_kernel[grid](
/root/miniconda/envs/python310_torch29_cuda/lib/python3.10/site-packages/triton/runtime/jit.py:364: in <lambda>
    return lambda *args, **kwargs: self.run(grid=grid, warmup=False, *args, **kwargs)
../src/flag_gems/utils/libentry.py:889: in run
    kernel = self.fn.run(*args, **kwargs)
/root/miniconda/envs/python310_torch29_cuda/lib/python3.10/site-packages/triton/runtime/jit.py:795: in run
    kernel = self.default_run(*args, **kwargs)
/root/miniconda/envs/python310_torch29_cuda/lib/python3.10/site-packages/triton/runtime/jit.py:686: in default_run
    kernel = self.compile(
/root/miniconda/envs/python310_torch29_cuda/lib/python3.10/site-packages/triton/compiler/compiler.py:285: in compile
    module = src.make_ir(options, codegen_fns, context)
_ _ _ _ _ _ _ _ _ _ _ _ _ _ _ _ _ _ _ _ _ _ _ _ _ _ _ _ _ _ _ _ _ _ _ _ _ _ _ _ 

self = <triton.compiler.compiler.ASTSource object at 0x7fac4c808070>
options = XPUOptions(arch=3, grid=(1, 1, 1), debug=None, cluster_num=12, core_num=64, buffer_size_limit=512, groups_per_cluster=...wed_dot_input_precisions=('ieee', 'tf32'), exp_range=':0', num_warps=4, num_ctas=-1, num_stages=1, use_int4_w4a8=False)
codegen_fns = {}
context = <triton._C.libtriton.ir.context object at 0x7fac4c9ba8f0>

    def make_ir(self, options, codegen_fns, context):
>       return ast_to_ttir(self.fn, self, context=context, options=options, codegen_fns=codegen_fns)
E       triton.compiler.errors.CompilationError: at 108:33:
E                                   ci_in_offsets[None, :] < input_channels_per_group
E                               )
E                               weight_mask = (
E                                   ci_in_offsets[:, None] < input_channels_per_group
E                               ) & (co_in_offsets[None, :] < output_channels_per_group)
E                               input_block = tl.load(
E                                   input_pointer + input_offsets, mask=input_mask, other=0.0
E                               )
E                               weight_block = tl.load(
E                                   weight_pointer + weight_offsets, mask=weight_mask, other=0.0
E                               )
E                               accum += tl.dot(
E                                        ^

/root/miniconda/envs/python310_torch29_cuda/lib/python3.10/site-packages/triton/compiler/compiler.py:122: CompilationError
______________ test_conv_transpose2d_unbatched_3d_matches_pytorch ______________

args = (<triton.language.core.tensor object at 0x7fac4c4725c0>, <triton.language.core.tensor object at 0x7fac4c68cf70>)
kwargs = {'_builder': <triton._C.libtriton.ir.builder object at 0x7fac4c9afba0>, 'input_precision': constexpr[tf32x3]}

    @wraps(fn)
    def wrapper(*args, **kwargs):
        if "_builder" not in kwargs or kwargs["_builder"] is None:
            raise ValueError("Did you forget to add @triton.jit ? "
                             "(`_builder` argument must be provided outside of JIT functions.)")
>       return fn(*args, **kwargs)

/root/miniconda/envs/python310_torch29_cuda/lib/python3.10/site-packages/triton/language/core.py:38: 
_ _ _ _ _ _ _ _ _ _ _ _ _ _ _ _ _ _ _ _ _ _ _ _ _ _ _ _ _ _ _ _ _ _ _ _ _ _ _ _ 
/root/miniconda/envs/python310_torch29_cuda/lib/python3.10/site-packages/triton/language/core.py:1544: in dot
    return semantic.dot(input, other, acc, input_precision, max_num_imprecise_acc, out_dtype, _builder)
/root/miniconda/envs/python310_torch29_cuda/lib/python3.10/site-packages/triton/language/semantic.py:1480: in dot
    input_precision = _str_to_dot_input_precision(input_precision, builder)
_ _ _ _ _ _ _ _ _ _ _ _ _ _ _ _ _ _ _ _ _ _ _ _ _ _ _ _ _ _ _ _ _ _ _ _ _ _ _ _ 

input_precision = 'tf32x3'
builder = <triton._C.libtriton.ir.builder object at 0x7fac4c9afba0>

    def _str_to_dot_input_precision(input_precision, builder):
>       assert input_precision.lower() in builder.options.allowed_dot_input_precisions, \
            f"input_precision must be one of {builder.options.allowed_dot_input_precisions}. Got {input_precision}"
E       AssertionError: input_precision must be one of ('ieee', 'tf32'). Got tf32x3

/root/miniconda/envs/python310_torch29_cuda/lib/python3.10/site-packages/triton/language/semantic.py:1428: AssertionError

The above exception was the direct cause of the following exception:

monkeypatch = <_pytest.monkeypatch.MonkeyPatch object at 0x7fac4c68f8b0>

    @pytest.mark.conv_transpose2d
    def test_conv_transpose2d_unbatched_3d_matches_pytorch(monkeypatch):
>       res_out, ref_out = _assert_conv_transpose2d_matches(
            monkeypatch,
            (2, 4, 5),
            (2, 3, 3, 2),
            True,
            (2, 1),
            (1, 0),
            (1, 0),
            1,
            1,
            torch.float32,
        )

test_conv_transpose2d.py:441: 
_ _ _ _ _ _ _ _ _ _ _ _ _ _ _ _ _ _ _ _ _ _ _ _ _ _ _ _ _ _ _ _ _ _ _ _ _ _ _ _ 
test_conv_transpose2d.py:257: in _assert_conv_transpose2d_matches
    res_out = flag_gems.conv_transpose2d(
../src/flag_gems/ops/conv_transpose2d.py:1354: in conv_transpose2d
    output = _conv_transpose2d_4d_dispatch(
../src/flag_gems/ops/conv_transpose2d.py:1480: in _conv_transpose2d_4d_dispatch
    return _conv_transpose2d_general(
../src/flag_gems/ops/conv_transpose2d.py:1769: in _conv_transpose2d_general
    return _conv_transpose2d_residue(
../src/flag_gems/ops/conv_transpose2d.py:1924: in _conv_transpose2d_residue
    _conv_transpose2d_residue_kernel[grid](
/root/miniconda/envs/python310_torch29_cuda/lib/python3.10/site-packages/triton/runtime/jit.py:364: in <lambda>
    return lambda *args, **kwargs: self.run(grid=grid, warmup=False, *args, **kwargs)
../src/flag_gems/utils/libentry.py:889: in run
    kernel = self.fn.run(*args, **kwargs)
/root/miniconda/envs/python310_torch29_cuda/lib/python3.10/site-packages/triton/runtime/jit.py:795: in run
    kernel = self.default_run(*args, **kwargs)
/root/miniconda/envs/python310_torch29_cuda/lib/python3.10/site-packages/triton/runtime/jit.py:686: in default_run
    kernel = self.compile(
/root/miniconda/envs/python310_torch29_cuda/lib/python3.10/site-packages/triton/compiler/compiler.py:285: in compile
    module = src.make_ir(options, codegen_fns, context)
_ _ _ _ _ _ _ _ _ _ _ _ _ _ _ _ _ _ _ _ _ _ _ _ _ _ _ _ _ _ _ _ _ _ _ _ _ _ _ _ 

self = <triton.compiler.compiler.ASTSource object at 0x7fac4c68ebc0>
options = XPUOptions(arch=3, grid=(1, 1, 2), debug=None, cluster_num=12, core_num=64, buffer_size_limit=512, groups_per_cluster=...wed_dot_input_precisions=('ieee', 'tf32'), exp_range=':0', num_warps=4, num_ctas=-1, num_stages=1, use_int4_w4a8=False)
codegen_fns = {}
context = <triton._C.libtriton.ir.context object at 0x7fac61cfb6f0>

    def make_ir(self, options, codegen_fns, context):
>       return ast_to_ttir(self.fn, self, context=context, options=options, codegen_fns=codegen_fns)
E       triton.compiler.errors.CompilationError: at 108:33:
E                                   ci_in_offsets[None, :] < input_channels_per_group
E                               )
E                               weight_mask = (
E                                   ci_in_offsets[:, None] < input_channels_per_group
E                               ) & (co_in_offsets[None, :] < output_channels_per_group)
E                               input_block = tl.load(
E                                   input_pointer + input_offsets, mask=input_mask, other=0.0
E                               )
E                               weight_block = tl.load(
E                                   weight_pointer + weight_offsets, mask=weight_mask, other=0.0
E                               )
E                               accum += tl.dot(
E                                        ^

/root/miniconda/envs/python310_torch29_cuda/lib/python3.10/site-packages/triton/compiler/compiler.py:122: CompilationError
_______ test_conv_transpose2d_noncontiguous_tensors_match_pytorch[input] _______

args = (<triton.language.core.tensor object at 0x7fac4c454e80>, <triton.language.core.tensor object at 0x7fac4c45e7a0>)
kwargs = {'_builder': <triton._C.libtriton.ir.builder object at 0x7fac4c5f9670>, 'input_precision': constexpr[tf32x3]}

    @wraps(fn)
    def wrapper(*args, **kwargs):
        if "_builder" not in kwargs or kwargs["_builder"] is None:
            raise ValueError("Did you forget to add @triton.jit ? "
                             "(`_builder` argument must be provided outside of JIT functions.)")
>       return fn(*args, **kwargs)

/root/miniconda/envs/python310_torch29_cuda/lib/python3.10/site-packages/triton/language/core.py:38: 
_ _ _ _ _ _ _ _ _ _ _ _ _ _ _ _ _ _ _ _ _ _ _ _ _ _ _ _ _ _ _ _ _ _ _ _ _ _ _ _ 
/root/miniconda/envs/python310_torch29_cuda/lib/python3.10/site-packages/triton/language/core.py:1544: in dot
    return semantic.dot(input, other, acc, input_precision, max_num_imprecise_acc, out_dtype, _builder)
/root/miniconda/envs/python310_torch29_cuda/lib/python3.10/site-packages/triton/language/semantic.py:1480: in dot
    input_precision = _str_to_dot_input_precision(input_precision, builder)
_ _ _ _ _ _ _ _ _ _ _ _ _ _ _ _ _ _ _ _ _ _ _ _ _ _ _ _ _ _ _ _ _ _ _ _ _ _ _ _ 

input_precision = 'tf32x3'
builder = <triton._C.libtriton.ir.builder object at 0x7fac4c5f9670>

    def _str_to_dot_input_precision(input_precision, builder):
>       assert input_precision.lower() in builder.options.allowed_dot_input_precisions, \
            f"input_precision must be one of {builder.options.allowed_dot_input_precisions}. Got {input_precision}"
E       AssertionError: input_precision must be one of ('ieee', 'tf32'). Got tf32x3

/root/miniconda/envs/python310_torch29_cuda/lib/python3.10/site-packages/triton/language/semantic.py:1428: AssertionError

The above exception was the direct cause of the following exception:

monkeypatch = <_pytest.monkeypatch.MonkeyPatch object at 0x7fac4c45f7c0>
noncontiguous = 'input'

    @pytest.mark.conv_transpose2d
    @pytest.mark.parametrize("noncontiguous", ["input", "weight", "bias", "all"])
    def test_conv_transpose2d_noncontiguous_tensors_match_pytorch(
        monkeypatch, noncontiguous
    ):
        _skip_if_unsupported_test_device(torch.float32)
        if flag_gems.vendor_name == "hygon":
            monkeypatch.setenv("TRITON_HIP_USE_NEW_STREAM_PIPELINE", "0")
    
        inp = torch.randn((1, 2, 4, 5), dtype=torch.float32, device=flag_gems.device)
        weight = torch.randn((2, 3, 3, 2), dtype=torch.float32, device=flag_gems.device)
        bias = torch.randn((3,), dtype=torch.float32, device=flag_gems.device)
    
        if noncontiguous in ("input", "all"):
            inp = torch.randn((1, 2, 4, 10), dtype=torch.float32, device=flag_gems.device)[
                :, :, :, ::2
            ]
        if noncontiguous in ("weight", "all"):
            weight = torch.randn(
                (2, 3, 3, 4), dtype=torch.float32, device=flag_gems.device
            )[:, :, :, ::2]
        if noncontiguous in ("bias", "all"):
            bias = torch.randn((6,), dtype=torch.float32, device=flag_gems.device)[::2]
    
        if noncontiguous in ("input", "all"):
            assert not inp.is_contiguous()
        if noncontiguous in ("weight", "all"):
            assert not weight.is_contiguous()
        if noncontiguous in ("bias", "all"):
            assert not bias.is_contiguous()
    
        ref_out = torch.nn.functional.conv_transpose2d(
            utils.to_reference(inp, True),
            utils.to_reference(weight, True),
            bias=utils.to_reference(bias, True),
            stride=(2, 1),
            padding=(1, 0),
            output_padding=(1, 0),
        ).to(torch.float32)
    
>       res_out = flag_gems.conv_transpose2d(
            inp,
            weight,
            bias=bias,
            stride=(2, 1),
            padding=(1, 0),
            output_padding=(1, 0),
        )

test_conv_transpose2d.py:497: 
_ _ _ _ _ _ _ _ _ _ _ _ _ _ _ _ _ _ _ _ _ _ _ _ _ _ _ _ _ _ _ _ _ _ _ _ _ _ _ _ 
../src/flag_gems/ops/conv_transpose2d.py:1354: in conv_transpose2d
    output = _conv_transpose2d_4d_dispatch(
../src/flag_gems/ops/conv_transpose2d.py:1480: in _conv_transpose2d_4d_dispatch
    return _conv_transpose2d_general(
../src/flag_gems/ops/conv_transpose2d.py:1769: in _conv_transpose2d_general
    return _conv_transpose2d_residue(
../src/flag_gems/ops/conv_transpose2d.py:1924: in _conv_transpose2d_residue
    _conv_transpose2d_residue_kernel[grid](
/root/miniconda/envs/python310_torch29_cuda/lib/python3.10/site-packages/triton/runtime/jit.py:364: in <lambda>
    return lambda *args, **kwargs: self.run(grid=grid, warmup=False, *args, **kwargs)
../src/flag_gems/utils/libentry.py:889: in run
    kernel = self.fn.run(*args, **kwargs)
/root/miniconda/envs/python310_torch29_cuda/lib/python3.10/site-packages/triton/runtime/jit.py:795: in run
    kernel = self.default_run(*args, **kwargs)
/root/miniconda/envs/python310_torch29_cuda/lib/python3.10/site-packages/triton/runtime/jit.py:686: in default_run
    kernel = self.compile(
/root/miniconda/envs/python310_torch29_cuda/lib/python3.10/site-packages/triton/compiler/compiler.py:285: in compile
    module = src.make_ir(options, codegen_fns, context)
_ _ _ _ _ _ _ _ _ _ _ _ _ _ _ _ _ _ _ _ _ _ _ _ _ _ _ _ _ _ _ _ _ _ _ _ _ _ _ _ 

self = <triton.compiler.compiler.ASTSource object at 0x7fac4c45dab0>
options = XPUOptions(arch=3, grid=(1, 1, 2), debug=None, cluster_num=12, core_num=64, buffer_size_limit=512, groups_per_cluster=...wed_dot_input_precisions=('ieee', 'tf32'), exp_range=':0', num_warps=4, num_ctas=-1, num_stages=1, use_int4_w4a8=False)
codegen_fns = {}
context = <triton._C.libtriton.ir.context object at 0x7fac4c67fc70>

    def make_ir(self, options, codegen_fns, context):
>       return ast_to_ttir(self.fn, self, context=context, options=options, codegen_fns=codegen_fns)
E       triton.compiler.errors.CompilationError: at 108:33:
E                                   ci_in_offsets[None, :] < input_channels_per_group
E                               )
E                               weight_mask = (
E                                   ci_in_offsets[:, None] < input_channels_per_group
E                               ) & (co_in_offsets[None, :] < output_channels_per_group)
E                               input_block = tl.load(
E                                   input_pointer + input_offsets, mask=input_mask, other=0.0
E                               )
E                               weight_block = tl.load(
E                                   weight_pointer + weight_offsets, mask=weight_mask, other=0.0
E                               )
E                               accum += tl.dot(
E                                        ^

/root/miniconda/envs/python310_torch29_cuda/lib/python3.10/site-packages/triton/compiler/compiler.py:122: CompilationError
______ test_conv_transpose2d_noncontiguous_tensors_match_pytorch[weight] _______

args = (<triton.language.core.tensor object at 0x7fac4c8a4ac0>, <triton.language.core.tensor object at 0x7fac4c8a67a0>)
kwargs = {'_builder': <triton._C.libtriton.ir.builder object at 0x7fac4c7b3650>, 'input_precision': constexpr[tf32x3]}

    @wraps(fn)
    def wrapper(*args, **kwargs):
        if "_builder" not in kwargs or kwargs["_builder"] is None:
            raise ValueError("Did you forget to add @triton.jit ? "
                             "(`_builder` argument must be provided outside of JIT functions.)")
>       return fn(*args, **kwargs)

/root/miniconda/envs/python310_torch29_cuda/lib/python3.10/site-packages/triton/language/core.py:38: 
_ _ _ _ _ _ _ _ _ _ _ _ _ _ _ _ _ _ _ _ _ _ _ _ _ _ _ _ _ _ _ _ _ _ _ _ _ _ _ _ 
/root/miniconda/envs/python310_torch29_cuda/lib/python3.10/site-packages/triton/language/core.py:1544: in dot
    return semantic.dot(input, other, acc, input_precision, max_num_imprecise_acc, out_dtype, _builder)
/root/miniconda/envs/python310_torch29_cuda/lib/python3.10/site-packages/triton/language/semantic.py:1480: in dot
    input_precision = _str_to_dot_input_precision(input_precision, builder)
_ _ _ _ _ _ _ _ _ _ _ _ _ _ _ _ _ _ _ _ _ _ _ _ _ _ _ _ _ _ _ _ _ _ _ _ _ _ _ _ 

input_precision = 'tf32x3'
builder = <triton._C.libtriton.ir.builder object at 0x7fac4c7b3650>

    def _str_to_dot_input_precision(input_precision, builder):
>       assert input_precision.lower() in builder.options.allowed_dot_input_precisions, \
            f"input_precision must be one of {builder.options.allowed_dot_input_precisions}. Got {input_precision}"
E       AssertionError: input_precision must be one of ('ieee', 'tf32'). Got tf32x3

/root/miniconda/envs/python310_torch29_cuda/lib/python3.10/site-packages/triton/language/semantic.py:1428: AssertionError

The above exception was the direct cause of the following exception:

monkeypatch = <_pytest.monkeypatch.MonkeyPatch object at 0x7fac4c8a56f0>
noncontiguous = 'weight'

    @pytest.mark.conv_transpose2d
    @pytest.mark.parametrize("noncontiguous", ["input", "weight", "bias", "all"])
    def test_conv_transpose2d_noncontiguous_tensors_match_pytorch(
        monkeypatch, noncontiguous
    ):
        _skip_if_unsupported_test_device(torch.float32)
        if flag_gems.vendor_name == "hygon":
            monkeypatch.setenv("TRITON_HIP_USE_NEW_STREAM_PIPELINE", "0")
    
        inp = torch.randn((1, 2, 4, 5), dtype=torch.float32, device=flag_gems.device)
        weight = torch.randn((2, 3, 3, 2), dtype=torch.float32, device=flag_gems.device)
        bias = torch.randn((3,), dtype=torch.float32, device=flag_gems.device)
    
        if noncontiguous in ("input", "all"):
            inp = torch.randn((1, 2, 4, 10), dtype=torch.float32, device=flag_gems.device)[
                :, :, :, ::2
            ]
        if noncontiguous in ("weight", "all"):
            weight = torch.randn(
                (2, 3, 3, 4), dtype=torch.float32, device=flag_gems.device
            )[:, :, :, ::2]
        if noncontiguous in ("bias", "all"):
            bias = torch.randn((6,), dtype=torch.float32, device=flag_gems.device)[::2]
    
        if noncontiguous in ("input", "all"):
            assert not inp.is_contiguous()
        if noncontiguous in ("weight", "all"):
            assert not weight.is_contiguous()
        if noncontiguous in ("bias", "all"):
            assert not bias.is_contiguous()
    
        ref_out = torch.nn.functional.conv_transpose2d(
            utils.to_reference(inp, True),
            utils.to_reference(weight, True),
            bias=utils.to_reference(bias, True),
            stride=(2, 1),
            padding=(1, 0),
            output_padding=(1, 0),
        ).to(torch.float32)
    
>       res_out = flag_gems.conv_transpose2d(
            inp,
            weight,
            bias=bias,
            stride=(2, 1),
            padding=(1, 0),
            output_padding=(1, 0),
        )

test_conv_transpose2d.py:497: 
_ _ _ _ _ _ _ _ _ _ _ _ _ _ _ _ _ _ _ _ _ _ _ _ _ _ _ _ _ _ _ _ _ _ _ _ _ _ _ _ 
../src/flag_gems/ops/conv_transpose2d.py:1354: in conv_transpose2d
    output = _conv_transpose2d_4d_dispatch(
../src/flag_gems/ops/conv_transpose2d.py:1480: in _conv_transpose2d_4d_dispatch
    return _conv_transpose2d_general(
../src/flag_gems/ops/conv_transpose2d.py:1769: in _conv_transpose2d_general
    return _conv_transpose2d_residue(
../src/flag_gems/ops/conv_transpose2d.py:1924: in _conv_transpose2d_residue
    _conv_transpose2d_residue_kernel[grid](
/root/miniconda/envs/python310_torch29_cuda/lib/python3.10/site-packages/triton/runtime/jit.py:364: in <lambda>
    return lambda *args, **kwargs: self.run(grid=grid, warmup=False, *args, **kwargs)
../src/flag_gems/utils/libentry.py:889: in run
    kernel = self.fn.run(*args, **kwargs)
/root/miniconda/envs/python310_torch29_cuda/lib/python3.10/site-packages/triton/runtime/jit.py:795: in run
    kernel = self.default_run(*args, **kwargs)
/root/miniconda/envs/python310_torch29_cuda/lib/python3.10/site-packages/triton/runtime/jit.py:686: in default_run
    kernel = self.compile(
/root/miniconda/envs/python310_torch29_cuda/lib/python3.10/site-packages/triton/compiler/compiler.py:285: in compile
    module = src.make_ir(options, codegen_fns, context)
_ _ _ _ _ _ _ _ _ _ _ _ _ _ _ _ _ _ _ _ _ _ _ _ _ _ _ _ _ _ _ _ _ _ _ _ _ _ _ _ 

self = <triton.compiler.compiler.ASTSource object at 0x7fac4c8a5060>
options = XPUOptions(arch=3, grid=(1, 1, 2), debug=None, cluster_num=12, core_num=64, buffer_size_limit=512, groups_per_cluster=...wed_dot_input_precisions=('ieee', 'tf32'), exp_range=':0', num_warps=4, num_ctas=-1, num_stages=1, use_int4_w4a8=False)
codegen_fns = {}
context = <triton._C.libtriton.ir.context object at 0x7fac4c71c6f0>

    def make_ir(self, options, codegen_fns, context):
>       return ast_to_ttir(self.fn, self, context=context, options=options, codegen_fns=codegen_fns)
E       triton.compiler.errors.CompilationError: at 108:33:
E                                   ci_in_offsets[None, :] < input_channels_per_group
E                               )
E                               weight_mask = (
E                                   ci_in_offsets[:, None] < input_channels_per_group
E                               ) & (co_in_offsets[None, :] < output_channels_per_group)
E                               input_block = tl.load(
E                                   input_pointer + input_offsets, mask=input_mask, other=0.0
E                               )
E                               weight_block = tl.load(
E                                   weight_pointer + weight_offsets, mask=weight_mask, other=0.0
E                               )
E                               accum += tl.dot(
E                                        ^

/root/miniconda/envs/python310_torch29_cuda/lib/python3.10/site-packages/triton/compiler/compiler.py:122: CompilationError
_______ test_conv_transpose2d_noncontiguous_tensors_match_pytorch[bias] ________

args = (<triton.language.core.tensor object at 0x7fac4c442020>, <triton.language.core.tensor object at 0x7fac6abfe9e0>)
kwargs = {'_builder': <triton._C.libtriton.ir.builder object at 0x7fac4c9ec130>, 'input_precision': constexpr[tf32x3]}

    @wraps(fn)
    def wrapper(*args, **kwargs):
        if "_builder" not in kwargs or kwargs["_builder"] is None:
            raise ValueError("Did you forget to add @triton.jit ? "
                             "(`_builder` argument must be provided outside of JIT functions.)")
>       return fn(*args, **kwargs)

/root/miniconda/envs/python310_torch29_cuda/lib/python3.10/site-packages/triton/language/core.py:38: 
_ _ _ _ _ _ _ _ _ _ _ _ _ _ _ _ _ _ _ _ _ _ _ _ _ _ _ _ _ _ _ _ _ _ _ _ _ _ _ _ 
/root/miniconda/envs/python310_torch29_cuda/lib/python3.10/site-packages/triton/language/core.py:1544: in dot
    return semantic.dot(input, other, acc, input_precision, max_num_imprecise_acc, out_dtype, _builder)
/root/miniconda/envs/python310_torch29_cuda/lib/python3.10/site-packages/triton/language/semantic.py:1480: in dot
    input_precision = _str_to_dot_input_precision(input_precision, builder)
_ _ _ _ _ _ _ _ _ _ _ _ _ _ _ _ _ _ _ _ _ _ _ _ _ _ _ _ _ _ _ _ _ _ _ _ _ _ _ _ 

input_precision = 'tf32x3'
builder = <triton._C.libtriton.ir.builder object at 0x7fac4c9ec130>

    def _str_to_dot_input_precision(input_precision, builder):
>       assert input_precision.lower() in builder.options.allowed_dot_input_precisions, \
            f"input_precision must be one of {builder.options.allowed_dot_input_precisions}. Got {input_precision}"
E       AssertionError: input_precision must be one of ('ieee', 'tf32'). Got tf32x3

/root/miniconda/envs/python310_torch29_cuda/lib/python3.10/site-packages/triton/language/semantic.py:1428: AssertionError

The above exception was the direct cause of the following exception:

monkeypatch = <_pytest.monkeypatch.MonkeyPatch object at 0x7fac4c66a1d0>
noncontiguous = 'bias'

    @pytest.mark.conv_transpose2d
    @pytest.mark.parametrize("noncontiguous", ["input", "weight", "bias", "all"])
    def test_conv_transpose2d_noncontiguous_tensors_match_pytorch(
        monkeypatch, noncontiguous
    ):
        _skip_if_unsupported_test_device(torch.float32)
        if flag_gems.vendor_name == "hygon":
            monkeypatch.setenv("TRITON_HIP_USE_NEW_STREAM_PIPELINE", "0")
    
        inp = torch.randn((1, 2, 4, 5), dtype=torch.float32, device=flag_gems.device)
        weight = torch.randn((2, 3, 3, 2), dtype=torch.float32, device=flag_gems.device)
        bias = torch.randn((3,), dtype=torch.float32, device=flag_gems.device)
    
        if noncontiguous in ("input", "all"):
            inp = torch.randn((1, 2, 4, 10), dtype=torch.float32, device=flag_gems.device)[
                :, :, :, ::2
            ]
        if noncontiguous in ("weight", "all"):
            weight = torch.randn(
                (2, 3, 3, 4), dtype=torch.float32, device=flag_gems.device
            )[:, :, :, ::2]
        if noncontiguous in ("bias", "all"):
            bias = torch.randn((6,), dtype=torch.float32, device=flag_gems.device)[::2]
    
        if noncontiguous in ("input", "all"):
            assert not inp.is_contiguous()
        if noncontiguous in ("weight", "all"):
            assert not weight.is_contiguous()
        if noncontiguous in ("bias", "all"):
            assert not bias.is_contiguous()
    
        ref_out = torch.nn.functional.conv_transpose2d(
            utils.to_reference(inp, True),
            utils.to_reference(weight, True),
            bias=utils.to_reference(bias, True),
            stride=(2, 1),
            padding=(1, 0),
            output_padding=(1, 0),
        ).to(torch.float32)
    
>       res_out = flag_gems.conv_transpose2d(
            inp,
            weight,
            bias=bias,
            stride=(2, 1),
            padding=(1, 0),
            output_padding=(1, 0),
        )

test_conv_transpose2d.py:497: 
_ _ _ _ _ _ _ _ _ _ _ _ _ _ _ _ _ _ _ _ _ _ _ _ _ _ _ _ _ _ _ _ _ _ _ _ _ _ _ _ 
../src/flag_gems/ops/conv_transpose2d.py:1354: in conv_transpose2d
    output = _conv_transpose2d_4d_dispatch(
../src/flag_gems/ops/conv_transpose2d.py:1480: in _conv_transpose2d_4d_dispatch
    return _conv_transpose2d_general(
../src/flag_gems/ops/conv_transpose2d.py:1769: in _conv_transpose2d_general
    return _conv_transpose2d_residue(
../src/flag_gems/ops/conv_transpose2d.py:1924: in _conv_transpose2d_residue
    _conv_transpose2d_residue_kernel[grid](
/root/miniconda/envs/python310_torch29_cuda/lib/python3.10/site-packages/triton/runtime/jit.py:364: in <lambda>
    return lambda *args, **kwargs: self.run(grid=grid, warmup=False, *args, **kwargs)
../src/flag_gems/utils/libentry.py:889: in run
    kernel = self.fn.run(*args, **kwargs)
/root/miniconda/envs/python310_torch29_cuda/lib/python3.10/site-packages/triton/runtime/jit.py:795: in run
    kernel = self.default_run(*args, **kwargs)
/root/miniconda/envs/python310_torch29_cuda/lib/python3.10/site-packages/triton/runtime/jit.py:686: in default_run
    kernel = self.compile(
/root/miniconda/envs/python310_torch29_cuda/lib/python3.10/site-packages/triton/compiler/compiler.py:285: in compile
    module = src.make_ir(options, codegen_fns, context)
_ _ _ _ _ _ _ _ _ _ _ _ _ _ _ _ _ _ _ _ _ _ _ _ _ _ _ _ _ _ _ _ _ _ _ _ _ _ _ _ 

self = <triton.compiler.compiler.ASTSource object at 0x7fac4c669e10>
options = XPUOptions(arch=3, grid=(1, 1, 2), debug=None, cluster_num=12, core_num=64, buffer_size_limit=512, groups_per_cluster=...wed_dot_input_precisions=('ieee', 'tf32'), exp_range=':0', num_warps=4, num_ctas=-1, num_stages=1, use_int4_w4a8=False)
codegen_fns = {}
context = <triton._C.libtriton.ir.context object at 0x7fac6b642df0>

    def make_ir(self, options, codegen_fns, context):
>       return ast_to_ttir(self.fn, self, context=context, options=options, codegen_fns=codegen_fns)
E       triton.compiler.errors.CompilationError: at 108:33:
E                                   ci_in_offsets[None, :] < input_channels_per_group
E                               )
E                               weight_mask = (
E                                   ci_in_offsets[:, None] < input_channels_per_group
E                               ) & (co_in_offsets[None, :] < output_channels_per_group)
E                               input_block = tl.load(
E                                   input_pointer + input_offsets, mask=input_mask, other=0.0
E                               )
E                               weight_block = tl.load(
E                                   weight_pointer + weight_offsets, mask=weight_mask, other=0.0
E                               )
E                               accum += tl.dot(
E                                        ^

/root/miniconda/envs/python310_torch29_cuda/lib/python3.10/site-packages/triton/compiler/compiler.py:122: CompilationError
________ test_conv_transpose2d_noncontiguous_tensors_match_pytorch[all] ________

args = (<triton.language.core.tensor object at 0x7fac4c80e7d0>, <triton.language.core.tensor object at 0x7fac4c80e140>)
kwargs = {'_builder': <triton._C.libtriton.ir.builder object at 0x7fac4c985ee0>, 'input_precision': constexpr[tf32x3]}

    @wraps(fn)
    def wrapper(*args, **kwargs):
        if "_builder" not in kwargs or kwargs["_builder"] is None:
            raise ValueError("Did you forget to add @triton.jit ? "
                             "(`_builder` argument must be provided outside of JIT functions.)")
>       return fn(*args, **kwargs)

/root/miniconda/envs/python310_torch29_cuda/lib/python3.10/site-packages/triton/language/core.py:38: 
_ _ _ _ _ _ _ _ _ _ _ _ _ _ _ _ _ _ _ _ _ _ _ _ _ _ _ _ _ _ _ _ _ _ _ _ _ _ _ _ 
/root/miniconda/envs/python310_torch29_cuda/lib/python3.10/site-packages/triton/language/core.py:1544: in dot
    return semantic.dot(input, other, acc, input_precision, max_num_imprecise_acc, out_dtype, _builder)
/root/miniconda/envs/python310_torch29_cuda/lib/python3.10/site-packages/triton/language/semantic.py:1480: in dot
    input_precision = _str_to_dot_input_precision(input_precision, builder)
_ _ _ _ _ _ _ _ _ _ _ _ _ _ _ _ _ _ _ _ _ _ _ _ _ _ _ _ _ _ _ _ _ _ _ _ _ _ _ _ 

input_precision = 'tf32x3'
builder = <triton._C.libtriton.ir.builder object at 0x7fac4c985ee0>

    def _str_to_dot_input_precision(input_precision, builder):
>       assert input_precision.lower() in builder.options.allowed_dot_input_precisions, \
            f"input_precision must be one of {builder.options.allowed_dot_input_precisions}. Got {input_precision}"
E       AssertionError: input_precision must be one of ('ieee', 'tf32'). Got tf32x3

/root/miniconda/envs/python310_torch29_cuda/lib/python3.10/site-packages/triton/language/semantic.py:1428: AssertionError

The above exception was the direct cause of the following exception:

monkeypatch = <_pytest.monkeypatch.MonkeyPatch object at 0x7fac4c80fbb0>
noncontiguous = 'all'

    @pytest.mark.conv_transpose2d
    @pytest.mark.parametrize("noncontiguous", ["input", "weight", "bias", "all"])
    def test_conv_transpose2d_noncontiguous_tensors_match_pytorch(
        monkeypatch, noncontiguous
    ):
        _skip_if_unsupported_test_device(torch.float32)
        if flag_gems.vendor_name == "hygon":
            monkeypatch.setenv("TRITON_HIP_USE_NEW_STREAM_PIPELINE", "0")
    
        inp = torch.randn((1, 2, 4, 5), dtype=torch.float32, device=flag_gems.device)
        weight = torch.randn((2, 3, 3, 2), dtype=torch.float32, device=flag_gems.device)
        bias = torch.randn((3,), dtype=torch.float32, device=flag_gems.device)
    
        if noncontiguous in ("input", "all"):
            inp = torch.randn((1, 2, 4, 10), dtype=torch.float32, device=flag_gems.device)[
                :, :, :, ::2
            ]
        if noncontiguous in ("weight", "all"):
            weight = torch.randn(
                (2, 3, 3, 4), dtype=torch.float32, device=flag_gems.device
            )[:, :, :, ::2]
        if noncontiguous in ("bias", "all"):
            bias = torch.randn((6,), dtype=torch.float32, device=flag_gems.device)[::2]
    
        if noncontiguous in ("input", "all"):
            assert not inp.is_contiguous()
        if noncontiguous in ("weight", "all"):
            assert not weight.is_contiguous()
        if noncontiguous in ("bias", "all"):
            assert not bias.is_contiguous()
    
        ref_out = torch.nn.functional.conv_transpose2d(
            utils.to_reference(inp, True),
            utils.to_reference(weight, True),
            bias=utils.to_reference(bias, True),
            stride=(2, 1),
            padding=(1, 0),
            output_padding=(1, 0),
        ).to(torch.float32)
    
>       res_out = flag_gems.conv_transpose2d(
            inp,
            weight,
            bias=bias,
            stride=(2, 1),
            padding=(1, 0),
            output_padding=(1, 0),
        )

test_conv_transpose2d.py:497: 
_ _ _ _ _ _ _ _ _ _ _ _ _ _ _ _ _ _ _ _ _ _ _ _ _ _ _ _ _ _ _ _ _ _ _ _ _ _ _ _ 
../src/flag_gems/ops/conv_transpose2d.py:1354: in conv_transpose2d
    output = _conv_transpose2d_4d_dispatch(
../src/flag_gems/ops/conv_transpose2d.py:1480: in _conv_transpose2d_4d_dispatch
    return _conv_transpose2d_general(
../src/flag_gems/ops/conv_transpose2d.py:1769: in _conv_transpose2d_general
    return _conv_transpose2d_residue(
../src/flag_gems/ops/conv_transpose2d.py:1924: in _conv_transpose2d_residue
    _conv_transpose2d_residue_kernel[grid](
/root/miniconda/envs/python310_torch29_cuda/lib/python3.10/site-packages/triton/runtime/jit.py:364: in <lambda>
    return lambda *args, **kwargs: self.run(grid=grid, warmup=False, *args, **kwargs)
../src/flag_gems/utils/libentry.py:889: in run
    kernel = self.fn.run(*args, **kwargs)
/root/miniconda/envs/python310_torch29_cuda/lib/python3.10/site-packages/triton/runtime/jit.py:795: in run
    kernel = self.default_run(*args, **kwargs)
/root/miniconda/envs/python310_torch29_cuda/lib/python3.10/site-packages/triton/runtime/jit.py:686: in default_run
    kernel = self.compile(
/root/miniconda/envs/python310_torch29_cuda/lib/python3.10/site-packages/triton/compiler/compiler.py:285: in compile
    module = src.make_ir(options, codegen_fns, context)
_ _ _ _ _ _ _ _ _ _ _ _ _ _ _ _ _ _ _ _ _ _ _ _ _ _ _ _ _ _ _ _ _ _ _ _ _ _ _ _ 

self = <triton.compiler.compiler.ASTSource object at 0x7fac4c80d8d0>
options = XPUOptions(arch=3, grid=(1, 1, 2), debug=None, cluster_num=12, core_num=64, buffer_size_limit=512, groups_per_cluster=...wed_dot_input_precisions=('ieee', 'tf32'), exp_range=':0', num_warps=4, num_ctas=-1, num_stages=1, use_int4_w4a8=False)
codegen_fns = {}
context = <triton._C.libtriton.ir.context object at 0x7fac4c79c1f0>

    def make_ir(self, options, codegen_fns, context):
>       return ast_to_ttir(self.fn, self, context=context, options=options, codegen_fns=codegen_fns)
E       triton.compiler.errors.CompilationError: at 108:33:
E                                   ci_in_offsets[None, :] < input_channels_per_group
E                               )
E                               weight_mask = (
E                                   ci_in_offsets[:, None] < input_channels_per_group
E                               ) & (co_in_offsets[None, :] < output_channels_per_group)
E                               input_block = tl.load(
E                                   input_pointer + input_offsets, mask=input_mask, other=0.0
E                               )
E                               weight_block = tl.load(
E                                   weight_pointer + weight_offsets, mask=weight_mask, other=0.0
E                               )
E                               accum += tl.dot(
E                                        ^

/root/miniconda/envs/python310_torch29_cuda/lib/python3.10/site-packages/triton/compiler/compiler.py:122: CompilationError
=============================== warnings summary ===============================
tests/test_conv_transpose2d.py::test_accuracy_conv_transpose2d_supported[fp16_direct_16x32x8]
  /root/miniconda/envs/python310_torch29_cuda/lib/python3.10/site-packages/torch/backends/__init__.py:46: UserWarning: Please use the new API settings to control TF32 behavior, such as torch.backends.cudnn.conv.fp32_precision = 'tf32' or torch.backends.cuda.matmul.fp32_precision = 'ieee'. Old settings, e.g, torch.backends.cuda.matmul.allow_tf32 = True, torch.backends.cudnn.allow_tf32 = True, allowTF32CuDNN() and allowTF32CuBLAS() will be deprecated after Pytorch 2.9. Please see https://pytorch.org/docs/main/notes/cuda.html#tensorfloat-32-tf32-on-ampere-and-later-devices (Triggered internally at /pytorch/aten/src/ATen/Context.cpp:80.)
    self.setter(val)

-- Docs: https://docs.pytest.org/en/stable/how-to/capture-warnings.html
=========================== short test summary info ============================
FAILED test_conv_transpose2d.py::test_accuracy_conv_transpose2d_supported[fp16_direct_16x32x8]
FAILED test_conv_transpose2d.py::test_accuracy_conv_transpose2d_supported[fp32_direct_32x64x16]
FAILED test_conv_transpose2d.py::test_accuracy_conv_transpose2d_supported[fp32_direct_benchmark_stride1]
FAILED test_conv_transpose2d.py::test_accuracy_conv_transpose2d_supported[bf16_direct_16x32x32]
FAILED test_conv_transpose2d.py::test_accuracy_conv_transpose2d_supported[fp32_general_bias_shape_previously_unsupported]
FAILED test_conv_transpose2d.py::test_accuracy_conv_transpose2d_supported[fp16_general_groups_asymmetric_stride_output_padding]
FAILED test_conv_transpose2d.py::test_accuracy_conv_transpose2d_supported[fp32_general_dilation_output_padding]
FAILED test_conv_transpose2d.py::test_accuracy_conv_transpose2d_supported[bf16_general_non_tuned]
FAILED test_conv_transpose2d.py::test_accuracy_conv_transpose2d_extended_parameters[fp32_groups2_bias_stride3_asymmetric_output_padding]
FAILED test_conv_transpose2d.py::test_accuracy_conv_transpose2d_extended_parameters[fp16_scatter_groups_bias_stride4_output_padding]
FAILED test_conv_transpose2d.py::test_accuracy_conv_transpose2d_extended_parameters[bf16_scatter_stride3x4_output_padding]
FAILED test_conv_transpose2d.py::test_accuracy_conv_transpose2d_extended_parameters[fp16_bias_tuple_padding_dilation]
FAILED test_conv_transpose2d.py::test_accuracy_conv_transpose2d_extended_parameters[fp32_1x1_kernel_single_pixel]
FAILED test_conv_transpose2d.py::test_accuracy_conv_transpose2d_extended_parameters[bf16_grouped_dilation_output_padding]
FAILED test_conv_transpose2d.py::test_conv_transpose2d_unsupported_dtype_raise
FAILED test_conv_transpose2d.py::test_conv_transpose2d_unbatched_3d_matches_pytorch
FAILED test_conv_transpose2d.py::test_conv_transpose2d_noncontiguous_tensors_match_pytorch[input]
FAILED test_conv_transpose2d.py::test_conv_transpose2d_noncontiguous_tensors_match_pytorch[weight]
FAILED test_conv_transpose2d.py::test_conv_transpose2d_noncontiguous_tensors_match_pytorch[bias]
FAILED test_conv_transpose2d.py::test_conv_transpose2d_noncontiguous_tensors_match_pytorch[all]
========= 20 failed, 14 passed, 49917 deselected, 1 warning in 16.12s ==========
