============================= test session starts ==============================
platform linux -- Python 3.10.18, pytest-9.1.1, pluggy-1.6.0 -- /root/miniconda/envs/python310_torch29_cuda/bin/python3.10
cachedir: .pytest_cache
rootdir: /workspace/FlagGems
configfile: pytest.ini
plugins: anyio-4.9.0, typeguard-4.3.0
collecting ... WARNING 07-24 02:11:17 [interface.py:226] Failed to import from vllm._C: ImportError('/root/miniconda/envs/python310_torch29_cuda/lib/python3.10/site-packages/vllm/_C.abi3.so: undefined symbol: _ZN3c104cuda29c10_cuda_check_implementationEiPKcS2_jb')
WARNING 07-24 02:11:20 [interface.py:599] Current platform  does not have '__test__' attribute.
WARNING 07-24 02:11:20 [interface.py:599] Current platform  does not have '__bases__' attribute.
WARNING 07-24 02:11:20 [interface.py:599] Current platform  does not have '__test__' attribute.
WARNING 07-24 02:11:20 [interface.py:599] Current platform  does not have '__test__' attribute.
WARNING 07-24 02:11:20 [interface.py:599] Current platform  does not have '__bases__' attribute.
WARNING 07-24 02:11:20 [interface.py:599] Current platform  does not have '__test__' attribute.
WARNING 07-24 02:11:20 [interface.py:599] Current platform  does not have '__test__' attribute.
WARNING 07-24 02:11:20 [interface.py:599] Current platform  does not have '__bases__' attribute.
WARNING 07-24 02:11:20 [interface.py:599] Current platform  does not have '__test__' attribute.
ERROR 07-24 02:11:21 [config.py:29] Failed to import Triton kernels. Please make sure your triton version is compatible. Error: No module named 'triton.language.target_info'
collected 49951 items / 49903 deselected / 48 selected

test_softmax.py::test_softmax_out[True-0-dtype0-shape0] FAILED
test_softmax.py::test_softmax_out[True-0-dtype0-shape1] FAILED
test_softmax.py::test_softmax_out[True-0-dtype0-shape2] FAILED
test_softmax.py::test_softmax_out[True-0-dtype0-shape3] PASSED
test_softmax.py::test_softmax_out[True-0-dtype1-shape0] FAILED
test_softmax.py::test_softmax_out[True-0-dtype1-shape1] FAILED
test_softmax.py::test_softmax_out[True-0-dtype1-shape2] FAILED
test_softmax.py::test_softmax_out[True-0-dtype1-shape3] PASSED
test_softmax.py::test_softmax_out[True-0-dtype2-shape0] FAILED
test_softmax.py::test_softmax_out[True-0-dtype2-shape1] FAILED
test_softmax.py::test_softmax_out[True-0-dtype2-shape2] FAILED
test_softmax.py::test_softmax_out[True-0-dtype2-shape3] PASSED
test_softmax.py::test_softmax_out[True-1-dtype0-shape0] PASSED
test_softmax.py::test_softmax_out[True-1-dtype0-shape1] PASSED
test_softmax.py::test_softmax_out[True-1-dtype0-shape2] FAILED
test_softmax.py::test_softmax_out[True-1-dtype0-shape3] PASSED
test_softmax.py::test_softmax_out[True-1-dtype1-shape0] PASSED
test_softmax.py::test_softmax_out[True-1-dtype1-shape1] PASSED
test_softmax.py::test_softmax_out[True-1-dtype1-shape2] FAILED
test_softmax.py::test_softmax_out[True-1-dtype1-shape3] PASSED
test_softmax.py::test_softmax_out[True-1-dtype2-shape0] PASSED
test_softmax.py::test_softmax_out[True-1-dtype2-shape1] PASSED
test_softmax.py::test_softmax_out[True-1-dtype2-shape2] FAILED
test_softmax.py::test_softmax_out[True-1-dtype2-shape3] PASSED
test_softmax.py::test_softmax_out[False-0-dtype0-shape0] FAILED
test_softmax.py::test_softmax_out[False-0-dtype0-shape1] FAILED
test_softmax.py::test_softmax_out[False-0-dtype0-shape2] FAILED
test_softmax.py::test_softmax_out[False-0-dtype0-shape3] PASSED
test_softmax.py::test_softmax_out[False-0-dtype1-shape0] FAILED
test_softmax.py::test_softmax_out[False-0-dtype1-shape1] FAILED
test_softmax.py::test_softmax_out[False-0-dtype1-shape2] FAILED
test_softmax.py::test_softmax_out[False-0-dtype1-shape3] PASSED
test_softmax.py::test_softmax_out[False-0-dtype2-shape0] FAILED
test_softmax.py::test_softmax_out[False-0-dtype2-shape1] FAILED
test_softmax.py::test_softmax_out[False-0-dtype2-shape2] FAILED
test_softmax.py::test_softmax_out[False-0-dtype2-shape3] PASSED
test_softmax.py::test_softmax_out[False-1-dtype0-shape0] PASSED
test_softmax.py::test_softmax_out[False-1-dtype0-shape1] PASSED
test_softmax.py::test_softmax_out[False-1-dtype0-shape2] FAILED
test_softmax.py::test_softmax_out[False-1-dtype0-shape3] PASSED
test_softmax.py::test_softmax_out[False-1-dtype1-shape0] PASSED
test_softmax.py::test_softmax_out[False-1-dtype1-shape1] PASSED
test_softmax.py::test_softmax_out[False-1-dtype1-shape2] FAILED
test_softmax.py::test_softmax_out[False-1-dtype1-shape3] PASSED
test_softmax.py::test_softmax_out[False-1-dtype2-shape0] PASSED
test_softmax.py::test_softmax_out[False-1-dtype2-shape1] PASSED
test_softmax.py::test_softmax_out[False-1-dtype2-shape2] FAILED
test_softmax.py::test_softmax_out[False-1-dtype2-shape3] PASSED

=================================== FAILURES ===================================
____________________ test_softmax_out[True-0-dtype0-shape0] ____________________

mod = <triton._C.libtriton.ir.module object at 0x7f9c92d3f060>
metadata = {'hash': '304fa4579bdd6ee5fd2de5db09951a430d2038fb4a60a58d1a536c334060ea0b', 'target': GPUTarget(backend='xpu', arch=3, warp_size=1), 'arch': 3, 'grid': <function softmax_out.<locals>.<lambda> at 0x7f9e5c24c670>, ...}
opt = XPUOptions(arch=3, grid=<function softmax_out.<locals>.<lambda> at 0x7f9e5c24c670>, debug=None, cluster_num=12, core_n...ed_dot_input_precisions=('ieee', 'tf32'), exp_range=':0', num_warps=16, num_ctas=-1, num_stages=1, use_int4_w4a8=False)

    @staticmethod
    def make_ttxir(mod, metadata, opt):
        metadata["xpu_arch"] = opt.arch
        metadata["is_sdnn"] = opt.is_sdnn or xpu.is_sdnn_kernel(mod)
        metadata["tensor_args"] = xpu.get_tensor_args(mod, []) if metadata["is_sdnn"] is True else []
        metadata["shared"] = (-1)  # TODO: invalid value, just to keep CompiledKernel _init_handles() success
    
        max_buffer_size = metadata["buffer_size_limit"]
        elem_bytes = int(os.environ.get("TRITONXPU_ELEMBYTES", 0))
        groups_per_cluster = metadata["groups_per_cluster"]
        unroll_num = metadata["unroll_num"]
        XPUBackend.buffer_len = xpu.get_buffer_len(mod, max_buffer_size, elem_bytes)
        # print(f"XPUBackend.buffer_len = {XPUBackend.buffer_len}")
        core_num = metadata["core_num"]
        # F/O Prefix For Function/Optimization Macro
        is_use_mask_zero = metadata["is_use_mask_zero"]
        if is_use_mask_zero:
            warnings.warn(
                f'XRE Version Must Be More than 5.0.21.37 (After 2025.07.22). And echo 1 > /proc/kunlun/dev4/dma_excp_mask',
                UserWarning)
        TTXPU_F_INTERLEAVE = 0 if metadata["grid"] != (12, 1, 1) else int(os.environ.get("TRITONXPU_INTERLEAVE", 1))
        TTXPU_F_OHTER_VALUE_SIM = int(os.environ.get("TRITONXPU_OTHER_SIM", 0))
        TTXPU_F_STORE_MASK_SIM = int(os.environ.get("TRITONXPU_STORE_MASK_SIM", 0))
        TTXPU_F_DTYPE_CONVERT = 0 if metadata["isCloseDtypeConvert"] else int(
            os.environ.get("TRITONXPU_DTYPE_CONVERT", 1))
        TTXPU_O_ATOMIC_SIM = 0 if metadata["isCLOSE_TTXPU_O_ATOMIC_SIM"] else int(
            os.environ.get("TRITONXPU_ATOMIC_SIM", 1))
        TTXPU_O_CLOSE_OPT = int(os.environ.get("TRITONXPU_CLOSE_OPTIMIZE", 0))
        TTSDNN_F_SINGLE_CORE_MODE = int(os.environ.get("TRITON_SDNN_SINGLE_CODE_MODE", 0))
        TTSDNN_F_MATMUL_FAST_MODE = int(os.environ.get("XMLIR_MATMUL_FAST_MODE", 0))
        TTSDNN_F_DMA_MODE = int(os.environ.get("XMLIR_DMA_FAST_MODE", 0))
    
        if opt.isClusterOneCoreActOnly and TTXPU_F_OHTER_VALUE_SIM:
            assert 0, "isClusterOneCoreActOnly and TRITONXPU_OTHER_SIM can't act simultaneously"
    
        pm = ir.pass_manager(mod.context)
        pm.enable_debug()
        xpu.passes.ttsdnnir.add_tritonsdnn_strip_all_ops_pass(pm, opt.arch)
        if metadata["is_sdnn"]:
            if opt.arch < 4:
                if metadata["use_int4_w4a8"] == True:
                    xpu.passes.ttsdnnir.add_triton_convert_type_pass(pm, opt.arch, 2)
                else:
                    xpu.passes.ttsdnnir.add_triton_convert_type_pass(pm, opt.arch, TTSDNN_F_MATMUL_FAST_MODE)
            xpu.passes.ttsdnnir.add_convert_triton_to_tritonsdnn_pass(pm, opt.arch)
            xpu.passes.ttsdnnir.add_linalg_to_tritonsdnn_pass(pm, opt.arch)
            xpu.passes.ttsdnnir.add_tritonsdnn_legalize_pass(pm, opt.arch)
            xpu.passes.ttsdnnir.add_tritonsdnn_combine_before_pass(pm, opt.arch)
            xpu.passes.ttsdnnir.add_tritonsdnn_bufferize_pass(pm, opt.arch)
            xpu.passes.ttsdnnir.add_tritonsdnn_combine_pass(pm, opt.arch)
            if opt.exp_range != ":0":
                res = parse_floating_range_string(opt.exp_range)
                xpu.passes.ttsdnnir.add_tritonsdnn_ew_act_table_pass(pm, res)
            else:
                xpu.passes.ttsdnnir.add_tritonsdnn_ew_act_table_pass(pm, None)
            xpu.passes.ttsdnnir.add_tritonsdnn_loop_grid_pass(pm)
            if opt.arch == 4 and TTSDNN_F_DMA_MODE:
                xpu.passes.ttsdnnir.add_tritonsdnn_remove_ds_op_pass(pm, opt.arch)
            if not TTSDNN_F_SINGLE_CORE_MODE:
                xpu.passes.ttsdnnir.add_tritonsdnn_pipeline_pass(pm)
    
            xpu.passes.ttsdnnir.add_tritonsdnn_multi_buffer_pass(pm, opt.arch, opt.num_stages)
            passes.common.add_symbol_dce(pm)
            passes.common.add_canonicalizer(pm)
            passes.common.add_cse(pm)
        else:
            xpu.passes.ttxpuir.add_convert_triton_to_tritonxpu_pass(pm, opt.arch, XPUBackend.buffer_len, core_num)
            xpu.passes.ttxpuir.add_tritonxpu_print_pass(pm)
            xpu.passes.ttxpuir.add_tritonxpu_gm2lm_pass(pm, opt.arch, TTXPU_O_ATOMIC_SIM, opt.isClusterOneCoreActOnly,
                                                        is_use_mask_zero)
            if not metadata["isCloseMemoryCache"]:
                xpu.passes.ttxpuir.add_tritonxpu_memory_cache_pass(pm, XPUBackend.buffer_len,
                                                                   core_num) if not TTXPU_O_CLOSE_OPT else None
            passes.common.add_canonicalizer(pm)
            if TTXPU_F_DTYPE_CONVERT:
                xpu.passes.ttxpuir.add_tritonxpu_dtype_convert_pass(pm, opt.arch)
            if not metadata["isCloseCoreTiling"]:
                xpu.passes.ttxpuir.add_tritonxpu_core_tiling_pass(
                    pm, 0, XPUBackend.buffer_len, core_num,
                    groups_per_cluster) if not TTXPU_O_CLOSE_OPT else None  # dumpFlag=0
            # xpu.passes.ttxpuir.add_tritonxpu_lm_to_sm_pass(pm)
            passes.common.add_cse(pm)
            if not metadata["isCloseOffsetAnalysis"]:
                xpu.passes.ttxpuir.add_tritonxpu_offset_state_pass(
                    pm, 0, XPUBackend.buffer_len, is_use_mask_zero) if not TTXPU_O_CLOSE_OPT else None  # dumpFlag=0
            passes.common.add_canonicalizer(pm)
            xpu.passes.ttxpuir.add_tritonxpu_legalize_pass(pm, XPUBackend.buffer_len, core_num, groups_per_cluster,
                                                           is_use_mask_zero)
            passes.common.add_canonicalizer(pm)
            if not TTXPU_F_OHTER_VALUE_SIM:
                xpu.passes.ttxpuir.add_tritonxpu_mask_pass(pm, opt.isClusterOneCoreActOnly, is_use_mask_zero)
            passes.common.add_canonicalizer(pm)
            passes.common.add_cse(pm)
            passes.common.add_licm(pm)
            passes.common.add_symbol_dce(pm)
            if not metadata["isCloseInterleave"] and TTXPU_F_INTERLEAVE:
                xpu.passes.ttxpuir.add_tritonxpu_interleave_pass(pm) if not TTXPU_O_CLOSE_OPT else None
            passes.common.add_canonicalizer(pm)
            if not metadata["isCloseVectorization"]:
                compareFusion = int(os.environ.get("TRITONXPU_COMPARE_FUSION", 0))
                xpu.passes.ttxpuir.add_tritonxpu_vectorize_pass(
                    pm, 0, compareFusion) if not TTXPU_O_CLOSE_OPT else None  # dumpFlag=0
            passes.common.add_canonicalizer(pm)
            xpu.passes.ttxpuir.add_tritonxpu_alloca_pass(pm, XPUBackend.buffer_len, core_num)
            if not metadata["isCloseMemoryAsync"]:
                xpu.passes.ttxpuir.add_tritonxpu_memory_async_pass(pm,
                                                                   0) if not TTXPU_O_CLOSE_OPT else None  # dumpFlag=0
            if not metadata["isCloseUnrollControl"]:
                xpu.passes.ttxpuir.add_tritonxpu_unroll_control_pass(pm, XPUBackend.buffer_len, core_num,
                                                                     is_use_mask_zero,
                                                                     unroll_num) if not TTXPU_O_CLOSE_OPT else None
            xpu.passes.ttxpuir.add_tritonxpu_store_control_pass(pm) if not TTXPU_O_CLOSE_OPT else None
            if not TTXPU_F_OHTER_VALUE_SIM:
                xpu.passes.ttxpuir.add_tritonxpu_other_sim_pass(pm, XPUBackend.buffer_len, core_num)
            xpu.passes.ttxpuir.add_tritonxpu_memory_inplace_pass(pm, XPUBackend.buffer_len,
                                                                 core_num) if not TTXPU_O_CLOSE_OPT else None
            if not metadata["isCloseClusterLoopGrid"]:
                xpu.passes.ttxpuir.add_tritonxpu_cf_to_scf_pass(pm)
                xpu.passes.ttxpuir.add_tritonxpu_loop_grid_pass(pm)
            passes.common.add_cse(pm)
            passes.common.add_licm(pm)
            passes.common.add_symbol_dce(pm)
    
        try:
>           pm.run(mod)
E           RuntimeError: PassManager::run failed

/root/miniconda/envs/python310_torch29_cuda/lib/python3.10/site-packages/triton/backends/xpu/compiler.py:329: RuntimeError

During handling of the above exception, another exception occurred:

shape = (1, 256), dtype = torch.float16, dim = 0, neg_inf = True

    @pytest.mark.softmax_out
    @pytest.mark.parametrize(
        "shape",
        (
            [(1, 256)]
            if cfg.QUICK_MODE
            else [(1, 256), (4096, 256), (200, 2560, 3), (1, 0, 128, 512)]
        ),
    )
    @pytest.mark.parametrize("dtype", FLOAT_DTYPES)
    @pytest.mark.parametrize("dim", DIM_LIST)
    @pytest.mark.parametrize("neg_inf", [True, False])
    def test_softmax_out(shape, dtype, dim, neg_inf):
        inp = torch.randn(shape, dtype=dtype, device=flag_gems.device)
        if neg_inf:
            inp = torch.where(inp < 0.0, float("-inf"), inp)
        ref_inp = utils.to_reference(inp, True)
    
        ref_out = torch.empty(shape, dtype=ref_inp.dtype, device=ref_inp.device)
        torch.ops.aten._softmax.out(ref_inp, dim, False, out=ref_out)
    
        res_out = torch.empty(shape, dtype=dtype, device=flag_gems.device)
        with flag_gems.use_gems():
>           torch.ops.aten._softmax.out(inp, dim, False, out=res_out)

test_softmax.py:82: 
_ _ _ _ _ _ _ _ _ _ _ _ _ _ _ _ _ _ _ _ _ _ _ _ _ _ _ _ _ _ _ _ _ _ _ _ _ _ _ _ 
/root/miniconda/envs/python310_torch29_cuda/lib/python3.10/site-packages/torch/_ops.py:841: in __call__
    return self._op(*args, **kwargs)
../src/flag_gems/ops/softmax.py:325: in softmax_out
    softmax_kernel_non_inner[grid](
/root/miniconda/envs/python310_torch29_cuda/lib/python3.10/site-packages/triton/runtime/jit.py:364: in <lambda>
    return lambda *args, **kwargs: self.run(grid=grid, warmup=False, *args, **kwargs)
../src/flag_gems/utils/libentry.py:889: in run
    kernel = self.fn.run(*args, **kwargs)
/root/miniconda/envs/python310_torch29_cuda/lib/python3.10/site-packages/triton/runtime/autotuner.py:355: in run
    return self.fn.run(*args, **kwargs)
/root/miniconda/envs/python310_torch29_cuda/lib/python3.10/site-packages/triton/runtime/jit.py:795: in run
    kernel = self.default_run(*args, **kwargs)
/root/miniconda/envs/python310_torch29_cuda/lib/python3.10/site-packages/triton/runtime/jit.py:686: in default_run
    kernel = self.compile(
/root/miniconda/envs/python310_torch29_cuda/lib/python3.10/site-packages/triton/compiler/compiler.py:318: in compile
    next_module = compile_ir(module, metadata)
/root/miniconda/envs/python310_torch29_cuda/lib/python3.10/site-packages/triton/backends/xpu/compiler.py:516: in <lambda>
    stages["ttxir"] = lambda src, metadata: self.make_ttxir(src, metadata, options)
_ _ _ _ _ _ _ _ _ _ _ _ _ _ _ _ _ _ _ _ _ _ _ _ _ _ _ _ _ _ _ _ _ _ _ _ _ _ _ _ 

mod = <triton._C.libtriton.ir.module object at 0x7f9c92d3f060>
metadata = {'hash': '304fa4579bdd6ee5fd2de5db09951a430d2038fb4a60a58d1a536c334060ea0b', 'target': GPUTarget(backend='xpu', arch=3, warp_size=1), 'arch': 3, 'grid': <function softmax_out.<locals>.<lambda> at 0x7f9e5c24c670>, ...}
opt = XPUOptions(arch=3, grid=<function softmax_out.<locals>.<lambda> at 0x7f9e5c24c670>, debug=None, cluster_num=12, core_n...ed_dot_input_precisions=('ieee', 'tf32'), exp_range=':0', num_warps=16, num_ctas=-1, num_stages=1, use_int4_w4a8=False)

    @staticmethod
    def make_ttxir(mod, metadata, opt):
        metadata["xpu_arch"] = opt.arch
        metadata["is_sdnn"] = opt.is_sdnn or xpu.is_sdnn_kernel(mod)
        metadata["tensor_args"] = xpu.get_tensor_args(mod, []) if metadata["is_sdnn"] is True else []
        metadata["shared"] = (-1)  # TODO: invalid value, just to keep CompiledKernel _init_handles() success
    
        max_buffer_size = metadata["buffer_size_limit"]
        elem_bytes = int(os.environ.get("TRITONXPU_ELEMBYTES", 0))
        groups_per_cluster = metadata["groups_per_cluster"]
        unroll_num = metadata["unroll_num"]
        XPUBackend.buffer_len = xpu.get_buffer_len(mod, max_buffer_size, elem_bytes)
        # print(f"XPUBackend.buffer_len = {XPUBackend.buffer_len}")
        core_num = metadata["core_num"]
        # F/O Prefix For Function/Optimization Macro
        is_use_mask_zero = metadata["is_use_mask_zero"]
        if is_use_mask_zero:
            warnings.warn(
                f'XRE Version Must Be More than 5.0.21.37 (After 2025.07.22). And echo 1 > /proc/kunlun/dev4/dma_excp_mask',
                UserWarning)
        TTXPU_F_INTERLEAVE = 0 if metadata["grid"] != (12, 1, 1) else int(os.environ.get("TRITONXPU_INTERLEAVE", 1))
        TTXPU_F_OHTER_VALUE_SIM = int(os.environ.get("TRITONXPU_OTHER_SIM", 0))
        TTXPU_F_STORE_MASK_SIM = int(os.environ.get("TRITONXPU_STORE_MASK_SIM", 0))
        TTXPU_F_DTYPE_CONVERT = 0 if metadata["isCloseDtypeConvert"] else int(
            os.environ.get("TRITONXPU_DTYPE_CONVERT", 1))
        TTXPU_O_ATOMIC_SIM = 0 if metadata["isCLOSE_TTXPU_O_ATOMIC_SIM"] else int(
            os.environ.get("TRITONXPU_ATOMIC_SIM", 1))
        TTXPU_O_CLOSE_OPT = int(os.environ.get("TRITONXPU_CLOSE_OPTIMIZE", 0))
        TTSDNN_F_SINGLE_CORE_MODE = int(os.environ.get("TRITON_SDNN_SINGLE_CODE_MODE", 0))
        TTSDNN_F_MATMUL_FAST_MODE = int(os.environ.get("XMLIR_MATMUL_FAST_MODE", 0))
        TTSDNN_F_DMA_MODE = int(os.environ.get("XMLIR_DMA_FAST_MODE", 0))
    
        if opt.isClusterOneCoreActOnly and TTXPU_F_OHTER_VALUE_SIM:
            assert 0, "isClusterOneCoreActOnly and TRITONXPU_OTHER_SIM can't act simultaneously"
    
        pm = ir.pass_manager(mod.context)
        pm.enable_debug()
        xpu.passes.ttsdnnir.add_tritonsdnn_strip_all_ops_pass(pm, opt.arch)
        if metadata["is_sdnn"]:
            if opt.arch < 4:
                if metadata["use_int4_w4a8"] == True:
                    xpu.passes.ttsdnnir.add_triton_convert_type_pass(pm, opt.arch, 2)
                else:
                    xpu.passes.ttsdnnir.add_triton_convert_type_pass(pm, opt.arch, TTSDNN_F_MATMUL_FAST_MODE)
            xpu.passes.ttsdnnir.add_convert_triton_to_tritonsdnn_pass(pm, opt.arch)
            xpu.passes.ttsdnnir.add_linalg_to_tritonsdnn_pass(pm, opt.arch)
            xpu.passes.ttsdnnir.add_tritonsdnn_legalize_pass(pm, opt.arch)
            xpu.passes.ttsdnnir.add_tritonsdnn_combine_before_pass(pm, opt.arch)
            xpu.passes.ttsdnnir.add_tritonsdnn_bufferize_pass(pm, opt.arch)
            xpu.passes.ttsdnnir.add_tritonsdnn_combine_pass(pm, opt.arch)
            if opt.exp_range != ":0":
                res = parse_floating_range_string(opt.exp_range)
                xpu.passes.ttsdnnir.add_tritonsdnn_ew_act_table_pass(pm, res)
            else:
                xpu.passes.ttsdnnir.add_tritonsdnn_ew_act_table_pass(pm, None)
            xpu.passes.ttsdnnir.add_tritonsdnn_loop_grid_pass(pm)
            if opt.arch == 4 and TTSDNN_F_DMA_MODE:
                xpu.passes.ttsdnnir.add_tritonsdnn_remove_ds_op_pass(pm, opt.arch)
            if not TTSDNN_F_SINGLE_CORE_MODE:
                xpu.passes.ttsdnnir.add_tritonsdnn_pipeline_pass(pm)
    
            xpu.passes.ttsdnnir.add_tritonsdnn_multi_buffer_pass(pm, opt.arch, opt.num_stages)
            passes.common.add_symbol_dce(pm)
            passes.common.add_canonicalizer(pm)
            passes.common.add_cse(pm)
        else:
            xpu.passes.ttxpuir.add_convert_triton_to_tritonxpu_pass(pm, opt.arch, XPUBackend.buffer_len, core_num)
            xpu.passes.ttxpuir.add_tritonxpu_print_pass(pm)
            xpu.passes.ttxpuir.add_tritonxpu_gm2lm_pass(pm, opt.arch, TTXPU_O_ATOMIC_SIM, opt.isClusterOneCoreActOnly,
                                                        is_use_mask_zero)
            if not metadata["isCloseMemoryCache"]:
                xpu.passes.ttxpuir.add_tritonxpu_memory_cache_pass(pm, XPUBackend.buffer_len,
                                                                   core_num) if not TTXPU_O_CLOSE_OPT else None
            passes.common.add_canonicalizer(pm)
            if TTXPU_F_DTYPE_CONVERT:
                xpu.passes.ttxpuir.add_tritonxpu_dtype_convert_pass(pm, opt.arch)
            if not metadata["isCloseCoreTiling"]:
                xpu.passes.ttxpuir.add_tritonxpu_core_tiling_pass(
                    pm, 0, XPUBackend.buffer_len, core_num,
                    groups_per_cluster) if not TTXPU_O_CLOSE_OPT else None  # dumpFlag=0
            # xpu.passes.ttxpuir.add_tritonxpu_lm_to_sm_pass(pm)
            passes.common.add_cse(pm)
            if not metadata["isCloseOffsetAnalysis"]:
                xpu.passes.ttxpuir.add_tritonxpu_offset_state_pass(
                    pm, 0, XPUBackend.buffer_len, is_use_mask_zero) if not TTXPU_O_CLOSE_OPT else None  # dumpFlag=0
            passes.common.add_canonicalizer(pm)
            xpu.passes.ttxpuir.add_tritonxpu_legalize_pass(pm, XPUBackend.buffer_len, core_num, groups_per_cluster,
                                                           is_use_mask_zero)
            passes.common.add_canonicalizer(pm)
            if not TTXPU_F_OHTER_VALUE_SIM:
                xpu.passes.ttxpuir.add_tritonxpu_mask_pass(pm, opt.isClusterOneCoreActOnly, is_use_mask_zero)
            passes.common.add_canonicalizer(pm)
            passes.common.add_cse(pm)
            passes.common.add_licm(pm)
            passes.common.add_symbol_dce(pm)
            if not metadata["isCloseInterleave"] and TTXPU_F_INTERLEAVE:
                xpu.passes.ttxpuir.add_tritonxpu_interleave_pass(pm) if not TTXPU_O_CLOSE_OPT else None
            passes.common.add_canonicalizer(pm)
            if not metadata["isCloseVectorization"]:
                compareFusion = int(os.environ.get("TRITONXPU_COMPARE_FUSION", 0))
                xpu.passes.ttxpuir.add_tritonxpu_vectorize_pass(
                    pm, 0, compareFusion) if not TTXPU_O_CLOSE_OPT else None  # dumpFlag=0
            passes.common.add_canonicalizer(pm)
            xpu.passes.ttxpuir.add_tritonxpu_alloca_pass(pm, XPUBackend.buffer_len, core_num)
            if not metadata["isCloseMemoryAsync"]:
                xpu.passes.ttxpuir.add_tritonxpu_memory_async_pass(pm,
                                                                   0) if not TTXPU_O_CLOSE_OPT else None  # dumpFlag=0
            if not metadata["isCloseUnrollControl"]:
                xpu.passes.ttxpuir.add_tritonxpu_unroll_control_pass(pm, XPUBackend.buffer_len, core_num,
                                                                     is_use_mask_zero,
                                                                     unroll_num) if not TTXPU_O_CLOSE_OPT else None
            xpu.passes.ttxpuir.add_tritonxpu_store_control_pass(pm) if not TTXPU_O_CLOSE_OPT else None
            if not TTXPU_F_OHTER_VALUE_SIM:
                xpu.passes.ttxpuir.add_tritonxpu_other_sim_pass(pm, XPUBackend.buffer_len, core_num)
            xpu.passes.ttxpuir.add_tritonxpu_memory_inplace_pass(pm, XPUBackend.buffer_len,
                                                                 core_num) if not TTXPU_O_CLOSE_OPT else None
            if not metadata["isCloseClusterLoopGrid"]:
                xpu.passes.ttxpuir.add_tritonxpu_cf_to_scf_pass(pm)
                xpu.passes.ttxpuir.add_tritonxpu_loop_grid_pass(pm)
            passes.common.add_cse(pm)
            passes.common.add_licm(pm)
            passes.common.add_symbol_dce(pm)
    
        try:
            pm.run(mod)
        except Exception as e:
            from triton import OutOfResources
>           raise OutOfResources(0, 0, f"uni_sram {e}")
E           triton.runtime.errors.OutOfResources: out of resource: uni_sram PassManager::run failed, Required: 0, Hardware limit: 0. Reducing block sizes or `num_stages` may help.

/root/miniconda/envs/python310_torch29_cuda/lib/python3.10/site-packages/triton/backends/xpu/compiler.py:332: OutOfResources
____________________ test_softmax_out[True-0-dtype0-shape1] ____________________

shape = (4096, 256), dtype = torch.float16, dim = 0, neg_inf = True

    @pytest.mark.softmax_out
    @pytest.mark.parametrize(
        "shape",
        (
            [(1, 256)]
            if cfg.QUICK_MODE
            else [(1, 256), (4096, 256), (200, 2560, 3), (1, 0, 128, 512)]
        ),
    )
    @pytest.mark.parametrize("dtype", FLOAT_DTYPES)
    @pytest.mark.parametrize("dim", DIM_LIST)
    @pytest.mark.parametrize("neg_inf", [True, False])
    def test_softmax_out(shape, dtype, dim, neg_inf):
        inp = torch.randn(shape, dtype=dtype, device=flag_gems.device)
        if neg_inf:
            inp = torch.where(inp < 0.0, float("-inf"), inp)
        ref_inp = utils.to_reference(inp, True)
    
        ref_out = torch.empty(shape, dtype=ref_inp.dtype, device=ref_inp.device)
        torch.ops.aten._softmax.out(ref_inp, dim, False, out=ref_out)
    
        res_out = torch.empty(shape, dtype=dtype, device=flag_gems.device)
        with flag_gems.use_gems():
            torch.ops.aten._softmax.out(inp, dim, False, out=res_out)
>       utils.gems_assert_close(res_out, ref_out, dtype, equal_nan=True)

test_softmax.py:83: 
_ _ _ _ _ _ _ _ _ _ _ _ _ _ _ _ _ _ _ _ _ _ _ _ _ _ _ _ _ _ _ _ _ _ _ _ _ _ _ _ 
accuracy_utils.py:312: in gems_assert_close
    flag_gems.testing.assert_close(
_ _ _ _ _ _ _ _ _ _ _ _ _ _ _ _ _ _ _ _ _ _ _ _ _ _ _ _ _ _ _ _ _ _ _ _ _ _ _ _ 

res = tensor([[0.0648, 0.0000, 0.0000,  ..., 0.0813, 0.1282, 0.0000],
        [0.0485, 0.1887, 0.0000,  ..., 0.0000, 0.2961,..., 0.0770, 0.0000, 0.0398],
        [0.0000, 0.1259, 0.0000,  ..., 0.0000, 0.0000, 0.0710]],
       dtype=torch.float16)
ref = tensor([[0.0002, 0.0000, 0.0000,  ..., 0.0005, 0.0003, 0.0000],
        [0.0002, 0.0005, 0.0000,  ..., 0.0000, 0.0010,..., 0.0002, 0.0000, 0.0002],
        [0.0000, 0.0004, 0.0000,  ..., 0.0000, 0.0000, 0.0004]],
       dtype=torch.float16)
dtype = torch.float16, equal_nan = True, reduce_dim = 1, atol = 0.0001

    def assert_close(res, ref, dtype, equal_nan=False, reduce_dim=1, atol=1e-4):
        if dtype is None:
            dtype = torch.float32
        assert res.dtype == dtype
        ref = ref.to(dtype)
        res, ref = _maybe_move_to_cpu(res, ref)
        rtol = RESOLUTION[dtype]
>       torch.testing.assert_close(
            res, ref, atol=atol * reduce_dim, rtol=rtol, equal_nan=equal_nan
        )
E       AssertionError: Tensor-likes are not close!
E       
E       Mismatched elements: 523981 / 1048576 (50.0%)
E       Greatest absolute difference: nan at index (230, 51) (up to 0.0001 allowed)
E       Greatest relative difference: nan at index (230, 51) (up to 0.001 allowed)

../src/flag_gems/testing/__init__.py:85: AssertionError
____________________ test_softmax_out[True-0-dtype0-shape2] ____________________

mod = <triton._C.libtriton.ir.module object at 0x7f9c8e0f3c90>
metadata = {'hash': '01e62995dc3439f530be658c883c0c338dd19136735e93b3a6780c201ae426a4', 'target': GPUTarget(backend='xpu', arch=3, warp_size=1), 'arch': 3, 'grid': <function softmax_out.<locals>.<lambda> at 0x7f9c89fd7880>, ...}
opt = XPUOptions(arch=3, grid=<function softmax_out.<locals>.<lambda> at 0x7f9c89fd7880>, debug=None, cluster_num=12, core_n...ed_dot_input_precisions=('ieee', 'tf32'), exp_range=':0', num_warps=16, num_ctas=-1, num_stages=1, use_int4_w4a8=False)

    @staticmethod
    def make_ttxir(mod, metadata, opt):
        metadata["xpu_arch"] = opt.arch
        metadata["is_sdnn"] = opt.is_sdnn or xpu.is_sdnn_kernel(mod)
        metadata["tensor_args"] = xpu.get_tensor_args(mod, []) if metadata["is_sdnn"] is True else []
        metadata["shared"] = (-1)  # TODO: invalid value, just to keep CompiledKernel _init_handles() success
    
        max_buffer_size = metadata["buffer_size_limit"]
        elem_bytes = int(os.environ.get("TRITONXPU_ELEMBYTES", 0))
        groups_per_cluster = metadata["groups_per_cluster"]
        unroll_num = metadata["unroll_num"]
        XPUBackend.buffer_len = xpu.get_buffer_len(mod, max_buffer_size, elem_bytes)
        # print(f"XPUBackend.buffer_len = {XPUBackend.buffer_len}")
        core_num = metadata["core_num"]
        # F/O Prefix For Function/Optimization Macro
        is_use_mask_zero = metadata["is_use_mask_zero"]
        if is_use_mask_zero:
            warnings.warn(
                f'XRE Version Must Be More than 5.0.21.37 (After 2025.07.22). And echo 1 > /proc/kunlun/dev4/dma_excp_mask',
                UserWarning)
        TTXPU_F_INTERLEAVE = 0 if metadata["grid"] != (12, 1, 1) else int(os.environ.get("TRITONXPU_INTERLEAVE", 1))
        TTXPU_F_OHTER_VALUE_SIM = int(os.environ.get("TRITONXPU_OTHER_SIM", 0))
        TTXPU_F_STORE_MASK_SIM = int(os.environ.get("TRITONXPU_STORE_MASK_SIM", 0))
        TTXPU_F_DTYPE_CONVERT = 0 if metadata["isCloseDtypeConvert"] else int(
            os.environ.get("TRITONXPU_DTYPE_CONVERT", 1))
        TTXPU_O_ATOMIC_SIM = 0 if metadata["isCLOSE_TTXPU_O_ATOMIC_SIM"] else int(
            os.environ.get("TRITONXPU_ATOMIC_SIM", 1))
        TTXPU_O_CLOSE_OPT = int(os.environ.get("TRITONXPU_CLOSE_OPTIMIZE", 0))
        TTSDNN_F_SINGLE_CORE_MODE = int(os.environ.get("TRITON_SDNN_SINGLE_CODE_MODE", 0))
        TTSDNN_F_MATMUL_FAST_MODE = int(os.environ.get("XMLIR_MATMUL_FAST_MODE", 0))
        TTSDNN_F_DMA_MODE = int(os.environ.get("XMLIR_DMA_FAST_MODE", 0))
    
        if opt.isClusterOneCoreActOnly and TTXPU_F_OHTER_VALUE_SIM:
            assert 0, "isClusterOneCoreActOnly and TRITONXPU_OTHER_SIM can't act simultaneously"
    
        pm = ir.pass_manager(mod.context)
        pm.enable_debug()
        xpu.passes.ttsdnnir.add_tritonsdnn_strip_all_ops_pass(pm, opt.arch)
        if metadata["is_sdnn"]:
            if opt.arch < 4:
                if metadata["use_int4_w4a8"] == True:
                    xpu.passes.ttsdnnir.add_triton_convert_type_pass(pm, opt.arch, 2)
                else:
                    xpu.passes.ttsdnnir.add_triton_convert_type_pass(pm, opt.arch, TTSDNN_F_MATMUL_FAST_MODE)
            xpu.passes.ttsdnnir.add_convert_triton_to_tritonsdnn_pass(pm, opt.arch)
            xpu.passes.ttsdnnir.add_linalg_to_tritonsdnn_pass(pm, opt.arch)
            xpu.passes.ttsdnnir.add_tritonsdnn_legalize_pass(pm, opt.arch)
            xpu.passes.ttsdnnir.add_tritonsdnn_combine_before_pass(pm, opt.arch)
            xpu.passes.ttsdnnir.add_tritonsdnn_bufferize_pass(pm, opt.arch)
            xpu.passes.ttsdnnir.add_tritonsdnn_combine_pass(pm, opt.arch)
            if opt.exp_range != ":0":
                res = parse_floating_range_string(opt.exp_range)
                xpu.passes.ttsdnnir.add_tritonsdnn_ew_act_table_pass(pm, res)
            else:
                xpu.passes.ttsdnnir.add_tritonsdnn_ew_act_table_pass(pm, None)
            xpu.passes.ttsdnnir.add_tritonsdnn_loop_grid_pass(pm)
            if opt.arch == 4 and TTSDNN_F_DMA_MODE:
                xpu.passes.ttsdnnir.add_tritonsdnn_remove_ds_op_pass(pm, opt.arch)
            if not TTSDNN_F_SINGLE_CORE_MODE:
                xpu.passes.ttsdnnir.add_tritonsdnn_pipeline_pass(pm)
    
            xpu.passes.ttsdnnir.add_tritonsdnn_multi_buffer_pass(pm, opt.arch, opt.num_stages)
            passes.common.add_symbol_dce(pm)
            passes.common.add_canonicalizer(pm)
            passes.common.add_cse(pm)
        else:
            xpu.passes.ttxpuir.add_convert_triton_to_tritonxpu_pass(pm, opt.arch, XPUBackend.buffer_len, core_num)
            xpu.passes.ttxpuir.add_tritonxpu_print_pass(pm)
            xpu.passes.ttxpuir.add_tritonxpu_gm2lm_pass(pm, opt.arch, TTXPU_O_ATOMIC_SIM, opt.isClusterOneCoreActOnly,
                                                        is_use_mask_zero)
            if not metadata["isCloseMemoryCache"]:
                xpu.passes.ttxpuir.add_tritonxpu_memory_cache_pass(pm, XPUBackend.buffer_len,
                                                                   core_num) if not TTXPU_O_CLOSE_OPT else None
            passes.common.add_canonicalizer(pm)
            if TTXPU_F_DTYPE_CONVERT:
                xpu.passes.ttxpuir.add_tritonxpu_dtype_convert_pass(pm, opt.arch)
            if not metadata["isCloseCoreTiling"]:
                xpu.passes.ttxpuir.add_tritonxpu_core_tiling_pass(
                    pm, 0, XPUBackend.buffer_len, core_num,
                    groups_per_cluster) if not TTXPU_O_CLOSE_OPT else None  # dumpFlag=0
            # xpu.passes.ttxpuir.add_tritonxpu_lm_to_sm_pass(pm)
            passes.common.add_cse(pm)
            if not metadata["isCloseOffsetAnalysis"]:
                xpu.passes.ttxpuir.add_tritonxpu_offset_state_pass(
                    pm, 0, XPUBackend.buffer_len, is_use_mask_zero) if not TTXPU_O_CLOSE_OPT else None  # dumpFlag=0
            passes.common.add_canonicalizer(pm)
            xpu.passes.ttxpuir.add_tritonxpu_legalize_pass(pm, XPUBackend.buffer_len, core_num, groups_per_cluster,
                                                           is_use_mask_zero)
            passes.common.add_canonicalizer(pm)
            if not TTXPU_F_OHTER_VALUE_SIM:
                xpu.passes.ttxpuir.add_tritonxpu_mask_pass(pm, opt.isClusterOneCoreActOnly, is_use_mask_zero)
            passes.common.add_canonicalizer(pm)
            passes.common.add_cse(pm)
            passes.common.add_licm(pm)
            passes.common.add_symbol_dce(pm)
            if not metadata["isCloseInterleave"] and TTXPU_F_INTERLEAVE:
                xpu.passes.ttxpuir.add_tritonxpu_interleave_pass(pm) if not TTXPU_O_CLOSE_OPT else None
            passes.common.add_canonicalizer(pm)
            if not metadata["isCloseVectorization"]:
                compareFusion = int(os.environ.get("TRITONXPU_COMPARE_FUSION", 0))
                xpu.passes.ttxpuir.add_tritonxpu_vectorize_pass(
                    pm, 0, compareFusion) if not TTXPU_O_CLOSE_OPT else None  # dumpFlag=0
            passes.common.add_canonicalizer(pm)
            xpu.passes.ttxpuir.add_tritonxpu_alloca_pass(pm, XPUBackend.buffer_len, core_num)
            if not metadata["isCloseMemoryAsync"]:
                xpu.passes.ttxpuir.add_tritonxpu_memory_async_pass(pm,
                                                                   0) if not TTXPU_O_CLOSE_OPT else None  # dumpFlag=0
            if not metadata["isCloseUnrollControl"]:
                xpu.passes.ttxpuir.add_tritonxpu_unroll_control_pass(pm, XPUBackend.buffer_len, core_num,
                                                                     is_use_mask_zero,
                                                                     unroll_num) if not TTXPU_O_CLOSE_OPT else None
            xpu.passes.ttxpuir.add_tritonxpu_store_control_pass(pm) if not TTXPU_O_CLOSE_OPT else None
            if not TTXPU_F_OHTER_VALUE_SIM:
                xpu.passes.ttxpuir.add_tritonxpu_other_sim_pass(pm, XPUBackend.buffer_len, core_num)
            xpu.passes.ttxpuir.add_tritonxpu_memory_inplace_pass(pm, XPUBackend.buffer_len,
                                                                 core_num) if not TTXPU_O_CLOSE_OPT else None
            if not metadata["isCloseClusterLoopGrid"]:
                xpu.passes.ttxpuir.add_tritonxpu_cf_to_scf_pass(pm)
                xpu.passes.ttxpuir.add_tritonxpu_loop_grid_pass(pm)
            passes.common.add_cse(pm)
            passes.common.add_licm(pm)
            passes.common.add_symbol_dce(pm)
    
        try:
>           pm.run(mod)
E           RuntimeError: PassManager::run failed

/root/miniconda/envs/python310_torch29_cuda/lib/python3.10/site-packages/triton/backends/xpu/compiler.py:329: RuntimeError

During handling of the above exception, another exception occurred:

shape = (200, 2560, 3), dtype = torch.float16, dim = 0, neg_inf = True

    @pytest.mark.softmax_out
    @pytest.mark.parametrize(
        "shape",
        (
            [(1, 256)]
            if cfg.QUICK_MODE
            else [(1, 256), (4096, 256), (200, 2560, 3), (1, 0, 128, 512)]
        ),
    )
    @pytest.mark.parametrize("dtype", FLOAT_DTYPES)
    @pytest.mark.parametrize("dim", DIM_LIST)
    @pytest.mark.parametrize("neg_inf", [True, False])
    def test_softmax_out(shape, dtype, dim, neg_inf):
        inp = torch.randn(shape, dtype=dtype, device=flag_gems.device)
        if neg_inf:
            inp = torch.where(inp < 0.0, float("-inf"), inp)
        ref_inp = utils.to_reference(inp, True)
    
        ref_out = torch.empty(shape, dtype=ref_inp.dtype, device=ref_inp.device)
        torch.ops.aten._softmax.out(ref_inp, dim, False, out=ref_out)
    
        res_out = torch.empty(shape, dtype=dtype, device=flag_gems.device)
        with flag_gems.use_gems():
>           torch.ops.aten._softmax.out(inp, dim, False, out=res_out)

test_softmax.py:82: 
_ _ _ _ _ _ _ _ _ _ _ _ _ _ _ _ _ _ _ _ _ _ _ _ _ _ _ _ _ _ _ _ _ _ _ _ _ _ _ _ 
/root/miniconda/envs/python310_torch29_cuda/lib/python3.10/site-packages/torch/_ops.py:841: in __call__
    return self._op(*args, **kwargs)
../src/flag_gems/ops/softmax.py:325: in softmax_out
    softmax_kernel_non_inner[grid](
/root/miniconda/envs/python310_torch29_cuda/lib/python3.10/site-packages/triton/runtime/jit.py:364: in <lambda>
    return lambda *args, **kwargs: self.run(grid=grid, warmup=False, *args, **kwargs)
../src/flag_gems/utils/libentry.py:889: in run
    kernel = self.fn.run(*args, **kwargs)
/root/miniconda/envs/python310_torch29_cuda/lib/python3.10/site-packages/triton/runtime/autotuner.py:355: in run
    return self.fn.run(*args, **kwargs)
/root/miniconda/envs/python310_torch29_cuda/lib/python3.10/site-packages/triton/runtime/jit.py:795: in run
    kernel = self.default_run(*args, **kwargs)
/root/miniconda/envs/python310_torch29_cuda/lib/python3.10/site-packages/triton/runtime/jit.py:686: in default_run
    kernel = self.compile(
/root/miniconda/envs/python310_torch29_cuda/lib/python3.10/site-packages/triton/compiler/compiler.py:318: in compile
    next_module = compile_ir(module, metadata)
/root/miniconda/envs/python310_torch29_cuda/lib/python3.10/site-packages/triton/backends/xpu/compiler.py:516: in <lambda>
    stages["ttxir"] = lambda src, metadata: self.make_ttxir(src, metadata, options)
_ _ _ _ _ _ _ _ _ _ _ _ _ _ _ _ _ _ _ _ _ _ _ _ _ _ _ _ _ _ _ _ _ _ _ _ _ _ _ _ 

mod = <triton._C.libtriton.ir.module object at 0x7f9c8e0f3c90>
metadata = {'hash': '01e62995dc3439f530be658c883c0c338dd19136735e93b3a6780c201ae426a4', 'target': GPUTarget(backend='xpu', arch=3, warp_size=1), 'arch': 3, 'grid': <function softmax_out.<locals>.<lambda> at 0x7f9c89fd7880>, ...}
opt = XPUOptions(arch=3, grid=<function softmax_out.<locals>.<lambda> at 0x7f9c89fd7880>, debug=None, cluster_num=12, core_n...ed_dot_input_precisions=('ieee', 'tf32'), exp_range=':0', num_warps=16, num_ctas=-1, num_stages=1, use_int4_w4a8=False)

    @staticmethod
    def make_ttxir(mod, metadata, opt):
        metadata["xpu_arch"] = opt.arch
        metadata["is_sdnn"] = opt.is_sdnn or xpu.is_sdnn_kernel(mod)
        metadata["tensor_args"] = xpu.get_tensor_args(mod, []) if metadata["is_sdnn"] is True else []
        metadata["shared"] = (-1)  # TODO: invalid value, just to keep CompiledKernel _init_handles() success
    
        max_buffer_size = metadata["buffer_size_limit"]
        elem_bytes = int(os.environ.get("TRITONXPU_ELEMBYTES", 0))
        groups_per_cluster = metadata["groups_per_cluster"]
        unroll_num = metadata["unroll_num"]
        XPUBackend.buffer_len = xpu.get_buffer_len(mod, max_buffer_size, elem_bytes)
        # print(f"XPUBackend.buffer_len = {XPUBackend.buffer_len}")
        core_num = metadata["core_num"]
        # F/O Prefix For Function/Optimization Macro
        is_use_mask_zero = metadata["is_use_mask_zero"]
        if is_use_mask_zero:
            warnings.warn(
                f'XRE Version Must Be More than 5.0.21.37 (After 2025.07.22). And echo 1 > /proc/kunlun/dev4/dma_excp_mask',
                UserWarning)
        TTXPU_F_INTERLEAVE = 0 if metadata["grid"] != (12, 1, 1) else int(os.environ.get("TRITONXPU_INTERLEAVE", 1))
        TTXPU_F_OHTER_VALUE_SIM = int(os.environ.get("TRITONXPU_OTHER_SIM", 0))
        TTXPU_F_STORE_MASK_SIM = int(os.environ.get("TRITONXPU_STORE_MASK_SIM", 0))
        TTXPU_F_DTYPE_CONVERT = 0 if metadata["isCloseDtypeConvert"] else int(
            os.environ.get("TRITONXPU_DTYPE_CONVERT", 1))
        TTXPU_O_ATOMIC_SIM = 0 if metadata["isCLOSE_TTXPU_O_ATOMIC_SIM"] else int(
            os.environ.get("TRITONXPU_ATOMIC_SIM", 1))
        TTXPU_O_CLOSE_OPT = int(os.environ.get("TRITONXPU_CLOSE_OPTIMIZE", 0))
        TTSDNN_F_SINGLE_CORE_MODE = int(os.environ.get("TRITON_SDNN_SINGLE_CODE_MODE", 0))
        TTSDNN_F_MATMUL_FAST_MODE = int(os.environ.get("XMLIR_MATMUL_FAST_MODE", 0))
        TTSDNN_F_DMA_MODE = int(os.environ.get("XMLIR_DMA_FAST_MODE", 0))
    
        if opt.isClusterOneCoreActOnly and TTXPU_F_OHTER_VALUE_SIM:
            assert 0, "isClusterOneCoreActOnly and TRITONXPU_OTHER_SIM can't act simultaneously"
    
        pm = ir.pass_manager(mod.context)
        pm.enable_debug()
        xpu.passes.ttsdnnir.add_tritonsdnn_strip_all_ops_pass(pm, opt.arch)
        if metadata["is_sdnn"]:
            if opt.arch < 4:
                if metadata["use_int4_w4a8"] == True:
                    xpu.passes.ttsdnnir.add_triton_convert_type_pass(pm, opt.arch, 2)
                else:
                    xpu.passes.ttsdnnir.add_triton_convert_type_pass(pm, opt.arch, TTSDNN_F_MATMUL_FAST_MODE)
            xpu.passes.ttsdnnir.add_convert_triton_to_tritonsdnn_pass(pm, opt.arch)
            xpu.passes.ttsdnnir.add_linalg_to_tritonsdnn_pass(pm, opt.arch)
            xpu.passes.ttsdnnir.add_tritonsdnn_legalize_pass(pm, opt.arch)
            xpu.passes.ttsdnnir.add_tritonsdnn_combine_before_pass(pm, opt.arch)
            xpu.passes.ttsdnnir.add_tritonsdnn_bufferize_pass(pm, opt.arch)
            xpu.passes.ttsdnnir.add_tritonsdnn_combine_pass(pm, opt.arch)
            if opt.exp_range != ":0":
                res = parse_floating_range_string(opt.exp_range)
                xpu.passes.ttsdnnir.add_tritonsdnn_ew_act_table_pass(pm, res)
            else:
                xpu.passes.ttsdnnir.add_tritonsdnn_ew_act_table_pass(pm, None)
            xpu.passes.ttsdnnir.add_tritonsdnn_loop_grid_pass(pm)
            if opt.arch == 4 and TTSDNN_F_DMA_MODE:
                xpu.passes.ttsdnnir.add_tritonsdnn_remove_ds_op_pass(pm, opt.arch)
            if not TTSDNN_F_SINGLE_CORE_MODE:
                xpu.passes.ttsdnnir.add_tritonsdnn_pipeline_pass(pm)
    
            xpu.passes.ttsdnnir.add_tritonsdnn_multi_buffer_pass(pm, opt.arch, opt.num_stages)
            passes.common.add_symbol_dce(pm)
            passes.common.add_canonicalizer(pm)
            passes.common.add_cse(pm)
        else:
            xpu.passes.ttxpuir.add_convert_triton_to_tritonxpu_pass(pm, opt.arch, XPUBackend.buffer_len, core_num)
            xpu.passes.ttxpuir.add_tritonxpu_print_pass(pm)
            xpu.passes.ttxpuir.add_tritonxpu_gm2lm_pass(pm, opt.arch, TTXPU_O_ATOMIC_SIM, opt.isClusterOneCoreActOnly,
                                                        is_use_mask_zero)
            if not metadata["isCloseMemoryCache"]:
                xpu.passes.ttxpuir.add_tritonxpu_memory_cache_pass(pm, XPUBackend.buffer_len,
                                                                   core_num) if not TTXPU_O_CLOSE_OPT else None
            passes.common.add_canonicalizer(pm)
            if TTXPU_F_DTYPE_CONVERT:
                xpu.passes.ttxpuir.add_tritonxpu_dtype_convert_pass(pm, opt.arch)
            if not metadata["isCloseCoreTiling"]:
                xpu.passes.ttxpuir.add_tritonxpu_core_tiling_pass(
                    pm, 0, XPUBackend.buffer_len, core_num,
                    groups_per_cluster) if not TTXPU_O_CLOSE_OPT else None  # dumpFlag=0
            # xpu.passes.ttxpuir.add_tritonxpu_lm_to_sm_pass(pm)
            passes.common.add_cse(pm)
            if not metadata["isCloseOffsetAnalysis"]:
                xpu.passes.ttxpuir.add_tritonxpu_offset_state_pass(
                    pm, 0, XPUBackend.buffer_len, is_use_mask_zero) if not TTXPU_O_CLOSE_OPT else None  # dumpFlag=0
            passes.common.add_canonicalizer(pm)
            xpu.passes.ttxpuir.add_tritonxpu_legalize_pass(pm, XPUBackend.buffer_len, core_num, groups_per_cluster,
                                                           is_use_mask_zero)
            passes.common.add_canonicalizer(pm)
            if not TTXPU_F_OHTER_VALUE_SIM:
                xpu.passes.ttxpuir.add_tritonxpu_mask_pass(pm, opt.isClusterOneCoreActOnly, is_use_mask_zero)
            passes.common.add_canonicalizer(pm)
            passes.common.add_cse(pm)
            passes.common.add_licm(pm)
            passes.common.add_symbol_dce(pm)
            if not metadata["isCloseInterleave"] and TTXPU_F_INTERLEAVE:
                xpu.passes.ttxpuir.add_tritonxpu_interleave_pass(pm) if not TTXPU_O_CLOSE_OPT else None
            passes.common.add_canonicalizer(pm)
            if not metadata["isCloseVectorization"]:
                compareFusion = int(os.environ.get("TRITONXPU_COMPARE_FUSION", 0))
                xpu.passes.ttxpuir.add_tritonxpu_vectorize_pass(
                    pm, 0, compareFusion) if not TTXPU_O_CLOSE_OPT else None  # dumpFlag=0
            passes.common.add_canonicalizer(pm)
            xpu.passes.ttxpuir.add_tritonxpu_alloca_pass(pm, XPUBackend.buffer_len, core_num)
            if not metadata["isCloseMemoryAsync"]:
                xpu.passes.ttxpuir.add_tritonxpu_memory_async_pass(pm,
                                                                   0) if not TTXPU_O_CLOSE_OPT else None  # dumpFlag=0
            if not metadata["isCloseUnrollControl"]:
                xpu.passes.ttxpuir.add_tritonxpu_unroll_control_pass(pm, XPUBackend.buffer_len, core_num,
                                                                     is_use_mask_zero,
                                                                     unroll_num) if not TTXPU_O_CLOSE_OPT else None
            xpu.passes.ttxpuir.add_tritonxpu_store_control_pass(pm) if not TTXPU_O_CLOSE_OPT else None
            if not TTXPU_F_OHTER_VALUE_SIM:
                xpu.passes.ttxpuir.add_tritonxpu_other_sim_pass(pm, XPUBackend.buffer_len, core_num)
            xpu.passes.ttxpuir.add_tritonxpu_memory_inplace_pass(pm, XPUBackend.buffer_len,
                                                                 core_num) if not TTXPU_O_CLOSE_OPT else None
            if not metadata["isCloseClusterLoopGrid"]:
                xpu.passes.ttxpuir.add_tritonxpu_cf_to_scf_pass(pm)
                xpu.passes.ttxpuir.add_tritonxpu_loop_grid_pass(pm)
            passes.common.add_cse(pm)
            passes.common.add_licm(pm)
            passes.common.add_symbol_dce(pm)
    
        try:
            pm.run(mod)
        except Exception as e:
            from triton import OutOfResources
>           raise OutOfResources(0, 0, f"uni_sram {e}")
E           triton.runtime.errors.OutOfResources: out of resource: uni_sram PassManager::run failed, Required: 0, Hardware limit: 0. Reducing block sizes or `num_stages` may help.

/root/miniconda/envs/python310_torch29_cuda/lib/python3.10/site-packages/triton/backends/xpu/compiler.py:332: OutOfResources
____________________ test_softmax_out[True-0-dtype1-shape0] ____________________

mod = <triton._C.libtriton.ir.module object at 0x7f9c89f4ca90>
metadata = {'hash': '6a444d57cf56a27ccf1341936669ead9c48a2837402d0785ca35e788f3362810', 'target': GPUTarget(backend='xpu', arch=3, warp_size=1), 'arch': 3, 'grid': <function softmax_out.<locals>.<lambda> at 0x7f9c8fc25c60>, ...}
opt = XPUOptions(arch=3, grid=<function softmax_out.<locals>.<lambda> at 0x7f9c8fc25c60>, debug=None, cluster_num=12, core_n...ed_dot_input_precisions=('ieee', 'tf32'), exp_range=':0', num_warps=16, num_ctas=-1, num_stages=1, use_int4_w4a8=False)

    @staticmethod
    def make_ttxir(mod, metadata, opt):
        metadata["xpu_arch"] = opt.arch
        metadata["is_sdnn"] = opt.is_sdnn or xpu.is_sdnn_kernel(mod)
        metadata["tensor_args"] = xpu.get_tensor_args(mod, []) if metadata["is_sdnn"] is True else []
        metadata["shared"] = (-1)  # TODO: invalid value, just to keep CompiledKernel _init_handles() success
    
        max_buffer_size = metadata["buffer_size_limit"]
        elem_bytes = int(os.environ.get("TRITONXPU_ELEMBYTES", 0))
        groups_per_cluster = metadata["groups_per_cluster"]
        unroll_num = metadata["unroll_num"]
        XPUBackend.buffer_len = xpu.get_buffer_len(mod, max_buffer_size, elem_bytes)
        # print(f"XPUBackend.buffer_len = {XPUBackend.buffer_len}")
        core_num = metadata["core_num"]
        # F/O Prefix For Function/Optimization Macro
        is_use_mask_zero = metadata["is_use_mask_zero"]
        if is_use_mask_zero:
            warnings.warn(
                f'XRE Version Must Be More than 5.0.21.37 (After 2025.07.22). And echo 1 > /proc/kunlun/dev4/dma_excp_mask',
                UserWarning)
        TTXPU_F_INTERLEAVE = 0 if metadata["grid"] != (12, 1, 1) else int(os.environ.get("TRITONXPU_INTERLEAVE", 1))
        TTXPU_F_OHTER_VALUE_SIM = int(os.environ.get("TRITONXPU_OTHER_SIM", 0))
        TTXPU_F_STORE_MASK_SIM = int(os.environ.get("TRITONXPU_STORE_MASK_SIM", 0))
        TTXPU_F_DTYPE_CONVERT = 0 if metadata["isCloseDtypeConvert"] else int(
            os.environ.get("TRITONXPU_DTYPE_CONVERT", 1))
        TTXPU_O_ATOMIC_SIM = 0 if metadata["isCLOSE_TTXPU_O_ATOMIC_SIM"] else int(
            os.environ.get("TRITONXPU_ATOMIC_SIM", 1))
        TTXPU_O_CLOSE_OPT = int(os.environ.get("TRITONXPU_CLOSE_OPTIMIZE", 0))
        TTSDNN_F_SINGLE_CORE_MODE = int(os.environ.get("TRITON_SDNN_SINGLE_CODE_MODE", 0))
        TTSDNN_F_MATMUL_FAST_MODE = int(os.environ.get("XMLIR_MATMUL_FAST_MODE", 0))
        TTSDNN_F_DMA_MODE = int(os.environ.get("XMLIR_DMA_FAST_MODE", 0))
    
        if opt.isClusterOneCoreActOnly and TTXPU_F_OHTER_VALUE_SIM:
            assert 0, "isClusterOneCoreActOnly and TRITONXPU_OTHER_SIM can't act simultaneously"
    
        pm = ir.pass_manager(mod.context)
        pm.enable_debug()
        xpu.passes.ttsdnnir.add_tritonsdnn_strip_all_ops_pass(pm, opt.arch)
        if metadata["is_sdnn"]:
            if opt.arch < 4:
                if metadata["use_int4_w4a8"] == True:
                    xpu.passes.ttsdnnir.add_triton_convert_type_pass(pm, opt.arch, 2)
                else:
                    xpu.passes.ttsdnnir.add_triton_convert_type_pass(pm, opt.arch, TTSDNN_F_MATMUL_FAST_MODE)
            xpu.passes.ttsdnnir.add_convert_triton_to_tritonsdnn_pass(pm, opt.arch)
            xpu.passes.ttsdnnir.add_linalg_to_tritonsdnn_pass(pm, opt.arch)
            xpu.passes.ttsdnnir.add_tritonsdnn_legalize_pass(pm, opt.arch)
            xpu.passes.ttsdnnir.add_tritonsdnn_combine_before_pass(pm, opt.arch)
            xpu.passes.ttsdnnir.add_tritonsdnn_bufferize_pass(pm, opt.arch)
            xpu.passes.ttsdnnir.add_tritonsdnn_combine_pass(pm, opt.arch)
            if opt.exp_range != ":0":
                res = parse_floating_range_string(opt.exp_range)
                xpu.passes.ttsdnnir.add_tritonsdnn_ew_act_table_pass(pm, res)
            else:
                xpu.passes.ttsdnnir.add_tritonsdnn_ew_act_table_pass(pm, None)
            xpu.passes.ttsdnnir.add_tritonsdnn_loop_grid_pass(pm)
            if opt.arch == 4 and TTSDNN_F_DMA_MODE:
                xpu.passes.ttsdnnir.add_tritonsdnn_remove_ds_op_pass(pm, opt.arch)
            if not TTSDNN_F_SINGLE_CORE_MODE:
                xpu.passes.ttsdnnir.add_tritonsdnn_pipeline_pass(pm)
    
            xpu.passes.ttsdnnir.add_tritonsdnn_multi_buffer_pass(pm, opt.arch, opt.num_stages)
            passes.common.add_symbol_dce(pm)
            passes.common.add_canonicalizer(pm)
            passes.common.add_cse(pm)
        else:
            xpu.passes.ttxpuir.add_convert_triton_to_tritonxpu_pass(pm, opt.arch, XPUBackend.buffer_len, core_num)
            xpu.passes.ttxpuir.add_tritonxpu_print_pass(pm)
            xpu.passes.ttxpuir.add_tritonxpu_gm2lm_pass(pm, opt.arch, TTXPU_O_ATOMIC_SIM, opt.isClusterOneCoreActOnly,
                                                        is_use_mask_zero)
            if not metadata["isCloseMemoryCache"]:
                xpu.passes.ttxpuir.add_tritonxpu_memory_cache_pass(pm, XPUBackend.buffer_len,
                                                                   core_num) if not TTXPU_O_CLOSE_OPT else None
            passes.common.add_canonicalizer(pm)
            if TTXPU_F_DTYPE_CONVERT:
                xpu.passes.ttxpuir.add_tritonxpu_dtype_convert_pass(pm, opt.arch)
            if not metadata["isCloseCoreTiling"]:
                xpu.passes.ttxpuir.add_tritonxpu_core_tiling_pass(
                    pm, 0, XPUBackend.buffer_len, core_num,
                    groups_per_cluster) if not TTXPU_O_CLOSE_OPT else None  # dumpFlag=0
            # xpu.passes.ttxpuir.add_tritonxpu_lm_to_sm_pass(pm)
            passes.common.add_cse(pm)
            if not metadata["isCloseOffsetAnalysis"]:
                xpu.passes.ttxpuir.add_tritonxpu_offset_state_pass(
                    pm, 0, XPUBackend.buffer_len, is_use_mask_zero) if not TTXPU_O_CLOSE_OPT else None  # dumpFlag=0
            passes.common.add_canonicalizer(pm)
            xpu.passes.ttxpuir.add_tritonxpu_legalize_pass(pm, XPUBackend.buffer_len, core_num, groups_per_cluster,
                                                           is_use_mask_zero)
            passes.common.add_canonicalizer(pm)
            if not TTXPU_F_OHTER_VALUE_SIM:
                xpu.passes.ttxpuir.add_tritonxpu_mask_pass(pm, opt.isClusterOneCoreActOnly, is_use_mask_zero)
            passes.common.add_canonicalizer(pm)
            passes.common.add_cse(pm)
            passes.common.add_licm(pm)
            passes.common.add_symbol_dce(pm)
            if not metadata["isCloseInterleave"] and TTXPU_F_INTERLEAVE:
                xpu.passes.ttxpuir.add_tritonxpu_interleave_pass(pm) if not TTXPU_O_CLOSE_OPT else None
            passes.common.add_canonicalizer(pm)
            if not metadata["isCloseVectorization"]:
                compareFusion = int(os.environ.get("TRITONXPU_COMPARE_FUSION", 0))
                xpu.passes.ttxpuir.add_tritonxpu_vectorize_pass(
                    pm, 0, compareFusion) if not TTXPU_O_CLOSE_OPT else None  # dumpFlag=0
            passes.common.add_canonicalizer(pm)
            xpu.passes.ttxpuir.add_tritonxpu_alloca_pass(pm, XPUBackend.buffer_len, core_num)
            if not metadata["isCloseMemoryAsync"]:
                xpu.passes.ttxpuir.add_tritonxpu_memory_async_pass(pm,
                                                                   0) if not TTXPU_O_CLOSE_OPT else None  # dumpFlag=0
            if not metadata["isCloseUnrollControl"]:
                xpu.passes.ttxpuir.add_tritonxpu_unroll_control_pass(pm, XPUBackend.buffer_len, core_num,
                                                                     is_use_mask_zero,
                                                                     unroll_num) if not TTXPU_O_CLOSE_OPT else None
            xpu.passes.ttxpuir.add_tritonxpu_store_control_pass(pm) if not TTXPU_O_CLOSE_OPT else None
            if not TTXPU_F_OHTER_VALUE_SIM:
                xpu.passes.ttxpuir.add_tritonxpu_other_sim_pass(pm, XPUBackend.buffer_len, core_num)
            xpu.passes.ttxpuir.add_tritonxpu_memory_inplace_pass(pm, XPUBackend.buffer_len,
                                                                 core_num) if not TTXPU_O_CLOSE_OPT else None
            if not metadata["isCloseClusterLoopGrid"]:
                xpu.passes.ttxpuir.add_tritonxpu_cf_to_scf_pass(pm)
                xpu.passes.ttxpuir.add_tritonxpu_loop_grid_pass(pm)
            passes.common.add_cse(pm)
            passes.common.add_licm(pm)
            passes.common.add_symbol_dce(pm)
    
        try:
>           pm.run(mod)
E           RuntimeError: PassManager::run failed

/root/miniconda/envs/python310_torch29_cuda/lib/python3.10/site-packages/triton/backends/xpu/compiler.py:329: RuntimeError

During handling of the above exception, another exception occurred:

shape = (1, 256), dtype = torch.float32, dim = 0, neg_inf = True

    @pytest.mark.softmax_out
    @pytest.mark.parametrize(
        "shape",
        (
            [(1, 256)]
            if cfg.QUICK_MODE
            else [(1, 256), (4096, 256), (200, 2560, 3), (1, 0, 128, 512)]
        ),
    )
    @pytest.mark.parametrize("dtype", FLOAT_DTYPES)
    @pytest.mark.parametrize("dim", DIM_LIST)
    @pytest.mark.parametrize("neg_inf", [True, False])
    def test_softmax_out(shape, dtype, dim, neg_inf):
        inp = torch.randn(shape, dtype=dtype, device=flag_gems.device)
        if neg_inf:
            inp = torch.where(inp < 0.0, float("-inf"), inp)
        ref_inp = utils.to_reference(inp, True)
    
        ref_out = torch.empty(shape, dtype=ref_inp.dtype, device=ref_inp.device)
        torch.ops.aten._softmax.out(ref_inp, dim, False, out=ref_out)
    
        res_out = torch.empty(shape, dtype=dtype, device=flag_gems.device)
        with flag_gems.use_gems():
>           torch.ops.aten._softmax.out(inp, dim, False, out=res_out)

test_softmax.py:82: 
_ _ _ _ _ _ _ _ _ _ _ _ _ _ _ _ _ _ _ _ _ _ _ _ _ _ _ _ _ _ _ _ _ _ _ _ _ _ _ _ 
/root/miniconda/envs/python310_torch29_cuda/lib/python3.10/site-packages/torch/_ops.py:841: in __call__
    return self._op(*args, **kwargs)
../src/flag_gems/ops/softmax.py:325: in softmax_out
    softmax_kernel_non_inner[grid](
/root/miniconda/envs/python310_torch29_cuda/lib/python3.10/site-packages/triton/runtime/jit.py:364: in <lambda>
    return lambda *args, **kwargs: self.run(grid=grid, warmup=False, *args, **kwargs)
../src/flag_gems/utils/libentry.py:889: in run
    kernel = self.fn.run(*args, **kwargs)
/root/miniconda/envs/python310_torch29_cuda/lib/python3.10/site-packages/triton/runtime/autotuner.py:355: in run
    return self.fn.run(*args, **kwargs)
/root/miniconda/envs/python310_torch29_cuda/lib/python3.10/site-packages/triton/runtime/jit.py:795: in run
    kernel = self.default_run(*args, **kwargs)
/root/miniconda/envs/python310_torch29_cuda/lib/python3.10/site-packages/triton/runtime/jit.py:686: in default_run
    kernel = self.compile(
/root/miniconda/envs/python310_torch29_cuda/lib/python3.10/site-packages/triton/compiler/compiler.py:318: in compile
    next_module = compile_ir(module, metadata)
/root/miniconda/envs/python310_torch29_cuda/lib/python3.10/site-packages/triton/backends/xpu/compiler.py:516: in <lambda>
    stages["ttxir"] = lambda src, metadata: self.make_ttxir(src, metadata, options)
_ _ _ _ _ _ _ _ _ _ _ _ _ _ _ _ _ _ _ _ _ _ _ _ _ _ _ _ _ _ _ _ _ _ _ _ _ _ _ _ 

mod = <triton._C.libtriton.ir.module object at 0x7f9c89f4ca90>
metadata = {'hash': '6a444d57cf56a27ccf1341936669ead9c48a2837402d0785ca35e788f3362810', 'target': GPUTarget(backend='xpu', arch=3, warp_size=1), 'arch': 3, 'grid': <function softmax_out.<locals>.<lambda> at 0x7f9c8fc25c60>, ...}
opt = XPUOptions(arch=3, grid=<function softmax_out.<locals>.<lambda> at 0x7f9c8fc25c60>, debug=None, cluster_num=12, core_n...ed_dot_input_precisions=('ieee', 'tf32'), exp_range=':0', num_warps=16, num_ctas=-1, num_stages=1, use_int4_w4a8=False)

    @staticmethod
    def make_ttxir(mod, metadata, opt):
        metadata["xpu_arch"] = opt.arch
        metadata["is_sdnn"] = opt.is_sdnn or xpu.is_sdnn_kernel(mod)
        metadata["tensor_args"] = xpu.get_tensor_args(mod, []) if metadata["is_sdnn"] is True else []
        metadata["shared"] = (-1)  # TODO: invalid value, just to keep CompiledKernel _init_handles() success
    
        max_buffer_size = metadata["buffer_size_limit"]
        elem_bytes = int(os.environ.get("TRITONXPU_ELEMBYTES", 0))
        groups_per_cluster = metadata["groups_per_cluster"]
        unroll_num = metadata["unroll_num"]
        XPUBackend.buffer_len = xpu.get_buffer_len(mod, max_buffer_size, elem_bytes)
        # print(f"XPUBackend.buffer_len = {XPUBackend.buffer_len}")
        core_num = metadata["core_num"]
        # F/O Prefix For Function/Optimization Macro
        is_use_mask_zero = metadata["is_use_mask_zero"]
        if is_use_mask_zero:
            warnings.warn(
                f'XRE Version Must Be More than 5.0.21.37 (After 2025.07.22). And echo 1 > /proc/kunlun/dev4/dma_excp_mask',
                UserWarning)
        TTXPU_F_INTERLEAVE = 0 if metadata["grid"] != (12, 1, 1) else int(os.environ.get("TRITONXPU_INTERLEAVE", 1))
        TTXPU_F_OHTER_VALUE_SIM = int(os.environ.get("TRITONXPU_OTHER_SIM", 0))
        TTXPU_F_STORE_MASK_SIM = int(os.environ.get("TRITONXPU_STORE_MASK_SIM", 0))
        TTXPU_F_DTYPE_CONVERT = 0 if metadata["isCloseDtypeConvert"] else int(
            os.environ.get("TRITONXPU_DTYPE_CONVERT", 1))
        TTXPU_O_ATOMIC_SIM = 0 if metadata["isCLOSE_TTXPU_O_ATOMIC_SIM"] else int(
            os.environ.get("TRITONXPU_ATOMIC_SIM", 1))
        TTXPU_O_CLOSE_OPT = int(os.environ.get("TRITONXPU_CLOSE_OPTIMIZE", 0))
        TTSDNN_F_SINGLE_CORE_MODE = int(os.environ.get("TRITON_SDNN_SINGLE_CODE_MODE", 0))
        TTSDNN_F_MATMUL_FAST_MODE = int(os.environ.get("XMLIR_MATMUL_FAST_MODE", 0))
        TTSDNN_F_DMA_MODE = int(os.environ.get("XMLIR_DMA_FAST_MODE", 0))
    
        if opt.isClusterOneCoreActOnly and TTXPU_F_OHTER_VALUE_SIM:
            assert 0, "isClusterOneCoreActOnly and TRITONXPU_OTHER_SIM can't act simultaneously"
    
        pm = ir.pass_manager(mod.context)
        pm.enable_debug()
        xpu.passes.ttsdnnir.add_tritonsdnn_strip_all_ops_pass(pm, opt.arch)
        if metadata["is_sdnn"]:
            if opt.arch < 4:
                if metadata["use_int4_w4a8"] == True:
                    xpu.passes.ttsdnnir.add_triton_convert_type_pass(pm, opt.arch, 2)
                else:
                    xpu.passes.ttsdnnir.add_triton_convert_type_pass(pm, opt.arch, TTSDNN_F_MATMUL_FAST_MODE)
            xpu.passes.ttsdnnir.add_convert_triton_to_tritonsdnn_pass(pm, opt.arch)
            xpu.passes.ttsdnnir.add_linalg_to_tritonsdnn_pass(pm, opt.arch)
            xpu.passes.ttsdnnir.add_tritonsdnn_legalize_pass(pm, opt.arch)
            xpu.passes.ttsdnnir.add_tritonsdnn_combine_before_pass(pm, opt.arch)
            xpu.passes.ttsdnnir.add_tritonsdnn_bufferize_pass(pm, opt.arch)
            xpu.passes.ttsdnnir.add_tritonsdnn_combine_pass(pm, opt.arch)
            if opt.exp_range != ":0":
                res = parse_floating_range_string(opt.exp_range)
                xpu.passes.ttsdnnir.add_tritonsdnn_ew_act_table_pass(pm, res)
            else:
                xpu.passes.ttsdnnir.add_tritonsdnn_ew_act_table_pass(pm, None)
            xpu.passes.ttsdnnir.add_tritonsdnn_loop_grid_pass(pm)
            if opt.arch == 4 and TTSDNN_F_DMA_MODE:
                xpu.passes.ttsdnnir.add_tritonsdnn_remove_ds_op_pass(pm, opt.arch)
            if not TTSDNN_F_SINGLE_CORE_MODE:
                xpu.passes.ttsdnnir.add_tritonsdnn_pipeline_pass(pm)
    
            xpu.passes.ttsdnnir.add_tritonsdnn_multi_buffer_pass(pm, opt.arch, opt.num_stages)
            passes.common.add_symbol_dce(pm)
            passes.common.add_canonicalizer(pm)
            passes.common.add_cse(pm)
        else:
            xpu.passes.ttxpuir.add_convert_triton_to_tritonxpu_pass(pm, opt.arch, XPUBackend.buffer_len, core_num)
            xpu.passes.ttxpuir.add_tritonxpu_print_pass(pm)
            xpu.passes.ttxpuir.add_tritonxpu_gm2lm_pass(pm, opt.arch, TTXPU_O_ATOMIC_SIM, opt.isClusterOneCoreActOnly,
                                                        is_use_mask_zero)
            if not metadata["isCloseMemoryCache"]:
                xpu.passes.ttxpuir.add_tritonxpu_memory_cache_pass(pm, XPUBackend.buffer_len,
                                                                   core_num) if not TTXPU_O_CLOSE_OPT else None
            passes.common.add_canonicalizer(pm)
            if TTXPU_F_DTYPE_CONVERT:
                xpu.passes.ttxpuir.add_tritonxpu_dtype_convert_pass(pm, opt.arch)
            if not metadata["isCloseCoreTiling"]:
                xpu.passes.ttxpuir.add_tritonxpu_core_tiling_pass(
                    pm, 0, XPUBackend.buffer_len, core_num,
                    groups_per_cluster) if not TTXPU_O_CLOSE_OPT else None  # dumpFlag=0
            # xpu.passes.ttxpuir.add_tritonxpu_lm_to_sm_pass(pm)
            passes.common.add_cse(pm)
            if not metadata["isCloseOffsetAnalysis"]:
                xpu.passes.ttxpuir.add_tritonxpu_offset_state_pass(
                    pm, 0, XPUBackend.buffer_len, is_use_mask_zero) if not TTXPU_O_CLOSE_OPT else None  # dumpFlag=0
            passes.common.add_canonicalizer(pm)
            xpu.passes.ttxpuir.add_tritonxpu_legalize_pass(pm, XPUBackend.buffer_len, core_num, groups_per_cluster,
                                                           is_use_mask_zero)
            passes.common.add_canonicalizer(pm)
            if not TTXPU_F_OHTER_VALUE_SIM:
                xpu.passes.ttxpuir.add_tritonxpu_mask_pass(pm, opt.isClusterOneCoreActOnly, is_use_mask_zero)
            passes.common.add_canonicalizer(pm)
            passes.common.add_cse(pm)
            passes.common.add_licm(pm)
            passes.common.add_symbol_dce(pm)
            if not metadata["isCloseInterleave"] and TTXPU_F_INTERLEAVE:
                xpu.passes.ttxpuir.add_tritonxpu_interleave_pass(pm) if not TTXPU_O_CLOSE_OPT else None
            passes.common.add_canonicalizer(pm)
            if not metadata["isCloseVectorization"]:
                compareFusion = int(os.environ.get("TRITONXPU_COMPARE_FUSION", 0))
                xpu.passes.ttxpuir.add_tritonxpu_vectorize_pass(
                    pm, 0, compareFusion) if not TTXPU_O_CLOSE_OPT else None  # dumpFlag=0
            passes.common.add_canonicalizer(pm)
            xpu.passes.ttxpuir.add_tritonxpu_alloca_pass(pm, XPUBackend.buffer_len, core_num)
            if not metadata["isCloseMemoryAsync"]:
                xpu.passes.ttxpuir.add_tritonxpu_memory_async_pass(pm,
                                                                   0) if not TTXPU_O_CLOSE_OPT else None  # dumpFlag=0
            if not metadata["isCloseUnrollControl"]:
                xpu.passes.ttxpuir.add_tritonxpu_unroll_control_pass(pm, XPUBackend.buffer_len, core_num,
                                                                     is_use_mask_zero,
                                                                     unroll_num) if not TTXPU_O_CLOSE_OPT else None
            xpu.passes.ttxpuir.add_tritonxpu_store_control_pass(pm) if not TTXPU_O_CLOSE_OPT else None
            if not TTXPU_F_OHTER_VALUE_SIM:
                xpu.passes.ttxpuir.add_tritonxpu_other_sim_pass(pm, XPUBackend.buffer_len, core_num)
            xpu.passes.ttxpuir.add_tritonxpu_memory_inplace_pass(pm, XPUBackend.buffer_len,
                                                                 core_num) if not TTXPU_O_CLOSE_OPT else None
            if not metadata["isCloseClusterLoopGrid"]:
                xpu.passes.ttxpuir.add_tritonxpu_cf_to_scf_pass(pm)
                xpu.passes.ttxpuir.add_tritonxpu_loop_grid_pass(pm)
            passes.common.add_cse(pm)
            passes.common.add_licm(pm)
            passes.common.add_symbol_dce(pm)
    
        try:
            pm.run(mod)
        except Exception as e:
            from triton import OutOfResources
>           raise OutOfResources(0, 0, f"uni_sram {e}")
E           triton.runtime.errors.OutOfResources: out of resource: uni_sram PassManager::run failed, Required: 0, Hardware limit: 0. Reducing block sizes or `num_stages` may help.

/root/miniconda/envs/python310_torch29_cuda/lib/python3.10/site-packages/triton/backends/xpu/compiler.py:332: OutOfResources
____________________ test_softmax_out[True-0-dtype1-shape1] ____________________

shape = (4096, 256), dtype = torch.float32, dim = 0, neg_inf = True

    @pytest.mark.softmax_out
    @pytest.mark.parametrize(
        "shape",
        (
            [(1, 256)]
            if cfg.QUICK_MODE
            else [(1, 256), (4096, 256), (200, 2560, 3), (1, 0, 128, 512)]
        ),
    )
    @pytest.mark.parametrize("dtype", FLOAT_DTYPES)
    @pytest.mark.parametrize("dim", DIM_LIST)
    @pytest.mark.parametrize("neg_inf", [True, False])
    def test_softmax_out(shape, dtype, dim, neg_inf):
        inp = torch.randn(shape, dtype=dtype, device=flag_gems.device)
        if neg_inf:
            inp = torch.where(inp < 0.0, float("-inf"), inp)
        ref_inp = utils.to_reference(inp, True)
    
        ref_out = torch.empty(shape, dtype=ref_inp.dtype, device=ref_inp.device)
        torch.ops.aten._softmax.out(ref_inp, dim, False, out=ref_out)
    
        res_out = torch.empty(shape, dtype=dtype, device=flag_gems.device)
        with flag_gems.use_gems():
            torch.ops.aten._softmax.out(inp, dim, False, out=res_out)
>       utils.gems_assert_close(res_out, ref_out, dtype, equal_nan=True)

test_softmax.py:83: 
_ _ _ _ _ _ _ _ _ _ _ _ _ _ _ _ _ _ _ _ _ _ _ _ _ _ _ _ _ _ _ _ _ _ _ _ _ _ _ _ 
accuracy_utils.py:312: in gems_assert_close
    flag_gems.testing.assert_close(
_ _ _ _ _ _ _ _ _ _ _ _ _ _ _ _ _ _ _ _ _ _ _ _ _ _ _ _ _ _ _ _ _ _ _ _ _ _ _ _ 

res = tensor([[0.0671, 0.1507, 0.0269,  ..., 0.0952, 0.0000, 0.1311],
        [0.0000, 0.2718, 0.0000,  ..., 0.0000, 0.0000,...0.1627, 0.0953, 0.0000,  ..., 0.0000, 0.0000, 0.1867],
        [0.0000, 0.1289, 0.0000,  ..., 0.0000, 0.0000, 0.0000]])
ref = tensor([[0.0002, 0.0006, 0.0002,  ..., 0.0003, 0.0000, 0.0003],
        [0.0000, 0.0009, 0.0000,  ..., 0.0000, 0.0000,...0.0003, 0.0002, 0.0000,  ..., 0.0000, 0.0000, 0.0006],
        [0.0000, 0.0007, 0.0000,  ..., 0.0000, 0.0000, 0.0000]])
dtype = torch.float32, equal_nan = True, reduce_dim = 1, atol = 0.0001

    def assert_close(res, ref, dtype, equal_nan=False, reduce_dim=1, atol=1e-4):
        if dtype is None:
            dtype = torch.float32
        assert res.dtype == dtype
        ref = ref.to(dtype)
        res, ref = _maybe_move_to_cpu(res, ref)
        rtol = RESOLUTION[dtype]
>       torch.testing.assert_close(
            res, ref, atol=atol * reduce_dim, rtol=rtol, equal_nan=equal_nan
        )
E       AssertionError: Tensor-likes are not close!
E       
E       Mismatched elements: 524516 / 1048576 (50.0%)
E       Greatest absolute difference: 0.99981290102005 at index (3852, 46) (up to 0.0001 allowed)
E       Greatest relative difference: 5343.95947265625 at index (3852, 46) (up to 1.3e-06 allowed)

../src/flag_gems/testing/__init__.py:85: AssertionError
____________________ test_softmax_out[True-0-dtype1-shape2] ____________________

mod = <triton._C.libtriton.ir.module object at 0x7f9c89b9bc90>
metadata = {'hash': 'deecfda1d5212427c160849c4b3bff5c15361a8431866cef6d0e3b28e02fda81', 'target': GPUTarget(backend='xpu', arch=3, warp_size=1), 'arch': 3, 'grid': <function softmax_out.<locals>.<lambda> at 0x7f9c89b160e0>, ...}
opt = XPUOptions(arch=3, grid=<function softmax_out.<locals>.<lambda> at 0x7f9c89b160e0>, debug=None, cluster_num=12, core_n...ed_dot_input_precisions=('ieee', 'tf32'), exp_range=':0', num_warps=16, num_ctas=-1, num_stages=1, use_int4_w4a8=False)

    @staticmethod
    def make_ttxir(mod, metadata, opt):
        metadata["xpu_arch"] = opt.arch
        metadata["is_sdnn"] = opt.is_sdnn or xpu.is_sdnn_kernel(mod)
        metadata["tensor_args"] = xpu.get_tensor_args(mod, []) if metadata["is_sdnn"] is True else []
        metadata["shared"] = (-1)  # TODO: invalid value, just to keep CompiledKernel _init_handles() success
    
        max_buffer_size = metadata["buffer_size_limit"]
        elem_bytes = int(os.environ.get("TRITONXPU_ELEMBYTES", 0))
        groups_per_cluster = metadata["groups_per_cluster"]
        unroll_num = metadata["unroll_num"]
        XPUBackend.buffer_len = xpu.get_buffer_len(mod, max_buffer_size, elem_bytes)
        # print(f"XPUBackend.buffer_len = {XPUBackend.buffer_len}")
        core_num = metadata["core_num"]
        # F/O Prefix For Function/Optimization Macro
        is_use_mask_zero = metadata["is_use_mask_zero"]
        if is_use_mask_zero:
            warnings.warn(
                f'XRE Version Must Be More than 5.0.21.37 (After 2025.07.22). And echo 1 > /proc/kunlun/dev4/dma_excp_mask',
                UserWarning)
        TTXPU_F_INTERLEAVE = 0 if metadata["grid"] != (12, 1, 1) else int(os.environ.get("TRITONXPU_INTERLEAVE", 1))
        TTXPU_F_OHTER_VALUE_SIM = int(os.environ.get("TRITONXPU_OTHER_SIM", 0))
        TTXPU_F_STORE_MASK_SIM = int(os.environ.get("TRITONXPU_STORE_MASK_SIM", 0))
        TTXPU_F_DTYPE_CONVERT = 0 if metadata["isCloseDtypeConvert"] else int(
            os.environ.get("TRITONXPU_DTYPE_CONVERT", 1))
        TTXPU_O_ATOMIC_SIM = 0 if metadata["isCLOSE_TTXPU_O_ATOMIC_SIM"] else int(
            os.environ.get("TRITONXPU_ATOMIC_SIM", 1))
        TTXPU_O_CLOSE_OPT = int(os.environ.get("TRITONXPU_CLOSE_OPTIMIZE", 0))
        TTSDNN_F_SINGLE_CORE_MODE = int(os.environ.get("TRITON_SDNN_SINGLE_CODE_MODE", 0))
        TTSDNN_F_MATMUL_FAST_MODE = int(os.environ.get("XMLIR_MATMUL_FAST_MODE", 0))
        TTSDNN_F_DMA_MODE = int(os.environ.get("XMLIR_DMA_FAST_MODE", 0))
    
        if opt.isClusterOneCoreActOnly and TTXPU_F_OHTER_VALUE_SIM:
            assert 0, "isClusterOneCoreActOnly and TRITONXPU_OTHER_SIM can't act simultaneously"
    
        pm = ir.pass_manager(mod.context)
        pm.enable_debug()
        xpu.passes.ttsdnnir.add_tritonsdnn_strip_all_ops_pass(pm, opt.arch)
        if metadata["is_sdnn"]:
            if opt.arch < 4:
                if metadata["use_int4_w4a8"] == True:
                    xpu.passes.ttsdnnir.add_triton_convert_type_pass(pm, opt.arch, 2)
                else:
                    xpu.passes.ttsdnnir.add_triton_convert_type_pass(pm, opt.arch, TTSDNN_F_MATMUL_FAST_MODE)
            xpu.passes.ttsdnnir.add_convert_triton_to_tritonsdnn_pass(pm, opt.arch)
            xpu.passes.ttsdnnir.add_linalg_to_tritonsdnn_pass(pm, opt.arch)
            xpu.passes.ttsdnnir.add_tritonsdnn_legalize_pass(pm, opt.arch)
            xpu.passes.ttsdnnir.add_tritonsdnn_combine_before_pass(pm, opt.arch)
            xpu.passes.ttsdnnir.add_tritonsdnn_bufferize_pass(pm, opt.arch)
            xpu.passes.ttsdnnir.add_tritonsdnn_combine_pass(pm, opt.arch)
            if opt.exp_range != ":0":
                res = parse_floating_range_string(opt.exp_range)
                xpu.passes.ttsdnnir.add_tritonsdnn_ew_act_table_pass(pm, res)
            else:
                xpu.passes.ttsdnnir.add_tritonsdnn_ew_act_table_pass(pm, None)
            xpu.passes.ttsdnnir.add_tritonsdnn_loop_grid_pass(pm)
            if opt.arch == 4 and TTSDNN_F_DMA_MODE:
                xpu.passes.ttsdnnir.add_tritonsdnn_remove_ds_op_pass(pm, opt.arch)
            if not TTSDNN_F_SINGLE_CORE_MODE:
                xpu.passes.ttsdnnir.add_tritonsdnn_pipeline_pass(pm)
    
            xpu.passes.ttsdnnir.add_tritonsdnn_multi_buffer_pass(pm, opt.arch, opt.num_stages)
            passes.common.add_symbol_dce(pm)
            passes.common.add_canonicalizer(pm)
            passes.common.add_cse(pm)
        else:
            xpu.passes.ttxpuir.add_convert_triton_to_tritonxpu_pass(pm, opt.arch, XPUBackend.buffer_len, core_num)
            xpu.passes.ttxpuir.add_tritonxpu_print_pass(pm)
            xpu.passes.ttxpuir.add_tritonxpu_gm2lm_pass(pm, opt.arch, TTXPU_O_ATOMIC_SIM, opt.isClusterOneCoreActOnly,
                                                        is_use_mask_zero)
            if not metadata["isCloseMemoryCache"]:
                xpu.passes.ttxpuir.add_tritonxpu_memory_cache_pass(pm, XPUBackend.buffer_len,
                                                                   core_num) if not TTXPU_O_CLOSE_OPT else None
            passes.common.add_canonicalizer(pm)
            if TTXPU_F_DTYPE_CONVERT:
                xpu.passes.ttxpuir.add_tritonxpu_dtype_convert_pass(pm, opt.arch)
            if not metadata["isCloseCoreTiling"]:
                xpu.passes.ttxpuir.add_tritonxpu_core_tiling_pass(
                    pm, 0, XPUBackend.buffer_len, core_num,
                    groups_per_cluster) if not TTXPU_O_CLOSE_OPT else None  # dumpFlag=0
            # xpu.passes.ttxpuir.add_tritonxpu_lm_to_sm_pass(pm)
            passes.common.add_cse(pm)
            if not metadata["isCloseOffsetAnalysis"]:
                xpu.passes.ttxpuir.add_tritonxpu_offset_state_pass(
                    pm, 0, XPUBackend.buffer_len, is_use_mask_zero) if not TTXPU_O_CLOSE_OPT else None  # dumpFlag=0
            passes.common.add_canonicalizer(pm)
            xpu.passes.ttxpuir.add_tritonxpu_legalize_pass(pm, XPUBackend.buffer_len, core_num, groups_per_cluster,
                                                           is_use_mask_zero)
            passes.common.add_canonicalizer(pm)
            if not TTXPU_F_OHTER_VALUE_SIM:
                xpu.passes.ttxpuir.add_tritonxpu_mask_pass(pm, opt.isClusterOneCoreActOnly, is_use_mask_zero)
            passes.common.add_canonicalizer(pm)
            passes.common.add_cse(pm)
            passes.common.add_licm(pm)
            passes.common.add_symbol_dce(pm)
            if not metadata["isCloseInterleave"] and TTXPU_F_INTERLEAVE:
                xpu.passes.ttxpuir.add_tritonxpu_interleave_pass(pm) if not TTXPU_O_CLOSE_OPT else None
            passes.common.add_canonicalizer(pm)
            if not metadata["isCloseVectorization"]:
                compareFusion = int(os.environ.get("TRITONXPU_COMPARE_FUSION", 0))
                xpu.passes.ttxpuir.add_tritonxpu_vectorize_pass(
                    pm, 0, compareFusion) if not TTXPU_O_CLOSE_OPT else None  # dumpFlag=0
            passes.common.add_canonicalizer(pm)
            xpu.passes.ttxpuir.add_tritonxpu_alloca_pass(pm, XPUBackend.buffer_len, core_num)
            if not metadata["isCloseMemoryAsync"]:
                xpu.passes.ttxpuir.add_tritonxpu_memory_async_pass(pm,
                                                                   0) if not TTXPU_O_CLOSE_OPT else None  # dumpFlag=0
            if not metadata["isCloseUnrollControl"]:
                xpu.passes.ttxpuir.add_tritonxpu_unroll_control_pass(pm, XPUBackend.buffer_len, core_num,
                                                                     is_use_mask_zero,
                                                                     unroll_num) if not TTXPU_O_CLOSE_OPT else None
            xpu.passes.ttxpuir.add_tritonxpu_store_control_pass(pm) if not TTXPU_O_CLOSE_OPT else None
            if not TTXPU_F_OHTER_VALUE_SIM:
                xpu.passes.ttxpuir.add_tritonxpu_other_sim_pass(pm, XPUBackend.buffer_len, core_num)
            xpu.passes.ttxpuir.add_tritonxpu_memory_inplace_pass(pm, XPUBackend.buffer_len,
                                                                 core_num) if not TTXPU_O_CLOSE_OPT else None
            if not metadata["isCloseClusterLoopGrid"]:
                xpu.passes.ttxpuir.add_tritonxpu_cf_to_scf_pass(pm)
                xpu.passes.ttxpuir.add_tritonxpu_loop_grid_pass(pm)
            passes.common.add_cse(pm)
            passes.common.add_licm(pm)
            passes.common.add_symbol_dce(pm)
    
        try:
>           pm.run(mod)
E           RuntimeError: PassManager::run failed

/root/miniconda/envs/python310_torch29_cuda/lib/python3.10/site-packages/triton/backends/xpu/compiler.py:329: RuntimeError

During handling of the above exception, another exception occurred:

shape = (200, 2560, 3), dtype = torch.float32, dim = 0, neg_inf = True

    @pytest.mark.softmax_out
    @pytest.mark.parametrize(
        "shape",
        (
            [(1, 256)]
            if cfg.QUICK_MODE
            else [(1, 256), (4096, 256), (200, 2560, 3), (1, 0, 128, 512)]
        ),
    )
    @pytest.mark.parametrize("dtype", FLOAT_DTYPES)
    @pytest.mark.parametrize("dim", DIM_LIST)
    @pytest.mark.parametrize("neg_inf", [True, False])
    def test_softmax_out(shape, dtype, dim, neg_inf):
        inp = torch.randn(shape, dtype=dtype, device=flag_gems.device)
        if neg_inf:
            inp = torch.where(inp < 0.0, float("-inf"), inp)
        ref_inp = utils.to_reference(inp, True)
    
        ref_out = torch.empty(shape, dtype=ref_inp.dtype, device=ref_inp.device)
        torch.ops.aten._softmax.out(ref_inp, dim, False, out=ref_out)
    
        res_out = torch.empty(shape, dtype=dtype, device=flag_gems.device)
        with flag_gems.use_gems():
>           torch.ops.aten._softmax.out(inp, dim, False, out=res_out)

test_softmax.py:82: 
_ _ _ _ _ _ _ _ _ _ _ _ _ _ _ _ _ _ _ _ _ _ _ _ _ _ _ _ _ _ _ _ _ _ _ _ _ _ _ _ 
/root/miniconda/envs/python310_torch29_cuda/lib/python3.10/site-packages/torch/_ops.py:841: in __call__
    return self._op(*args, **kwargs)
../src/flag_gems/ops/softmax.py:325: in softmax_out
    softmax_kernel_non_inner[grid](
/root/miniconda/envs/python310_torch29_cuda/lib/python3.10/site-packages/triton/runtime/jit.py:364: in <lambda>
    return lambda *args, **kwargs: self.run(grid=grid, warmup=False, *args, **kwargs)
../src/flag_gems/utils/libentry.py:889: in run
    kernel = self.fn.run(*args, **kwargs)
/root/miniconda/envs/python310_torch29_cuda/lib/python3.10/site-packages/triton/runtime/autotuner.py:355: in run
    return self.fn.run(*args, **kwargs)
/root/miniconda/envs/python310_torch29_cuda/lib/python3.10/site-packages/triton/runtime/jit.py:795: in run
    kernel = self.default_run(*args, **kwargs)
/root/miniconda/envs/python310_torch29_cuda/lib/python3.10/site-packages/triton/runtime/jit.py:686: in default_run
    kernel = self.compile(
/root/miniconda/envs/python310_torch29_cuda/lib/python3.10/site-packages/triton/compiler/compiler.py:318: in compile
    next_module = compile_ir(module, metadata)
/root/miniconda/envs/python310_torch29_cuda/lib/python3.10/site-packages/triton/backends/xpu/compiler.py:516: in <lambda>
    stages["ttxir"] = lambda src, metadata: self.make_ttxir(src, metadata, options)
_ _ _ _ _ _ _ _ _ _ _ _ _ _ _ _ _ _ _ _ _ _ _ _ _ _ _ _ _ _ _ _ _ _ _ _ _ _ _ _ 

mod = <triton._C.libtriton.ir.module object at 0x7f9c89b9bc90>
metadata = {'hash': 'deecfda1d5212427c160849c4b3bff5c15361a8431866cef6d0e3b28e02fda81', 'target': GPUTarget(backend='xpu', arch=3, warp_size=1), 'arch': 3, 'grid': <function softmax_out.<locals>.<lambda> at 0x7f9c89b160e0>, ...}
opt = XPUOptions(arch=3, grid=<function softmax_out.<locals>.<lambda> at 0x7f9c89b160e0>, debug=None, cluster_num=12, core_n...ed_dot_input_precisions=('ieee', 'tf32'), exp_range=':0', num_warps=16, num_ctas=-1, num_stages=1, use_int4_w4a8=False)

    @staticmethod
    def make_ttxir(mod, metadata, opt):
        metadata["xpu_arch"] = opt.arch
        metadata["is_sdnn"] = opt.is_sdnn or xpu.is_sdnn_kernel(mod)
        metadata["tensor_args"] = xpu.get_tensor_args(mod, []) if metadata["is_sdnn"] is True else []
        metadata["shared"] = (-1)  # TODO: invalid value, just to keep CompiledKernel _init_handles() success
    
        max_buffer_size = metadata["buffer_size_limit"]
        elem_bytes = int(os.environ.get("TRITONXPU_ELEMBYTES", 0))
        groups_per_cluster = metadata["groups_per_cluster"]
        unroll_num = metadata["unroll_num"]
        XPUBackend.buffer_len = xpu.get_buffer_len(mod, max_buffer_size, elem_bytes)
        # print(f"XPUBackend.buffer_len = {XPUBackend.buffer_len}")
        core_num = metadata["core_num"]
        # F/O Prefix For Function/Optimization Macro
        is_use_mask_zero = metadata["is_use_mask_zero"]
        if is_use_mask_zero:
            warnings.warn(
                f'XRE Version Must Be More than 5.0.21.37 (After 2025.07.22). And echo 1 > /proc/kunlun/dev4/dma_excp_mask',
                UserWarning)
        TTXPU_F_INTERLEAVE = 0 if metadata["grid"] != (12, 1, 1) else int(os.environ.get("TRITONXPU_INTERLEAVE", 1))
        TTXPU_F_OHTER_VALUE_SIM = int(os.environ.get("TRITONXPU_OTHER_SIM", 0))
        TTXPU_F_STORE_MASK_SIM = int(os.environ.get("TRITONXPU_STORE_MASK_SIM", 0))
        TTXPU_F_DTYPE_CONVERT = 0 if metadata["isCloseDtypeConvert"] else int(
            os.environ.get("TRITONXPU_DTYPE_CONVERT", 1))
        TTXPU_O_ATOMIC_SIM = 0 if metadata["isCLOSE_TTXPU_O_ATOMIC_SIM"] else int(
            os.environ.get("TRITONXPU_ATOMIC_SIM", 1))
        TTXPU_O_CLOSE_OPT = int(os.environ.get("TRITONXPU_CLOSE_OPTIMIZE", 0))
        TTSDNN_F_SINGLE_CORE_MODE = int(os.environ.get("TRITON_SDNN_SINGLE_CODE_MODE", 0))
        TTSDNN_F_MATMUL_FAST_MODE = int(os.environ.get("XMLIR_MATMUL_FAST_MODE", 0))
        TTSDNN_F_DMA_MODE = int(os.environ.get("XMLIR_DMA_FAST_MODE", 0))
    
        if opt.isClusterOneCoreActOnly and TTXPU_F_OHTER_VALUE_SIM:
            assert 0, "isClusterOneCoreActOnly and TRITONXPU_OTHER_SIM can't act simultaneously"
    
        pm = ir.pass_manager(mod.context)
        pm.enable_debug()
        xpu.passes.ttsdnnir.add_tritonsdnn_strip_all_ops_pass(pm, opt.arch)
        if metadata["is_sdnn"]:
            if opt.arch < 4:
                if metadata["use_int4_w4a8"] == True:
                    xpu.passes.ttsdnnir.add_triton_convert_type_pass(pm, opt.arch, 2)
                else:
                    xpu.passes.ttsdnnir.add_triton_convert_type_pass(pm, opt.arch, TTSDNN_F_MATMUL_FAST_MODE)
            xpu.passes.ttsdnnir.add_convert_triton_to_tritonsdnn_pass(pm, opt.arch)
            xpu.passes.ttsdnnir.add_linalg_to_tritonsdnn_pass(pm, opt.arch)
            xpu.passes.ttsdnnir.add_tritonsdnn_legalize_pass(pm, opt.arch)
            xpu.passes.ttsdnnir.add_tritonsdnn_combine_before_pass(pm, opt.arch)
            xpu.passes.ttsdnnir.add_tritonsdnn_bufferize_pass(pm, opt.arch)
            xpu.passes.ttsdnnir.add_tritonsdnn_combine_pass(pm, opt.arch)
            if opt.exp_range != ":0":
                res = parse_floating_range_string(opt.exp_range)
                xpu.passes.ttsdnnir.add_tritonsdnn_ew_act_table_pass(pm, res)
            else:
                xpu.passes.ttsdnnir.add_tritonsdnn_ew_act_table_pass(pm, None)
            xpu.passes.ttsdnnir.add_tritonsdnn_loop_grid_pass(pm)
            if opt.arch == 4 and TTSDNN_F_DMA_MODE:
                xpu.passes.ttsdnnir.add_tritonsdnn_remove_ds_op_pass(pm, opt.arch)
            if not TTSDNN_F_SINGLE_CORE_MODE:
                xpu.passes.ttsdnnir.add_tritonsdnn_pipeline_pass(pm)
    
            xpu.passes.ttsdnnir.add_tritonsdnn_multi_buffer_pass(pm, opt.arch, opt.num_stages)
            passes.common.add_symbol_dce(pm)
            passes.common.add_canonicalizer(pm)
            passes.common.add_cse(pm)
        else:
            xpu.passes.ttxpuir.add_convert_triton_to_tritonxpu_pass(pm, opt.arch, XPUBackend.buffer_len, core_num)
            xpu.passes.ttxpuir.add_tritonxpu_print_pass(pm)
            xpu.passes.ttxpuir.add_tritonxpu_gm2lm_pass(pm, opt.arch, TTXPU_O_ATOMIC_SIM, opt.isClusterOneCoreActOnly,
                                                        is_use_mask_zero)
            if not metadata["isCloseMemoryCache"]:
                xpu.passes.ttxpuir.add_tritonxpu_memory_cache_pass(pm, XPUBackend.buffer_len,
                                                                   core_num) if not TTXPU_O_CLOSE_OPT else None
            passes.common.add_canonicalizer(pm)
            if TTXPU_F_DTYPE_CONVERT:
                xpu.passes.ttxpuir.add_tritonxpu_dtype_convert_pass(pm, opt.arch)
            if not metadata["isCloseCoreTiling"]:
                xpu.passes.ttxpuir.add_tritonxpu_core_tiling_pass(
                    pm, 0, XPUBackend.buffer_len, core_num,
                    groups_per_cluster) if not TTXPU_O_CLOSE_OPT else None  # dumpFlag=0
            # xpu.passes.ttxpuir.add_tritonxpu_lm_to_sm_pass(pm)
            passes.common.add_cse(pm)
            if not metadata["isCloseOffsetAnalysis"]:
                xpu.passes.ttxpuir.add_tritonxpu_offset_state_pass(
                    pm, 0, XPUBackend.buffer_len, is_use_mask_zero) if not TTXPU_O_CLOSE_OPT else None  # dumpFlag=0
            passes.common.add_canonicalizer(pm)
            xpu.passes.ttxpuir.add_tritonxpu_legalize_pass(pm, XPUBackend.buffer_len, core_num, groups_per_cluster,
                                                           is_use_mask_zero)
            passes.common.add_canonicalizer(pm)
            if not TTXPU_F_OHTER_VALUE_SIM:
                xpu.passes.ttxpuir.add_tritonxpu_mask_pass(pm, opt.isClusterOneCoreActOnly, is_use_mask_zero)
            passes.common.add_canonicalizer(pm)
            passes.common.add_cse(pm)
            passes.common.add_licm(pm)
            passes.common.add_symbol_dce(pm)
            if not metadata["isCloseInterleave"] and TTXPU_F_INTERLEAVE:
                xpu.passes.ttxpuir.add_tritonxpu_interleave_pass(pm) if not TTXPU_O_CLOSE_OPT else None
            passes.common.add_canonicalizer(pm)
            if not metadata["isCloseVectorization"]:
                compareFusion = int(os.environ.get("TRITONXPU_COMPARE_FUSION", 0))
                xpu.passes.ttxpuir.add_tritonxpu_vectorize_pass(
                    pm, 0, compareFusion) if not TTXPU_O_CLOSE_OPT else None  # dumpFlag=0
            passes.common.add_canonicalizer(pm)
            xpu.passes.ttxpuir.add_tritonxpu_alloca_pass(pm, XPUBackend.buffer_len, core_num)
            if not metadata["isCloseMemoryAsync"]:
                xpu.passes.ttxpuir.add_tritonxpu_memory_async_pass(pm,
                                                                   0) if not TTXPU_O_CLOSE_OPT else None  # dumpFlag=0
            if not metadata["isCloseUnrollControl"]:
                xpu.passes.ttxpuir.add_tritonxpu_unroll_control_pass(pm, XPUBackend.buffer_len, core_num,
                                                                     is_use_mask_zero,
                                                                     unroll_num) if not TTXPU_O_CLOSE_OPT else None
            xpu.passes.ttxpuir.add_tritonxpu_store_control_pass(pm) if not TTXPU_O_CLOSE_OPT else None
            if not TTXPU_F_OHTER_VALUE_SIM:
                xpu.passes.ttxpuir.add_tritonxpu_other_sim_pass(pm, XPUBackend.buffer_len, core_num)
            xpu.passes.ttxpuir.add_tritonxpu_memory_inplace_pass(pm, XPUBackend.buffer_len,
                                                                 core_num) if not TTXPU_O_CLOSE_OPT else None
            if not metadata["isCloseClusterLoopGrid"]:
                xpu.passes.ttxpuir.add_tritonxpu_cf_to_scf_pass(pm)
                xpu.passes.ttxpuir.add_tritonxpu_loop_grid_pass(pm)
            passes.common.add_cse(pm)
            passes.common.add_licm(pm)
            passes.common.add_symbol_dce(pm)
    
        try:
            pm.run(mod)
        except Exception as e:
            from triton import OutOfResources
>           raise OutOfResources(0, 0, f"uni_sram {e}")
E           triton.runtime.errors.OutOfResources: out of resource: uni_sram PassManager::run failed, Required: 0, Hardware limit: 0. Reducing block sizes or `num_stages` may help.

/root/miniconda/envs/python310_torch29_cuda/lib/python3.10/site-packages/triton/backends/xpu/compiler.py:332: OutOfResources
____________________ test_softmax_out[True-0-dtype2-shape0] ____________________

mod = <triton._C.libtriton.ir.module object at 0x7f9c89c15cb0>
metadata = {'hash': '745746ec4b30f88153c7c7858a5b2dbff4d0f11993b15004a5a574f779fb506b', 'target': GPUTarget(backend='xpu', arch=3, warp_size=1), 'arch': 3, 'grid': <function softmax_out.<locals>.<lambda> at 0x7f9c89b15750>, ...}
opt = XPUOptions(arch=3, grid=<function softmax_out.<locals>.<lambda> at 0x7f9c89b15750>, debug=None, cluster_num=12, core_n...ed_dot_input_precisions=('ieee', 'tf32'), exp_range=':0', num_warps=16, num_ctas=-1, num_stages=1, use_int4_w4a8=False)

    @staticmethod
    def make_ttxir(mod, metadata, opt):
        metadata["xpu_arch"] = opt.arch
        metadata["is_sdnn"] = opt.is_sdnn or xpu.is_sdnn_kernel(mod)
        metadata["tensor_args"] = xpu.get_tensor_args(mod, []) if metadata["is_sdnn"] is True else []
        metadata["shared"] = (-1)  # TODO: invalid value, just to keep CompiledKernel _init_handles() success
    
        max_buffer_size = metadata["buffer_size_limit"]
        elem_bytes = int(os.environ.get("TRITONXPU_ELEMBYTES", 0))
        groups_per_cluster = metadata["groups_per_cluster"]
        unroll_num = metadata["unroll_num"]
        XPUBackend.buffer_len = xpu.get_buffer_len(mod, max_buffer_size, elem_bytes)
        # print(f"XPUBackend.buffer_len = {XPUBackend.buffer_len}")
        core_num = metadata["core_num"]
        # F/O Prefix For Function/Optimization Macro
        is_use_mask_zero = metadata["is_use_mask_zero"]
        if is_use_mask_zero:
            warnings.warn(
                f'XRE Version Must Be More than 5.0.21.37 (After 2025.07.22). And echo 1 > /proc/kunlun/dev4/dma_excp_mask',
                UserWarning)
        TTXPU_F_INTERLEAVE = 0 if metadata["grid"] != (12, 1, 1) else int(os.environ.get("TRITONXPU_INTERLEAVE", 1))
        TTXPU_F_OHTER_VALUE_SIM = int(os.environ.get("TRITONXPU_OTHER_SIM", 0))
        TTXPU_F_STORE_MASK_SIM = int(os.environ.get("TRITONXPU_STORE_MASK_SIM", 0))
        TTXPU_F_DTYPE_CONVERT = 0 if metadata["isCloseDtypeConvert"] else int(
            os.environ.get("TRITONXPU_DTYPE_CONVERT", 1))
        TTXPU_O_ATOMIC_SIM = 0 if metadata["isCLOSE_TTXPU_O_ATOMIC_SIM"] else int(
            os.environ.get("TRITONXPU_ATOMIC_SIM", 1))
        TTXPU_O_CLOSE_OPT = int(os.environ.get("TRITONXPU_CLOSE_OPTIMIZE", 0))
        TTSDNN_F_SINGLE_CORE_MODE = int(os.environ.get("TRITON_SDNN_SINGLE_CODE_MODE", 0))
        TTSDNN_F_MATMUL_FAST_MODE = int(os.environ.get("XMLIR_MATMUL_FAST_MODE", 0))
        TTSDNN_F_DMA_MODE = int(os.environ.get("XMLIR_DMA_FAST_MODE", 0))
    
        if opt.isClusterOneCoreActOnly and TTXPU_F_OHTER_VALUE_SIM:
            assert 0, "isClusterOneCoreActOnly and TRITONXPU_OTHER_SIM can't act simultaneously"
    
        pm = ir.pass_manager(mod.context)
        pm.enable_debug()
        xpu.passes.ttsdnnir.add_tritonsdnn_strip_all_ops_pass(pm, opt.arch)
        if metadata["is_sdnn"]:
            if opt.arch < 4:
                if metadata["use_int4_w4a8"] == True:
                    xpu.passes.ttsdnnir.add_triton_convert_type_pass(pm, opt.arch, 2)
                else:
                    xpu.passes.ttsdnnir.add_triton_convert_type_pass(pm, opt.arch, TTSDNN_F_MATMUL_FAST_MODE)
            xpu.passes.ttsdnnir.add_convert_triton_to_tritonsdnn_pass(pm, opt.arch)
            xpu.passes.ttsdnnir.add_linalg_to_tritonsdnn_pass(pm, opt.arch)
            xpu.passes.ttsdnnir.add_tritonsdnn_legalize_pass(pm, opt.arch)
            xpu.passes.ttsdnnir.add_tritonsdnn_combine_before_pass(pm, opt.arch)
            xpu.passes.ttsdnnir.add_tritonsdnn_bufferize_pass(pm, opt.arch)
            xpu.passes.ttsdnnir.add_tritonsdnn_combine_pass(pm, opt.arch)
            if opt.exp_range != ":0":
                res = parse_floating_range_string(opt.exp_range)
                xpu.passes.ttsdnnir.add_tritonsdnn_ew_act_table_pass(pm, res)
            else:
                xpu.passes.ttsdnnir.add_tritonsdnn_ew_act_table_pass(pm, None)
            xpu.passes.ttsdnnir.add_tritonsdnn_loop_grid_pass(pm)
            if opt.arch == 4 and TTSDNN_F_DMA_MODE:
                xpu.passes.ttsdnnir.add_tritonsdnn_remove_ds_op_pass(pm, opt.arch)
            if not TTSDNN_F_SINGLE_CORE_MODE:
                xpu.passes.ttsdnnir.add_tritonsdnn_pipeline_pass(pm)
    
            xpu.passes.ttsdnnir.add_tritonsdnn_multi_buffer_pass(pm, opt.arch, opt.num_stages)
            passes.common.add_symbol_dce(pm)
            passes.common.add_canonicalizer(pm)
            passes.common.add_cse(pm)
        else:
            xpu.passes.ttxpuir.add_convert_triton_to_tritonxpu_pass(pm, opt.arch, XPUBackend.buffer_len, core_num)
            xpu.passes.ttxpuir.add_tritonxpu_print_pass(pm)
            xpu.passes.ttxpuir.add_tritonxpu_gm2lm_pass(pm, opt.arch, TTXPU_O_ATOMIC_SIM, opt.isClusterOneCoreActOnly,
                                                        is_use_mask_zero)
            if not metadata["isCloseMemoryCache"]:
                xpu.passes.ttxpuir.add_tritonxpu_memory_cache_pass(pm, XPUBackend.buffer_len,
                                                                   core_num) if not TTXPU_O_CLOSE_OPT else None
            passes.common.add_canonicalizer(pm)
            if TTXPU_F_DTYPE_CONVERT:
                xpu.passes.ttxpuir.add_tritonxpu_dtype_convert_pass(pm, opt.arch)
            if not metadata["isCloseCoreTiling"]:
                xpu.passes.ttxpuir.add_tritonxpu_core_tiling_pass(
                    pm, 0, XPUBackend.buffer_len, core_num,
                    groups_per_cluster) if not TTXPU_O_CLOSE_OPT else None  # dumpFlag=0
            # xpu.passes.ttxpuir.add_tritonxpu_lm_to_sm_pass(pm)
            passes.common.add_cse(pm)
            if not metadata["isCloseOffsetAnalysis"]:
                xpu.passes.ttxpuir.add_tritonxpu_offset_state_pass(
                    pm, 0, XPUBackend.buffer_len, is_use_mask_zero) if not TTXPU_O_CLOSE_OPT else None  # dumpFlag=0
            passes.common.add_canonicalizer(pm)
            xpu.passes.ttxpuir.add_tritonxpu_legalize_pass(pm, XPUBackend.buffer_len, core_num, groups_per_cluster,
                                                           is_use_mask_zero)
            passes.common.add_canonicalizer(pm)
            if not TTXPU_F_OHTER_VALUE_SIM:
                xpu.passes.ttxpuir.add_tritonxpu_mask_pass(pm, opt.isClusterOneCoreActOnly, is_use_mask_zero)
            passes.common.add_canonicalizer(pm)
            passes.common.add_cse(pm)
            passes.common.add_licm(pm)
            passes.common.add_symbol_dce(pm)
            if not metadata["isCloseInterleave"] and TTXPU_F_INTERLEAVE:
                xpu.passes.ttxpuir.add_tritonxpu_interleave_pass(pm) if not TTXPU_O_CLOSE_OPT else None
            passes.common.add_canonicalizer(pm)
            if not metadata["isCloseVectorization"]:
                compareFusion = int(os.environ.get("TRITONXPU_COMPARE_FUSION", 0))
                xpu.passes.ttxpuir.add_tritonxpu_vectorize_pass(
                    pm, 0, compareFusion) if not TTXPU_O_CLOSE_OPT else None  # dumpFlag=0
            passes.common.add_canonicalizer(pm)
            xpu.passes.ttxpuir.add_tritonxpu_alloca_pass(pm, XPUBackend.buffer_len, core_num)
            if not metadata["isCloseMemoryAsync"]:
                xpu.passes.ttxpuir.add_tritonxpu_memory_async_pass(pm,
                                                                   0) if not TTXPU_O_CLOSE_OPT else None  # dumpFlag=0
            if not metadata["isCloseUnrollControl"]:
                xpu.passes.ttxpuir.add_tritonxpu_unroll_control_pass(pm, XPUBackend.buffer_len, core_num,
                                                                     is_use_mask_zero,
                                                                     unroll_num) if not TTXPU_O_CLOSE_OPT else None
            xpu.passes.ttxpuir.add_tritonxpu_store_control_pass(pm) if not TTXPU_O_CLOSE_OPT else None
            if not TTXPU_F_OHTER_VALUE_SIM:
                xpu.passes.ttxpuir.add_tritonxpu_other_sim_pass(pm, XPUBackend.buffer_len, core_num)
            xpu.passes.ttxpuir.add_tritonxpu_memory_inplace_pass(pm, XPUBackend.buffer_len,
                                                                 core_num) if not TTXPU_O_CLOSE_OPT else None
            if not metadata["isCloseClusterLoopGrid"]:
                xpu.passes.ttxpuir.add_tritonxpu_cf_to_scf_pass(pm)
                xpu.passes.ttxpuir.add_tritonxpu_loop_grid_pass(pm)
            passes.common.add_cse(pm)
            passes.common.add_licm(pm)
            passes.common.add_symbol_dce(pm)
    
        try:
>           pm.run(mod)
E           RuntimeError: PassManager::run failed

/root/miniconda/envs/python310_torch29_cuda/lib/python3.10/site-packages/triton/backends/xpu/compiler.py:329: RuntimeError

During handling of the above exception, another exception occurred:

shape = (1, 256), dtype = torch.bfloat16, dim = 0, neg_inf = True

    @pytest.mark.softmax_out
    @pytest.mark.parametrize(
        "shape",
        (
            [(1, 256)]
            if cfg.QUICK_MODE
            else [(1, 256), (4096, 256), (200, 2560, 3), (1, 0, 128, 512)]
        ),
    )
    @pytest.mark.parametrize("dtype", FLOAT_DTYPES)
    @pytest.mark.parametrize("dim", DIM_LIST)
    @pytest.mark.parametrize("neg_inf", [True, False])
    def test_softmax_out(shape, dtype, dim, neg_inf):
        inp = torch.randn(shape, dtype=dtype, device=flag_gems.device)
        if neg_inf:
            inp = torch.where(inp < 0.0, float("-inf"), inp)
        ref_inp = utils.to_reference(inp, True)
    
        ref_out = torch.empty(shape, dtype=ref_inp.dtype, device=ref_inp.device)
        torch.ops.aten._softmax.out(ref_inp, dim, False, out=ref_out)
    
        res_out = torch.empty(shape, dtype=dtype, device=flag_gems.device)
        with flag_gems.use_gems():
>           torch.ops.aten._softmax.out(inp, dim, False, out=res_out)

test_softmax.py:82: 
_ _ _ _ _ _ _ _ _ _ _ _ _ _ _ _ _ _ _ _ _ _ _ _ _ _ _ _ _ _ _ _ _ _ _ _ _ _ _ _ 
/root/miniconda/envs/python310_torch29_cuda/lib/python3.10/site-packages/torch/_ops.py:841: in __call__
    return self._op(*args, **kwargs)
../src/flag_gems/ops/softmax.py:325: in softmax_out
    softmax_kernel_non_inner[grid](
/root/miniconda/envs/python310_torch29_cuda/lib/python3.10/site-packages/triton/runtime/jit.py:364: in <lambda>
    return lambda *args, **kwargs: self.run(grid=grid, warmup=False, *args, **kwargs)
../src/flag_gems/utils/libentry.py:889: in run
    kernel = self.fn.run(*args, **kwargs)
/root/miniconda/envs/python310_torch29_cuda/lib/python3.10/site-packages/triton/runtime/autotuner.py:355: in run
    return self.fn.run(*args, **kwargs)
/root/miniconda/envs/python310_torch29_cuda/lib/python3.10/site-packages/triton/runtime/jit.py:795: in run
    kernel = self.default_run(*args, **kwargs)
/root/miniconda/envs/python310_torch29_cuda/lib/python3.10/site-packages/triton/runtime/jit.py:686: in default_run
    kernel = self.compile(
/root/miniconda/envs/python310_torch29_cuda/lib/python3.10/site-packages/triton/compiler/compiler.py:318: in compile
    next_module = compile_ir(module, metadata)
/root/miniconda/envs/python310_torch29_cuda/lib/python3.10/site-packages/triton/backends/xpu/compiler.py:516: in <lambda>
    stages["ttxir"] = lambda src, metadata: self.make_ttxir(src, metadata, options)
_ _ _ _ _ _ _ _ _ _ _ _ _ _ _ _ _ _ _ _ _ _ _ _ _ _ _ _ _ _ _ _ _ _ _ _ _ _ _ _ 

mod = <triton._C.libtriton.ir.module object at 0x7f9c89c15cb0>
metadata = {'hash': '745746ec4b30f88153c7c7858a5b2dbff4d0f11993b15004a5a574f779fb506b', 'target': GPUTarget(backend='xpu', arch=3, warp_size=1), 'arch': 3, 'grid': <function softmax_out.<locals>.<lambda> at 0x7f9c89b15750>, ...}
opt = XPUOptions(arch=3, grid=<function softmax_out.<locals>.<lambda> at 0x7f9c89b15750>, debug=None, cluster_num=12, core_n...ed_dot_input_precisions=('ieee', 'tf32'), exp_range=':0', num_warps=16, num_ctas=-1, num_stages=1, use_int4_w4a8=False)

    @staticmethod
    def make_ttxir(mod, metadata, opt):
        metadata["xpu_arch"] = opt.arch
        metadata["is_sdnn"] = opt.is_sdnn or xpu.is_sdnn_kernel(mod)
        metadata["tensor_args"] = xpu.get_tensor_args(mod, []) if metadata["is_sdnn"] is True else []
        metadata["shared"] = (-1)  # TODO: invalid value, just to keep CompiledKernel _init_handles() success
    
        max_buffer_size = metadata["buffer_size_limit"]
        elem_bytes = int(os.environ.get("TRITONXPU_ELEMBYTES", 0))
        groups_per_cluster = metadata["groups_per_cluster"]
        unroll_num = metadata["unroll_num"]
        XPUBackend.buffer_len = xpu.get_buffer_len(mod, max_buffer_size, elem_bytes)
        # print(f"XPUBackend.buffer_len = {XPUBackend.buffer_len}")
        core_num = metadata["core_num"]
        # F/O Prefix For Function/Optimization Macro
        is_use_mask_zero = metadata["is_use_mask_zero"]
        if is_use_mask_zero:
            warnings.warn(
                f'XRE Version Must Be More than 5.0.21.37 (After 2025.07.22). And echo 1 > /proc/kunlun/dev4/dma_excp_mask',
                UserWarning)
        TTXPU_F_INTERLEAVE = 0 if metadata["grid"] != (12, 1, 1) else int(os.environ.get("TRITONXPU_INTERLEAVE", 1))
        TTXPU_F_OHTER_VALUE_SIM = int(os.environ.get("TRITONXPU_OTHER_SIM", 0))
        TTXPU_F_STORE_MASK_SIM = int(os.environ.get("TRITONXPU_STORE_MASK_SIM", 0))
        TTXPU_F_DTYPE_CONVERT = 0 if metadata["isCloseDtypeConvert"] else int(
            os.environ.get("TRITONXPU_DTYPE_CONVERT", 1))
        TTXPU_O_ATOMIC_SIM = 0 if metadata["isCLOSE_TTXPU_O_ATOMIC_SIM"] else int(
            os.environ.get("TRITONXPU_ATOMIC_SIM", 1))
        TTXPU_O_CLOSE_OPT = int(os.environ.get("TRITONXPU_CLOSE_OPTIMIZE", 0))
        TTSDNN_F_SINGLE_CORE_MODE = int(os.environ.get("TRITON_SDNN_SINGLE_CODE_MODE", 0))
        TTSDNN_F_MATMUL_FAST_MODE = int(os.environ.get("XMLIR_MATMUL_FAST_MODE", 0))
        TTSDNN_F_DMA_MODE = int(os.environ.get("XMLIR_DMA_FAST_MODE", 0))
    
        if opt.isClusterOneCoreActOnly and TTXPU_F_OHTER_VALUE_SIM:
            assert 0, "isClusterOneCoreActOnly and TRITONXPU_OTHER_SIM can't act simultaneously"
    
        pm = ir.pass_manager(mod.context)
        pm.enable_debug()
        xpu.passes.ttsdnnir.add_tritonsdnn_strip_all_ops_pass(pm, opt.arch)
        if metadata["is_sdnn"]:
            if opt.arch < 4:
                if metadata["use_int4_w4a8"] == True:
                    xpu.passes.ttsdnnir.add_triton_convert_type_pass(pm, opt.arch, 2)
                else:
                    xpu.passes.ttsdnnir.add_triton_convert_type_pass(pm, opt.arch, TTSDNN_F_MATMUL_FAST_MODE)
            xpu.passes.ttsdnnir.add_convert_triton_to_tritonsdnn_pass(pm, opt.arch)
            xpu.passes.ttsdnnir.add_linalg_to_tritonsdnn_pass(pm, opt.arch)
            xpu.passes.ttsdnnir.add_tritonsdnn_legalize_pass(pm, opt.arch)
            xpu.passes.ttsdnnir.add_tritonsdnn_combine_before_pass(pm, opt.arch)
            xpu.passes.ttsdnnir.add_tritonsdnn_bufferize_pass(pm, opt.arch)
            xpu.passes.ttsdnnir.add_tritonsdnn_combine_pass(pm, opt.arch)
            if opt.exp_range != ":0":
                res = parse_floating_range_string(opt.exp_range)
                xpu.passes.ttsdnnir.add_tritonsdnn_ew_act_table_pass(pm, res)
            else:
                xpu.passes.ttsdnnir.add_tritonsdnn_ew_act_table_pass(pm, None)
            xpu.passes.ttsdnnir.add_tritonsdnn_loop_grid_pass(pm)
            if opt.arch == 4 and TTSDNN_F_DMA_MODE:
                xpu.passes.ttsdnnir.add_tritonsdnn_remove_ds_op_pass(pm, opt.arch)
            if not TTSDNN_F_SINGLE_CORE_MODE:
                xpu.passes.ttsdnnir.add_tritonsdnn_pipeline_pass(pm)
    
            xpu.passes.ttsdnnir.add_tritonsdnn_multi_buffer_pass(pm, opt.arch, opt.num_stages)
            passes.common.add_symbol_dce(pm)
            passes.common.add_canonicalizer(pm)
            passes.common.add_cse(pm)
        else:
            xpu.passes.ttxpuir.add_convert_triton_to_tritonxpu_pass(pm, opt.arch, XPUBackend.buffer_len, core_num)
            xpu.passes.ttxpuir.add_tritonxpu_print_pass(pm)
            xpu.passes.ttxpuir.add_tritonxpu_gm2lm_pass(pm, opt.arch, TTXPU_O_ATOMIC_SIM, opt.isClusterOneCoreActOnly,
                                                        is_use_mask_zero)
            if not metadata["isCloseMemoryCache"]:
                xpu.passes.ttxpuir.add_tritonxpu_memory_cache_pass(pm, XPUBackend.buffer_len,
                                                                   core_num) if not TTXPU_O_CLOSE_OPT else None
            passes.common.add_canonicalizer(pm)
            if TTXPU_F_DTYPE_CONVERT:
                xpu.passes.ttxpuir.add_tritonxpu_dtype_convert_pass(pm, opt.arch)
            if not metadata["isCloseCoreTiling"]:
                xpu.passes.ttxpuir.add_tritonxpu_core_tiling_pass(
                    pm, 0, XPUBackend.buffer_len, core_num,
                    groups_per_cluster) if not TTXPU_O_CLOSE_OPT else None  # dumpFlag=0
            # xpu.passes.ttxpuir.add_tritonxpu_lm_to_sm_pass(pm)
            passes.common.add_cse(pm)
            if not metadata["isCloseOffsetAnalysis"]:
                xpu.passes.ttxpuir.add_tritonxpu_offset_state_pass(
                    pm, 0, XPUBackend.buffer_len, is_use_mask_zero) if not TTXPU_O_CLOSE_OPT else None  # dumpFlag=0
            passes.common.add_canonicalizer(pm)
            xpu.passes.ttxpuir.add_tritonxpu_legalize_pass(pm, XPUBackend.buffer_len, core_num, groups_per_cluster,
                                                           is_use_mask_zero)
            passes.common.add_canonicalizer(pm)
            if not TTXPU_F_OHTER_VALUE_SIM:
                xpu.passes.ttxpuir.add_tritonxpu_mask_pass(pm, opt.isClusterOneCoreActOnly, is_use_mask_zero)
            passes.common.add_canonicalizer(pm)
            passes.common.add_cse(pm)
            passes.common.add_licm(pm)
            passes.common.add_symbol_dce(pm)
            if not metadata["isCloseInterleave"] and TTXPU_F_INTERLEAVE:
                xpu.passes.ttxpuir.add_tritonxpu_interleave_pass(pm) if not TTXPU_O_CLOSE_OPT else None
            passes.common.add_canonicalizer(pm)
            if not metadata["isCloseVectorization"]:
                compareFusion = int(os.environ.get("TRITONXPU_COMPARE_FUSION", 0))
                xpu.passes.ttxpuir.add_tritonxpu_vectorize_pass(
                    pm, 0, compareFusion) if not TTXPU_O_CLOSE_OPT else None  # dumpFlag=0
            passes.common.add_canonicalizer(pm)
            xpu.passes.ttxpuir.add_tritonxpu_alloca_pass(pm, XPUBackend.buffer_len, core_num)
            if not metadata["isCloseMemoryAsync"]:
                xpu.passes.ttxpuir.add_tritonxpu_memory_async_pass(pm,
                                                                   0) if not TTXPU_O_CLOSE_OPT else None  # dumpFlag=0
            if not metadata["isCloseUnrollControl"]:
                xpu.passes.ttxpuir.add_tritonxpu_unroll_control_pass(pm, XPUBackend.buffer_len, core_num,
                                                                     is_use_mask_zero,
                                                                     unroll_num) if not TTXPU_O_CLOSE_OPT else None
            xpu.passes.ttxpuir.add_tritonxpu_store_control_pass(pm) if not TTXPU_O_CLOSE_OPT else None
            if not TTXPU_F_OHTER_VALUE_SIM:
                xpu.passes.ttxpuir.add_tritonxpu_other_sim_pass(pm, XPUBackend.buffer_len, core_num)
            xpu.passes.ttxpuir.add_tritonxpu_memory_inplace_pass(pm, XPUBackend.buffer_len,
                                                                 core_num) if not TTXPU_O_CLOSE_OPT else None
            if not metadata["isCloseClusterLoopGrid"]:
                xpu.passes.ttxpuir.add_tritonxpu_cf_to_scf_pass(pm)
                xpu.passes.ttxpuir.add_tritonxpu_loop_grid_pass(pm)
            passes.common.add_cse(pm)
            passes.common.add_licm(pm)
            passes.common.add_symbol_dce(pm)
    
        try:
            pm.run(mod)
        except Exception as e:
            from triton import OutOfResources
>           raise OutOfResources(0, 0, f"uni_sram {e}")
E           triton.runtime.errors.OutOfResources: out of resource: uni_sram PassManager::run failed, Required: 0, Hardware limit: 0. Reducing block sizes or `num_stages` may help.

/root/miniconda/envs/python310_torch29_cuda/lib/python3.10/site-packages/triton/backends/xpu/compiler.py:332: OutOfResources
____________________ test_softmax_out[True-0-dtype2-shape1] ____________________

shape = (4096, 256), dtype = torch.bfloat16, dim = 0, neg_inf = True

    @pytest.mark.softmax_out
    @pytest.mark.parametrize(
        "shape",
        (
            [(1, 256)]
            if cfg.QUICK_MODE
            else [(1, 256), (4096, 256), (200, 2560, 3), (1, 0, 128, 512)]
        ),
    )
    @pytest.mark.parametrize("dtype", FLOAT_DTYPES)
    @pytest.mark.parametrize("dim", DIM_LIST)
    @pytest.mark.parametrize("neg_inf", [True, False])
    def test_softmax_out(shape, dtype, dim, neg_inf):
        inp = torch.randn(shape, dtype=dtype, device=flag_gems.device)
        if neg_inf:
            inp = torch.where(inp < 0.0, float("-inf"), inp)
        ref_inp = utils.to_reference(inp, True)
    
        ref_out = torch.empty(shape, dtype=ref_inp.dtype, device=ref_inp.device)
        torch.ops.aten._softmax.out(ref_inp, dim, False, out=ref_out)
    
        res_out = torch.empty(shape, dtype=dtype, device=flag_gems.device)
        with flag_gems.use_gems():
            torch.ops.aten._softmax.out(inp, dim, False, out=res_out)
>       utils.gems_assert_close(res_out, ref_out, dtype, equal_nan=True)

test_softmax.py:83: 
_ _ _ _ _ _ _ _ _ _ _ _ _ _ _ _ _ _ _ _ _ _ _ _ _ _ _ _ _ _ _ _ _ _ _ _ _ _ _ _ 
accuracy_utils.py:312: in gems_assert_close
    flag_gems.testing.assert_close(
_ _ _ _ _ _ _ _ _ _ _ _ _ _ _ _ _ _ _ _ _ _ _ _ _ _ _ _ _ _ _ _ _ _ _ _ _ _ _ _ 

res = tensor([[0.0000, 0.0000, 0.0000,  ..., 0.0000, 0.0669, 0.0664],
        [0.0000, 0.0000, 0.0542,  ..., 0.0603, 0.0610,... 0.0000, 0.0000, 0.0000],
        [0.0000, 0.0000, 0.0000,  ..., 0.0000, 0.0640, 0.0000]],
       dtype=torch.bfloat16)
ref = tensor([[0.0000, 0.0000, 0.0000,  ..., 0.0000, 0.0003, 0.0003],
        [0.0000, 0.0000, 0.0002,  ..., 0.0004, 0.0003,... 0.0000, 0.0000, 0.0000],
        [0.0000, 0.0000, 0.0000,  ..., 0.0000, 0.0002, 0.0000]],
       dtype=torch.bfloat16)
dtype = torch.bfloat16, equal_nan = True, reduce_dim = 1, atol = 0.0001

    def assert_close(res, ref, dtype, equal_nan=False, reduce_dim=1, atol=1e-4):
        if dtype is None:
            dtype = torch.float32
        assert res.dtype == dtype
        ref = ref.to(dtype)
        res, ref = _maybe_move_to_cpu(res, ref)
        rtol = RESOLUTION[dtype]
>       torch.testing.assert_close(
            res, ref, atol=atol * reduce_dim, rtol=rtol, equal_nan=equal_nan
        )
E       AssertionError: Tensor-likes are not close!
E       
E       Mismatched elements: 524197 / 1048576 (50.0%)
E       Greatest absolute difference: nan at index (9, 148) (up to 0.0001 allowed)
E       Greatest relative difference: nan at index (9, 148) (up to 0.016 allowed)

../src/flag_gems/testing/__init__.py:85: AssertionError
____________________ test_softmax_out[True-0-dtype2-shape2] ____________________

mod = <triton._C.libtriton.ir.module object at 0x7f9c89d76fc0>
metadata = {'hash': '9ecd54a788e321b9b1675797d3e225d970e54d0c0bef1a2191071b61ba34a743', 'target': GPUTarget(backend='xpu', arch=3, warp_size=1), 'arch': 3, 'grid': <function softmax_out.<locals>.<lambda> at 0x7f9c8a035240>, ...}
opt = XPUOptions(arch=3, grid=<function softmax_out.<locals>.<lambda> at 0x7f9c8a035240>, debug=None, cluster_num=12, core_n...ed_dot_input_precisions=('ieee', 'tf32'), exp_range=':0', num_warps=16, num_ctas=-1, num_stages=1, use_int4_w4a8=False)

    @staticmethod
    def make_ttxir(mod, metadata, opt):
        metadata["xpu_arch"] = opt.arch
        metadata["is_sdnn"] = opt.is_sdnn or xpu.is_sdnn_kernel(mod)
        metadata["tensor_args"] = xpu.get_tensor_args(mod, []) if metadata["is_sdnn"] is True else []
        metadata["shared"] = (-1)  # TODO: invalid value, just to keep CompiledKernel _init_handles() success
    
        max_buffer_size = metadata["buffer_size_limit"]
        elem_bytes = int(os.environ.get("TRITONXPU_ELEMBYTES", 0))
        groups_per_cluster = metadata["groups_per_cluster"]
        unroll_num = metadata["unroll_num"]
        XPUBackend.buffer_len = xpu.get_buffer_len(mod, max_buffer_size, elem_bytes)
        # print(f"XPUBackend.buffer_len = {XPUBackend.buffer_len}")
        core_num = metadata["core_num"]
        # F/O Prefix For Function/Optimization Macro
        is_use_mask_zero = metadata["is_use_mask_zero"]
        if is_use_mask_zero:
            warnings.warn(
                f'XRE Version Must Be More than 5.0.21.37 (After 2025.07.22). And echo 1 > /proc/kunlun/dev4/dma_excp_mask',
                UserWarning)
        TTXPU_F_INTERLEAVE = 0 if metadata["grid"] != (12, 1, 1) else int(os.environ.get("TRITONXPU_INTERLEAVE", 1))
        TTXPU_F_OHTER_VALUE_SIM = int(os.environ.get("TRITONXPU_OTHER_SIM", 0))
        TTXPU_F_STORE_MASK_SIM = int(os.environ.get("TRITONXPU_STORE_MASK_SIM", 0))
        TTXPU_F_DTYPE_CONVERT = 0 if metadata["isCloseDtypeConvert"] else int(
            os.environ.get("TRITONXPU_DTYPE_CONVERT", 1))
        TTXPU_O_ATOMIC_SIM = 0 if metadata["isCLOSE_TTXPU_O_ATOMIC_SIM"] else int(
            os.environ.get("TRITONXPU_ATOMIC_SIM", 1))
        TTXPU_O_CLOSE_OPT = int(os.environ.get("TRITONXPU_CLOSE_OPTIMIZE", 0))
        TTSDNN_F_SINGLE_CORE_MODE = int(os.environ.get("TRITON_SDNN_SINGLE_CODE_MODE", 0))
        TTSDNN_F_MATMUL_FAST_MODE = int(os.environ.get("XMLIR_MATMUL_FAST_MODE", 0))
        TTSDNN_F_DMA_MODE = int(os.environ.get("XMLIR_DMA_FAST_MODE", 0))
    
        if opt.isClusterOneCoreActOnly and TTXPU_F_OHTER_VALUE_SIM:
            assert 0, "isClusterOneCoreActOnly and TRITONXPU_OTHER_SIM can't act simultaneously"
    
        pm = ir.pass_manager(mod.context)
        pm.enable_debug()
        xpu.passes.ttsdnnir.add_tritonsdnn_strip_all_ops_pass(pm, opt.arch)
        if metadata["is_sdnn"]:
            if opt.arch < 4:
                if metadata["use_int4_w4a8"] == True:
                    xpu.passes.ttsdnnir.add_triton_convert_type_pass(pm, opt.arch, 2)
                else:
                    xpu.passes.ttsdnnir.add_triton_convert_type_pass(pm, opt.arch, TTSDNN_F_MATMUL_FAST_MODE)
            xpu.passes.ttsdnnir.add_convert_triton_to_tritonsdnn_pass(pm, opt.arch)
            xpu.passes.ttsdnnir.add_linalg_to_tritonsdnn_pass(pm, opt.arch)
            xpu.passes.ttsdnnir.add_tritonsdnn_legalize_pass(pm, opt.arch)
            xpu.passes.ttsdnnir.add_tritonsdnn_combine_before_pass(pm, opt.arch)
            xpu.passes.ttsdnnir.add_tritonsdnn_bufferize_pass(pm, opt.arch)
            xpu.passes.ttsdnnir.add_tritonsdnn_combine_pass(pm, opt.arch)
            if opt.exp_range != ":0":
                res = parse_floating_range_string(opt.exp_range)
                xpu.passes.ttsdnnir.add_tritonsdnn_ew_act_table_pass(pm, res)
            else:
                xpu.passes.ttsdnnir.add_tritonsdnn_ew_act_table_pass(pm, None)
            xpu.passes.ttsdnnir.add_tritonsdnn_loop_grid_pass(pm)
            if opt.arch == 4 and TTSDNN_F_DMA_MODE:
                xpu.passes.ttsdnnir.add_tritonsdnn_remove_ds_op_pass(pm, opt.arch)
            if not TTSDNN_F_SINGLE_CORE_MODE:
                xpu.passes.ttsdnnir.add_tritonsdnn_pipeline_pass(pm)
    
            xpu.passes.ttsdnnir.add_tritonsdnn_multi_buffer_pass(pm, opt.arch, opt.num_stages)
            passes.common.add_symbol_dce(pm)
            passes.common.add_canonicalizer(pm)
            passes.common.add_cse(pm)
        else:
            xpu.passes.ttxpuir.add_convert_triton_to_tritonxpu_pass(pm, opt.arch, XPUBackend.buffer_len, core_num)
            xpu.passes.ttxpuir.add_tritonxpu_print_pass(pm)
            xpu.passes.ttxpuir.add_tritonxpu_gm2lm_pass(pm, opt.arch, TTXPU_O_ATOMIC_SIM, opt.isClusterOneCoreActOnly,
                                                        is_use_mask_zero)
            if not metadata["isCloseMemoryCache"]:
                xpu.passes.ttxpuir.add_tritonxpu_memory_cache_pass(pm, XPUBackend.buffer_len,
                                                                   core_num) if not TTXPU_O_CLOSE_OPT else None
            passes.common.add_canonicalizer(pm)
            if TTXPU_F_DTYPE_CONVERT:
                xpu.passes.ttxpuir.add_tritonxpu_dtype_convert_pass(pm, opt.arch)
            if not metadata["isCloseCoreTiling"]:
                xpu.passes.ttxpuir.add_tritonxpu_core_tiling_pass(
                    pm, 0, XPUBackend.buffer_len, core_num,
                    groups_per_cluster) if not TTXPU_O_CLOSE_OPT else None  # dumpFlag=0
            # xpu.passes.ttxpuir.add_tritonxpu_lm_to_sm_pass(pm)
            passes.common.add_cse(pm)
            if not metadata["isCloseOffsetAnalysis"]:
                xpu.passes.ttxpuir.add_tritonxpu_offset_state_pass(
                    pm, 0, XPUBackend.buffer_len, is_use_mask_zero) if not TTXPU_O_CLOSE_OPT else None  # dumpFlag=0
            passes.common.add_canonicalizer(pm)
            xpu.passes.ttxpuir.add_tritonxpu_legalize_pass(pm, XPUBackend.buffer_len, core_num, groups_per_cluster,
                                                           is_use_mask_zero)
            passes.common.add_canonicalizer(pm)
            if not TTXPU_F_OHTER_VALUE_SIM:
                xpu.passes.ttxpuir.add_tritonxpu_mask_pass(pm, opt.isClusterOneCoreActOnly, is_use_mask_zero)
            passes.common.add_canonicalizer(pm)
            passes.common.add_cse(pm)
            passes.common.add_licm(pm)
            passes.common.add_symbol_dce(pm)
            if not metadata["isCloseInterleave"] and TTXPU_F_INTERLEAVE:
                xpu.passes.ttxpuir.add_tritonxpu_interleave_pass(pm) if not TTXPU_O_CLOSE_OPT else None
            passes.common.add_canonicalizer(pm)
            if not metadata["isCloseVectorization"]:
                compareFusion = int(os.environ.get("TRITONXPU_COMPARE_FUSION", 0))
                xpu.passes.ttxpuir.add_tritonxpu_vectorize_pass(
                    pm, 0, compareFusion) if not TTXPU_O_CLOSE_OPT else None  # dumpFlag=0
            passes.common.add_canonicalizer(pm)
            xpu.passes.ttxpuir.add_tritonxpu_alloca_pass(pm, XPUBackend.buffer_len, core_num)
            if not metadata["isCloseMemoryAsync"]:
                xpu.passes.ttxpuir.add_tritonxpu_memory_async_pass(pm,
                                                                   0) if not TTXPU_O_CLOSE_OPT else None  # dumpFlag=0
            if not metadata["isCloseUnrollControl"]:
                xpu.passes.ttxpuir.add_tritonxpu_unroll_control_pass(pm, XPUBackend.buffer_len, core_num,
                                                                     is_use_mask_zero,
                                                                     unroll_num) if not TTXPU_O_CLOSE_OPT else None
            xpu.passes.ttxpuir.add_tritonxpu_store_control_pass(pm) if not TTXPU_O_CLOSE_OPT else None
            if not TTXPU_F_OHTER_VALUE_SIM:
                xpu.passes.ttxpuir.add_tritonxpu_other_sim_pass(pm, XPUBackend.buffer_len, core_num)
            xpu.passes.ttxpuir.add_tritonxpu_memory_inplace_pass(pm, XPUBackend.buffer_len,
                                                                 core_num) if not TTXPU_O_CLOSE_OPT else None
            if not metadata["isCloseClusterLoopGrid"]:
                xpu.passes.ttxpuir.add_tritonxpu_cf_to_scf_pass(pm)
                xpu.passes.ttxpuir.add_tritonxpu_loop_grid_pass(pm)
            passes.common.add_cse(pm)
            passes.common.add_licm(pm)
            passes.common.add_symbol_dce(pm)
    
        try:
>           pm.run(mod)
E           RuntimeError: PassManager::run failed

/root/miniconda/envs/python310_torch29_cuda/lib/python3.10/site-packages/triton/backends/xpu/compiler.py:329: RuntimeError

During handling of the above exception, another exception occurred:

shape = (200, 2560, 3), dtype = torch.bfloat16, dim = 0, neg_inf = True

    @pytest.mark.softmax_out
    @pytest.mark.parametrize(
        "shape",
        (
            [(1, 256)]
            if cfg.QUICK_MODE
            else [(1, 256), (4096, 256), (200, 2560, 3), (1, 0, 128, 512)]
        ),
    )
    @pytest.mark.parametrize("dtype", FLOAT_DTYPES)
    @pytest.mark.parametrize("dim", DIM_LIST)
    @pytest.mark.parametrize("neg_inf", [True, False])
    def test_softmax_out(shape, dtype, dim, neg_inf):
        inp = torch.randn(shape, dtype=dtype, device=flag_gems.device)
        if neg_inf:
            inp = torch.where(inp < 0.0, float("-inf"), inp)
        ref_inp = utils.to_reference(inp, True)
    
        ref_out = torch.empty(shape, dtype=ref_inp.dtype, device=ref_inp.device)
        torch.ops.aten._softmax.out(ref_inp, dim, False, out=ref_out)
    
        res_out = torch.empty(shape, dtype=dtype, device=flag_gems.device)
        with flag_gems.use_gems():
>           torch.ops.aten._softmax.out(inp, dim, False, out=res_out)

test_softmax.py:82: 
_ _ _ _ _ _ _ _ _ _ _ _ _ _ _ _ _ _ _ _ _ _ _ _ _ _ _ _ _ _ _ _ _ _ _ _ _ _ _ _ 
/root/miniconda/envs/python310_torch29_cuda/lib/python3.10/site-packages/torch/_ops.py:841: in __call__
    return self._op(*args, **kwargs)
../src/flag_gems/ops/softmax.py:325: in softmax_out
    softmax_kernel_non_inner[grid](
/root/miniconda/envs/python310_torch29_cuda/lib/python3.10/site-packages/triton/runtime/jit.py:364: in <lambda>
    return lambda *args, **kwargs: self.run(grid=grid, warmup=False, *args, **kwargs)
../src/flag_gems/utils/libentry.py:889: in run
    kernel = self.fn.run(*args, **kwargs)
/root/miniconda/envs/python310_torch29_cuda/lib/python3.10/site-packages/triton/runtime/autotuner.py:355: in run
    return self.fn.run(*args, **kwargs)
/root/miniconda/envs/python310_torch29_cuda/lib/python3.10/site-packages/triton/runtime/jit.py:795: in run
    kernel = self.default_run(*args, **kwargs)
/root/miniconda/envs/python310_torch29_cuda/lib/python3.10/site-packages/triton/runtime/jit.py:686: in default_run
    kernel = self.compile(
/root/miniconda/envs/python310_torch29_cuda/lib/python3.10/site-packages/triton/compiler/compiler.py:318: in compile
    next_module = compile_ir(module, metadata)
/root/miniconda/envs/python310_torch29_cuda/lib/python3.10/site-packages/triton/backends/xpu/compiler.py:516: in <lambda>
    stages["ttxir"] = lambda src, metadata: self.make_ttxir(src, metadata, options)
_ _ _ _ _ _ _ _ _ _ _ _ _ _ _ _ _ _ _ _ _ _ _ _ _ _ _ _ _ _ _ _ _ _ _ _ _ _ _ _ 

mod = <triton._C.libtriton.ir.module object at 0x7f9c89d76fc0>
metadata = {'hash': '9ecd54a788e321b9b1675797d3e225d970e54d0c0bef1a2191071b61ba34a743', 'target': GPUTarget(backend='xpu', arch=3, warp_size=1), 'arch': 3, 'grid': <function softmax_out.<locals>.<lambda> at 0x7f9c8a035240>, ...}
opt = XPUOptions(arch=3, grid=<function softmax_out.<locals>.<lambda> at 0x7f9c8a035240>, debug=None, cluster_num=12, core_n...ed_dot_input_precisions=('ieee', 'tf32'), exp_range=':0', num_warps=16, num_ctas=-1, num_stages=1, use_int4_w4a8=False)

    @staticmethod
    def make_ttxir(mod, metadata, opt):
        metadata["xpu_arch"] = opt.arch
        metadata["is_sdnn"] = opt.is_sdnn or xpu.is_sdnn_kernel(mod)
        metadata["tensor_args"] = xpu.get_tensor_args(mod, []) if metadata["is_sdnn"] is True else []
        metadata["shared"] = (-1)  # TODO: invalid value, just to keep CompiledKernel _init_handles() success
    
        max_buffer_size = metadata["buffer_size_limit"]
        elem_bytes = int(os.environ.get("TRITONXPU_ELEMBYTES", 0))
        groups_per_cluster = metadata["groups_per_cluster"]
        unroll_num = metadata["unroll_num"]
        XPUBackend.buffer_len = xpu.get_buffer_len(mod, max_buffer_size, elem_bytes)
        # print(f"XPUBackend.buffer_len = {XPUBackend.buffer_len}")
        core_num = metadata["core_num"]
        # F/O Prefix For Function/Optimization Macro
        is_use_mask_zero = metadata["is_use_mask_zero"]
        if is_use_mask_zero:
            warnings.warn(
                f'XRE Version Must Be More than 5.0.21.37 (After 2025.07.22). And echo 1 > /proc/kunlun/dev4/dma_excp_mask',
                UserWarning)
        TTXPU_F_INTERLEAVE = 0 if metadata["grid"] != (12, 1, 1) else int(os.environ.get("TRITONXPU_INTERLEAVE", 1))
        TTXPU_F_OHTER_VALUE_SIM = int(os.environ.get("TRITONXPU_OTHER_SIM", 0))
        TTXPU_F_STORE_MASK_SIM = int(os.environ.get("TRITONXPU_STORE_MASK_SIM", 0))
        TTXPU_F_DTYPE_CONVERT = 0 if metadata["isCloseDtypeConvert"] else int(
            os.environ.get("TRITONXPU_DTYPE_CONVERT", 1))
        TTXPU_O_ATOMIC_SIM = 0 if metadata["isCLOSE_TTXPU_O_ATOMIC_SIM"] else int(
            os.environ.get("TRITONXPU_ATOMIC_SIM", 1))
        TTXPU_O_CLOSE_OPT = int(os.environ.get("TRITONXPU_CLOSE_OPTIMIZE", 0))
        TTSDNN_F_SINGLE_CORE_MODE = int(os.environ.get("TRITON_SDNN_SINGLE_CODE_MODE", 0))
        TTSDNN_F_MATMUL_FAST_MODE = int(os.environ.get("XMLIR_MATMUL_FAST_MODE", 0))
        TTSDNN_F_DMA_MODE = int(os.environ.get("XMLIR_DMA_FAST_MODE", 0))
    
        if opt.isClusterOneCoreActOnly and TTXPU_F_OHTER_VALUE_SIM:
            assert 0, "isClusterOneCoreActOnly and TRITONXPU_OTHER_SIM can't act simultaneously"
    
        pm = ir.pass_manager(mod.context)
        pm.enable_debug()
        xpu.passes.ttsdnnir.add_tritonsdnn_strip_all_ops_pass(pm, opt.arch)
        if metadata["is_sdnn"]:
            if opt.arch < 4:
                if metadata["use_int4_w4a8"] == True:
                    xpu.passes.ttsdnnir.add_triton_convert_type_pass(pm, opt.arch, 2)
                else:
                    xpu.passes.ttsdnnir.add_triton_convert_type_pass(pm, opt.arch, TTSDNN_F_MATMUL_FAST_MODE)
            xpu.passes.ttsdnnir.add_convert_triton_to_tritonsdnn_pass(pm, opt.arch)
            xpu.passes.ttsdnnir.add_linalg_to_tritonsdnn_pass(pm, opt.arch)
            xpu.passes.ttsdnnir.add_tritonsdnn_legalize_pass(pm, opt.arch)
            xpu.passes.ttsdnnir.add_tritonsdnn_combine_before_pass(pm, opt.arch)
            xpu.passes.ttsdnnir.add_tritonsdnn_bufferize_pass(pm, opt.arch)
            xpu.passes.ttsdnnir.add_tritonsdnn_combine_pass(pm, opt.arch)
            if opt.exp_range != ":0":
                res = parse_floating_range_string(opt.exp_range)
                xpu.passes.ttsdnnir.add_tritonsdnn_ew_act_table_pass(pm, res)
            else:
                xpu.passes.ttsdnnir.add_tritonsdnn_ew_act_table_pass(pm, None)
            xpu.passes.ttsdnnir.add_tritonsdnn_loop_grid_pass(pm)
            if opt.arch == 4 and TTSDNN_F_DMA_MODE:
                xpu.passes.ttsdnnir.add_tritonsdnn_remove_ds_op_pass(pm, opt.arch)
            if not TTSDNN_F_SINGLE_CORE_MODE:
                xpu.passes.ttsdnnir.add_tritonsdnn_pipeline_pass(pm)
    
            xpu.passes.ttsdnnir.add_tritonsdnn_multi_buffer_pass(pm, opt.arch, opt.num_stages)
            passes.common.add_symbol_dce(pm)
            passes.common.add_canonicalizer(pm)
            passes.common.add_cse(pm)
        else:
            xpu.passes.ttxpuir.add_convert_triton_to_tritonxpu_pass(pm, opt.arch, XPUBackend.buffer_len, core_num)
            xpu.passes.ttxpuir.add_tritonxpu_print_pass(pm)
            xpu.passes.ttxpuir.add_tritonxpu_gm2lm_pass(pm, opt.arch, TTXPU_O_ATOMIC_SIM, opt.isClusterOneCoreActOnly,
                                                        is_use_mask_zero)
            if not metadata["isCloseMemoryCache"]:
                xpu.passes.ttxpuir.add_tritonxpu_memory_cache_pass(pm, XPUBackend.buffer_len,
                                                                   core_num) if not TTXPU_O_CLOSE_OPT else None
            passes.common.add_canonicalizer(pm)
            if TTXPU_F_DTYPE_CONVERT:
                xpu.passes.ttxpuir.add_tritonxpu_dtype_convert_pass(pm, opt.arch)
            if not metadata["isCloseCoreTiling"]:
                xpu.passes.ttxpuir.add_tritonxpu_core_tiling_pass(
                    pm, 0, XPUBackend.buffer_len, core_num,
                    groups_per_cluster) if not TTXPU_O_CLOSE_OPT else None  # dumpFlag=0
            # xpu.passes.ttxpuir.add_tritonxpu_lm_to_sm_pass(pm)
            passes.common.add_cse(pm)
            if not metadata["isCloseOffsetAnalysis"]:
                xpu.passes.ttxpuir.add_tritonxpu_offset_state_pass(
                    pm, 0, XPUBackend.buffer_len, is_use_mask_zero) if not TTXPU_O_CLOSE_OPT else None  # dumpFlag=0
            passes.common.add_canonicalizer(pm)
            xpu.passes.ttxpuir.add_tritonxpu_legalize_pass(pm, XPUBackend.buffer_len, core_num, groups_per_cluster,
                                                           is_use_mask_zero)
            passes.common.add_canonicalizer(pm)
            if not TTXPU_F_OHTER_VALUE_SIM:
                xpu.passes.ttxpuir.add_tritonxpu_mask_pass(pm, opt.isClusterOneCoreActOnly, is_use_mask_zero)
            passes.common.add_canonicalizer(pm)
            passes.common.add_cse(pm)
            passes.common.add_licm(pm)
            passes.common.add_symbol_dce(pm)
            if not metadata["isCloseInterleave"] and TTXPU_F_INTERLEAVE:
                xpu.passes.ttxpuir.add_tritonxpu_interleave_pass(pm) if not TTXPU_O_CLOSE_OPT else None
            passes.common.add_canonicalizer(pm)
            if not metadata["isCloseVectorization"]:
                compareFusion = int(os.environ.get("TRITONXPU_COMPARE_FUSION", 0))
                xpu.passes.ttxpuir.add_tritonxpu_vectorize_pass(
                    pm, 0, compareFusion) if not TTXPU_O_CLOSE_OPT else None  # dumpFlag=0
            passes.common.add_canonicalizer(pm)
            xpu.passes.ttxpuir.add_tritonxpu_alloca_pass(pm, XPUBackend.buffer_len, core_num)
            if not metadata["isCloseMemoryAsync"]:
                xpu.passes.ttxpuir.add_tritonxpu_memory_async_pass(pm,
                                                                   0) if not TTXPU_O_CLOSE_OPT else None  # dumpFlag=0
            if not metadata["isCloseUnrollControl"]:
                xpu.passes.ttxpuir.add_tritonxpu_unroll_control_pass(pm, XPUBackend.buffer_len, core_num,
                                                                     is_use_mask_zero,
                                                                     unroll_num) if not TTXPU_O_CLOSE_OPT else None
            xpu.passes.ttxpuir.add_tritonxpu_store_control_pass(pm) if not TTXPU_O_CLOSE_OPT else None
            if not TTXPU_F_OHTER_VALUE_SIM:
                xpu.passes.ttxpuir.add_tritonxpu_other_sim_pass(pm, XPUBackend.buffer_len, core_num)
            xpu.passes.ttxpuir.add_tritonxpu_memory_inplace_pass(pm, XPUBackend.buffer_len,
                                                                 core_num) if not TTXPU_O_CLOSE_OPT else None
            if not metadata["isCloseClusterLoopGrid"]:
                xpu.passes.ttxpuir.add_tritonxpu_cf_to_scf_pass(pm)
                xpu.passes.ttxpuir.add_tritonxpu_loop_grid_pass(pm)
            passes.common.add_cse(pm)
            passes.common.add_licm(pm)
            passes.common.add_symbol_dce(pm)
    
        try:
            pm.run(mod)
        except Exception as e:
            from triton import OutOfResources
>           raise OutOfResources(0, 0, f"uni_sram {e}")
E           triton.runtime.errors.OutOfResources: out of resource: uni_sram PassManager::run failed, Required: 0, Hardware limit: 0. Reducing block sizes or `num_stages` may help.

/root/miniconda/envs/python310_torch29_cuda/lib/python3.10/site-packages/triton/backends/xpu/compiler.py:332: OutOfResources
____________________ test_softmax_out[True-1-dtype0-shape2] ____________________

mod = <triton._C.libtriton.ir.module object at 0x7f9c89f5f330>
metadata = {'hash': 'bb70ea56015fe1a47b63b0a3742eea2426d7d9fa02f346cc336cbeaf81b294d4', 'target': GPUTarget(backend='xpu', arch=3, warp_size=1), 'arch': 3, 'grid': <function softmax_out.<locals>.<lambda> at 0x7f9c8a035090>, ...}
opt = XPUOptions(arch=3, grid=<function softmax_out.<locals>.<lambda> at 0x7f9c8a035090>, debug=None, cluster_num=12, core_n...ed_dot_input_precisions=('ieee', 'tf32'), exp_range=':0', num_warps=16, num_ctas=-1, num_stages=1, use_int4_w4a8=False)

    @staticmethod
    def make_ttxir(mod, metadata, opt):
        metadata["xpu_arch"] = opt.arch
        metadata["is_sdnn"] = opt.is_sdnn or xpu.is_sdnn_kernel(mod)
        metadata["tensor_args"] = xpu.get_tensor_args(mod, []) if metadata["is_sdnn"] is True else []
        metadata["shared"] = (-1)  # TODO: invalid value, just to keep CompiledKernel _init_handles() success
    
        max_buffer_size = metadata["buffer_size_limit"]
        elem_bytes = int(os.environ.get("TRITONXPU_ELEMBYTES", 0))
        groups_per_cluster = metadata["groups_per_cluster"]
        unroll_num = metadata["unroll_num"]
        XPUBackend.buffer_len = xpu.get_buffer_len(mod, max_buffer_size, elem_bytes)
        # print(f"XPUBackend.buffer_len = {XPUBackend.buffer_len}")
        core_num = metadata["core_num"]
        # F/O Prefix For Function/Optimization Macro
        is_use_mask_zero = metadata["is_use_mask_zero"]
        if is_use_mask_zero:
            warnings.warn(
                f'XRE Version Must Be More than 5.0.21.37 (After 2025.07.22). And echo 1 > /proc/kunlun/dev4/dma_excp_mask',
                UserWarning)
        TTXPU_F_INTERLEAVE = 0 if metadata["grid"] != (12, 1, 1) else int(os.environ.get("TRITONXPU_INTERLEAVE", 1))
        TTXPU_F_OHTER_VALUE_SIM = int(os.environ.get("TRITONXPU_OTHER_SIM", 0))
        TTXPU_F_STORE_MASK_SIM = int(os.environ.get("TRITONXPU_STORE_MASK_SIM", 0))
        TTXPU_F_DTYPE_CONVERT = 0 if metadata["isCloseDtypeConvert"] else int(
            os.environ.get("TRITONXPU_DTYPE_CONVERT", 1))
        TTXPU_O_ATOMIC_SIM = 0 if metadata["isCLOSE_TTXPU_O_ATOMIC_SIM"] else int(
            os.environ.get("TRITONXPU_ATOMIC_SIM", 1))
        TTXPU_O_CLOSE_OPT = int(os.environ.get("TRITONXPU_CLOSE_OPTIMIZE", 0))
        TTSDNN_F_SINGLE_CORE_MODE = int(os.environ.get("TRITON_SDNN_SINGLE_CODE_MODE", 0))
        TTSDNN_F_MATMUL_FAST_MODE = int(os.environ.get("XMLIR_MATMUL_FAST_MODE", 0))
        TTSDNN_F_DMA_MODE = int(os.environ.get("XMLIR_DMA_FAST_MODE", 0))
    
        if opt.isClusterOneCoreActOnly and TTXPU_F_OHTER_VALUE_SIM:
            assert 0, "isClusterOneCoreActOnly and TRITONXPU_OTHER_SIM can't act simultaneously"
    
        pm = ir.pass_manager(mod.context)
        pm.enable_debug()
        xpu.passes.ttsdnnir.add_tritonsdnn_strip_all_ops_pass(pm, opt.arch)
        if metadata["is_sdnn"]:
            if opt.arch < 4:
                if metadata["use_int4_w4a8"] == True:
                    xpu.passes.ttsdnnir.add_triton_convert_type_pass(pm, opt.arch, 2)
                else:
                    xpu.passes.ttsdnnir.add_triton_convert_type_pass(pm, opt.arch, TTSDNN_F_MATMUL_FAST_MODE)
            xpu.passes.ttsdnnir.add_convert_triton_to_tritonsdnn_pass(pm, opt.arch)
            xpu.passes.ttsdnnir.add_linalg_to_tritonsdnn_pass(pm, opt.arch)
            xpu.passes.ttsdnnir.add_tritonsdnn_legalize_pass(pm, opt.arch)
            xpu.passes.ttsdnnir.add_tritonsdnn_combine_before_pass(pm, opt.arch)
            xpu.passes.ttsdnnir.add_tritonsdnn_bufferize_pass(pm, opt.arch)
            xpu.passes.ttsdnnir.add_tritonsdnn_combine_pass(pm, opt.arch)
            if opt.exp_range != ":0":
                res = parse_floating_range_string(opt.exp_range)
                xpu.passes.ttsdnnir.add_tritonsdnn_ew_act_table_pass(pm, res)
            else:
                xpu.passes.ttsdnnir.add_tritonsdnn_ew_act_table_pass(pm, None)
            xpu.passes.ttsdnnir.add_tritonsdnn_loop_grid_pass(pm)
            if opt.arch == 4 and TTSDNN_F_DMA_MODE:
                xpu.passes.ttsdnnir.add_tritonsdnn_remove_ds_op_pass(pm, opt.arch)
            if not TTSDNN_F_SINGLE_CORE_MODE:
                xpu.passes.ttsdnnir.add_tritonsdnn_pipeline_pass(pm)
    
            xpu.passes.ttsdnnir.add_tritonsdnn_multi_buffer_pass(pm, opt.arch, opt.num_stages)
            passes.common.add_symbol_dce(pm)
            passes.common.add_canonicalizer(pm)
            passes.common.add_cse(pm)
        else:
            xpu.passes.ttxpuir.add_convert_triton_to_tritonxpu_pass(pm, opt.arch, XPUBackend.buffer_len, core_num)
            xpu.passes.ttxpuir.add_tritonxpu_print_pass(pm)
            xpu.passes.ttxpuir.add_tritonxpu_gm2lm_pass(pm, opt.arch, TTXPU_O_ATOMIC_SIM, opt.isClusterOneCoreActOnly,
                                                        is_use_mask_zero)
            if not metadata["isCloseMemoryCache"]:
                xpu.passes.ttxpuir.add_tritonxpu_memory_cache_pass(pm, XPUBackend.buffer_len,
                                                                   core_num) if not TTXPU_O_CLOSE_OPT else None
            passes.common.add_canonicalizer(pm)
            if TTXPU_F_DTYPE_CONVERT:
                xpu.passes.ttxpuir.add_tritonxpu_dtype_convert_pass(pm, opt.arch)
            if not metadata["isCloseCoreTiling"]:
                xpu.passes.ttxpuir.add_tritonxpu_core_tiling_pass(
                    pm, 0, XPUBackend.buffer_len, core_num,
                    groups_per_cluster) if not TTXPU_O_CLOSE_OPT else None  # dumpFlag=0
            # xpu.passes.ttxpuir.add_tritonxpu_lm_to_sm_pass(pm)
            passes.common.add_cse(pm)
            if not metadata["isCloseOffsetAnalysis"]:
                xpu.passes.ttxpuir.add_tritonxpu_offset_state_pass(
                    pm, 0, XPUBackend.buffer_len, is_use_mask_zero) if not TTXPU_O_CLOSE_OPT else None  # dumpFlag=0
            passes.common.add_canonicalizer(pm)
            xpu.passes.ttxpuir.add_tritonxpu_legalize_pass(pm, XPUBackend.buffer_len, core_num, groups_per_cluster,
                                                           is_use_mask_zero)
            passes.common.add_canonicalizer(pm)
            if not TTXPU_F_OHTER_VALUE_SIM:
                xpu.passes.ttxpuir.add_tritonxpu_mask_pass(pm, opt.isClusterOneCoreActOnly, is_use_mask_zero)
            passes.common.add_canonicalizer(pm)
            passes.common.add_cse(pm)
            passes.common.add_licm(pm)
            passes.common.add_symbol_dce(pm)
            if not metadata["isCloseInterleave"] and TTXPU_F_INTERLEAVE:
                xpu.passes.ttxpuir.add_tritonxpu_interleave_pass(pm) if not TTXPU_O_CLOSE_OPT else None
            passes.common.add_canonicalizer(pm)
            if not metadata["isCloseVectorization"]:
                compareFusion = int(os.environ.get("TRITONXPU_COMPARE_FUSION", 0))
                xpu.passes.ttxpuir.add_tritonxpu_vectorize_pass(
                    pm, 0, compareFusion) if not TTXPU_O_CLOSE_OPT else None  # dumpFlag=0
            passes.common.add_canonicalizer(pm)
            xpu.passes.ttxpuir.add_tritonxpu_alloca_pass(pm, XPUBackend.buffer_len, core_num)
            if not metadata["isCloseMemoryAsync"]:
                xpu.passes.ttxpuir.add_tritonxpu_memory_async_pass(pm,
                                                                   0) if not TTXPU_O_CLOSE_OPT else None  # dumpFlag=0
            if not metadata["isCloseUnrollControl"]:
                xpu.passes.ttxpuir.add_tritonxpu_unroll_control_pass(pm, XPUBackend.buffer_len, core_num,
                                                                     is_use_mask_zero,
                                                                     unroll_num) if not TTXPU_O_CLOSE_OPT else None
            xpu.passes.ttxpuir.add_tritonxpu_store_control_pass(pm) if not TTXPU_O_CLOSE_OPT else None
            if not TTXPU_F_OHTER_VALUE_SIM:
                xpu.passes.ttxpuir.add_tritonxpu_other_sim_pass(pm, XPUBackend.buffer_len, core_num)
            xpu.passes.ttxpuir.add_tritonxpu_memory_inplace_pass(pm, XPUBackend.buffer_len,
                                                                 core_num) if not TTXPU_O_CLOSE_OPT else None
            if not metadata["isCloseClusterLoopGrid"]:
                xpu.passes.ttxpuir.add_tritonxpu_cf_to_scf_pass(pm)
                xpu.passes.ttxpuir.add_tritonxpu_loop_grid_pass(pm)
            passes.common.add_cse(pm)
            passes.common.add_licm(pm)
            passes.common.add_symbol_dce(pm)
    
        try:
>           pm.run(mod)
E           RuntimeError: PassManager::run failed

/root/miniconda/envs/python310_torch29_cuda/lib/python3.10/site-packages/triton/backends/xpu/compiler.py:329: RuntimeError

During handling of the above exception, another exception occurred:

shape = (200, 2560, 3), dtype = torch.float16, dim = 1, neg_inf = True

    @pytest.mark.softmax_out
    @pytest.mark.parametrize(
        "shape",
        (
            [(1, 256)]
            if cfg.QUICK_MODE
            else [(1, 256), (4096, 256), (200, 2560, 3), (1, 0, 128, 512)]
        ),
    )
    @pytest.mark.parametrize("dtype", FLOAT_DTYPES)
    @pytest.mark.parametrize("dim", DIM_LIST)
    @pytest.mark.parametrize("neg_inf", [True, False])
    def test_softmax_out(shape, dtype, dim, neg_inf):
        inp = torch.randn(shape, dtype=dtype, device=flag_gems.device)
        if neg_inf:
            inp = torch.where(inp < 0.0, float("-inf"), inp)
        ref_inp = utils.to_reference(inp, True)
    
        ref_out = torch.empty(shape, dtype=ref_inp.dtype, device=ref_inp.device)
        torch.ops.aten._softmax.out(ref_inp, dim, False, out=ref_out)
    
        res_out = torch.empty(shape, dtype=dtype, device=flag_gems.device)
        with flag_gems.use_gems():
>           torch.ops.aten._softmax.out(inp, dim, False, out=res_out)

test_softmax.py:82: 
_ _ _ _ _ _ _ _ _ _ _ _ _ _ _ _ _ _ _ _ _ _ _ _ _ _ _ _ _ _ _ _ _ _ _ _ _ _ _ _ 
/root/miniconda/envs/python310_torch29_cuda/lib/python3.10/site-packages/torch/_ops.py:841: in __call__
    return self._op(*args, **kwargs)
../src/flag_gems/ops/softmax.py:325: in softmax_out
    softmax_kernel_non_inner[grid](
/root/miniconda/envs/python310_torch29_cuda/lib/python3.10/site-packages/triton/runtime/jit.py:364: in <lambda>
    return lambda *args, **kwargs: self.run(grid=grid, warmup=False, *args, **kwargs)
../src/flag_gems/utils/libentry.py:889: in run
    kernel = self.fn.run(*args, **kwargs)
/root/miniconda/envs/python310_torch29_cuda/lib/python3.10/site-packages/triton/runtime/autotuner.py:355: in run
    return self.fn.run(*args, **kwargs)
/root/miniconda/envs/python310_torch29_cuda/lib/python3.10/site-packages/triton/runtime/jit.py:795: in run
    kernel = self.default_run(*args, **kwargs)
/root/miniconda/envs/python310_torch29_cuda/lib/python3.10/site-packages/triton/runtime/jit.py:686: in default_run
    kernel = self.compile(
/root/miniconda/envs/python310_torch29_cuda/lib/python3.10/site-packages/triton/compiler/compiler.py:318: in compile
    next_module = compile_ir(module, metadata)
/root/miniconda/envs/python310_torch29_cuda/lib/python3.10/site-packages/triton/backends/xpu/compiler.py:516: in <lambda>
    stages["ttxir"] = lambda src, metadata: self.make_ttxir(src, metadata, options)
_ _ _ _ _ _ _ _ _ _ _ _ _ _ _ _ _ _ _ _ _ _ _ _ _ _ _ _ _ _ _ _ _ _ _ _ _ _ _ _ 

mod = <triton._C.libtriton.ir.module object at 0x7f9c89f5f330>
metadata = {'hash': 'bb70ea56015fe1a47b63b0a3742eea2426d7d9fa02f346cc336cbeaf81b294d4', 'target': GPUTarget(backend='xpu', arch=3, warp_size=1), 'arch': 3, 'grid': <function softmax_out.<locals>.<lambda> at 0x7f9c8a035090>, ...}
opt = XPUOptions(arch=3, grid=<function softmax_out.<locals>.<lambda> at 0x7f9c8a035090>, debug=None, cluster_num=12, core_n...ed_dot_input_precisions=('ieee', 'tf32'), exp_range=':0', num_warps=16, num_ctas=-1, num_stages=1, use_int4_w4a8=False)

    @staticmethod
    def make_ttxir(mod, metadata, opt):
        metadata["xpu_arch"] = opt.arch
        metadata["is_sdnn"] = opt.is_sdnn or xpu.is_sdnn_kernel(mod)
        metadata["tensor_args"] = xpu.get_tensor_args(mod, []) if metadata["is_sdnn"] is True else []
        metadata["shared"] = (-1)  # TODO: invalid value, just to keep CompiledKernel _init_handles() success
    
        max_buffer_size = metadata["buffer_size_limit"]
        elem_bytes = int(os.environ.get("TRITONXPU_ELEMBYTES", 0))
        groups_per_cluster = metadata["groups_per_cluster"]
        unroll_num = metadata["unroll_num"]
        XPUBackend.buffer_len = xpu.get_buffer_len(mod, max_buffer_size, elem_bytes)
        # print(f"XPUBackend.buffer_len = {XPUBackend.buffer_len}")
        core_num = metadata["core_num"]
        # F/O Prefix For Function/Optimization Macro
        is_use_mask_zero = metadata["is_use_mask_zero"]
        if is_use_mask_zero:
            warnings.warn(
                f'XRE Version Must Be More than 5.0.21.37 (After 2025.07.22). And echo 1 > /proc/kunlun/dev4/dma_excp_mask',
                UserWarning)
        TTXPU_F_INTERLEAVE = 0 if metadata["grid"] != (12, 1, 1) else int(os.environ.get("TRITONXPU_INTERLEAVE", 1))
        TTXPU_F_OHTER_VALUE_SIM = int(os.environ.get("TRITONXPU_OTHER_SIM", 0))
        TTXPU_F_STORE_MASK_SIM = int(os.environ.get("TRITONXPU_STORE_MASK_SIM", 0))
        TTXPU_F_DTYPE_CONVERT = 0 if metadata["isCloseDtypeConvert"] else int(
            os.environ.get("TRITONXPU_DTYPE_CONVERT", 1))
        TTXPU_O_ATOMIC_SIM = 0 if metadata["isCLOSE_TTXPU_O_ATOMIC_SIM"] else int(
            os.environ.get("TRITONXPU_ATOMIC_SIM", 1))
        TTXPU_O_CLOSE_OPT = int(os.environ.get("TRITONXPU_CLOSE_OPTIMIZE", 0))
        TTSDNN_F_SINGLE_CORE_MODE = int(os.environ.get("TRITON_SDNN_SINGLE_CODE_MODE", 0))
        TTSDNN_F_MATMUL_FAST_MODE = int(os.environ.get("XMLIR_MATMUL_FAST_MODE", 0))
        TTSDNN_F_DMA_MODE = int(os.environ.get("XMLIR_DMA_FAST_MODE", 0))
    
        if opt.isClusterOneCoreActOnly and TTXPU_F_OHTER_VALUE_SIM:
            assert 0, "isClusterOneCoreActOnly and TRITONXPU_OTHER_SIM can't act simultaneously"
    
        pm = ir.pass_manager(mod.context)
        pm.enable_debug()
        xpu.passes.ttsdnnir.add_tritonsdnn_strip_all_ops_pass(pm, opt.arch)
        if metadata["is_sdnn"]:
            if opt.arch < 4:
                if metadata["use_int4_w4a8"] == True:
                    xpu.passes.ttsdnnir.add_triton_convert_type_pass(pm, opt.arch, 2)
                else:
                    xpu.passes.ttsdnnir.add_triton_convert_type_pass(pm, opt.arch, TTSDNN_F_MATMUL_FAST_MODE)
            xpu.passes.ttsdnnir.add_convert_triton_to_tritonsdnn_pass(pm, opt.arch)
            xpu.passes.ttsdnnir.add_linalg_to_tritonsdnn_pass(pm, opt.arch)
            xpu.passes.ttsdnnir.add_tritonsdnn_legalize_pass(pm, opt.arch)
            xpu.passes.ttsdnnir.add_tritonsdnn_combine_before_pass(pm, opt.arch)
            xpu.passes.ttsdnnir.add_tritonsdnn_bufferize_pass(pm, opt.arch)
            xpu.passes.ttsdnnir.add_tritonsdnn_combine_pass(pm, opt.arch)
            if opt.exp_range != ":0":
                res = parse_floating_range_string(opt.exp_range)
                xpu.passes.ttsdnnir.add_tritonsdnn_ew_act_table_pass(pm, res)
            else:
                xpu.passes.ttsdnnir.add_tritonsdnn_ew_act_table_pass(pm, None)
            xpu.passes.ttsdnnir.add_tritonsdnn_loop_grid_pass(pm)
            if opt.arch == 4 and TTSDNN_F_DMA_MODE:
                xpu.passes.ttsdnnir.add_tritonsdnn_remove_ds_op_pass(pm, opt.arch)
            if not TTSDNN_F_SINGLE_CORE_MODE:
                xpu.passes.ttsdnnir.add_tritonsdnn_pipeline_pass(pm)
    
            xpu.passes.ttsdnnir.add_tritonsdnn_multi_buffer_pass(pm, opt.arch, opt.num_stages)
            passes.common.add_symbol_dce(pm)
            passes.common.add_canonicalizer(pm)
            passes.common.add_cse(pm)
        else:
            xpu.passes.ttxpuir.add_convert_triton_to_tritonxpu_pass(pm, opt.arch, XPUBackend.buffer_len, core_num)
            xpu.passes.ttxpuir.add_tritonxpu_print_pass(pm)
            xpu.passes.ttxpuir.add_tritonxpu_gm2lm_pass(pm, opt.arch, TTXPU_O_ATOMIC_SIM, opt.isClusterOneCoreActOnly,
                                                        is_use_mask_zero)
            if not metadata["isCloseMemoryCache"]:
                xpu.passes.ttxpuir.add_tritonxpu_memory_cache_pass(pm, XPUBackend.buffer_len,
                                                                   core_num) if not TTXPU_O_CLOSE_OPT else None
            passes.common.add_canonicalizer(pm)
            if TTXPU_F_DTYPE_CONVERT:
                xpu.passes.ttxpuir.add_tritonxpu_dtype_convert_pass(pm, opt.arch)
            if not metadata["isCloseCoreTiling"]:
                xpu.passes.ttxpuir.add_tritonxpu_core_tiling_pass(
                    pm, 0, XPUBackend.buffer_len, core_num,
                    groups_per_cluster) if not TTXPU_O_CLOSE_OPT else None  # dumpFlag=0
            # xpu.passes.ttxpuir.add_tritonxpu_lm_to_sm_pass(pm)
            passes.common.add_cse(pm)
            if not metadata["isCloseOffsetAnalysis"]:
                xpu.passes.ttxpuir.add_tritonxpu_offset_state_pass(
                    pm, 0, XPUBackend.buffer_len, is_use_mask_zero) if not TTXPU_O_CLOSE_OPT else None  # dumpFlag=0
            passes.common.add_canonicalizer(pm)
            xpu.passes.ttxpuir.add_tritonxpu_legalize_pass(pm, XPUBackend.buffer_len, core_num, groups_per_cluster,
                                                           is_use_mask_zero)
            passes.common.add_canonicalizer(pm)
            if not TTXPU_F_OHTER_VALUE_SIM:
                xpu.passes.ttxpuir.add_tritonxpu_mask_pass(pm, opt.isClusterOneCoreActOnly, is_use_mask_zero)
            passes.common.add_canonicalizer(pm)
            passes.common.add_cse(pm)
            passes.common.add_licm(pm)
            passes.common.add_symbol_dce(pm)
            if not metadata["isCloseInterleave"] and TTXPU_F_INTERLEAVE:
                xpu.passes.ttxpuir.add_tritonxpu_interleave_pass(pm) if not TTXPU_O_CLOSE_OPT else None
            passes.common.add_canonicalizer(pm)
            if not metadata["isCloseVectorization"]:
                compareFusion = int(os.environ.get("TRITONXPU_COMPARE_FUSION", 0))
                xpu.passes.ttxpuir.add_tritonxpu_vectorize_pass(
                    pm, 0, compareFusion) if not TTXPU_O_CLOSE_OPT else None  # dumpFlag=0
            passes.common.add_canonicalizer(pm)
            xpu.passes.ttxpuir.add_tritonxpu_alloca_pass(pm, XPUBackend.buffer_len, core_num)
            if not metadata["isCloseMemoryAsync"]:
                xpu.passes.ttxpuir.add_tritonxpu_memory_async_pass(pm,
                                                                   0) if not TTXPU_O_CLOSE_OPT else None  # dumpFlag=0
            if not metadata["isCloseUnrollControl"]:
                xpu.passes.ttxpuir.add_tritonxpu_unroll_control_pass(pm, XPUBackend.buffer_len, core_num,
                                                                     is_use_mask_zero,
                                                                     unroll_num) if not TTXPU_O_CLOSE_OPT else None
            xpu.passes.ttxpuir.add_tritonxpu_store_control_pass(pm) if not TTXPU_O_CLOSE_OPT else None
            if not TTXPU_F_OHTER_VALUE_SIM:
                xpu.passes.ttxpuir.add_tritonxpu_other_sim_pass(pm, XPUBackend.buffer_len, core_num)
            xpu.passes.ttxpuir.add_tritonxpu_memory_inplace_pass(pm, XPUBackend.buffer_len,
                                                                 core_num) if not TTXPU_O_CLOSE_OPT else None
            if not metadata["isCloseClusterLoopGrid"]:
                xpu.passes.ttxpuir.add_tritonxpu_cf_to_scf_pass(pm)
                xpu.passes.ttxpuir.add_tritonxpu_loop_grid_pass(pm)
            passes.common.add_cse(pm)
            passes.common.add_licm(pm)
            passes.common.add_symbol_dce(pm)
    
        try:
            pm.run(mod)
        except Exception as e:
            from triton import OutOfResources
>           raise OutOfResources(0, 0, f"uni_sram {e}")
E           triton.runtime.errors.OutOfResources: out of resource: uni_sram PassManager::run failed, Required: 0, Hardware limit: 0. Reducing block sizes or `num_stages` may help.

/root/miniconda/envs/python310_torch29_cuda/lib/python3.10/site-packages/triton/backends/xpu/compiler.py:332: OutOfResources
____________________ test_softmax_out[True-1-dtype1-shape2] ____________________

mod = <triton._C.libtriton.ir.module object at 0x7f9c89d758a0>
metadata = {'hash': '54ce0e9823fa716cbfe8b5518d60c14db45d4fe13146fbe922265fd3cc567a9a', 'target': GPUTarget(backend='xpu', arch=3, warp_size=1), 'arch': 3, 'grid': <function softmax_out.<locals>.<lambda> at 0x7f9c8a0343a0>, ...}
opt = XPUOptions(arch=3, grid=<function softmax_out.<locals>.<lambda> at 0x7f9c8a0343a0>, debug=None, cluster_num=12, core_n...ed_dot_input_precisions=('ieee', 'tf32'), exp_range=':0', num_warps=16, num_ctas=-1, num_stages=1, use_int4_w4a8=False)

    @staticmethod
    def make_ttxir(mod, metadata, opt):
        metadata["xpu_arch"] = opt.arch
        metadata["is_sdnn"] = opt.is_sdnn or xpu.is_sdnn_kernel(mod)
        metadata["tensor_args"] = xpu.get_tensor_args(mod, []) if metadata["is_sdnn"] is True else []
        metadata["shared"] = (-1)  # TODO: invalid value, just to keep CompiledKernel _init_handles() success
    
        max_buffer_size = metadata["buffer_size_limit"]
        elem_bytes = int(os.environ.get("TRITONXPU_ELEMBYTES", 0))
        groups_per_cluster = metadata["groups_per_cluster"]
        unroll_num = metadata["unroll_num"]
        XPUBackend.buffer_len = xpu.get_buffer_len(mod, max_buffer_size, elem_bytes)
        # print(f"XPUBackend.buffer_len = {XPUBackend.buffer_len}")
        core_num = metadata["core_num"]
        # F/O Prefix For Function/Optimization Macro
        is_use_mask_zero = metadata["is_use_mask_zero"]
        if is_use_mask_zero:
            warnings.warn(
                f'XRE Version Must Be More than 5.0.21.37 (After 2025.07.22). And echo 1 > /proc/kunlun/dev4/dma_excp_mask',
                UserWarning)
        TTXPU_F_INTERLEAVE = 0 if metadata["grid"] != (12, 1, 1) else int(os.environ.get("TRITONXPU_INTERLEAVE", 1))
        TTXPU_F_OHTER_VALUE_SIM = int(os.environ.get("TRITONXPU_OTHER_SIM", 0))
        TTXPU_F_STORE_MASK_SIM = int(os.environ.get("TRITONXPU_STORE_MASK_SIM", 0))
        TTXPU_F_DTYPE_CONVERT = 0 if metadata["isCloseDtypeConvert"] else int(
            os.environ.get("TRITONXPU_DTYPE_CONVERT", 1))
        TTXPU_O_ATOMIC_SIM = 0 if metadata["isCLOSE_TTXPU_O_ATOMIC_SIM"] else int(
            os.environ.get("TRITONXPU_ATOMIC_SIM", 1))
        TTXPU_O_CLOSE_OPT = int(os.environ.get("TRITONXPU_CLOSE_OPTIMIZE", 0))
        TTSDNN_F_SINGLE_CORE_MODE = int(os.environ.get("TRITON_SDNN_SINGLE_CODE_MODE", 0))
        TTSDNN_F_MATMUL_FAST_MODE = int(os.environ.get("XMLIR_MATMUL_FAST_MODE", 0))
        TTSDNN_F_DMA_MODE = int(os.environ.get("XMLIR_DMA_FAST_MODE", 0))
    
        if opt.isClusterOneCoreActOnly and TTXPU_F_OHTER_VALUE_SIM:
            assert 0, "isClusterOneCoreActOnly and TRITONXPU_OTHER_SIM can't act simultaneously"
    
        pm = ir.pass_manager(mod.context)
        pm.enable_debug()
        xpu.passes.ttsdnnir.add_tritonsdnn_strip_all_ops_pass(pm, opt.arch)
        if metadata["is_sdnn"]:
            if opt.arch < 4:
                if metadata["use_int4_w4a8"] == True:
                    xpu.passes.ttsdnnir.add_triton_convert_type_pass(pm, opt.arch, 2)
                else:
                    xpu.passes.ttsdnnir.add_triton_convert_type_pass(pm, opt.arch, TTSDNN_F_MATMUL_FAST_MODE)
            xpu.passes.ttsdnnir.add_convert_triton_to_tritonsdnn_pass(pm, opt.arch)
            xpu.passes.ttsdnnir.add_linalg_to_tritonsdnn_pass(pm, opt.arch)
            xpu.passes.ttsdnnir.add_tritonsdnn_legalize_pass(pm, opt.arch)
            xpu.passes.ttsdnnir.add_tritonsdnn_combine_before_pass(pm, opt.arch)
            xpu.passes.ttsdnnir.add_tritonsdnn_bufferize_pass(pm, opt.arch)
            xpu.passes.ttsdnnir.add_tritonsdnn_combine_pass(pm, opt.arch)
            if opt.exp_range != ":0":
                res = parse_floating_range_string(opt.exp_range)
                xpu.passes.ttsdnnir.add_tritonsdnn_ew_act_table_pass(pm, res)
            else:
                xpu.passes.ttsdnnir.add_tritonsdnn_ew_act_table_pass(pm, None)
            xpu.passes.ttsdnnir.add_tritonsdnn_loop_grid_pass(pm)
            if opt.arch == 4 and TTSDNN_F_DMA_MODE:
                xpu.passes.ttsdnnir.add_tritonsdnn_remove_ds_op_pass(pm, opt.arch)
            if not TTSDNN_F_SINGLE_CORE_MODE:
                xpu.passes.ttsdnnir.add_tritonsdnn_pipeline_pass(pm)
    
            xpu.passes.ttsdnnir.add_tritonsdnn_multi_buffer_pass(pm, opt.arch, opt.num_stages)
            passes.common.add_symbol_dce(pm)
            passes.common.add_canonicalizer(pm)
            passes.common.add_cse(pm)
        else:
            xpu.passes.ttxpuir.add_convert_triton_to_tritonxpu_pass(pm, opt.arch, XPUBackend.buffer_len, core_num)
            xpu.passes.ttxpuir.add_tritonxpu_print_pass(pm)
            xpu.passes.ttxpuir.add_tritonxpu_gm2lm_pass(pm, opt.arch, TTXPU_O_ATOMIC_SIM, opt.isClusterOneCoreActOnly,
                                                        is_use_mask_zero)
            if not metadata["isCloseMemoryCache"]:
                xpu.passes.ttxpuir.add_tritonxpu_memory_cache_pass(pm, XPUBackend.buffer_len,
                                                                   core_num) if not TTXPU_O_CLOSE_OPT else None
            passes.common.add_canonicalizer(pm)
            if TTXPU_F_DTYPE_CONVERT:
                xpu.passes.ttxpuir.add_tritonxpu_dtype_convert_pass(pm, opt.arch)
            if not metadata["isCloseCoreTiling"]:
                xpu.passes.ttxpuir.add_tritonxpu_core_tiling_pass(
                    pm, 0, XPUBackend.buffer_len, core_num,
                    groups_per_cluster) if not TTXPU_O_CLOSE_OPT else None  # dumpFlag=0
            # xpu.passes.ttxpuir.add_tritonxpu_lm_to_sm_pass(pm)
            passes.common.add_cse(pm)
            if not metadata["isCloseOffsetAnalysis"]:
                xpu.passes.ttxpuir.add_tritonxpu_offset_state_pass(
                    pm, 0, XPUBackend.buffer_len, is_use_mask_zero) if not TTXPU_O_CLOSE_OPT else None  # dumpFlag=0
            passes.common.add_canonicalizer(pm)
            xpu.passes.ttxpuir.add_tritonxpu_legalize_pass(pm, XPUBackend.buffer_len, core_num, groups_per_cluster,
                                                           is_use_mask_zero)
            passes.common.add_canonicalizer(pm)
            if not TTXPU_F_OHTER_VALUE_SIM:
                xpu.passes.ttxpuir.add_tritonxpu_mask_pass(pm, opt.isClusterOneCoreActOnly, is_use_mask_zero)
            passes.common.add_canonicalizer(pm)
            passes.common.add_cse(pm)
            passes.common.add_licm(pm)
            passes.common.add_symbol_dce(pm)
            if not metadata["isCloseInterleave"] and TTXPU_F_INTERLEAVE:
                xpu.passes.ttxpuir.add_tritonxpu_interleave_pass(pm) if not TTXPU_O_CLOSE_OPT else None
            passes.common.add_canonicalizer(pm)
            if not metadata["isCloseVectorization"]:
                compareFusion = int(os.environ.get("TRITONXPU_COMPARE_FUSION", 0))
                xpu.passes.ttxpuir.add_tritonxpu_vectorize_pass(
                    pm, 0, compareFusion) if not TTXPU_O_CLOSE_OPT else None  # dumpFlag=0
            passes.common.add_canonicalizer(pm)
            xpu.passes.ttxpuir.add_tritonxpu_alloca_pass(pm, XPUBackend.buffer_len, core_num)
            if not metadata["isCloseMemoryAsync"]:
                xpu.passes.ttxpuir.add_tritonxpu_memory_async_pass(pm,
                                                                   0) if not TTXPU_O_CLOSE_OPT else None  # dumpFlag=0
            if not metadata["isCloseUnrollControl"]:
                xpu.passes.ttxpuir.add_tritonxpu_unroll_control_pass(pm, XPUBackend.buffer_len, core_num,
                                                                     is_use_mask_zero,
                                                                     unroll_num) if not TTXPU_O_CLOSE_OPT else None
            xpu.passes.ttxpuir.add_tritonxpu_store_control_pass(pm) if not TTXPU_O_CLOSE_OPT else None
            if not TTXPU_F_OHTER_VALUE_SIM:
                xpu.passes.ttxpuir.add_tritonxpu_other_sim_pass(pm, XPUBackend.buffer_len, core_num)
            xpu.passes.ttxpuir.add_tritonxpu_memory_inplace_pass(pm, XPUBackend.buffer_len,
                                                                 core_num) if not TTXPU_O_CLOSE_OPT else None
            if not metadata["isCloseClusterLoopGrid"]:
                xpu.passes.ttxpuir.add_tritonxpu_cf_to_scf_pass(pm)
                xpu.passes.ttxpuir.add_tritonxpu_loop_grid_pass(pm)
            passes.common.add_cse(pm)
            passes.common.add_licm(pm)
            passes.common.add_symbol_dce(pm)
    
        try:
>           pm.run(mod)
E           RuntimeError: PassManager::run failed

/root/miniconda/envs/python310_torch29_cuda/lib/python3.10/site-packages/triton/backends/xpu/compiler.py:329: RuntimeError

During handling of the above exception, another exception occurred:

shape = (200, 2560, 3), dtype = torch.float32, dim = 1, neg_inf = True

    @pytest.mark.softmax_out
    @pytest.mark.parametrize(
        "shape",
        (
            [(1, 256)]
            if cfg.QUICK_MODE
            else [(1, 256), (4096, 256), (200, 2560, 3), (1, 0, 128, 512)]
        ),
    )
    @pytest.mark.parametrize("dtype", FLOAT_DTYPES)
    @pytest.mark.parametrize("dim", DIM_LIST)
    @pytest.mark.parametrize("neg_inf", [True, False])
    def test_softmax_out(shape, dtype, dim, neg_inf):
        inp = torch.randn(shape, dtype=dtype, device=flag_gems.device)
        if neg_inf:
            inp = torch.where(inp < 0.0, float("-inf"), inp)
        ref_inp = utils.to_reference(inp, True)
    
        ref_out = torch.empty(shape, dtype=ref_inp.dtype, device=ref_inp.device)
        torch.ops.aten._softmax.out(ref_inp, dim, False, out=ref_out)
    
        res_out = torch.empty(shape, dtype=dtype, device=flag_gems.device)
        with flag_gems.use_gems():
>           torch.ops.aten._softmax.out(inp, dim, False, out=res_out)

test_softmax.py:82: 
_ _ _ _ _ _ _ _ _ _ _ _ _ _ _ _ _ _ _ _ _ _ _ _ _ _ _ _ _ _ _ _ _ _ _ _ _ _ _ _ 
/root/miniconda/envs/python310_torch29_cuda/lib/python3.10/site-packages/torch/_ops.py:841: in __call__
    return self._op(*args, **kwargs)
../src/flag_gems/ops/softmax.py:325: in softmax_out
    softmax_kernel_non_inner[grid](
/root/miniconda/envs/python310_torch29_cuda/lib/python3.10/site-packages/triton/runtime/jit.py:364: in <lambda>
    return lambda *args, **kwargs: self.run(grid=grid, warmup=False, *args, **kwargs)
../src/flag_gems/utils/libentry.py:889: in run
    kernel = self.fn.run(*args, **kwargs)
/root/miniconda/envs/python310_torch29_cuda/lib/python3.10/site-packages/triton/runtime/autotuner.py:355: in run
    return self.fn.run(*args, **kwargs)
/root/miniconda/envs/python310_torch29_cuda/lib/python3.10/site-packages/triton/runtime/jit.py:795: in run
    kernel = self.default_run(*args, **kwargs)
/root/miniconda/envs/python310_torch29_cuda/lib/python3.10/site-packages/triton/runtime/jit.py:686: in default_run
    kernel = self.compile(
/root/miniconda/envs/python310_torch29_cuda/lib/python3.10/site-packages/triton/compiler/compiler.py:318: in compile
    next_module = compile_ir(module, metadata)
/root/miniconda/envs/python310_torch29_cuda/lib/python3.10/site-packages/triton/backends/xpu/compiler.py:516: in <lambda>
    stages["ttxir"] = lambda src, metadata: self.make_ttxir(src, metadata, options)
_ _ _ _ _ _ _ _ _ _ _ _ _ _ _ _ _ _ _ _ _ _ _ _ _ _ _ _ _ _ _ _ _ _ _ _ _ _ _ _ 

mod = <triton._C.libtriton.ir.module object at 0x7f9c89d758a0>
metadata = {'hash': '54ce0e9823fa716cbfe8b5518d60c14db45d4fe13146fbe922265fd3cc567a9a', 'target': GPUTarget(backend='xpu', arch=3, warp_size=1), 'arch': 3, 'grid': <function softmax_out.<locals>.<lambda> at 0x7f9c8a0343a0>, ...}
opt = XPUOptions(arch=3, grid=<function softmax_out.<locals>.<lambda> at 0x7f9c8a0343a0>, debug=None, cluster_num=12, core_n...ed_dot_input_precisions=('ieee', 'tf32'), exp_range=':0', num_warps=16, num_ctas=-1, num_stages=1, use_int4_w4a8=False)

    @staticmethod
    def make_ttxir(mod, metadata, opt):
        metadata["xpu_arch"] = opt.arch
        metadata["is_sdnn"] = opt.is_sdnn or xpu.is_sdnn_kernel(mod)
        metadata["tensor_args"] = xpu.get_tensor_args(mod, []) if metadata["is_sdnn"] is True else []
        metadata["shared"] = (-1)  # TODO: invalid value, just to keep CompiledKernel _init_handles() success
    
        max_buffer_size = metadata["buffer_size_limit"]
        elem_bytes = int(os.environ.get("TRITONXPU_ELEMBYTES", 0))
        groups_per_cluster = metadata["groups_per_cluster"]
        unroll_num = metadata["unroll_num"]
        XPUBackend.buffer_len = xpu.get_buffer_len(mod, max_buffer_size, elem_bytes)
        # print(f"XPUBackend.buffer_len = {XPUBackend.buffer_len}")
        core_num = metadata["core_num"]
        # F/O Prefix For Function/Optimization Macro
        is_use_mask_zero = metadata["is_use_mask_zero"]
        if is_use_mask_zero:
            warnings.warn(
                f'XRE Version Must Be More than 5.0.21.37 (After 2025.07.22). And echo 1 > /proc/kunlun/dev4/dma_excp_mask',
                UserWarning)
        TTXPU_F_INTERLEAVE = 0 if metadata["grid"] != (12, 1, 1) else int(os.environ.get("TRITONXPU_INTERLEAVE", 1))
        TTXPU_F_OHTER_VALUE_SIM = int(os.environ.get("TRITONXPU_OTHER_SIM", 0))
        TTXPU_F_STORE_MASK_SIM = int(os.environ.get("TRITONXPU_STORE_MASK_SIM", 0))
        TTXPU_F_DTYPE_CONVERT = 0 if metadata["isCloseDtypeConvert"] else int(
            os.environ.get("TRITONXPU_DTYPE_CONVERT", 1))
        TTXPU_O_ATOMIC_SIM = 0 if metadata["isCLOSE_TTXPU_O_ATOMIC_SIM"] else int(
            os.environ.get("TRITONXPU_ATOMIC_SIM", 1))
        TTXPU_O_CLOSE_OPT = int(os.environ.get("TRITONXPU_CLOSE_OPTIMIZE", 0))
        TTSDNN_F_SINGLE_CORE_MODE = int(os.environ.get("TRITON_SDNN_SINGLE_CODE_MODE", 0))
        TTSDNN_F_MATMUL_FAST_MODE = int(os.environ.get("XMLIR_MATMUL_FAST_MODE", 0))
        TTSDNN_F_DMA_MODE = int(os.environ.get("XMLIR_DMA_FAST_MODE", 0))
    
        if opt.isClusterOneCoreActOnly and TTXPU_F_OHTER_VALUE_SIM:
            assert 0, "isClusterOneCoreActOnly and TRITONXPU_OTHER_SIM can't act simultaneously"
    
        pm = ir.pass_manager(mod.context)
        pm.enable_debug()
        xpu.passes.ttsdnnir.add_tritonsdnn_strip_all_ops_pass(pm, opt.arch)
        if metadata["is_sdnn"]:
            if opt.arch < 4:
                if metadata["use_int4_w4a8"] == True:
                    xpu.passes.ttsdnnir.add_triton_convert_type_pass(pm, opt.arch, 2)
                else:
                    xpu.passes.ttsdnnir.add_triton_convert_type_pass(pm, opt.arch, TTSDNN_F_MATMUL_FAST_MODE)
            xpu.passes.ttsdnnir.add_convert_triton_to_tritonsdnn_pass(pm, opt.arch)
            xpu.passes.ttsdnnir.add_linalg_to_tritonsdnn_pass(pm, opt.arch)
            xpu.passes.ttsdnnir.add_tritonsdnn_legalize_pass(pm, opt.arch)
            xpu.passes.ttsdnnir.add_tritonsdnn_combine_before_pass(pm, opt.arch)
            xpu.passes.ttsdnnir.add_tritonsdnn_bufferize_pass(pm, opt.arch)
            xpu.passes.ttsdnnir.add_tritonsdnn_combine_pass(pm, opt.arch)
            if opt.exp_range != ":0":
                res = parse_floating_range_string(opt.exp_range)
                xpu.passes.ttsdnnir.add_tritonsdnn_ew_act_table_pass(pm, res)
            else:
                xpu.passes.ttsdnnir.add_tritonsdnn_ew_act_table_pass(pm, None)
            xpu.passes.ttsdnnir.add_tritonsdnn_loop_grid_pass(pm)
            if opt.arch == 4 and TTSDNN_F_DMA_MODE:
                xpu.passes.ttsdnnir.add_tritonsdnn_remove_ds_op_pass(pm, opt.arch)
            if not TTSDNN_F_SINGLE_CORE_MODE:
                xpu.passes.ttsdnnir.add_tritonsdnn_pipeline_pass(pm)
    
            xpu.passes.ttsdnnir.add_tritonsdnn_multi_buffer_pass(pm, opt.arch, opt.num_stages)
            passes.common.add_symbol_dce(pm)
            passes.common.add_canonicalizer(pm)
            passes.common.add_cse(pm)
        else:
            xpu.passes.ttxpuir.add_convert_triton_to_tritonxpu_pass(pm, opt.arch, XPUBackend.buffer_len, core_num)
            xpu.passes.ttxpuir.add_tritonxpu_print_pass(pm)
            xpu.passes.ttxpuir.add_tritonxpu_gm2lm_pass(pm, opt.arch, TTXPU_O_ATOMIC_SIM, opt.isClusterOneCoreActOnly,
                                                        is_use_mask_zero)
            if not metadata["isCloseMemoryCache"]:
                xpu.passes.ttxpuir.add_tritonxpu_memory_cache_pass(pm, XPUBackend.buffer_len,
                                                                   core_num) if not TTXPU_O_CLOSE_OPT else None
            passes.common.add_canonicalizer(pm)
            if TTXPU_F_DTYPE_CONVERT:
                xpu.passes.ttxpuir.add_tritonxpu_dtype_convert_pass(pm, opt.arch)
            if not metadata["isCloseCoreTiling"]:
                xpu.passes.ttxpuir.add_tritonxpu_core_tiling_pass(
                    pm, 0, XPUBackend.buffer_len, core_num,
                    groups_per_cluster) if not TTXPU_O_CLOSE_OPT else None  # dumpFlag=0
            # xpu.passes.ttxpuir.add_tritonxpu_lm_to_sm_pass(pm)
            passes.common.add_cse(pm)
            if not metadata["isCloseOffsetAnalysis"]:
                xpu.passes.ttxpuir.add_tritonxpu_offset_state_pass(
                    pm, 0, XPUBackend.buffer_len, is_use_mask_zero) if not TTXPU_O_CLOSE_OPT else None  # dumpFlag=0
            passes.common.add_canonicalizer(pm)
            xpu.passes.ttxpuir.add_tritonxpu_legalize_pass(pm, XPUBackend.buffer_len, core_num, groups_per_cluster,
                                                           is_use_mask_zero)
            passes.common.add_canonicalizer(pm)
            if not TTXPU_F_OHTER_VALUE_SIM:
                xpu.passes.ttxpuir.add_tritonxpu_mask_pass(pm, opt.isClusterOneCoreActOnly, is_use_mask_zero)
            passes.common.add_canonicalizer(pm)
            passes.common.add_cse(pm)
            passes.common.add_licm(pm)
            passes.common.add_symbol_dce(pm)
            if not metadata["isCloseInterleave"] and TTXPU_F_INTERLEAVE:
                xpu.passes.ttxpuir.add_tritonxpu_interleave_pass(pm) if not TTXPU_O_CLOSE_OPT else None
            passes.common.add_canonicalizer(pm)
            if not metadata["isCloseVectorization"]:
                compareFusion = int(os.environ.get("TRITONXPU_COMPARE_FUSION", 0))
                xpu.passes.ttxpuir.add_tritonxpu_vectorize_pass(
                    pm, 0, compareFusion) if not TTXPU_O_CLOSE_OPT else None  # dumpFlag=0
            passes.common.add_canonicalizer(pm)
            xpu.passes.ttxpuir.add_tritonxpu_alloca_pass(pm, XPUBackend.buffer_len, core_num)
            if not metadata["isCloseMemoryAsync"]:
                xpu.passes.ttxpuir.add_tritonxpu_memory_async_pass(pm,
                                                                   0) if not TTXPU_O_CLOSE_OPT else None  # dumpFlag=0
            if not metadata["isCloseUnrollControl"]:
                xpu.passes.ttxpuir.add_tritonxpu_unroll_control_pass(pm, XPUBackend.buffer_len, core_num,
                                                                     is_use_mask_zero,
                                                                     unroll_num) if not TTXPU_O_CLOSE_OPT else None
            xpu.passes.ttxpuir.add_tritonxpu_store_control_pass(pm) if not TTXPU_O_CLOSE_OPT else None
            if not TTXPU_F_OHTER_VALUE_SIM:
                xpu.passes.ttxpuir.add_tritonxpu_other_sim_pass(pm, XPUBackend.buffer_len, core_num)
            xpu.passes.ttxpuir.add_tritonxpu_memory_inplace_pass(pm, XPUBackend.buffer_len,
                                                                 core_num) if not TTXPU_O_CLOSE_OPT else None
            if not metadata["isCloseClusterLoopGrid"]:
                xpu.passes.ttxpuir.add_tritonxpu_cf_to_scf_pass(pm)
                xpu.passes.ttxpuir.add_tritonxpu_loop_grid_pass(pm)
            passes.common.add_cse(pm)
            passes.common.add_licm(pm)
            passes.common.add_symbol_dce(pm)
    
        try:
            pm.run(mod)
        except Exception as e:
            from triton import OutOfResources
>           raise OutOfResources(0, 0, f"uni_sram {e}")
E           triton.runtime.errors.OutOfResources: out of resource: uni_sram PassManager::run failed, Required: 0, Hardware limit: 0. Reducing block sizes or `num_stages` may help.

/root/miniconda/envs/python310_torch29_cuda/lib/python3.10/site-packages/triton/backends/xpu/compiler.py:332: OutOfResources
____________________ test_softmax_out[True-1-dtype2-shape2] ____________________

mod = <triton._C.libtriton.ir.module object at 0x7f9c899b4720>
metadata = {'hash': '983020e425976ab281a3dceb55760347bac0fba00d40ade2d2b906022ffef19e', 'target': GPUTarget(backend='xpu', arch=3, warp_size=1), 'arch': 3, 'grid': <function softmax_out.<locals>.<lambda> at 0x7f9c89ff4a60>, ...}
opt = XPUOptions(arch=3, grid=<function softmax_out.<locals>.<lambda> at 0x7f9c89ff4a60>, debug=None, cluster_num=12, core_n...ed_dot_input_precisions=('ieee', 'tf32'), exp_range=':0', num_warps=16, num_ctas=-1, num_stages=1, use_int4_w4a8=False)

    @staticmethod
    def make_ttxir(mod, metadata, opt):
        metadata["xpu_arch"] = opt.arch
        metadata["is_sdnn"] = opt.is_sdnn or xpu.is_sdnn_kernel(mod)
        metadata["tensor_args"] = xpu.get_tensor_args(mod, []) if metadata["is_sdnn"] is True else []
        metadata["shared"] = (-1)  # TODO: invalid value, just to keep CompiledKernel _init_handles() success
    
        max_buffer_size = metadata["buffer_size_limit"]
        elem_bytes = int(os.environ.get("TRITONXPU_ELEMBYTES", 0))
        groups_per_cluster = metadata["groups_per_cluster"]
        unroll_num = metadata["unroll_num"]
        XPUBackend.buffer_len = xpu.get_buffer_len(mod, max_buffer_size, elem_bytes)
        # print(f"XPUBackend.buffer_len = {XPUBackend.buffer_len}")
        core_num = metadata["core_num"]
        # F/O Prefix For Function/Optimization Macro
        is_use_mask_zero = metadata["is_use_mask_zero"]
        if is_use_mask_zero:
            warnings.warn(
                f'XRE Version Must Be More than 5.0.21.37 (After 2025.07.22). And echo 1 > /proc/kunlun/dev4/dma_excp_mask',
                UserWarning)
        TTXPU_F_INTERLEAVE = 0 if metadata["grid"] != (12, 1, 1) else int(os.environ.get("TRITONXPU_INTERLEAVE", 1))
        TTXPU_F_OHTER_VALUE_SIM = int(os.environ.get("TRITONXPU_OTHER_SIM", 0))
        TTXPU_F_STORE_MASK_SIM = int(os.environ.get("TRITONXPU_STORE_MASK_SIM", 0))
        TTXPU_F_DTYPE_CONVERT = 0 if metadata["isCloseDtypeConvert"] else int(
            os.environ.get("TRITONXPU_DTYPE_CONVERT", 1))
        TTXPU_O_ATOMIC_SIM = 0 if metadata["isCLOSE_TTXPU_O_ATOMIC_SIM"] else int(
            os.environ.get("TRITONXPU_ATOMIC_SIM", 1))
        TTXPU_O_CLOSE_OPT = int(os.environ.get("TRITONXPU_CLOSE_OPTIMIZE", 0))
        TTSDNN_F_SINGLE_CORE_MODE = int(os.environ.get("TRITON_SDNN_SINGLE_CODE_MODE", 0))
        TTSDNN_F_MATMUL_FAST_MODE = int(os.environ.get("XMLIR_MATMUL_FAST_MODE", 0))
        TTSDNN_F_DMA_MODE = int(os.environ.get("XMLIR_DMA_FAST_MODE", 0))
    
        if opt.isClusterOneCoreActOnly and TTXPU_F_OHTER_VALUE_SIM:
            assert 0, "isClusterOneCoreActOnly and TRITONXPU_OTHER_SIM can't act simultaneously"
    
        pm = ir.pass_manager(mod.context)
        pm.enable_debug()
        xpu.passes.ttsdnnir.add_tritonsdnn_strip_all_ops_pass(pm, opt.arch)
        if metadata["is_sdnn"]:
            if opt.arch < 4:
                if metadata["use_int4_w4a8"] == True:
                    xpu.passes.ttsdnnir.add_triton_convert_type_pass(pm, opt.arch, 2)
                else:
                    xpu.passes.ttsdnnir.add_triton_convert_type_pass(pm, opt.arch, TTSDNN_F_MATMUL_FAST_MODE)
            xpu.passes.ttsdnnir.add_convert_triton_to_tritonsdnn_pass(pm, opt.arch)
            xpu.passes.ttsdnnir.add_linalg_to_tritonsdnn_pass(pm, opt.arch)
            xpu.passes.ttsdnnir.add_tritonsdnn_legalize_pass(pm, opt.arch)
            xpu.passes.ttsdnnir.add_tritonsdnn_combine_before_pass(pm, opt.arch)
            xpu.passes.ttsdnnir.add_tritonsdnn_bufferize_pass(pm, opt.arch)
            xpu.passes.ttsdnnir.add_tritonsdnn_combine_pass(pm, opt.arch)
            if opt.exp_range != ":0":
                res = parse_floating_range_string(opt.exp_range)
                xpu.passes.ttsdnnir.add_tritonsdnn_ew_act_table_pass(pm, res)
            else:
                xpu.passes.ttsdnnir.add_tritonsdnn_ew_act_table_pass(pm, None)
            xpu.passes.ttsdnnir.add_tritonsdnn_loop_grid_pass(pm)
            if opt.arch == 4 and TTSDNN_F_DMA_MODE:
                xpu.passes.ttsdnnir.add_tritonsdnn_remove_ds_op_pass(pm, opt.arch)
            if not TTSDNN_F_SINGLE_CORE_MODE:
                xpu.passes.ttsdnnir.add_tritonsdnn_pipeline_pass(pm)
    
            xpu.passes.ttsdnnir.add_tritonsdnn_multi_buffer_pass(pm, opt.arch, opt.num_stages)
            passes.common.add_symbol_dce(pm)
            passes.common.add_canonicalizer(pm)
            passes.common.add_cse(pm)
        else:
            xpu.passes.ttxpuir.add_convert_triton_to_tritonxpu_pass(pm, opt.arch, XPUBackend.buffer_len, core_num)
            xpu.passes.ttxpuir.add_tritonxpu_print_pass(pm)
            xpu.passes.ttxpuir.add_tritonxpu_gm2lm_pass(pm, opt.arch, TTXPU_O_ATOMIC_SIM, opt.isClusterOneCoreActOnly,
                                                        is_use_mask_zero)
            if not metadata["isCloseMemoryCache"]:
                xpu.passes.ttxpuir.add_tritonxpu_memory_cache_pass(pm, XPUBackend.buffer_len,
                                                                   core_num) if not TTXPU_O_CLOSE_OPT else None
            passes.common.add_canonicalizer(pm)
            if TTXPU_F_DTYPE_CONVERT:
                xpu.passes.ttxpuir.add_tritonxpu_dtype_convert_pass(pm, opt.arch)
            if not metadata["isCloseCoreTiling"]:
                xpu.passes.ttxpuir.add_tritonxpu_core_tiling_pass(
                    pm, 0, XPUBackend.buffer_len, core_num,
                    groups_per_cluster) if not TTXPU_O_CLOSE_OPT else None  # dumpFlag=0
            # xpu.passes.ttxpuir.add_tritonxpu_lm_to_sm_pass(pm)
            passes.common.add_cse(pm)
            if not metadata["isCloseOffsetAnalysis"]:
                xpu.passes.ttxpuir.add_tritonxpu_offset_state_pass(
                    pm, 0, XPUBackend.buffer_len, is_use_mask_zero) if not TTXPU_O_CLOSE_OPT else None  # dumpFlag=0
            passes.common.add_canonicalizer(pm)
            xpu.passes.ttxpuir.add_tritonxpu_legalize_pass(pm, XPUBackend.buffer_len, core_num, groups_per_cluster,
                                                           is_use_mask_zero)
            passes.common.add_canonicalizer(pm)
            if not TTXPU_F_OHTER_VALUE_SIM:
                xpu.passes.ttxpuir.add_tritonxpu_mask_pass(pm, opt.isClusterOneCoreActOnly, is_use_mask_zero)
            passes.common.add_canonicalizer(pm)
            passes.common.add_cse(pm)
            passes.common.add_licm(pm)
            passes.common.add_symbol_dce(pm)
            if not metadata["isCloseInterleave"] and TTXPU_F_INTERLEAVE:
                xpu.passes.ttxpuir.add_tritonxpu_interleave_pass(pm) if not TTXPU_O_CLOSE_OPT else None
            passes.common.add_canonicalizer(pm)
            if not metadata["isCloseVectorization"]:
                compareFusion = int(os.environ.get("TRITONXPU_COMPARE_FUSION", 0))
                xpu.passes.ttxpuir.add_tritonxpu_vectorize_pass(
                    pm, 0, compareFusion) if not TTXPU_O_CLOSE_OPT else None  # dumpFlag=0
            passes.common.add_canonicalizer(pm)
            xpu.passes.ttxpuir.add_tritonxpu_alloca_pass(pm, XPUBackend.buffer_len, core_num)
            if not metadata["isCloseMemoryAsync"]:
                xpu.passes.ttxpuir.add_tritonxpu_memory_async_pass(pm,
                                                                   0) if not TTXPU_O_CLOSE_OPT else None  # dumpFlag=0
            if not metadata["isCloseUnrollControl"]:
                xpu.passes.ttxpuir.add_tritonxpu_unroll_control_pass(pm, XPUBackend.buffer_len, core_num,
                                                                     is_use_mask_zero,
                                                                     unroll_num) if not TTXPU_O_CLOSE_OPT else None
            xpu.passes.ttxpuir.add_tritonxpu_store_control_pass(pm) if not TTXPU_O_CLOSE_OPT else None
            if not TTXPU_F_OHTER_VALUE_SIM:
                xpu.passes.ttxpuir.add_tritonxpu_other_sim_pass(pm, XPUBackend.buffer_len, core_num)
            xpu.passes.ttxpuir.add_tritonxpu_memory_inplace_pass(pm, XPUBackend.buffer_len,
                                                                 core_num) if not TTXPU_O_CLOSE_OPT else None
            if not metadata["isCloseClusterLoopGrid"]:
                xpu.passes.ttxpuir.add_tritonxpu_cf_to_scf_pass(pm)
                xpu.passes.ttxpuir.add_tritonxpu_loop_grid_pass(pm)
            passes.common.add_cse(pm)
            passes.common.add_licm(pm)
            passes.common.add_symbol_dce(pm)
    
        try:
>           pm.run(mod)
E           RuntimeError: PassManager::run failed

/root/miniconda/envs/python310_torch29_cuda/lib/python3.10/site-packages/triton/backends/xpu/compiler.py:329: RuntimeError

During handling of the above exception, another exception occurred:

shape = (200, 2560, 3), dtype = torch.bfloat16, dim = 1, neg_inf = True

    @pytest.mark.softmax_out
    @pytest.mark.parametrize(
        "shape",
        (
            [(1, 256)]
            if cfg.QUICK_MODE
            else [(1, 256), (4096, 256), (200, 2560, 3), (1, 0, 128, 512)]
        ),
    )
    @pytest.mark.parametrize("dtype", FLOAT_DTYPES)
    @pytest.mark.parametrize("dim", DIM_LIST)
    @pytest.mark.parametrize("neg_inf", [True, False])
    def test_softmax_out(shape, dtype, dim, neg_inf):
        inp = torch.randn(shape, dtype=dtype, device=flag_gems.device)
        if neg_inf:
            inp = torch.where(inp < 0.0, float("-inf"), inp)
        ref_inp = utils.to_reference(inp, True)
    
        ref_out = torch.empty(shape, dtype=ref_inp.dtype, device=ref_inp.device)
        torch.ops.aten._softmax.out(ref_inp, dim, False, out=ref_out)
    
        res_out = torch.empty(shape, dtype=dtype, device=flag_gems.device)
        with flag_gems.use_gems():
>           torch.ops.aten._softmax.out(inp, dim, False, out=res_out)

test_softmax.py:82: 
_ _ _ _ _ _ _ _ _ _ _ _ _ _ _ _ _ _ _ _ _ _ _ _ _ _ _ _ _ _ _ _ _ _ _ _ _ _ _ _ 
/root/miniconda/envs/python310_torch29_cuda/lib/python3.10/site-packages/torch/_ops.py:841: in __call__
    return self._op(*args, **kwargs)
../src/flag_gems/ops/softmax.py:325: in softmax_out
    softmax_kernel_non_inner[grid](
/root/miniconda/envs/python310_torch29_cuda/lib/python3.10/site-packages/triton/runtime/jit.py:364: in <lambda>
    return lambda *args, **kwargs: self.run(grid=grid, warmup=False, *args, **kwargs)
../src/flag_gems/utils/libentry.py:889: in run
    kernel = self.fn.run(*args, **kwargs)
/root/miniconda/envs/python310_torch29_cuda/lib/python3.10/site-packages/triton/runtime/autotuner.py:355: in run
    return self.fn.run(*args, **kwargs)
/root/miniconda/envs/python310_torch29_cuda/lib/python3.10/site-packages/triton/runtime/jit.py:795: in run
    kernel = self.default_run(*args, **kwargs)
/root/miniconda/envs/python310_torch29_cuda/lib/python3.10/site-packages/triton/runtime/jit.py:686: in default_run
    kernel = self.compile(
/root/miniconda/envs/python310_torch29_cuda/lib/python3.10/site-packages/triton/compiler/compiler.py:318: in compile
    next_module = compile_ir(module, metadata)
/root/miniconda/envs/python310_torch29_cuda/lib/python3.10/site-packages/triton/backends/xpu/compiler.py:516: in <lambda>
    stages["ttxir"] = lambda src, metadata: self.make_ttxir(src, metadata, options)
_ _ _ _ _ _ _ _ _ _ _ _ _ _ _ _ _ _ _ _ _ _ _ _ _ _ _ _ _ _ _ _ _ _ _ _ _ _ _ _ 

mod = <triton._C.libtriton.ir.module object at 0x7f9c899b4720>
metadata = {'hash': '983020e425976ab281a3dceb55760347bac0fba00d40ade2d2b906022ffef19e', 'target': GPUTarget(backend='xpu', arch=3, warp_size=1), 'arch': 3, 'grid': <function softmax_out.<locals>.<lambda> at 0x7f9c89ff4a60>, ...}
opt = XPUOptions(arch=3, grid=<function softmax_out.<locals>.<lambda> at 0x7f9c89ff4a60>, debug=None, cluster_num=12, core_n...ed_dot_input_precisions=('ieee', 'tf32'), exp_range=':0', num_warps=16, num_ctas=-1, num_stages=1, use_int4_w4a8=False)

    @staticmethod
    def make_ttxir(mod, metadata, opt):
        metadata["xpu_arch"] = opt.arch
        metadata["is_sdnn"] = opt.is_sdnn or xpu.is_sdnn_kernel(mod)
        metadata["tensor_args"] = xpu.get_tensor_args(mod, []) if metadata["is_sdnn"] is True else []
        metadata["shared"] = (-1)  # TODO: invalid value, just to keep CompiledKernel _init_handles() success
    
        max_buffer_size = metadata["buffer_size_limit"]
        elem_bytes = int(os.environ.get("TRITONXPU_ELEMBYTES", 0))
        groups_per_cluster = metadata["groups_per_cluster"]
        unroll_num = metadata["unroll_num"]
        XPUBackend.buffer_len = xpu.get_buffer_len(mod, max_buffer_size, elem_bytes)
        # print(f"XPUBackend.buffer_len = {XPUBackend.buffer_len}")
        core_num = metadata["core_num"]
        # F/O Prefix For Function/Optimization Macro
        is_use_mask_zero = metadata["is_use_mask_zero"]
        if is_use_mask_zero:
            warnings.warn(
                f'XRE Version Must Be More than 5.0.21.37 (After 2025.07.22). And echo 1 > /proc/kunlun/dev4/dma_excp_mask',
                UserWarning)
        TTXPU_F_INTERLEAVE = 0 if metadata["grid"] != (12, 1, 1) else int(os.environ.get("TRITONXPU_INTERLEAVE", 1))
        TTXPU_F_OHTER_VALUE_SIM = int(os.environ.get("TRITONXPU_OTHER_SIM", 0))
        TTXPU_F_STORE_MASK_SIM = int(os.environ.get("TRITONXPU_STORE_MASK_SIM", 0))
        TTXPU_F_DTYPE_CONVERT = 0 if metadata["isCloseDtypeConvert"] else int(
            os.environ.get("TRITONXPU_DTYPE_CONVERT", 1))
        TTXPU_O_ATOMIC_SIM = 0 if metadata["isCLOSE_TTXPU_O_ATOMIC_SIM"] else int(
            os.environ.get("TRITONXPU_ATOMIC_SIM", 1))
        TTXPU_O_CLOSE_OPT = int(os.environ.get("TRITONXPU_CLOSE_OPTIMIZE", 0))
        TTSDNN_F_SINGLE_CORE_MODE = int(os.environ.get("TRITON_SDNN_SINGLE_CODE_MODE", 0))
        TTSDNN_F_MATMUL_FAST_MODE = int(os.environ.get("XMLIR_MATMUL_FAST_MODE", 0))
        TTSDNN_F_DMA_MODE = int(os.environ.get("XMLIR_DMA_FAST_MODE", 0))
    
        if opt.isClusterOneCoreActOnly and TTXPU_F_OHTER_VALUE_SIM:
            assert 0, "isClusterOneCoreActOnly and TRITONXPU_OTHER_SIM can't act simultaneously"
    
        pm = ir.pass_manager(mod.context)
        pm.enable_debug()
        xpu.passes.ttsdnnir.add_tritonsdnn_strip_all_ops_pass(pm, opt.arch)
        if metadata["is_sdnn"]:
            if opt.arch < 4:
                if metadata["use_int4_w4a8"] == True:
                    xpu.passes.ttsdnnir.add_triton_convert_type_pass(pm, opt.arch, 2)
                else:
                    xpu.passes.ttsdnnir.add_triton_convert_type_pass(pm, opt.arch, TTSDNN_F_MATMUL_FAST_MODE)
            xpu.passes.ttsdnnir.add_convert_triton_to_tritonsdnn_pass(pm, opt.arch)
            xpu.passes.ttsdnnir.add_linalg_to_tritonsdnn_pass(pm, opt.arch)
            xpu.passes.ttsdnnir.add_tritonsdnn_legalize_pass(pm, opt.arch)
            xpu.passes.ttsdnnir.add_tritonsdnn_combine_before_pass(pm, opt.arch)
            xpu.passes.ttsdnnir.add_tritonsdnn_bufferize_pass(pm, opt.arch)
            xpu.passes.ttsdnnir.add_tritonsdnn_combine_pass(pm, opt.arch)
            if opt.exp_range != ":0":
                res = parse_floating_range_string(opt.exp_range)
                xpu.passes.ttsdnnir.add_tritonsdnn_ew_act_table_pass(pm, res)
            else:
                xpu.passes.ttsdnnir.add_tritonsdnn_ew_act_table_pass(pm, None)
            xpu.passes.ttsdnnir.add_tritonsdnn_loop_grid_pass(pm)
            if opt.arch == 4 and TTSDNN_F_DMA_MODE:
                xpu.passes.ttsdnnir.add_tritonsdnn_remove_ds_op_pass(pm, opt.arch)
            if not TTSDNN_F_SINGLE_CORE_MODE:
                xpu.passes.ttsdnnir.add_tritonsdnn_pipeline_pass(pm)
    
            xpu.passes.ttsdnnir.add_tritonsdnn_multi_buffer_pass(pm, opt.arch, opt.num_stages)
            passes.common.add_symbol_dce(pm)
            passes.common.add_canonicalizer(pm)
            passes.common.add_cse(pm)
        else:
            xpu.passes.ttxpuir.add_convert_triton_to_tritonxpu_pass(pm, opt.arch, XPUBackend.buffer_len, core_num)
            xpu.passes.ttxpuir.add_tritonxpu_print_pass(pm)
            xpu.passes.ttxpuir.add_tritonxpu_gm2lm_pass(pm, opt.arch, TTXPU_O_ATOMIC_SIM, opt.isClusterOneCoreActOnly,
                                                        is_use_mask_zero)
            if not metadata["isCloseMemoryCache"]:
                xpu.passes.ttxpuir.add_tritonxpu_memory_cache_pass(pm, XPUBackend.buffer_len,
                                                                   core_num) if not TTXPU_O_CLOSE_OPT else None
            passes.common.add_canonicalizer(pm)
            if TTXPU_F_DTYPE_CONVERT:
                xpu.passes.ttxpuir.add_tritonxpu_dtype_convert_pass(pm, opt.arch)
            if not metadata["isCloseCoreTiling"]:
                xpu.passes.ttxpuir.add_tritonxpu_core_tiling_pass(
                    pm, 0, XPUBackend.buffer_len, core_num,
                    groups_per_cluster) if not TTXPU_O_CLOSE_OPT else None  # dumpFlag=0
            # xpu.passes.ttxpuir.add_tritonxpu_lm_to_sm_pass(pm)
            passes.common.add_cse(pm)
            if not metadata["isCloseOffsetAnalysis"]:
                xpu.passes.ttxpuir.add_tritonxpu_offset_state_pass(
                    pm, 0, XPUBackend.buffer_len, is_use_mask_zero) if not TTXPU_O_CLOSE_OPT else None  # dumpFlag=0
            passes.common.add_canonicalizer(pm)
            xpu.passes.ttxpuir.add_tritonxpu_legalize_pass(pm, XPUBackend.buffer_len, core_num, groups_per_cluster,
                                                           is_use_mask_zero)
            passes.common.add_canonicalizer(pm)
            if not TTXPU_F_OHTER_VALUE_SIM:
                xpu.passes.ttxpuir.add_tritonxpu_mask_pass(pm, opt.isClusterOneCoreActOnly, is_use_mask_zero)
            passes.common.add_canonicalizer(pm)
            passes.common.add_cse(pm)
            passes.common.add_licm(pm)
            passes.common.add_symbol_dce(pm)
            if not metadata["isCloseInterleave"] and TTXPU_F_INTERLEAVE:
                xpu.passes.ttxpuir.add_tritonxpu_interleave_pass(pm) if not TTXPU_O_CLOSE_OPT else None
            passes.common.add_canonicalizer(pm)
            if not metadata["isCloseVectorization"]:
                compareFusion = int(os.environ.get("TRITONXPU_COMPARE_FUSION", 0))
                xpu.passes.ttxpuir.add_tritonxpu_vectorize_pass(
                    pm, 0, compareFusion) if not TTXPU_O_CLOSE_OPT else None  # dumpFlag=0
            passes.common.add_canonicalizer(pm)
            xpu.passes.ttxpuir.add_tritonxpu_alloca_pass(pm, XPUBackend.buffer_len, core_num)
            if not metadata["isCloseMemoryAsync"]:
                xpu.passes.ttxpuir.add_tritonxpu_memory_async_pass(pm,
                                                                   0) if not TTXPU_O_CLOSE_OPT else None  # dumpFlag=0
            if not metadata["isCloseUnrollControl"]:
                xpu.passes.ttxpuir.add_tritonxpu_unroll_control_pass(pm, XPUBackend.buffer_len, core_num,
                                                                     is_use_mask_zero,
                                                                     unroll_num) if not TTXPU_O_CLOSE_OPT else None
            xpu.passes.ttxpuir.add_tritonxpu_store_control_pass(pm) if not TTXPU_O_CLOSE_OPT else None
            if not TTXPU_F_OHTER_VALUE_SIM:
                xpu.passes.ttxpuir.add_tritonxpu_other_sim_pass(pm, XPUBackend.buffer_len, core_num)
            xpu.passes.ttxpuir.add_tritonxpu_memory_inplace_pass(pm, XPUBackend.buffer_len,
                                                                 core_num) if not TTXPU_O_CLOSE_OPT else None
            if not metadata["isCloseClusterLoopGrid"]:
                xpu.passes.ttxpuir.add_tritonxpu_cf_to_scf_pass(pm)
                xpu.passes.ttxpuir.add_tritonxpu_loop_grid_pass(pm)
            passes.common.add_cse(pm)
            passes.common.add_licm(pm)
            passes.common.add_symbol_dce(pm)
    
        try:
            pm.run(mod)
        except Exception as e:
            from triton import OutOfResources
>           raise OutOfResources(0, 0, f"uni_sram {e}")
E           triton.runtime.errors.OutOfResources: out of resource: uni_sram PassManager::run failed, Required: 0, Hardware limit: 0. Reducing block sizes or `num_stages` may help.

/root/miniconda/envs/python310_torch29_cuda/lib/python3.10/site-packages/triton/backends/xpu/compiler.py:332: OutOfResources
___________________ test_softmax_out[False-0-dtype0-shape0] ____________________

mod = <triton._C.libtriton.ir.module object at 0x7f9c89dd8d10>
metadata = {'hash': 'ff1431434386c2c5ae9927b614cc9567095031f9c21d4e1b622231ce3dba43fd', 'target': GPUTarget(backend='xpu', arch=3, warp_size=1), 'arch': 3, 'grid': <function softmax_out.<locals>.<lambda> at 0x7f9c89f09360>, ...}
opt = XPUOptions(arch=3, grid=<function softmax_out.<locals>.<lambda> at 0x7f9c89f09360>, debug=None, cluster_num=12, core_n...ed_dot_input_precisions=('ieee', 'tf32'), exp_range=':0', num_warps=16, num_ctas=-1, num_stages=1, use_int4_w4a8=False)

    @staticmethod
    def make_ttxir(mod, metadata, opt):
        metadata["xpu_arch"] = opt.arch
        metadata["is_sdnn"] = opt.is_sdnn or xpu.is_sdnn_kernel(mod)
        metadata["tensor_args"] = xpu.get_tensor_args(mod, []) if metadata["is_sdnn"] is True else []
        metadata["shared"] = (-1)  # TODO: invalid value, just to keep CompiledKernel _init_handles() success
    
        max_buffer_size = metadata["buffer_size_limit"]
        elem_bytes = int(os.environ.get("TRITONXPU_ELEMBYTES", 0))
        groups_per_cluster = metadata["groups_per_cluster"]
        unroll_num = metadata["unroll_num"]
        XPUBackend.buffer_len = xpu.get_buffer_len(mod, max_buffer_size, elem_bytes)
        # print(f"XPUBackend.buffer_len = {XPUBackend.buffer_len}")
        core_num = metadata["core_num"]
        # F/O Prefix For Function/Optimization Macro
        is_use_mask_zero = metadata["is_use_mask_zero"]
        if is_use_mask_zero:
            warnings.warn(
                f'XRE Version Must Be More than 5.0.21.37 (After 2025.07.22). And echo 1 > /proc/kunlun/dev4/dma_excp_mask',
                UserWarning)
        TTXPU_F_INTERLEAVE = 0 if metadata["grid"] != (12, 1, 1) else int(os.environ.get("TRITONXPU_INTERLEAVE", 1))
        TTXPU_F_OHTER_VALUE_SIM = int(os.environ.get("TRITONXPU_OTHER_SIM", 0))
        TTXPU_F_STORE_MASK_SIM = int(os.environ.get("TRITONXPU_STORE_MASK_SIM", 0))
        TTXPU_F_DTYPE_CONVERT = 0 if metadata["isCloseDtypeConvert"] else int(
            os.environ.get("TRITONXPU_DTYPE_CONVERT", 1))
        TTXPU_O_ATOMIC_SIM = 0 if metadata["isCLOSE_TTXPU_O_ATOMIC_SIM"] else int(
            os.environ.get("TRITONXPU_ATOMIC_SIM", 1))
        TTXPU_O_CLOSE_OPT = int(os.environ.get("TRITONXPU_CLOSE_OPTIMIZE", 0))
        TTSDNN_F_SINGLE_CORE_MODE = int(os.environ.get("TRITON_SDNN_SINGLE_CODE_MODE", 0))
        TTSDNN_F_MATMUL_FAST_MODE = int(os.environ.get("XMLIR_MATMUL_FAST_MODE", 0))
        TTSDNN_F_DMA_MODE = int(os.environ.get("XMLIR_DMA_FAST_MODE", 0))
    
        if opt.isClusterOneCoreActOnly and TTXPU_F_OHTER_VALUE_SIM:
            assert 0, "isClusterOneCoreActOnly and TRITONXPU_OTHER_SIM can't act simultaneously"
    
        pm = ir.pass_manager(mod.context)
        pm.enable_debug()
        xpu.passes.ttsdnnir.add_tritonsdnn_strip_all_ops_pass(pm, opt.arch)
        if metadata["is_sdnn"]:
            if opt.arch < 4:
                if metadata["use_int4_w4a8"] == True:
                    xpu.passes.ttsdnnir.add_triton_convert_type_pass(pm, opt.arch, 2)
                else:
                    xpu.passes.ttsdnnir.add_triton_convert_type_pass(pm, opt.arch, TTSDNN_F_MATMUL_FAST_MODE)
            xpu.passes.ttsdnnir.add_convert_triton_to_tritonsdnn_pass(pm, opt.arch)
            xpu.passes.ttsdnnir.add_linalg_to_tritonsdnn_pass(pm, opt.arch)
            xpu.passes.ttsdnnir.add_tritonsdnn_legalize_pass(pm, opt.arch)
            xpu.passes.ttsdnnir.add_tritonsdnn_combine_before_pass(pm, opt.arch)
            xpu.passes.ttsdnnir.add_tritonsdnn_bufferize_pass(pm, opt.arch)
            xpu.passes.ttsdnnir.add_tritonsdnn_combine_pass(pm, opt.arch)
            if opt.exp_range != ":0":
                res = parse_floating_range_string(opt.exp_range)
                xpu.passes.ttsdnnir.add_tritonsdnn_ew_act_table_pass(pm, res)
            else:
                xpu.passes.ttsdnnir.add_tritonsdnn_ew_act_table_pass(pm, None)
            xpu.passes.ttsdnnir.add_tritonsdnn_loop_grid_pass(pm)
            if opt.arch == 4 and TTSDNN_F_DMA_MODE:
                xpu.passes.ttsdnnir.add_tritonsdnn_remove_ds_op_pass(pm, opt.arch)
            if not TTSDNN_F_SINGLE_CORE_MODE:
                xpu.passes.ttsdnnir.add_tritonsdnn_pipeline_pass(pm)
    
            xpu.passes.ttsdnnir.add_tritonsdnn_multi_buffer_pass(pm, opt.arch, opt.num_stages)
            passes.common.add_symbol_dce(pm)
            passes.common.add_canonicalizer(pm)
            passes.common.add_cse(pm)
        else:
            xpu.passes.ttxpuir.add_convert_triton_to_tritonxpu_pass(pm, opt.arch, XPUBackend.buffer_len, core_num)
            xpu.passes.ttxpuir.add_tritonxpu_print_pass(pm)
            xpu.passes.ttxpuir.add_tritonxpu_gm2lm_pass(pm, opt.arch, TTXPU_O_ATOMIC_SIM, opt.isClusterOneCoreActOnly,
                                                        is_use_mask_zero)
            if not metadata["isCloseMemoryCache"]:
                xpu.passes.ttxpuir.add_tritonxpu_memory_cache_pass(pm, XPUBackend.buffer_len,
                                                                   core_num) if not TTXPU_O_CLOSE_OPT else None
            passes.common.add_canonicalizer(pm)
            if TTXPU_F_DTYPE_CONVERT:
                xpu.passes.ttxpuir.add_tritonxpu_dtype_convert_pass(pm, opt.arch)
            if not metadata["isCloseCoreTiling"]:
                xpu.passes.ttxpuir.add_tritonxpu_core_tiling_pass(
                    pm, 0, XPUBackend.buffer_len, core_num,
                    groups_per_cluster) if not TTXPU_O_CLOSE_OPT else None  # dumpFlag=0
            # xpu.passes.ttxpuir.add_tritonxpu_lm_to_sm_pass(pm)
            passes.common.add_cse(pm)
            if not metadata["isCloseOffsetAnalysis"]:
                xpu.passes.ttxpuir.add_tritonxpu_offset_state_pass(
                    pm, 0, XPUBackend.buffer_len, is_use_mask_zero) if not TTXPU_O_CLOSE_OPT else None  # dumpFlag=0
            passes.common.add_canonicalizer(pm)
            xpu.passes.ttxpuir.add_tritonxpu_legalize_pass(pm, XPUBackend.buffer_len, core_num, groups_per_cluster,
                                                           is_use_mask_zero)
            passes.common.add_canonicalizer(pm)
            if not TTXPU_F_OHTER_VALUE_SIM:
                xpu.passes.ttxpuir.add_tritonxpu_mask_pass(pm, opt.isClusterOneCoreActOnly, is_use_mask_zero)
            passes.common.add_canonicalizer(pm)
            passes.common.add_cse(pm)
            passes.common.add_licm(pm)
            passes.common.add_symbol_dce(pm)
            if not metadata["isCloseInterleave"] and TTXPU_F_INTERLEAVE:
                xpu.passes.ttxpuir.add_tritonxpu_interleave_pass(pm) if not TTXPU_O_CLOSE_OPT else None
            passes.common.add_canonicalizer(pm)
            if not metadata["isCloseVectorization"]:
                compareFusion = int(os.environ.get("TRITONXPU_COMPARE_FUSION", 0))
                xpu.passes.ttxpuir.add_tritonxpu_vectorize_pass(
                    pm, 0, compareFusion) if not TTXPU_O_CLOSE_OPT else None  # dumpFlag=0
            passes.common.add_canonicalizer(pm)
            xpu.passes.ttxpuir.add_tritonxpu_alloca_pass(pm, XPUBackend.buffer_len, core_num)
            if not metadata["isCloseMemoryAsync"]:
                xpu.passes.ttxpuir.add_tritonxpu_memory_async_pass(pm,
                                                                   0) if not TTXPU_O_CLOSE_OPT else None  # dumpFlag=0
            if not metadata["isCloseUnrollControl"]:
                xpu.passes.ttxpuir.add_tritonxpu_unroll_control_pass(pm, XPUBackend.buffer_len, core_num,
                                                                     is_use_mask_zero,
                                                                     unroll_num) if not TTXPU_O_CLOSE_OPT else None
            xpu.passes.ttxpuir.add_tritonxpu_store_control_pass(pm) if not TTXPU_O_CLOSE_OPT else None
            if not TTXPU_F_OHTER_VALUE_SIM:
                xpu.passes.ttxpuir.add_tritonxpu_other_sim_pass(pm, XPUBackend.buffer_len, core_num)
            xpu.passes.ttxpuir.add_tritonxpu_memory_inplace_pass(pm, XPUBackend.buffer_len,
                                                                 core_num) if not TTXPU_O_CLOSE_OPT else None
            if not metadata["isCloseClusterLoopGrid"]:
                xpu.passes.ttxpuir.add_tritonxpu_cf_to_scf_pass(pm)
                xpu.passes.ttxpuir.add_tritonxpu_loop_grid_pass(pm)
            passes.common.add_cse(pm)
            passes.common.add_licm(pm)
            passes.common.add_symbol_dce(pm)
    
        try:
>           pm.run(mod)
E           RuntimeError: PassManager::run failed

/root/miniconda/envs/python310_torch29_cuda/lib/python3.10/site-packages/triton/backends/xpu/compiler.py:329: RuntimeError

During handling of the above exception, another exception occurred:

shape = (1, 256), dtype = torch.float16, dim = 0, neg_inf = False

    @pytest.mark.softmax_out
    @pytest.mark.parametrize(
        "shape",
        (
            [(1, 256)]
            if cfg.QUICK_MODE
            else [(1, 256), (4096, 256), (200, 2560, 3), (1, 0, 128, 512)]
        ),
    )
    @pytest.mark.parametrize("dtype", FLOAT_DTYPES)
    @pytest.mark.parametrize("dim", DIM_LIST)
    @pytest.mark.parametrize("neg_inf", [True, False])
    def test_softmax_out(shape, dtype, dim, neg_inf):
        inp = torch.randn(shape, dtype=dtype, device=flag_gems.device)
        if neg_inf:
            inp = torch.where(inp < 0.0, float("-inf"), inp)
        ref_inp = utils.to_reference(inp, True)
    
        ref_out = torch.empty(shape, dtype=ref_inp.dtype, device=ref_inp.device)
        torch.ops.aten._softmax.out(ref_inp, dim, False, out=ref_out)
    
        res_out = torch.empty(shape, dtype=dtype, device=flag_gems.device)
        with flag_gems.use_gems():
>           torch.ops.aten._softmax.out(inp, dim, False, out=res_out)

test_softmax.py:82: 
_ _ _ _ _ _ _ _ _ _ _ _ _ _ _ _ _ _ _ _ _ _ _ _ _ _ _ _ _ _ _ _ _ _ _ _ _ _ _ _ 
/root/miniconda/envs/python310_torch29_cuda/lib/python3.10/site-packages/torch/_ops.py:841: in __call__
    return self._op(*args, **kwargs)
../src/flag_gems/ops/softmax.py:325: in softmax_out
    softmax_kernel_non_inner[grid](
/root/miniconda/envs/python310_torch29_cuda/lib/python3.10/site-packages/triton/runtime/jit.py:364: in <lambda>
    return lambda *args, **kwargs: self.run(grid=grid, warmup=False, *args, **kwargs)
../src/flag_gems/utils/libentry.py:889: in run
    kernel = self.fn.run(*args, **kwargs)
/root/miniconda/envs/python310_torch29_cuda/lib/python3.10/site-packages/triton/runtime/autotuner.py:355: in run
    return self.fn.run(*args, **kwargs)
/root/miniconda/envs/python310_torch29_cuda/lib/python3.10/site-packages/triton/runtime/jit.py:795: in run
    kernel = self.default_run(*args, **kwargs)
/root/miniconda/envs/python310_torch29_cuda/lib/python3.10/site-packages/triton/runtime/jit.py:686: in default_run
    kernel = self.compile(
/root/miniconda/envs/python310_torch29_cuda/lib/python3.10/site-packages/triton/compiler/compiler.py:318: in compile
    next_module = compile_ir(module, metadata)
/root/miniconda/envs/python310_torch29_cuda/lib/python3.10/site-packages/triton/backends/xpu/compiler.py:516: in <lambda>
    stages["ttxir"] = lambda src, metadata: self.make_ttxir(src, metadata, options)
_ _ _ _ _ _ _ _ _ _ _ _ _ _ _ _ _ _ _ _ _ _ _ _ _ _ _ _ _ _ _ _ _ _ _ _ _ _ _ _ 

mod = <triton._C.libtriton.ir.module object at 0x7f9c89dd8d10>
metadata = {'hash': 'ff1431434386c2c5ae9927b614cc9567095031f9c21d4e1b622231ce3dba43fd', 'target': GPUTarget(backend='xpu', arch=3, warp_size=1), 'arch': 3, 'grid': <function softmax_out.<locals>.<lambda> at 0x7f9c89f09360>, ...}
opt = XPUOptions(arch=3, grid=<function softmax_out.<locals>.<lambda> at 0x7f9c89f09360>, debug=None, cluster_num=12, core_n...ed_dot_input_precisions=('ieee', 'tf32'), exp_range=':0', num_warps=16, num_ctas=-1, num_stages=1, use_int4_w4a8=False)

    @staticmethod
    def make_ttxir(mod, metadata, opt):
        metadata["xpu_arch"] = opt.arch
        metadata["is_sdnn"] = opt.is_sdnn or xpu.is_sdnn_kernel(mod)
        metadata["tensor_args"] = xpu.get_tensor_args(mod, []) if metadata["is_sdnn"] is True else []
        metadata["shared"] = (-1)  # TODO: invalid value, just to keep CompiledKernel _init_handles() success
    
        max_buffer_size = metadata["buffer_size_limit"]
        elem_bytes = int(os.environ.get("TRITONXPU_ELEMBYTES", 0))
        groups_per_cluster = metadata["groups_per_cluster"]
        unroll_num = metadata["unroll_num"]
        XPUBackend.buffer_len = xpu.get_buffer_len(mod, max_buffer_size, elem_bytes)
        # print(f"XPUBackend.buffer_len = {XPUBackend.buffer_len}")
        core_num = metadata["core_num"]
        # F/O Prefix For Function/Optimization Macro
        is_use_mask_zero = metadata["is_use_mask_zero"]
        if is_use_mask_zero:
            warnings.warn(
                f'XRE Version Must Be More than 5.0.21.37 (After 2025.07.22). And echo 1 > /proc/kunlun/dev4/dma_excp_mask',
                UserWarning)
        TTXPU_F_INTERLEAVE = 0 if metadata["grid"] != (12, 1, 1) else int(os.environ.get("TRITONXPU_INTERLEAVE", 1))
        TTXPU_F_OHTER_VALUE_SIM = int(os.environ.get("TRITONXPU_OTHER_SIM", 0))
        TTXPU_F_STORE_MASK_SIM = int(os.environ.get("TRITONXPU_STORE_MASK_SIM", 0))
        TTXPU_F_DTYPE_CONVERT = 0 if metadata["isCloseDtypeConvert"] else int(
            os.environ.get("TRITONXPU_DTYPE_CONVERT", 1))
        TTXPU_O_ATOMIC_SIM = 0 if metadata["isCLOSE_TTXPU_O_ATOMIC_SIM"] else int(
            os.environ.get("TRITONXPU_ATOMIC_SIM", 1))
        TTXPU_O_CLOSE_OPT = int(os.environ.get("TRITONXPU_CLOSE_OPTIMIZE", 0))
        TTSDNN_F_SINGLE_CORE_MODE = int(os.environ.get("TRITON_SDNN_SINGLE_CODE_MODE", 0))
        TTSDNN_F_MATMUL_FAST_MODE = int(os.environ.get("XMLIR_MATMUL_FAST_MODE", 0))
        TTSDNN_F_DMA_MODE = int(os.environ.get("XMLIR_DMA_FAST_MODE", 0))
    
        if opt.isClusterOneCoreActOnly and TTXPU_F_OHTER_VALUE_SIM:
            assert 0, "isClusterOneCoreActOnly and TRITONXPU_OTHER_SIM can't act simultaneously"
    
        pm = ir.pass_manager(mod.context)
        pm.enable_debug()
        xpu.passes.ttsdnnir.add_tritonsdnn_strip_all_ops_pass(pm, opt.arch)
        if metadata["is_sdnn"]:
            if opt.arch < 4:
                if metadata["use_int4_w4a8"] == True:
                    xpu.passes.ttsdnnir.add_triton_convert_type_pass(pm, opt.arch, 2)
                else:
                    xpu.passes.ttsdnnir.add_triton_convert_type_pass(pm, opt.arch, TTSDNN_F_MATMUL_FAST_MODE)
            xpu.passes.ttsdnnir.add_convert_triton_to_tritonsdnn_pass(pm, opt.arch)
            xpu.passes.ttsdnnir.add_linalg_to_tritonsdnn_pass(pm, opt.arch)
            xpu.passes.ttsdnnir.add_tritonsdnn_legalize_pass(pm, opt.arch)
            xpu.passes.ttsdnnir.add_tritonsdnn_combine_before_pass(pm, opt.arch)
            xpu.passes.ttsdnnir.add_tritonsdnn_bufferize_pass(pm, opt.arch)
            xpu.passes.ttsdnnir.add_tritonsdnn_combine_pass(pm, opt.arch)
            if opt.exp_range != ":0":
                res = parse_floating_range_string(opt.exp_range)
                xpu.passes.ttsdnnir.add_tritonsdnn_ew_act_table_pass(pm, res)
            else:
                xpu.passes.ttsdnnir.add_tritonsdnn_ew_act_table_pass(pm, None)
            xpu.passes.ttsdnnir.add_tritonsdnn_loop_grid_pass(pm)
            if opt.arch == 4 and TTSDNN_F_DMA_MODE:
                xpu.passes.ttsdnnir.add_tritonsdnn_remove_ds_op_pass(pm, opt.arch)
            if not TTSDNN_F_SINGLE_CORE_MODE:
                xpu.passes.ttsdnnir.add_tritonsdnn_pipeline_pass(pm)
    
            xpu.passes.ttsdnnir.add_tritonsdnn_multi_buffer_pass(pm, opt.arch, opt.num_stages)
            passes.common.add_symbol_dce(pm)
            passes.common.add_canonicalizer(pm)
            passes.common.add_cse(pm)
        else:
            xpu.passes.ttxpuir.add_convert_triton_to_tritonxpu_pass(pm, opt.arch, XPUBackend.buffer_len, core_num)
            xpu.passes.ttxpuir.add_tritonxpu_print_pass(pm)
            xpu.passes.ttxpuir.add_tritonxpu_gm2lm_pass(pm, opt.arch, TTXPU_O_ATOMIC_SIM, opt.isClusterOneCoreActOnly,
                                                        is_use_mask_zero)
            if not metadata["isCloseMemoryCache"]:
                xpu.passes.ttxpuir.add_tritonxpu_memory_cache_pass(pm, XPUBackend.buffer_len,
                                                                   core_num) if not TTXPU_O_CLOSE_OPT else None
            passes.common.add_canonicalizer(pm)
            if TTXPU_F_DTYPE_CONVERT:
                xpu.passes.ttxpuir.add_tritonxpu_dtype_convert_pass(pm, opt.arch)
            if not metadata["isCloseCoreTiling"]:
                xpu.passes.ttxpuir.add_tritonxpu_core_tiling_pass(
                    pm, 0, XPUBackend.buffer_len, core_num,
                    groups_per_cluster) if not TTXPU_O_CLOSE_OPT else None  # dumpFlag=0
            # xpu.passes.ttxpuir.add_tritonxpu_lm_to_sm_pass(pm)
            passes.common.add_cse(pm)
            if not metadata["isCloseOffsetAnalysis"]:
                xpu.passes.ttxpuir.add_tritonxpu_offset_state_pass(
                    pm, 0, XPUBackend.buffer_len, is_use_mask_zero) if not TTXPU_O_CLOSE_OPT else None  # dumpFlag=0
            passes.common.add_canonicalizer(pm)
            xpu.passes.ttxpuir.add_tritonxpu_legalize_pass(pm, XPUBackend.buffer_len, core_num, groups_per_cluster,
                                                           is_use_mask_zero)
            passes.common.add_canonicalizer(pm)
            if not TTXPU_F_OHTER_VALUE_SIM:
                xpu.passes.ttxpuir.add_tritonxpu_mask_pass(pm, opt.isClusterOneCoreActOnly, is_use_mask_zero)
            passes.common.add_canonicalizer(pm)
            passes.common.add_cse(pm)
            passes.common.add_licm(pm)
            passes.common.add_symbol_dce(pm)
            if not metadata["isCloseInterleave"] and TTXPU_F_INTERLEAVE:
                xpu.passes.ttxpuir.add_tritonxpu_interleave_pass(pm) if not TTXPU_O_CLOSE_OPT else None
            passes.common.add_canonicalizer(pm)
            if not metadata["isCloseVectorization"]:
                compareFusion = int(os.environ.get("TRITONXPU_COMPARE_FUSION", 0))
                xpu.passes.ttxpuir.add_tritonxpu_vectorize_pass(
                    pm, 0, compareFusion) if not TTXPU_O_CLOSE_OPT else None  # dumpFlag=0
            passes.common.add_canonicalizer(pm)
            xpu.passes.ttxpuir.add_tritonxpu_alloca_pass(pm, XPUBackend.buffer_len, core_num)
            if not metadata["isCloseMemoryAsync"]:
                xpu.passes.ttxpuir.add_tritonxpu_memory_async_pass(pm,
                                                                   0) if not TTXPU_O_CLOSE_OPT else None  # dumpFlag=0
            if not metadata["isCloseUnrollControl"]:
                xpu.passes.ttxpuir.add_tritonxpu_unroll_control_pass(pm, XPUBackend.buffer_len, core_num,
                                                                     is_use_mask_zero,
                                                                     unroll_num) if not TTXPU_O_CLOSE_OPT else None
            xpu.passes.ttxpuir.add_tritonxpu_store_control_pass(pm) if not TTXPU_O_CLOSE_OPT else None
            if not TTXPU_F_OHTER_VALUE_SIM:
                xpu.passes.ttxpuir.add_tritonxpu_other_sim_pass(pm, XPUBackend.buffer_len, core_num)
            xpu.passes.ttxpuir.add_tritonxpu_memory_inplace_pass(pm, XPUBackend.buffer_len,
                                                                 core_num) if not TTXPU_O_CLOSE_OPT else None
            if not metadata["isCloseClusterLoopGrid"]:
                xpu.passes.ttxpuir.add_tritonxpu_cf_to_scf_pass(pm)
                xpu.passes.ttxpuir.add_tritonxpu_loop_grid_pass(pm)
            passes.common.add_cse(pm)
            passes.common.add_licm(pm)
            passes.common.add_symbol_dce(pm)
    
        try:
            pm.run(mod)
        except Exception as e:
            from triton import OutOfResources
>           raise OutOfResources(0, 0, f"uni_sram {e}")
E           triton.runtime.errors.OutOfResources: out of resource: uni_sram PassManager::run failed, Required: 0, Hardware limit: 0. Reducing block sizes or `num_stages` may help.

/root/miniconda/envs/python310_torch29_cuda/lib/python3.10/site-packages/triton/backends/xpu/compiler.py:332: OutOfResources
___________________ test_softmax_out[False-0-dtype0-shape1] ____________________

shape = (4096, 256), dtype = torch.float16, dim = 0, neg_inf = False

    @pytest.mark.softmax_out
    @pytest.mark.parametrize(
        "shape",
        (
            [(1, 256)]
            if cfg.QUICK_MODE
            else [(1, 256), (4096, 256), (200, 2560, 3), (1, 0, 128, 512)]
        ),
    )
    @pytest.mark.parametrize("dtype", FLOAT_DTYPES)
    @pytest.mark.parametrize("dim", DIM_LIST)
    @pytest.mark.parametrize("neg_inf", [True, False])
    def test_softmax_out(shape, dtype, dim, neg_inf):
        inp = torch.randn(shape, dtype=dtype, device=flag_gems.device)
        if neg_inf:
            inp = torch.where(inp < 0.0, float("-inf"), inp)
        ref_inp = utils.to_reference(inp, True)
    
        ref_out = torch.empty(shape, dtype=ref_inp.dtype, device=ref_inp.device)
        torch.ops.aten._softmax.out(ref_inp, dim, False, out=ref_out)
    
        res_out = torch.empty(shape, dtype=dtype, device=flag_gems.device)
        with flag_gems.use_gems():
            torch.ops.aten._softmax.out(inp, dim, False, out=res_out)
>       utils.gems_assert_close(res_out, ref_out, dtype, equal_nan=True)

test_softmax.py:83: 
_ _ _ _ _ _ _ _ _ _ _ _ _ _ _ _ _ _ _ _ _ _ _ _ _ _ _ _ _ _ _ _ _ _ _ _ _ _ _ _ 
accuracy_utils.py:312: in gems_assert_close
    flag_gems.testing.assert_close(
_ _ _ _ _ _ _ _ _ _ _ _ _ _ _ _ _ _ _ _ _ _ _ _ _ _ _ _ _ _ _ _ _ _ _ _ _ _ _ _ 

res = tensor([[0.0699, 0.0174, 0.0151,  ..., 0.0676, 0.0485, 0.0501],
        [0.0577, 0.0575, 0.0967,  ..., 0.0109, 0.0089,..., 0.0147, 0.0667, 0.0130],
        [0.0889, 0.0627, 0.0338,  ..., 0.0705, 0.0134, 0.0283]],
       dtype=torch.float16)
ref = tensor([[3.0112e-04, 4.5955e-05, 5.4896e-05,  ..., 2.4283e-04, 1.5557e-04,
         1.2791e-04],
        [1.2696e-04, ...
        [2.9182e-04, 2.3282e-04, 1.2219e-04,  ..., 2.0611e-04, 4.9531e-05,
         1.1379e-04]], dtype=torch.float16)
dtype = torch.float16, equal_nan = True, reduce_dim = 1, atol = 0.0001

    def assert_close(res, ref, dtype, equal_nan=False, reduce_dim=1, atol=1e-4):
        if dtype is None:
            dtype = torch.float32
        assert res.dtype == dtype
        ref = ref.to(dtype)
        res, ref = _maybe_move_to_cpu(res, ref)
        rtol = RESOLUTION[dtype]
>       torch.testing.assert_close(
            res, ref, atol=atol * reduce_dim, rtol=rtol, equal_nan=equal_nan
        )
E       AssertionError: Tensor-likes are not close!
E       
E       Mismatched elements: 1048576 / 1048576 (100.0%)
E       Greatest absolute difference: 0.900390625 at index (2513, 48) (up to 0.0001 allowed)
E       Greatest relative difference: 881.0 at index (638, 118) (up to 0.001 allowed)

../src/flag_gems/testing/__init__.py:85: AssertionError
___________________ test_softmax_out[False-0-dtype0-shape2] ____________________

mod = <triton._C.libtriton.ir.module object at 0x7f9c899b6b10>
metadata = {'hash': 'c542d82aac9ee0d048a53781390424b77247397ec9cb1123d893acffb8c2cf01', 'target': GPUTarget(backend='xpu', arch=3, warp_size=1), 'arch': 3, 'grid': <function softmax_out.<locals>.<lambda> at 0x7f9c89ec5240>, ...}
opt = XPUOptions(arch=3, grid=<function softmax_out.<locals>.<lambda> at 0x7f9c89ec5240>, debug=None, cluster_num=12, core_n...ed_dot_input_precisions=('ieee', 'tf32'), exp_range=':0', num_warps=16, num_ctas=-1, num_stages=1, use_int4_w4a8=False)

    @staticmethod
    def make_ttxir(mod, metadata, opt):
        metadata["xpu_arch"] = opt.arch
        metadata["is_sdnn"] = opt.is_sdnn or xpu.is_sdnn_kernel(mod)
        metadata["tensor_args"] = xpu.get_tensor_args(mod, []) if metadata["is_sdnn"] is True else []
        metadata["shared"] = (-1)  # TODO: invalid value, just to keep CompiledKernel _init_handles() success
    
        max_buffer_size = metadata["buffer_size_limit"]
        elem_bytes = int(os.environ.get("TRITONXPU_ELEMBYTES", 0))
        groups_per_cluster = metadata["groups_per_cluster"]
        unroll_num = metadata["unroll_num"]
        XPUBackend.buffer_len = xpu.get_buffer_len(mod, max_buffer_size, elem_bytes)
        # print(f"XPUBackend.buffer_len = {XPUBackend.buffer_len}")
        core_num = metadata["core_num"]
        # F/O Prefix For Function/Optimization Macro
        is_use_mask_zero = metadata["is_use_mask_zero"]
        if is_use_mask_zero:
            warnings.warn(
                f'XRE Version Must Be More than 5.0.21.37 (After 2025.07.22). And echo 1 > /proc/kunlun/dev4/dma_excp_mask',
                UserWarning)
        TTXPU_F_INTERLEAVE = 0 if metadata["grid"] != (12, 1, 1) else int(os.environ.get("TRITONXPU_INTERLEAVE", 1))
        TTXPU_F_OHTER_VALUE_SIM = int(os.environ.get("TRITONXPU_OTHER_SIM", 0))
        TTXPU_F_STORE_MASK_SIM = int(os.environ.get("TRITONXPU_STORE_MASK_SIM", 0))
        TTXPU_F_DTYPE_CONVERT = 0 if metadata["isCloseDtypeConvert"] else int(
            os.environ.get("TRITONXPU_DTYPE_CONVERT", 1))
        TTXPU_O_ATOMIC_SIM = 0 if metadata["isCLOSE_TTXPU_O_ATOMIC_SIM"] else int(
            os.environ.get("TRITONXPU_ATOMIC_SIM", 1))
        TTXPU_O_CLOSE_OPT = int(os.environ.get("TRITONXPU_CLOSE_OPTIMIZE", 0))
        TTSDNN_F_SINGLE_CORE_MODE = int(os.environ.get("TRITON_SDNN_SINGLE_CODE_MODE", 0))
        TTSDNN_F_MATMUL_FAST_MODE = int(os.environ.get("XMLIR_MATMUL_FAST_MODE", 0))
        TTSDNN_F_DMA_MODE = int(os.environ.get("XMLIR_DMA_FAST_MODE", 0))
    
        if opt.isClusterOneCoreActOnly and TTXPU_F_OHTER_VALUE_SIM:
            assert 0, "isClusterOneCoreActOnly and TRITONXPU_OTHER_SIM can't act simultaneously"
    
        pm = ir.pass_manager(mod.context)
        pm.enable_debug()
        xpu.passes.ttsdnnir.add_tritonsdnn_strip_all_ops_pass(pm, opt.arch)
        if metadata["is_sdnn"]:
            if opt.arch < 4:
                if metadata["use_int4_w4a8"] == True:
                    xpu.passes.ttsdnnir.add_triton_convert_type_pass(pm, opt.arch, 2)
                else:
                    xpu.passes.ttsdnnir.add_triton_convert_type_pass(pm, opt.arch, TTSDNN_F_MATMUL_FAST_MODE)
            xpu.passes.ttsdnnir.add_convert_triton_to_tritonsdnn_pass(pm, opt.arch)
            xpu.passes.ttsdnnir.add_linalg_to_tritonsdnn_pass(pm, opt.arch)
            xpu.passes.ttsdnnir.add_tritonsdnn_legalize_pass(pm, opt.arch)
            xpu.passes.ttsdnnir.add_tritonsdnn_combine_before_pass(pm, opt.arch)
            xpu.passes.ttsdnnir.add_tritonsdnn_bufferize_pass(pm, opt.arch)
            xpu.passes.ttsdnnir.add_tritonsdnn_combine_pass(pm, opt.arch)
            if opt.exp_range != ":0":
                res = parse_floating_range_string(opt.exp_range)
                xpu.passes.ttsdnnir.add_tritonsdnn_ew_act_table_pass(pm, res)
            else:
                xpu.passes.ttsdnnir.add_tritonsdnn_ew_act_table_pass(pm, None)
            xpu.passes.ttsdnnir.add_tritonsdnn_loop_grid_pass(pm)
            if opt.arch == 4 and TTSDNN_F_DMA_MODE:
                xpu.passes.ttsdnnir.add_tritonsdnn_remove_ds_op_pass(pm, opt.arch)
            if not TTSDNN_F_SINGLE_CORE_MODE:
                xpu.passes.ttsdnnir.add_tritonsdnn_pipeline_pass(pm)
    
            xpu.passes.ttsdnnir.add_tritonsdnn_multi_buffer_pass(pm, opt.arch, opt.num_stages)
            passes.common.add_symbol_dce(pm)
            passes.common.add_canonicalizer(pm)
            passes.common.add_cse(pm)
        else:
            xpu.passes.ttxpuir.add_convert_triton_to_tritonxpu_pass(pm, opt.arch, XPUBackend.buffer_len, core_num)
            xpu.passes.ttxpuir.add_tritonxpu_print_pass(pm)
            xpu.passes.ttxpuir.add_tritonxpu_gm2lm_pass(pm, opt.arch, TTXPU_O_ATOMIC_SIM, opt.isClusterOneCoreActOnly,
                                                        is_use_mask_zero)
            if not metadata["isCloseMemoryCache"]:
                xpu.passes.ttxpuir.add_tritonxpu_memory_cache_pass(pm, XPUBackend.buffer_len,
                                                                   core_num) if not TTXPU_O_CLOSE_OPT else None
            passes.common.add_canonicalizer(pm)
            if TTXPU_F_DTYPE_CONVERT:
                xpu.passes.ttxpuir.add_tritonxpu_dtype_convert_pass(pm, opt.arch)
            if not metadata["isCloseCoreTiling"]:
                xpu.passes.ttxpuir.add_tritonxpu_core_tiling_pass(
                    pm, 0, XPUBackend.buffer_len, core_num,
                    groups_per_cluster) if not TTXPU_O_CLOSE_OPT else None  # dumpFlag=0
            # xpu.passes.ttxpuir.add_tritonxpu_lm_to_sm_pass(pm)
            passes.common.add_cse(pm)
            if not metadata["isCloseOffsetAnalysis"]:
                xpu.passes.ttxpuir.add_tritonxpu_offset_state_pass(
                    pm, 0, XPUBackend.buffer_len, is_use_mask_zero) if not TTXPU_O_CLOSE_OPT else None  # dumpFlag=0
            passes.common.add_canonicalizer(pm)
            xpu.passes.ttxpuir.add_tritonxpu_legalize_pass(pm, XPUBackend.buffer_len, core_num, groups_per_cluster,
                                                           is_use_mask_zero)
            passes.common.add_canonicalizer(pm)
            if not TTXPU_F_OHTER_VALUE_SIM:
                xpu.passes.ttxpuir.add_tritonxpu_mask_pass(pm, opt.isClusterOneCoreActOnly, is_use_mask_zero)
            passes.common.add_canonicalizer(pm)
            passes.common.add_cse(pm)
            passes.common.add_licm(pm)
            passes.common.add_symbol_dce(pm)
            if not metadata["isCloseInterleave"] and TTXPU_F_INTERLEAVE:
                xpu.passes.ttxpuir.add_tritonxpu_interleave_pass(pm) if not TTXPU_O_CLOSE_OPT else None
            passes.common.add_canonicalizer(pm)
            if not metadata["isCloseVectorization"]:
                compareFusion = int(os.environ.get("TRITONXPU_COMPARE_FUSION", 0))
                xpu.passes.ttxpuir.add_tritonxpu_vectorize_pass(
                    pm, 0, compareFusion) if not TTXPU_O_CLOSE_OPT else None  # dumpFlag=0
            passes.common.add_canonicalizer(pm)
            xpu.passes.ttxpuir.add_tritonxpu_alloca_pass(pm, XPUBackend.buffer_len, core_num)
            if not metadata["isCloseMemoryAsync"]:
                xpu.passes.ttxpuir.add_tritonxpu_memory_async_pass(pm,
                                                                   0) if not TTXPU_O_CLOSE_OPT else None  # dumpFlag=0
            if not metadata["isCloseUnrollControl"]:
                xpu.passes.ttxpuir.add_tritonxpu_unroll_control_pass(pm, XPUBackend.buffer_len, core_num,
                                                                     is_use_mask_zero,
                                                                     unroll_num) if not TTXPU_O_CLOSE_OPT else None
            xpu.passes.ttxpuir.add_tritonxpu_store_control_pass(pm) if not TTXPU_O_CLOSE_OPT else None
            if not TTXPU_F_OHTER_VALUE_SIM:
                xpu.passes.ttxpuir.add_tritonxpu_other_sim_pass(pm, XPUBackend.buffer_len, core_num)
            xpu.passes.ttxpuir.add_tritonxpu_memory_inplace_pass(pm, XPUBackend.buffer_len,
                                                                 core_num) if not TTXPU_O_CLOSE_OPT else None
            if not metadata["isCloseClusterLoopGrid"]:
                xpu.passes.ttxpuir.add_tritonxpu_cf_to_scf_pass(pm)
                xpu.passes.ttxpuir.add_tritonxpu_loop_grid_pass(pm)
            passes.common.add_cse(pm)
            passes.common.add_licm(pm)
            passes.common.add_symbol_dce(pm)
    
        try:
>           pm.run(mod)
E           RuntimeError: PassManager::run failed

/root/miniconda/envs/python310_torch29_cuda/lib/python3.10/site-packages/triton/backends/xpu/compiler.py:329: RuntimeError

During handling of the above exception, another exception occurred:

shape = (200, 2560, 3), dtype = torch.float16, dim = 0, neg_inf = False

    @pytest.mark.softmax_out
    @pytest.mark.parametrize(
        "shape",
        (
            [(1, 256)]
            if cfg.QUICK_MODE
            else [(1, 256), (4096, 256), (200, 2560, 3), (1, 0, 128, 512)]
        ),
    )
    @pytest.mark.parametrize("dtype", FLOAT_DTYPES)
    @pytest.mark.parametrize("dim", DIM_LIST)
    @pytest.mark.parametrize("neg_inf", [True, False])
    def test_softmax_out(shape, dtype, dim, neg_inf):
        inp = torch.randn(shape, dtype=dtype, device=flag_gems.device)
        if neg_inf:
            inp = torch.where(inp < 0.0, float("-inf"), inp)
        ref_inp = utils.to_reference(inp, True)
    
        ref_out = torch.empty(shape, dtype=ref_inp.dtype, device=ref_inp.device)
        torch.ops.aten._softmax.out(ref_inp, dim, False, out=ref_out)
    
        res_out = torch.empty(shape, dtype=dtype, device=flag_gems.device)
        with flag_gems.use_gems():
>           torch.ops.aten._softmax.out(inp, dim, False, out=res_out)

test_softmax.py:82: 
_ _ _ _ _ _ _ _ _ _ _ _ _ _ _ _ _ _ _ _ _ _ _ _ _ _ _ _ _ _ _ _ _ _ _ _ _ _ _ _ 
/root/miniconda/envs/python310_torch29_cuda/lib/python3.10/site-packages/torch/_ops.py:841: in __call__
    return self._op(*args, **kwargs)
../src/flag_gems/ops/softmax.py:325: in softmax_out
    softmax_kernel_non_inner[grid](
/root/miniconda/envs/python310_torch29_cuda/lib/python3.10/site-packages/triton/runtime/jit.py:364: in <lambda>
    return lambda *args, **kwargs: self.run(grid=grid, warmup=False, *args, **kwargs)
../src/flag_gems/utils/libentry.py:889: in run
    kernel = self.fn.run(*args, **kwargs)
/root/miniconda/envs/python310_torch29_cuda/lib/python3.10/site-packages/triton/runtime/autotuner.py:355: in run
    return self.fn.run(*args, **kwargs)
/root/miniconda/envs/python310_torch29_cuda/lib/python3.10/site-packages/triton/runtime/jit.py:795: in run
    kernel = self.default_run(*args, **kwargs)
/root/miniconda/envs/python310_torch29_cuda/lib/python3.10/site-packages/triton/runtime/jit.py:686: in default_run
    kernel = self.compile(
/root/miniconda/envs/python310_torch29_cuda/lib/python3.10/site-packages/triton/compiler/compiler.py:318: in compile
    next_module = compile_ir(module, metadata)
/root/miniconda/envs/python310_torch29_cuda/lib/python3.10/site-packages/triton/backends/xpu/compiler.py:516: in <lambda>
    stages["ttxir"] = lambda src, metadata: self.make_ttxir(src, metadata, options)
_ _ _ _ _ _ _ _ _ _ _ _ _ _ _ _ _ _ _ _ _ _ _ _ _ _ _ _ _ _ _ _ _ _ _ _ _ _ _ _ 

mod = <triton._C.libtriton.ir.module object at 0x7f9c899b6b10>
metadata = {'hash': 'c542d82aac9ee0d048a53781390424b77247397ec9cb1123d893acffb8c2cf01', 'target': GPUTarget(backend='xpu', arch=3, warp_size=1), 'arch': 3, 'grid': <function softmax_out.<locals>.<lambda> at 0x7f9c89ec5240>, ...}
opt = XPUOptions(arch=3, grid=<function softmax_out.<locals>.<lambda> at 0x7f9c89ec5240>, debug=None, cluster_num=12, core_n...ed_dot_input_precisions=('ieee', 'tf32'), exp_range=':0', num_warps=16, num_ctas=-1, num_stages=1, use_int4_w4a8=False)

    @staticmethod
    def make_ttxir(mod, metadata, opt):
        metadata["xpu_arch"] = opt.arch
        metadata["is_sdnn"] = opt.is_sdnn or xpu.is_sdnn_kernel(mod)
        metadata["tensor_args"] = xpu.get_tensor_args(mod, []) if metadata["is_sdnn"] is True else []
        metadata["shared"] = (-1)  # TODO: invalid value, just to keep CompiledKernel _init_handles() success
    
        max_buffer_size = metadata["buffer_size_limit"]
        elem_bytes = int(os.environ.get("TRITONXPU_ELEMBYTES", 0))
        groups_per_cluster = metadata["groups_per_cluster"]
        unroll_num = metadata["unroll_num"]
        XPUBackend.buffer_len = xpu.get_buffer_len(mod, max_buffer_size, elem_bytes)
        # print(f"XPUBackend.buffer_len = {XPUBackend.buffer_len}")
        core_num = metadata["core_num"]
        # F/O Prefix For Function/Optimization Macro
        is_use_mask_zero = metadata["is_use_mask_zero"]
        if is_use_mask_zero:
            warnings.warn(
                f'XRE Version Must Be More than 5.0.21.37 (After 2025.07.22). And echo 1 > /proc/kunlun/dev4/dma_excp_mask',
                UserWarning)
        TTXPU_F_INTERLEAVE = 0 if metadata["grid"] != (12, 1, 1) else int(os.environ.get("TRITONXPU_INTERLEAVE", 1))
        TTXPU_F_OHTER_VALUE_SIM = int(os.environ.get("TRITONXPU_OTHER_SIM", 0))
        TTXPU_F_STORE_MASK_SIM = int(os.environ.get("TRITONXPU_STORE_MASK_SIM", 0))
        TTXPU_F_DTYPE_CONVERT = 0 if metadata["isCloseDtypeConvert"] else int(
            os.environ.get("TRITONXPU_DTYPE_CONVERT", 1))
        TTXPU_O_ATOMIC_SIM = 0 if metadata["isCLOSE_TTXPU_O_ATOMIC_SIM"] else int(
            os.environ.get("TRITONXPU_ATOMIC_SIM", 1))
        TTXPU_O_CLOSE_OPT = int(os.environ.get("TRITONXPU_CLOSE_OPTIMIZE", 0))
        TTSDNN_F_SINGLE_CORE_MODE = int(os.environ.get("TRITON_SDNN_SINGLE_CODE_MODE", 0))
        TTSDNN_F_MATMUL_FAST_MODE = int(os.environ.get("XMLIR_MATMUL_FAST_MODE", 0))
        TTSDNN_F_DMA_MODE = int(os.environ.get("XMLIR_DMA_FAST_MODE", 0))
    
        if opt.isClusterOneCoreActOnly and TTXPU_F_OHTER_VALUE_SIM:
            assert 0, "isClusterOneCoreActOnly and TRITONXPU_OTHER_SIM can't act simultaneously"
    
        pm = ir.pass_manager(mod.context)
        pm.enable_debug()
        xpu.passes.ttsdnnir.add_tritonsdnn_strip_all_ops_pass(pm, opt.arch)
        if metadata["is_sdnn"]:
            if opt.arch < 4:
                if metadata["use_int4_w4a8"] == True:
                    xpu.passes.ttsdnnir.add_triton_convert_type_pass(pm, opt.arch, 2)
                else:
                    xpu.passes.ttsdnnir.add_triton_convert_type_pass(pm, opt.arch, TTSDNN_F_MATMUL_FAST_MODE)
            xpu.passes.ttsdnnir.add_convert_triton_to_tritonsdnn_pass(pm, opt.arch)
            xpu.passes.ttsdnnir.add_linalg_to_tritonsdnn_pass(pm, opt.arch)
            xpu.passes.ttsdnnir.add_tritonsdnn_legalize_pass(pm, opt.arch)
            xpu.passes.ttsdnnir.add_tritonsdnn_combine_before_pass(pm, opt.arch)
            xpu.passes.ttsdnnir.add_tritonsdnn_bufferize_pass(pm, opt.arch)
            xpu.passes.ttsdnnir.add_tritonsdnn_combine_pass(pm, opt.arch)
            if opt.exp_range != ":0":
                res = parse_floating_range_string(opt.exp_range)
                xpu.passes.ttsdnnir.add_tritonsdnn_ew_act_table_pass(pm, res)
            else:
                xpu.passes.ttsdnnir.add_tritonsdnn_ew_act_table_pass(pm, None)
            xpu.passes.ttsdnnir.add_tritonsdnn_loop_grid_pass(pm)
            if opt.arch == 4 and TTSDNN_F_DMA_MODE:
                xpu.passes.ttsdnnir.add_tritonsdnn_remove_ds_op_pass(pm, opt.arch)
            if not TTSDNN_F_SINGLE_CORE_MODE:
                xpu.passes.ttsdnnir.add_tritonsdnn_pipeline_pass(pm)
    
            xpu.passes.ttsdnnir.add_tritonsdnn_multi_buffer_pass(pm, opt.arch, opt.num_stages)
            passes.common.add_symbol_dce(pm)
            passes.common.add_canonicalizer(pm)
            passes.common.add_cse(pm)
        else:
            xpu.passes.ttxpuir.add_convert_triton_to_tritonxpu_pass(pm, opt.arch, XPUBackend.buffer_len, core_num)
            xpu.passes.ttxpuir.add_tritonxpu_print_pass(pm)
            xpu.passes.ttxpuir.add_tritonxpu_gm2lm_pass(pm, opt.arch, TTXPU_O_ATOMIC_SIM, opt.isClusterOneCoreActOnly,
                                                        is_use_mask_zero)
            if not metadata["isCloseMemoryCache"]:
                xpu.passes.ttxpuir.add_tritonxpu_memory_cache_pass(pm, XPUBackend.buffer_len,
                                                                   core_num) if not TTXPU_O_CLOSE_OPT else None
            passes.common.add_canonicalizer(pm)
            if TTXPU_F_DTYPE_CONVERT:
                xpu.passes.ttxpuir.add_tritonxpu_dtype_convert_pass(pm, opt.arch)
            if not metadata["isCloseCoreTiling"]:
                xpu.passes.ttxpuir.add_tritonxpu_core_tiling_pass(
                    pm, 0, XPUBackend.buffer_len, core_num,
                    groups_per_cluster) if not TTXPU_O_CLOSE_OPT else None  # dumpFlag=0
            # xpu.passes.ttxpuir.add_tritonxpu_lm_to_sm_pass(pm)
            passes.common.add_cse(pm)
            if not metadata["isCloseOffsetAnalysis"]:
                xpu.passes.ttxpuir.add_tritonxpu_offset_state_pass(
                    pm, 0, XPUBackend.buffer_len, is_use_mask_zero) if not TTXPU_O_CLOSE_OPT else None  # dumpFlag=0
            passes.common.add_canonicalizer(pm)
            xpu.passes.ttxpuir.add_tritonxpu_legalize_pass(pm, XPUBackend.buffer_len, core_num, groups_per_cluster,
                                                           is_use_mask_zero)
            passes.common.add_canonicalizer(pm)
            if not TTXPU_F_OHTER_VALUE_SIM:
                xpu.passes.ttxpuir.add_tritonxpu_mask_pass(pm, opt.isClusterOneCoreActOnly, is_use_mask_zero)
            passes.common.add_canonicalizer(pm)
            passes.common.add_cse(pm)
            passes.common.add_licm(pm)
            passes.common.add_symbol_dce(pm)
            if not metadata["isCloseInterleave"] and TTXPU_F_INTERLEAVE:
                xpu.passes.ttxpuir.add_tritonxpu_interleave_pass(pm) if not TTXPU_O_CLOSE_OPT else None
            passes.common.add_canonicalizer(pm)
            if not metadata["isCloseVectorization"]:
                compareFusion = int(os.environ.get("TRITONXPU_COMPARE_FUSION", 0))
                xpu.passes.ttxpuir.add_tritonxpu_vectorize_pass(
                    pm, 0, compareFusion) if not TTXPU_O_CLOSE_OPT else None  # dumpFlag=0
            passes.common.add_canonicalizer(pm)
            xpu.passes.ttxpuir.add_tritonxpu_alloca_pass(pm, XPUBackend.buffer_len, core_num)
            if not metadata["isCloseMemoryAsync"]:
                xpu.passes.ttxpuir.add_tritonxpu_memory_async_pass(pm,
                                                                   0) if not TTXPU_O_CLOSE_OPT else None  # dumpFlag=0
            if not metadata["isCloseUnrollControl"]:
                xpu.passes.ttxpuir.add_tritonxpu_unroll_control_pass(pm, XPUBackend.buffer_len, core_num,
                                                                     is_use_mask_zero,
                                                                     unroll_num) if not TTXPU_O_CLOSE_OPT else None
            xpu.passes.ttxpuir.add_tritonxpu_store_control_pass(pm) if not TTXPU_O_CLOSE_OPT else None
            if not TTXPU_F_OHTER_VALUE_SIM:
                xpu.passes.ttxpuir.add_tritonxpu_other_sim_pass(pm, XPUBackend.buffer_len, core_num)
            xpu.passes.ttxpuir.add_tritonxpu_memory_inplace_pass(pm, XPUBackend.buffer_len,
                                                                 core_num) if not TTXPU_O_CLOSE_OPT else None
            if not metadata["isCloseClusterLoopGrid"]:
                xpu.passes.ttxpuir.add_tritonxpu_cf_to_scf_pass(pm)
                xpu.passes.ttxpuir.add_tritonxpu_loop_grid_pass(pm)
            passes.common.add_cse(pm)
            passes.common.add_licm(pm)
            passes.common.add_symbol_dce(pm)
    
        try:
            pm.run(mod)
        except Exception as e:
            from triton import OutOfResources
>           raise OutOfResources(0, 0, f"uni_sram {e}")
E           triton.runtime.errors.OutOfResources: out of resource: uni_sram PassManager::run failed, Required: 0, Hardware limit: 0. Reducing block sizes or `num_stages` may help.

/root/miniconda/envs/python310_torch29_cuda/lib/python3.10/site-packages/triton/backends/xpu/compiler.py:332: OutOfResources
___________________ test_softmax_out[False-0-dtype1-shape0] ____________________

mod = <triton._C.libtriton.ir.module object at 0x7f9c89d76b60>
metadata = {'hash': '070d6dbe2de69137d63d5e01b6a7b83e7f09236960cf3a876a80ec1b64b266bc', 'target': GPUTarget(backend='xpu', arch=3, warp_size=1), 'arch': 3, 'grid': <function softmax_out.<locals>.<lambda> at 0x7f9c89ec60e0>, ...}
opt = XPUOptions(arch=3, grid=<function softmax_out.<locals>.<lambda> at 0x7f9c89ec60e0>, debug=None, cluster_num=12, core_n...ed_dot_input_precisions=('ieee', 'tf32'), exp_range=':0', num_warps=16, num_ctas=-1, num_stages=1, use_int4_w4a8=False)

    @staticmethod
    def make_ttxir(mod, metadata, opt):
        metadata["xpu_arch"] = opt.arch
        metadata["is_sdnn"] = opt.is_sdnn or xpu.is_sdnn_kernel(mod)
        metadata["tensor_args"] = xpu.get_tensor_args(mod, []) if metadata["is_sdnn"] is True else []
        metadata["shared"] = (-1)  # TODO: invalid value, just to keep CompiledKernel _init_handles() success
    
        max_buffer_size = metadata["buffer_size_limit"]
        elem_bytes = int(os.environ.get("TRITONXPU_ELEMBYTES", 0))
        groups_per_cluster = metadata["groups_per_cluster"]
        unroll_num = metadata["unroll_num"]
        XPUBackend.buffer_len = xpu.get_buffer_len(mod, max_buffer_size, elem_bytes)
        # print(f"XPUBackend.buffer_len = {XPUBackend.buffer_len}")
        core_num = metadata["core_num"]
        # F/O Prefix For Function/Optimization Macro
        is_use_mask_zero = metadata["is_use_mask_zero"]
        if is_use_mask_zero:
            warnings.warn(
                f'XRE Version Must Be More than 5.0.21.37 (After 2025.07.22). And echo 1 > /proc/kunlun/dev4/dma_excp_mask',
                UserWarning)
        TTXPU_F_INTERLEAVE = 0 if metadata["grid"] != (12, 1, 1) else int(os.environ.get("TRITONXPU_INTERLEAVE", 1))
        TTXPU_F_OHTER_VALUE_SIM = int(os.environ.get("TRITONXPU_OTHER_SIM", 0))
        TTXPU_F_STORE_MASK_SIM = int(os.environ.get("TRITONXPU_STORE_MASK_SIM", 0))
        TTXPU_F_DTYPE_CONVERT = 0 if metadata["isCloseDtypeConvert"] else int(
            os.environ.get("TRITONXPU_DTYPE_CONVERT", 1))
        TTXPU_O_ATOMIC_SIM = 0 if metadata["isCLOSE_TTXPU_O_ATOMIC_SIM"] else int(
            os.environ.get("TRITONXPU_ATOMIC_SIM", 1))
        TTXPU_O_CLOSE_OPT = int(os.environ.get("TRITONXPU_CLOSE_OPTIMIZE", 0))
        TTSDNN_F_SINGLE_CORE_MODE = int(os.environ.get("TRITON_SDNN_SINGLE_CODE_MODE", 0))
        TTSDNN_F_MATMUL_FAST_MODE = int(os.environ.get("XMLIR_MATMUL_FAST_MODE", 0))
        TTSDNN_F_DMA_MODE = int(os.environ.get("XMLIR_DMA_FAST_MODE", 0))
    
        if opt.isClusterOneCoreActOnly and TTXPU_F_OHTER_VALUE_SIM:
            assert 0, "isClusterOneCoreActOnly and TRITONXPU_OTHER_SIM can't act simultaneously"
    
        pm = ir.pass_manager(mod.context)
        pm.enable_debug()
        xpu.passes.ttsdnnir.add_tritonsdnn_strip_all_ops_pass(pm, opt.arch)
        if metadata["is_sdnn"]:
            if opt.arch < 4:
                if metadata["use_int4_w4a8"] == True:
                    xpu.passes.ttsdnnir.add_triton_convert_type_pass(pm, opt.arch, 2)
                else:
                    xpu.passes.ttsdnnir.add_triton_convert_type_pass(pm, opt.arch, TTSDNN_F_MATMUL_FAST_MODE)
            xpu.passes.ttsdnnir.add_convert_triton_to_tritonsdnn_pass(pm, opt.arch)
            xpu.passes.ttsdnnir.add_linalg_to_tritonsdnn_pass(pm, opt.arch)
            xpu.passes.ttsdnnir.add_tritonsdnn_legalize_pass(pm, opt.arch)
            xpu.passes.ttsdnnir.add_tritonsdnn_combine_before_pass(pm, opt.arch)
            xpu.passes.ttsdnnir.add_tritonsdnn_bufferize_pass(pm, opt.arch)
            xpu.passes.ttsdnnir.add_tritonsdnn_combine_pass(pm, opt.arch)
            if opt.exp_range != ":0":
                res = parse_floating_range_string(opt.exp_range)
                xpu.passes.ttsdnnir.add_tritonsdnn_ew_act_table_pass(pm, res)
            else:
                xpu.passes.ttsdnnir.add_tritonsdnn_ew_act_table_pass(pm, None)
            xpu.passes.ttsdnnir.add_tritonsdnn_loop_grid_pass(pm)
            if opt.arch == 4 and TTSDNN_F_DMA_MODE:
                xpu.passes.ttsdnnir.add_tritonsdnn_remove_ds_op_pass(pm, opt.arch)
            if not TTSDNN_F_SINGLE_CORE_MODE:
                xpu.passes.ttsdnnir.add_tritonsdnn_pipeline_pass(pm)
    
            xpu.passes.ttsdnnir.add_tritonsdnn_multi_buffer_pass(pm, opt.arch, opt.num_stages)
            passes.common.add_symbol_dce(pm)
            passes.common.add_canonicalizer(pm)
            passes.common.add_cse(pm)
        else:
            xpu.passes.ttxpuir.add_convert_triton_to_tritonxpu_pass(pm, opt.arch, XPUBackend.buffer_len, core_num)
            xpu.passes.ttxpuir.add_tritonxpu_print_pass(pm)
            xpu.passes.ttxpuir.add_tritonxpu_gm2lm_pass(pm, opt.arch, TTXPU_O_ATOMIC_SIM, opt.isClusterOneCoreActOnly,
                                                        is_use_mask_zero)
            if not metadata["isCloseMemoryCache"]:
                xpu.passes.ttxpuir.add_tritonxpu_memory_cache_pass(pm, XPUBackend.buffer_len,
                                                                   core_num) if not TTXPU_O_CLOSE_OPT else None
            passes.common.add_canonicalizer(pm)
            if TTXPU_F_DTYPE_CONVERT:
                xpu.passes.ttxpuir.add_tritonxpu_dtype_convert_pass(pm, opt.arch)
            if not metadata["isCloseCoreTiling"]:
                xpu.passes.ttxpuir.add_tritonxpu_core_tiling_pass(
                    pm, 0, XPUBackend.buffer_len, core_num,
                    groups_per_cluster) if not TTXPU_O_CLOSE_OPT else None  # dumpFlag=0
            # xpu.passes.ttxpuir.add_tritonxpu_lm_to_sm_pass(pm)
            passes.common.add_cse(pm)
            if not metadata["isCloseOffsetAnalysis"]:
                xpu.passes.ttxpuir.add_tritonxpu_offset_state_pass(
                    pm, 0, XPUBackend.buffer_len, is_use_mask_zero) if not TTXPU_O_CLOSE_OPT else None  # dumpFlag=0
            passes.common.add_canonicalizer(pm)
            xpu.passes.ttxpuir.add_tritonxpu_legalize_pass(pm, XPUBackend.buffer_len, core_num, groups_per_cluster,
                                                           is_use_mask_zero)
            passes.common.add_canonicalizer(pm)
            if not TTXPU_F_OHTER_VALUE_SIM:
                xpu.passes.ttxpuir.add_tritonxpu_mask_pass(pm, opt.isClusterOneCoreActOnly, is_use_mask_zero)
            passes.common.add_canonicalizer(pm)
            passes.common.add_cse(pm)
            passes.common.add_licm(pm)
            passes.common.add_symbol_dce(pm)
            if not metadata["isCloseInterleave"] and TTXPU_F_INTERLEAVE:
                xpu.passes.ttxpuir.add_tritonxpu_interleave_pass(pm) if not TTXPU_O_CLOSE_OPT else None
            passes.common.add_canonicalizer(pm)
            if not metadata["isCloseVectorization"]:
                compareFusion = int(os.environ.get("TRITONXPU_COMPARE_FUSION", 0))
                xpu.passes.ttxpuir.add_tritonxpu_vectorize_pass(
                    pm, 0, compareFusion) if not TTXPU_O_CLOSE_OPT else None  # dumpFlag=0
            passes.common.add_canonicalizer(pm)
            xpu.passes.ttxpuir.add_tritonxpu_alloca_pass(pm, XPUBackend.buffer_len, core_num)
            if not metadata["isCloseMemoryAsync"]:
                xpu.passes.ttxpuir.add_tritonxpu_memory_async_pass(pm,
                                                                   0) if not TTXPU_O_CLOSE_OPT else None  # dumpFlag=0
            if not metadata["isCloseUnrollControl"]:
                xpu.passes.ttxpuir.add_tritonxpu_unroll_control_pass(pm, XPUBackend.buffer_len, core_num,
                                                                     is_use_mask_zero,
                                                                     unroll_num) if not TTXPU_O_CLOSE_OPT else None
            xpu.passes.ttxpuir.add_tritonxpu_store_control_pass(pm) if not TTXPU_O_CLOSE_OPT else None
            if not TTXPU_F_OHTER_VALUE_SIM:
                xpu.passes.ttxpuir.add_tritonxpu_other_sim_pass(pm, XPUBackend.buffer_len, core_num)
            xpu.passes.ttxpuir.add_tritonxpu_memory_inplace_pass(pm, XPUBackend.buffer_len,
                                                                 core_num) if not TTXPU_O_CLOSE_OPT else None
            if not metadata["isCloseClusterLoopGrid"]:
                xpu.passes.ttxpuir.add_tritonxpu_cf_to_scf_pass(pm)
                xpu.passes.ttxpuir.add_tritonxpu_loop_grid_pass(pm)
            passes.common.add_cse(pm)
            passes.common.add_licm(pm)
            passes.common.add_symbol_dce(pm)
    
        try:
>           pm.run(mod)
E           RuntimeError: PassManager::run failed

/root/miniconda/envs/python310_torch29_cuda/lib/python3.10/site-packages/triton/backends/xpu/compiler.py:329: RuntimeError

During handling of the above exception, another exception occurred:

shape = (1, 256), dtype = torch.float32, dim = 0, neg_inf = False

    @pytest.mark.softmax_out
    @pytest.mark.parametrize(
        "shape",
        (
            [(1, 256)]
            if cfg.QUICK_MODE
            else [(1, 256), (4096, 256), (200, 2560, 3), (1, 0, 128, 512)]
        ),
    )
    @pytest.mark.parametrize("dtype", FLOAT_DTYPES)
    @pytest.mark.parametrize("dim", DIM_LIST)
    @pytest.mark.parametrize("neg_inf", [True, False])
    def test_softmax_out(shape, dtype, dim, neg_inf):
        inp = torch.randn(shape, dtype=dtype, device=flag_gems.device)
        if neg_inf:
            inp = torch.where(inp < 0.0, float("-inf"), inp)
        ref_inp = utils.to_reference(inp, True)
    
        ref_out = torch.empty(shape, dtype=ref_inp.dtype, device=ref_inp.device)
        torch.ops.aten._softmax.out(ref_inp, dim, False, out=ref_out)
    
        res_out = torch.empty(shape, dtype=dtype, device=flag_gems.device)
        with flag_gems.use_gems():
>           torch.ops.aten._softmax.out(inp, dim, False, out=res_out)

test_softmax.py:82: 
_ _ _ _ _ _ _ _ _ _ _ _ _ _ _ _ _ _ _ _ _ _ _ _ _ _ _ _ _ _ _ _ _ _ _ _ _ _ _ _ 
/root/miniconda/envs/python310_torch29_cuda/lib/python3.10/site-packages/torch/_ops.py:841: in __call__
    return self._op(*args, **kwargs)
../src/flag_gems/ops/softmax.py:325: in softmax_out
    softmax_kernel_non_inner[grid](
/root/miniconda/envs/python310_torch29_cuda/lib/python3.10/site-packages/triton/runtime/jit.py:364: in <lambda>
    return lambda *args, **kwargs: self.run(grid=grid, warmup=False, *args, **kwargs)
../src/flag_gems/utils/libentry.py:889: in run
    kernel = self.fn.run(*args, **kwargs)
/root/miniconda/envs/python310_torch29_cuda/lib/python3.10/site-packages/triton/runtime/autotuner.py:355: in run
    return self.fn.run(*args, **kwargs)
/root/miniconda/envs/python310_torch29_cuda/lib/python3.10/site-packages/triton/runtime/jit.py:795: in run
    kernel = self.default_run(*args, **kwargs)
/root/miniconda/envs/python310_torch29_cuda/lib/python3.10/site-packages/triton/runtime/jit.py:686: in default_run
    kernel = self.compile(
/root/miniconda/envs/python310_torch29_cuda/lib/python3.10/site-packages/triton/compiler/compiler.py:318: in compile
    next_module = compile_ir(module, metadata)
/root/miniconda/envs/python310_torch29_cuda/lib/python3.10/site-packages/triton/backends/xpu/compiler.py:516: in <lambda>
    stages["ttxir"] = lambda src, metadata: self.make_ttxir(src, metadata, options)
_ _ _ _ _ _ _ _ _ _ _ _ _ _ _ _ _ _ _ _ _ _ _ _ _ _ _ _ _ _ _ _ _ _ _ _ _ _ _ _ 

mod = <triton._C.libtriton.ir.module object at 0x7f9c89d76b60>
metadata = {'hash': '070d6dbe2de69137d63d5e01b6a7b83e7f09236960cf3a876a80ec1b64b266bc', 'target': GPUTarget(backend='xpu', arch=3, warp_size=1), 'arch': 3, 'grid': <function softmax_out.<locals>.<lambda> at 0x7f9c89ec60e0>, ...}
opt = XPUOptions(arch=3, grid=<function softmax_out.<locals>.<lambda> at 0x7f9c89ec60e0>, debug=None, cluster_num=12, core_n...ed_dot_input_precisions=('ieee', 'tf32'), exp_range=':0', num_warps=16, num_ctas=-1, num_stages=1, use_int4_w4a8=False)

    @staticmethod
    def make_ttxir(mod, metadata, opt):
        metadata["xpu_arch"] = opt.arch
        metadata["is_sdnn"] = opt.is_sdnn or xpu.is_sdnn_kernel(mod)
        metadata["tensor_args"] = xpu.get_tensor_args(mod, []) if metadata["is_sdnn"] is True else []
        metadata["shared"] = (-1)  # TODO: invalid value, just to keep CompiledKernel _init_handles() success
    
        max_buffer_size = metadata["buffer_size_limit"]
        elem_bytes = int(os.environ.get("TRITONXPU_ELEMBYTES", 0))
        groups_per_cluster = metadata["groups_per_cluster"]
        unroll_num = metadata["unroll_num"]
        XPUBackend.buffer_len = xpu.get_buffer_len(mod, max_buffer_size, elem_bytes)
        # print(f"XPUBackend.buffer_len = {XPUBackend.buffer_len}")
        core_num = metadata["core_num"]
        # F/O Prefix For Function/Optimization Macro
        is_use_mask_zero = metadata["is_use_mask_zero"]
        if is_use_mask_zero:
            warnings.warn(
                f'XRE Version Must Be More than 5.0.21.37 (After 2025.07.22). And echo 1 > /proc/kunlun/dev4/dma_excp_mask',
                UserWarning)
        TTXPU_F_INTERLEAVE = 0 if metadata["grid"] != (12, 1, 1) else int(os.environ.get("TRITONXPU_INTERLEAVE", 1))
        TTXPU_F_OHTER_VALUE_SIM = int(os.environ.get("TRITONXPU_OTHER_SIM", 0))
        TTXPU_F_STORE_MASK_SIM = int(os.environ.get("TRITONXPU_STORE_MASK_SIM", 0))
        TTXPU_F_DTYPE_CONVERT = 0 if metadata["isCloseDtypeConvert"] else int(
            os.environ.get("TRITONXPU_DTYPE_CONVERT", 1))
        TTXPU_O_ATOMIC_SIM = 0 if metadata["isCLOSE_TTXPU_O_ATOMIC_SIM"] else int(
            os.environ.get("TRITONXPU_ATOMIC_SIM", 1))
        TTXPU_O_CLOSE_OPT = int(os.environ.get("TRITONXPU_CLOSE_OPTIMIZE", 0))
        TTSDNN_F_SINGLE_CORE_MODE = int(os.environ.get("TRITON_SDNN_SINGLE_CODE_MODE", 0))
        TTSDNN_F_MATMUL_FAST_MODE = int(os.environ.get("XMLIR_MATMUL_FAST_MODE", 0))
        TTSDNN_F_DMA_MODE = int(os.environ.get("XMLIR_DMA_FAST_MODE", 0))
    
        if opt.isClusterOneCoreActOnly and TTXPU_F_OHTER_VALUE_SIM:
            assert 0, "isClusterOneCoreActOnly and TRITONXPU_OTHER_SIM can't act simultaneously"
    
        pm = ir.pass_manager(mod.context)
        pm.enable_debug()
        xpu.passes.ttsdnnir.add_tritonsdnn_strip_all_ops_pass(pm, opt.arch)
        if metadata["is_sdnn"]:
            if opt.arch < 4:
                if metadata["use_int4_w4a8"] == True:
                    xpu.passes.ttsdnnir.add_triton_convert_type_pass(pm, opt.arch, 2)
                else:
                    xpu.passes.ttsdnnir.add_triton_convert_type_pass(pm, opt.arch, TTSDNN_F_MATMUL_FAST_MODE)
            xpu.passes.ttsdnnir.add_convert_triton_to_tritonsdnn_pass(pm, opt.arch)
            xpu.passes.ttsdnnir.add_linalg_to_tritonsdnn_pass(pm, opt.arch)
            xpu.passes.ttsdnnir.add_tritonsdnn_legalize_pass(pm, opt.arch)
            xpu.passes.ttsdnnir.add_tritonsdnn_combine_before_pass(pm, opt.arch)
            xpu.passes.ttsdnnir.add_tritonsdnn_bufferize_pass(pm, opt.arch)
            xpu.passes.ttsdnnir.add_tritonsdnn_combine_pass(pm, opt.arch)
            if opt.exp_range != ":0":
                res = parse_floating_range_string(opt.exp_range)
                xpu.passes.ttsdnnir.add_tritonsdnn_ew_act_table_pass(pm, res)
            else:
                xpu.passes.ttsdnnir.add_tritonsdnn_ew_act_table_pass(pm, None)
            xpu.passes.ttsdnnir.add_tritonsdnn_loop_grid_pass(pm)
            if opt.arch == 4 and TTSDNN_F_DMA_MODE:
                xpu.passes.ttsdnnir.add_tritonsdnn_remove_ds_op_pass(pm, opt.arch)
            if not TTSDNN_F_SINGLE_CORE_MODE:
                xpu.passes.ttsdnnir.add_tritonsdnn_pipeline_pass(pm)
    
            xpu.passes.ttsdnnir.add_tritonsdnn_multi_buffer_pass(pm, opt.arch, opt.num_stages)
            passes.common.add_symbol_dce(pm)
            passes.common.add_canonicalizer(pm)
            passes.common.add_cse(pm)
        else:
            xpu.passes.ttxpuir.add_convert_triton_to_tritonxpu_pass(pm, opt.arch, XPUBackend.buffer_len, core_num)
            xpu.passes.ttxpuir.add_tritonxpu_print_pass(pm)
            xpu.passes.ttxpuir.add_tritonxpu_gm2lm_pass(pm, opt.arch, TTXPU_O_ATOMIC_SIM, opt.isClusterOneCoreActOnly,
                                                        is_use_mask_zero)
            if not metadata["isCloseMemoryCache"]:
                xpu.passes.ttxpuir.add_tritonxpu_memory_cache_pass(pm, XPUBackend.buffer_len,
                                                                   core_num) if not TTXPU_O_CLOSE_OPT else None
            passes.common.add_canonicalizer(pm)
            if TTXPU_F_DTYPE_CONVERT:
                xpu.passes.ttxpuir.add_tritonxpu_dtype_convert_pass(pm, opt.arch)
            if not metadata["isCloseCoreTiling"]:
                xpu.passes.ttxpuir.add_tritonxpu_core_tiling_pass(
                    pm, 0, XPUBackend.buffer_len, core_num,
                    groups_per_cluster) if not TTXPU_O_CLOSE_OPT else None  # dumpFlag=0
            # xpu.passes.ttxpuir.add_tritonxpu_lm_to_sm_pass(pm)
            passes.common.add_cse(pm)
            if not metadata["isCloseOffsetAnalysis"]:
                xpu.passes.ttxpuir.add_tritonxpu_offset_state_pass(
                    pm, 0, XPUBackend.buffer_len, is_use_mask_zero) if not TTXPU_O_CLOSE_OPT else None  # dumpFlag=0
            passes.common.add_canonicalizer(pm)
            xpu.passes.ttxpuir.add_tritonxpu_legalize_pass(pm, XPUBackend.buffer_len, core_num, groups_per_cluster,
                                                           is_use_mask_zero)
            passes.common.add_canonicalizer(pm)
            if not TTXPU_F_OHTER_VALUE_SIM:
                xpu.passes.ttxpuir.add_tritonxpu_mask_pass(pm, opt.isClusterOneCoreActOnly, is_use_mask_zero)
            passes.common.add_canonicalizer(pm)
            passes.common.add_cse(pm)
            passes.common.add_licm(pm)
            passes.common.add_symbol_dce(pm)
            if not metadata["isCloseInterleave"] and TTXPU_F_INTERLEAVE:
                xpu.passes.ttxpuir.add_tritonxpu_interleave_pass(pm) if not TTXPU_O_CLOSE_OPT else None
            passes.common.add_canonicalizer(pm)
            if not metadata["isCloseVectorization"]:
                compareFusion = int(os.environ.get("TRITONXPU_COMPARE_FUSION", 0))
                xpu.passes.ttxpuir.add_tritonxpu_vectorize_pass(
                    pm, 0, compareFusion) if not TTXPU_O_CLOSE_OPT else None  # dumpFlag=0
            passes.common.add_canonicalizer(pm)
            xpu.passes.ttxpuir.add_tritonxpu_alloca_pass(pm, XPUBackend.buffer_len, core_num)
            if not metadata["isCloseMemoryAsync"]:
                xpu.passes.ttxpuir.add_tritonxpu_memory_async_pass(pm,
                                                                   0) if not TTXPU_O_CLOSE_OPT else None  # dumpFlag=0
            if not metadata["isCloseUnrollControl"]:
                xpu.passes.ttxpuir.add_tritonxpu_unroll_control_pass(pm, XPUBackend.buffer_len, core_num,
                                                                     is_use_mask_zero,
                                                                     unroll_num) if not TTXPU_O_CLOSE_OPT else None
            xpu.passes.ttxpuir.add_tritonxpu_store_control_pass(pm) if not TTXPU_O_CLOSE_OPT else None
            if not TTXPU_F_OHTER_VALUE_SIM:
                xpu.passes.ttxpuir.add_tritonxpu_other_sim_pass(pm, XPUBackend.buffer_len, core_num)
            xpu.passes.ttxpuir.add_tritonxpu_memory_inplace_pass(pm, XPUBackend.buffer_len,
                                                                 core_num) if not TTXPU_O_CLOSE_OPT else None
            if not metadata["isCloseClusterLoopGrid"]:
                xpu.passes.ttxpuir.add_tritonxpu_cf_to_scf_pass(pm)
                xpu.passes.ttxpuir.add_tritonxpu_loop_grid_pass(pm)
            passes.common.add_cse(pm)
            passes.common.add_licm(pm)
            passes.common.add_symbol_dce(pm)
    
        try:
            pm.run(mod)
        except Exception as e:
            from triton import OutOfResources
>           raise OutOfResources(0, 0, f"uni_sram {e}")
E           triton.runtime.errors.OutOfResources: out of resource: uni_sram PassManager::run failed, Required: 0, Hardware limit: 0. Reducing block sizes or `num_stages` may help.

/root/miniconda/envs/python310_torch29_cuda/lib/python3.10/site-packages/triton/backends/xpu/compiler.py:332: OutOfResources
___________________ test_softmax_out[False-0-dtype1-shape1] ____________________

shape = (4096, 256), dtype = torch.float32, dim = 0, neg_inf = False

    @pytest.mark.softmax_out
    @pytest.mark.parametrize(
        "shape",
        (
            [(1, 256)]
            if cfg.QUICK_MODE
            else [(1, 256), (4096, 256), (200, 2560, 3), (1, 0, 128, 512)]
        ),
    )
    @pytest.mark.parametrize("dtype", FLOAT_DTYPES)
    @pytest.mark.parametrize("dim", DIM_LIST)
    @pytest.mark.parametrize("neg_inf", [True, False])
    def test_softmax_out(shape, dtype, dim, neg_inf):
        inp = torch.randn(shape, dtype=dtype, device=flag_gems.device)
        if neg_inf:
            inp = torch.where(inp < 0.0, float("-inf"), inp)
        ref_inp = utils.to_reference(inp, True)
    
        ref_out = torch.empty(shape, dtype=ref_inp.dtype, device=ref_inp.device)
        torch.ops.aten._softmax.out(ref_inp, dim, False, out=ref_out)
    
        res_out = torch.empty(shape, dtype=dtype, device=flag_gems.device)
        with flag_gems.use_gems():
            torch.ops.aten._softmax.out(inp, dim, False, out=res_out)
>       utils.gems_assert_close(res_out, ref_out, dtype, equal_nan=True)

test_softmax.py:83: 
_ _ _ _ _ _ _ _ _ _ _ _ _ _ _ _ _ _ _ _ _ _ _ _ _ _ _ _ _ _ _ _ _ _ _ _ _ _ _ _ 
accuracy_utils.py:312: in gems_assert_close
    flag_gems.testing.assert_close(
_ _ _ _ _ _ _ _ _ _ _ _ _ _ _ _ _ _ _ _ _ _ _ _ _ _ _ _ _ _ _ _ _ _ _ _ _ _ _ _ 

res = tensor([[0.0676, 0.2000, 0.0986,  ..., 0.0220, 0.1012, 0.0397],
        [0.0244, 0.0140, 0.0166,  ..., 0.0668, 0.0210,...0.0228, 0.0221, 0.0671,  ..., 0.0392, 0.0280, 0.2472],
        [0.0260, 0.0083, 0.0500,  ..., 0.0147, 0.0786, 0.0967]])
ref = tensor([[2.2475e-04, 4.9544e-04, 3.9130e-04,  ..., 1.1639e-04, 3.0664e-04,
         1.0908e-04],
        [7.0886e-05, ...         1.4463e-03],
        [7.3429e-05, 4.0354e-05, 1.7514e-04,  ..., 6.0442e-05, 2.3401e-04,
         3.0433e-04]])
dtype = torch.float32, equal_nan = True, reduce_dim = 1, atol = 0.0001

    def assert_close(res, ref, dtype, equal_nan=False, reduce_dim=1, atol=1e-4):
        if dtype is None:
            dtype = torch.float32
        assert res.dtype == dtype
        ref = ref.to(dtype)
        res, ref = _maybe_move_to_cpu(res, ref)
        rtol = RESOLUTION[dtype]
>       torch.testing.assert_close(
            res, ref, atol=atol * reduce_dim, rtol=rtol, equal_nan=equal_nan
        )
E       AssertionError: Tensor-likes are not close!
E       
E       Mismatched elements: 1048576 / 1048576 (100.0%)
E       Greatest absolute difference: 0.8451841473579407 at index (1256, 216) (up to 0.0001 allowed)
E       Greatest relative difference: 968.6234741210938 at index (3871, 238) (up to 1.3e-06 allowed)

../src/flag_gems/testing/__init__.py:85: AssertionError
___________________ test_softmax_out[False-0-dtype1-shape2] ____________________

mod = <triton._C.libtriton.ir.module object at 0x7f9c89c9bc90>
metadata = {'hash': '2c5a03162c3660ce4c1601ea869a29a028cfb57b140a58c0f44fb2c0a0e32432', 'target': GPUTarget(backend='xpu', arch=3, warp_size=1), 'arch': 3, 'grid': <function softmax_out.<locals>.<lambda> at 0x7f9c89f09240>, ...}
opt = XPUOptions(arch=3, grid=<function softmax_out.<locals>.<lambda> at 0x7f9c89f09240>, debug=None, cluster_num=12, core_n...ed_dot_input_precisions=('ieee', 'tf32'), exp_range=':0', num_warps=16, num_ctas=-1, num_stages=1, use_int4_w4a8=False)

    @staticmethod
    def make_ttxir(mod, metadata, opt):
        metadata["xpu_arch"] = opt.arch
        metadata["is_sdnn"] = opt.is_sdnn or xpu.is_sdnn_kernel(mod)
        metadata["tensor_args"] = xpu.get_tensor_args(mod, []) if metadata["is_sdnn"] is True else []
        metadata["shared"] = (-1)  # TODO: invalid value, just to keep CompiledKernel _init_handles() success
    
        max_buffer_size = metadata["buffer_size_limit"]
        elem_bytes = int(os.environ.get("TRITONXPU_ELEMBYTES", 0))
        groups_per_cluster = metadata["groups_per_cluster"]
        unroll_num = metadata["unroll_num"]
        XPUBackend.buffer_len = xpu.get_buffer_len(mod, max_buffer_size, elem_bytes)
        # print(f"XPUBackend.buffer_len = {XPUBackend.buffer_len}")
        core_num = metadata["core_num"]
        # F/O Prefix For Function/Optimization Macro
        is_use_mask_zero = metadata["is_use_mask_zero"]
        if is_use_mask_zero:
            warnings.warn(
                f'XRE Version Must Be More than 5.0.21.37 (After 2025.07.22). And echo 1 > /proc/kunlun/dev4/dma_excp_mask',
                UserWarning)
        TTXPU_F_INTERLEAVE = 0 if metadata["grid"] != (12, 1, 1) else int(os.environ.get("TRITONXPU_INTERLEAVE", 1))
        TTXPU_F_OHTER_VALUE_SIM = int(os.environ.get("TRITONXPU_OTHER_SIM", 0))
        TTXPU_F_STORE_MASK_SIM = int(os.environ.get("TRITONXPU_STORE_MASK_SIM", 0))
        TTXPU_F_DTYPE_CONVERT = 0 if metadata["isCloseDtypeConvert"] else int(
            os.environ.get("TRITONXPU_DTYPE_CONVERT", 1))
        TTXPU_O_ATOMIC_SIM = 0 if metadata["isCLOSE_TTXPU_O_ATOMIC_SIM"] else int(
            os.environ.get("TRITONXPU_ATOMIC_SIM", 1))
        TTXPU_O_CLOSE_OPT = int(os.environ.get("TRITONXPU_CLOSE_OPTIMIZE", 0))
        TTSDNN_F_SINGLE_CORE_MODE = int(os.environ.get("TRITON_SDNN_SINGLE_CODE_MODE", 0))
        TTSDNN_F_MATMUL_FAST_MODE = int(os.environ.get("XMLIR_MATMUL_FAST_MODE", 0))
        TTSDNN_F_DMA_MODE = int(os.environ.get("XMLIR_DMA_FAST_MODE", 0))
    
        if opt.isClusterOneCoreActOnly and TTXPU_F_OHTER_VALUE_SIM:
            assert 0, "isClusterOneCoreActOnly and TRITONXPU_OTHER_SIM can't act simultaneously"
    
        pm = ir.pass_manager(mod.context)
        pm.enable_debug()
        xpu.passes.ttsdnnir.add_tritonsdnn_strip_all_ops_pass(pm, opt.arch)
        if metadata["is_sdnn"]:
            if opt.arch < 4:
                if metadata["use_int4_w4a8"] == True:
                    xpu.passes.ttsdnnir.add_triton_convert_type_pass(pm, opt.arch, 2)
                else:
                    xpu.passes.ttsdnnir.add_triton_convert_type_pass(pm, opt.arch, TTSDNN_F_MATMUL_FAST_MODE)
            xpu.passes.ttsdnnir.add_convert_triton_to_tritonsdnn_pass(pm, opt.arch)
            xpu.passes.ttsdnnir.add_linalg_to_tritonsdnn_pass(pm, opt.arch)
            xpu.passes.ttsdnnir.add_tritonsdnn_legalize_pass(pm, opt.arch)
            xpu.passes.ttsdnnir.add_tritonsdnn_combine_before_pass(pm, opt.arch)
            xpu.passes.ttsdnnir.add_tritonsdnn_bufferize_pass(pm, opt.arch)
            xpu.passes.ttsdnnir.add_tritonsdnn_combine_pass(pm, opt.arch)
            if opt.exp_range != ":0":
                res = parse_floating_range_string(opt.exp_range)
                xpu.passes.ttsdnnir.add_tritonsdnn_ew_act_table_pass(pm, res)
            else:
                xpu.passes.ttsdnnir.add_tritonsdnn_ew_act_table_pass(pm, None)
            xpu.passes.ttsdnnir.add_tritonsdnn_loop_grid_pass(pm)
            if opt.arch == 4 and TTSDNN_F_DMA_MODE:
                xpu.passes.ttsdnnir.add_tritonsdnn_remove_ds_op_pass(pm, opt.arch)
            if not TTSDNN_F_SINGLE_CORE_MODE:
                xpu.passes.ttsdnnir.add_tritonsdnn_pipeline_pass(pm)
    
            xpu.passes.ttsdnnir.add_tritonsdnn_multi_buffer_pass(pm, opt.arch, opt.num_stages)
            passes.common.add_symbol_dce(pm)
            passes.common.add_canonicalizer(pm)
            passes.common.add_cse(pm)
        else:
            xpu.passes.ttxpuir.add_convert_triton_to_tritonxpu_pass(pm, opt.arch, XPUBackend.buffer_len, core_num)
            xpu.passes.ttxpuir.add_tritonxpu_print_pass(pm)
            xpu.passes.ttxpuir.add_tritonxpu_gm2lm_pass(pm, opt.arch, TTXPU_O_ATOMIC_SIM, opt.isClusterOneCoreActOnly,
                                                        is_use_mask_zero)
            if not metadata["isCloseMemoryCache"]:
                xpu.passes.ttxpuir.add_tritonxpu_memory_cache_pass(pm, XPUBackend.buffer_len,
                                                                   core_num) if not TTXPU_O_CLOSE_OPT else None
            passes.common.add_canonicalizer(pm)
            if TTXPU_F_DTYPE_CONVERT:
                xpu.passes.ttxpuir.add_tritonxpu_dtype_convert_pass(pm, opt.arch)
            if not metadata["isCloseCoreTiling"]:
                xpu.passes.ttxpuir.add_tritonxpu_core_tiling_pass(
                    pm, 0, XPUBackend.buffer_len, core_num,
                    groups_per_cluster) if not TTXPU_O_CLOSE_OPT else None  # dumpFlag=0
            # xpu.passes.ttxpuir.add_tritonxpu_lm_to_sm_pass(pm)
            passes.common.add_cse(pm)
            if not metadata["isCloseOffsetAnalysis"]:
                xpu.passes.ttxpuir.add_tritonxpu_offset_state_pass(
                    pm, 0, XPUBackend.buffer_len, is_use_mask_zero) if not TTXPU_O_CLOSE_OPT else None  # dumpFlag=0
            passes.common.add_canonicalizer(pm)
            xpu.passes.ttxpuir.add_tritonxpu_legalize_pass(pm, XPUBackend.buffer_len, core_num, groups_per_cluster,
                                                           is_use_mask_zero)
            passes.common.add_canonicalizer(pm)
            if not TTXPU_F_OHTER_VALUE_SIM:
                xpu.passes.ttxpuir.add_tritonxpu_mask_pass(pm, opt.isClusterOneCoreActOnly, is_use_mask_zero)
            passes.common.add_canonicalizer(pm)
            passes.common.add_cse(pm)
            passes.common.add_licm(pm)
            passes.common.add_symbol_dce(pm)
            if not metadata["isCloseInterleave"] and TTXPU_F_INTERLEAVE:
                xpu.passes.ttxpuir.add_tritonxpu_interleave_pass(pm) if not TTXPU_O_CLOSE_OPT else None
            passes.common.add_canonicalizer(pm)
            if not metadata["isCloseVectorization"]:
                compareFusion = int(os.environ.get("TRITONXPU_COMPARE_FUSION", 0))
                xpu.passes.ttxpuir.add_tritonxpu_vectorize_pass(
                    pm, 0, compareFusion) if not TTXPU_O_CLOSE_OPT else None  # dumpFlag=0
            passes.common.add_canonicalizer(pm)
            xpu.passes.ttxpuir.add_tritonxpu_alloca_pass(pm, XPUBackend.buffer_len, core_num)
            if not metadata["isCloseMemoryAsync"]:
                xpu.passes.ttxpuir.add_tritonxpu_memory_async_pass(pm,
                                                                   0) if not TTXPU_O_CLOSE_OPT else None  # dumpFlag=0
            if not metadata["isCloseUnrollControl"]:
                xpu.passes.ttxpuir.add_tritonxpu_unroll_control_pass(pm, XPUBackend.buffer_len, core_num,
                                                                     is_use_mask_zero,
                                                                     unroll_num) if not TTXPU_O_CLOSE_OPT else None
            xpu.passes.ttxpuir.add_tritonxpu_store_control_pass(pm) if not TTXPU_O_CLOSE_OPT else None
            if not TTXPU_F_OHTER_VALUE_SIM:
                xpu.passes.ttxpuir.add_tritonxpu_other_sim_pass(pm, XPUBackend.buffer_len, core_num)
            xpu.passes.ttxpuir.add_tritonxpu_memory_inplace_pass(pm, XPUBackend.buffer_len,
                                                                 core_num) if not TTXPU_O_CLOSE_OPT else None
            if not metadata["isCloseClusterLoopGrid"]:
                xpu.passes.ttxpuir.add_tritonxpu_cf_to_scf_pass(pm)
                xpu.passes.ttxpuir.add_tritonxpu_loop_grid_pass(pm)
            passes.common.add_cse(pm)
            passes.common.add_licm(pm)
            passes.common.add_symbol_dce(pm)
    
        try:
>           pm.run(mod)
E           RuntimeError: PassManager::run failed

/root/miniconda/envs/python310_torch29_cuda/lib/python3.10/site-packages/triton/backends/xpu/compiler.py:329: RuntimeError

During handling of the above exception, another exception occurred:

shape = (200, 2560, 3), dtype = torch.float32, dim = 0, neg_inf = False

    @pytest.mark.softmax_out
    @pytest.mark.parametrize(
        "shape",
        (
            [(1, 256)]
            if cfg.QUICK_MODE
            else [(1, 256), (4096, 256), (200, 2560, 3), (1, 0, 128, 512)]
        ),
    )
    @pytest.mark.parametrize("dtype", FLOAT_DTYPES)
    @pytest.mark.parametrize("dim", DIM_LIST)
    @pytest.mark.parametrize("neg_inf", [True, False])
    def test_softmax_out(shape, dtype, dim, neg_inf):
        inp = torch.randn(shape, dtype=dtype, device=flag_gems.device)
        if neg_inf:
            inp = torch.where(inp < 0.0, float("-inf"), inp)
        ref_inp = utils.to_reference(inp, True)
    
        ref_out = torch.empty(shape, dtype=ref_inp.dtype, device=ref_inp.device)
        torch.ops.aten._softmax.out(ref_inp, dim, False, out=ref_out)
    
        res_out = torch.empty(shape, dtype=dtype, device=flag_gems.device)
        with flag_gems.use_gems():
>           torch.ops.aten._softmax.out(inp, dim, False, out=res_out)

test_softmax.py:82: 
_ _ _ _ _ _ _ _ _ _ _ _ _ _ _ _ _ _ _ _ _ _ _ _ _ _ _ _ _ _ _ _ _ _ _ _ _ _ _ _ 
/root/miniconda/envs/python310_torch29_cuda/lib/python3.10/site-packages/torch/_ops.py:841: in __call__
    return self._op(*args, **kwargs)
../src/flag_gems/ops/softmax.py:325: in softmax_out
    softmax_kernel_non_inner[grid](
/root/miniconda/envs/python310_torch29_cuda/lib/python3.10/site-packages/triton/runtime/jit.py:364: in <lambda>
    return lambda *args, **kwargs: self.run(grid=grid, warmup=False, *args, **kwargs)
../src/flag_gems/utils/libentry.py:889: in run
    kernel = self.fn.run(*args, **kwargs)
/root/miniconda/envs/python310_torch29_cuda/lib/python3.10/site-packages/triton/runtime/autotuner.py:355: in run
    return self.fn.run(*args, **kwargs)
/root/miniconda/envs/python310_torch29_cuda/lib/python3.10/site-packages/triton/runtime/jit.py:795: in run
    kernel = self.default_run(*args, **kwargs)
/root/miniconda/envs/python310_torch29_cuda/lib/python3.10/site-packages/triton/runtime/jit.py:686: in default_run
    kernel = self.compile(
/root/miniconda/envs/python310_torch29_cuda/lib/python3.10/site-packages/triton/compiler/compiler.py:318: in compile
    next_module = compile_ir(module, metadata)
/root/miniconda/envs/python310_torch29_cuda/lib/python3.10/site-packages/triton/backends/xpu/compiler.py:516: in <lambda>
    stages["ttxir"] = lambda src, metadata: self.make_ttxir(src, metadata, options)
_ _ _ _ _ _ _ _ _ _ _ _ _ _ _ _ _ _ _ _ _ _ _ _ _ _ _ _ _ _ _ _ _ _ _ _ _ _ _ _ 

mod = <triton._C.libtriton.ir.module object at 0x7f9c89c9bc90>
metadata = {'hash': '2c5a03162c3660ce4c1601ea869a29a028cfb57b140a58c0f44fb2c0a0e32432', 'target': GPUTarget(backend='xpu', arch=3, warp_size=1), 'arch': 3, 'grid': <function softmax_out.<locals>.<lambda> at 0x7f9c89f09240>, ...}
opt = XPUOptions(arch=3, grid=<function softmax_out.<locals>.<lambda> at 0x7f9c89f09240>, debug=None, cluster_num=12, core_n...ed_dot_input_precisions=('ieee', 'tf32'), exp_range=':0', num_warps=16, num_ctas=-1, num_stages=1, use_int4_w4a8=False)

    @staticmethod
    def make_ttxir(mod, metadata, opt):
        metadata["xpu_arch"] = opt.arch
        metadata["is_sdnn"] = opt.is_sdnn or xpu.is_sdnn_kernel(mod)
        metadata["tensor_args"] = xpu.get_tensor_args(mod, []) if metadata["is_sdnn"] is True else []
        metadata["shared"] = (-1)  # TODO: invalid value, just to keep CompiledKernel _init_handles() success
    
        max_buffer_size = metadata["buffer_size_limit"]
        elem_bytes = int(os.environ.get("TRITONXPU_ELEMBYTES", 0))
        groups_per_cluster = metadata["groups_per_cluster"]
        unroll_num = metadata["unroll_num"]
        XPUBackend.buffer_len = xpu.get_buffer_len(mod, max_buffer_size, elem_bytes)
        # print(f"XPUBackend.buffer_len = {XPUBackend.buffer_len}")
        core_num = metadata["core_num"]
        # F/O Prefix For Function/Optimization Macro
        is_use_mask_zero = metadata["is_use_mask_zero"]
        if is_use_mask_zero:
            warnings.warn(
                f'XRE Version Must Be More than 5.0.21.37 (After 2025.07.22). And echo 1 > /proc/kunlun/dev4/dma_excp_mask',
                UserWarning)
        TTXPU_F_INTERLEAVE = 0 if metadata["grid"] != (12, 1, 1) else int(os.environ.get("TRITONXPU_INTERLEAVE", 1))
        TTXPU_F_OHTER_VALUE_SIM = int(os.environ.get("TRITONXPU_OTHER_SIM", 0))
        TTXPU_F_STORE_MASK_SIM = int(os.environ.get("TRITONXPU_STORE_MASK_SIM", 0))
        TTXPU_F_DTYPE_CONVERT = 0 if metadata["isCloseDtypeConvert"] else int(
            os.environ.get("TRITONXPU_DTYPE_CONVERT", 1))
        TTXPU_O_ATOMIC_SIM = 0 if metadata["isCLOSE_TTXPU_O_ATOMIC_SIM"] else int(
            os.environ.get("TRITONXPU_ATOMIC_SIM", 1))
        TTXPU_O_CLOSE_OPT = int(os.environ.get("TRITONXPU_CLOSE_OPTIMIZE", 0))
        TTSDNN_F_SINGLE_CORE_MODE = int(os.environ.get("TRITON_SDNN_SINGLE_CODE_MODE", 0))
        TTSDNN_F_MATMUL_FAST_MODE = int(os.environ.get("XMLIR_MATMUL_FAST_MODE", 0))
        TTSDNN_F_DMA_MODE = int(os.environ.get("XMLIR_DMA_FAST_MODE", 0))
    
        if opt.isClusterOneCoreActOnly and TTXPU_F_OHTER_VALUE_SIM:
            assert 0, "isClusterOneCoreActOnly and TRITONXPU_OTHER_SIM can't act simultaneously"
    
        pm = ir.pass_manager(mod.context)
        pm.enable_debug()
        xpu.passes.ttsdnnir.add_tritonsdnn_strip_all_ops_pass(pm, opt.arch)
        if metadata["is_sdnn"]:
            if opt.arch < 4:
                if metadata["use_int4_w4a8"] == True:
                    xpu.passes.ttsdnnir.add_triton_convert_type_pass(pm, opt.arch, 2)
                else:
                    xpu.passes.ttsdnnir.add_triton_convert_type_pass(pm, opt.arch, TTSDNN_F_MATMUL_FAST_MODE)
            xpu.passes.ttsdnnir.add_convert_triton_to_tritonsdnn_pass(pm, opt.arch)
            xpu.passes.ttsdnnir.add_linalg_to_tritonsdnn_pass(pm, opt.arch)
            xpu.passes.ttsdnnir.add_tritonsdnn_legalize_pass(pm, opt.arch)
            xpu.passes.ttsdnnir.add_tritonsdnn_combine_before_pass(pm, opt.arch)
            xpu.passes.ttsdnnir.add_tritonsdnn_bufferize_pass(pm, opt.arch)
            xpu.passes.ttsdnnir.add_tritonsdnn_combine_pass(pm, opt.arch)
            if opt.exp_range != ":0":
                res = parse_floating_range_string(opt.exp_range)
                xpu.passes.ttsdnnir.add_tritonsdnn_ew_act_table_pass(pm, res)
            else:
                xpu.passes.ttsdnnir.add_tritonsdnn_ew_act_table_pass(pm, None)
            xpu.passes.ttsdnnir.add_tritonsdnn_loop_grid_pass(pm)
            if opt.arch == 4 and TTSDNN_F_DMA_MODE:
                xpu.passes.ttsdnnir.add_tritonsdnn_remove_ds_op_pass(pm, opt.arch)
            if not TTSDNN_F_SINGLE_CORE_MODE:
                xpu.passes.ttsdnnir.add_tritonsdnn_pipeline_pass(pm)
    
            xpu.passes.ttsdnnir.add_tritonsdnn_multi_buffer_pass(pm, opt.arch, opt.num_stages)
            passes.common.add_symbol_dce(pm)
            passes.common.add_canonicalizer(pm)
            passes.common.add_cse(pm)
        else:
            xpu.passes.ttxpuir.add_convert_triton_to_tritonxpu_pass(pm, opt.arch, XPUBackend.buffer_len, core_num)
            xpu.passes.ttxpuir.add_tritonxpu_print_pass(pm)
            xpu.passes.ttxpuir.add_tritonxpu_gm2lm_pass(pm, opt.arch, TTXPU_O_ATOMIC_SIM, opt.isClusterOneCoreActOnly,
                                                        is_use_mask_zero)
            if not metadata["isCloseMemoryCache"]:
                xpu.passes.ttxpuir.add_tritonxpu_memory_cache_pass(pm, XPUBackend.buffer_len,
                                                                   core_num) if not TTXPU_O_CLOSE_OPT else None
            passes.common.add_canonicalizer(pm)
            if TTXPU_F_DTYPE_CONVERT:
                xpu.passes.ttxpuir.add_tritonxpu_dtype_convert_pass(pm, opt.arch)
            if not metadata["isCloseCoreTiling"]:
                xpu.passes.ttxpuir.add_tritonxpu_core_tiling_pass(
                    pm, 0, XPUBackend.buffer_len, core_num,
                    groups_per_cluster) if not TTXPU_O_CLOSE_OPT else None  # dumpFlag=0
            # xpu.passes.ttxpuir.add_tritonxpu_lm_to_sm_pass(pm)
            passes.common.add_cse(pm)
            if not metadata["isCloseOffsetAnalysis"]:
                xpu.passes.ttxpuir.add_tritonxpu_offset_state_pass(
                    pm, 0, XPUBackend.buffer_len, is_use_mask_zero) if not TTXPU_O_CLOSE_OPT else None  # dumpFlag=0
            passes.common.add_canonicalizer(pm)
            xpu.passes.ttxpuir.add_tritonxpu_legalize_pass(pm, XPUBackend.buffer_len, core_num, groups_per_cluster,
                                                           is_use_mask_zero)
            passes.common.add_canonicalizer(pm)
            if not TTXPU_F_OHTER_VALUE_SIM:
                xpu.passes.ttxpuir.add_tritonxpu_mask_pass(pm, opt.isClusterOneCoreActOnly, is_use_mask_zero)
            passes.common.add_canonicalizer(pm)
            passes.common.add_cse(pm)
            passes.common.add_licm(pm)
            passes.common.add_symbol_dce(pm)
            if not metadata["isCloseInterleave"] and TTXPU_F_INTERLEAVE:
                xpu.passes.ttxpuir.add_tritonxpu_interleave_pass(pm) if not TTXPU_O_CLOSE_OPT else None
            passes.common.add_canonicalizer(pm)
            if not metadata["isCloseVectorization"]:
                compareFusion = int(os.environ.get("TRITONXPU_COMPARE_FUSION", 0))
                xpu.passes.ttxpuir.add_tritonxpu_vectorize_pass(
                    pm, 0, compareFusion) if not TTXPU_O_CLOSE_OPT else None  # dumpFlag=0
            passes.common.add_canonicalizer(pm)
            xpu.passes.ttxpuir.add_tritonxpu_alloca_pass(pm, XPUBackend.buffer_len, core_num)
            if not metadata["isCloseMemoryAsync"]:
                xpu.passes.ttxpuir.add_tritonxpu_memory_async_pass(pm,
                                                                   0) if not TTXPU_O_CLOSE_OPT else None  # dumpFlag=0
            if not metadata["isCloseUnrollControl"]:
                xpu.passes.ttxpuir.add_tritonxpu_unroll_control_pass(pm, XPUBackend.buffer_len, core_num,
                                                                     is_use_mask_zero,
                                                                     unroll_num) if not TTXPU_O_CLOSE_OPT else None
            xpu.passes.ttxpuir.add_tritonxpu_store_control_pass(pm) if not TTXPU_O_CLOSE_OPT else None
            if not TTXPU_F_OHTER_VALUE_SIM:
                xpu.passes.ttxpuir.add_tritonxpu_other_sim_pass(pm, XPUBackend.buffer_len, core_num)
            xpu.passes.ttxpuir.add_tritonxpu_memory_inplace_pass(pm, XPUBackend.buffer_len,
                                                                 core_num) if not TTXPU_O_CLOSE_OPT else None
            if not metadata["isCloseClusterLoopGrid"]:
                xpu.passes.ttxpuir.add_tritonxpu_cf_to_scf_pass(pm)
                xpu.passes.ttxpuir.add_tritonxpu_loop_grid_pass(pm)
            passes.common.add_cse(pm)
            passes.common.add_licm(pm)
            passes.common.add_symbol_dce(pm)
    
        try:
            pm.run(mod)
        except Exception as e:
            from triton import OutOfResources
>           raise OutOfResources(0, 0, f"uni_sram {e}")
E           triton.runtime.errors.OutOfResources: out of resource: uni_sram PassManager::run failed, Required: 0, Hardware limit: 0. Reducing block sizes or `num_stages` may help.

/root/miniconda/envs/python310_torch29_cuda/lib/python3.10/site-packages/triton/backends/xpu/compiler.py:332: OutOfResources
___________________ test_softmax_out[False-0-dtype2-shape0] ____________________

mod = <triton._C.libtriton.ir.module object at 0x7f9c89d70770>
metadata = {'hash': '0a77fcc2d1db46ceb97001de2e8a475c2ce68b625ff8491bd6a2d8745ed48be1', 'target': GPUTarget(backend='xpu', arch=3, warp_size=1), 'arch': 3, 'grid': <function softmax_out.<locals>.<lambda> at 0x7f9c8a034f70>, ...}
opt = XPUOptions(arch=3, grid=<function softmax_out.<locals>.<lambda> at 0x7f9c8a034f70>, debug=None, cluster_num=12, core_n...ed_dot_input_precisions=('ieee', 'tf32'), exp_range=':0', num_warps=16, num_ctas=-1, num_stages=1, use_int4_w4a8=False)

    @staticmethod
    def make_ttxir(mod, metadata, opt):
        metadata["xpu_arch"] = opt.arch
        metadata["is_sdnn"] = opt.is_sdnn or xpu.is_sdnn_kernel(mod)
        metadata["tensor_args"] = xpu.get_tensor_args(mod, []) if metadata["is_sdnn"] is True else []
        metadata["shared"] = (-1)  # TODO: invalid value, just to keep CompiledKernel _init_handles() success
    
        max_buffer_size = metadata["buffer_size_limit"]
        elem_bytes = int(os.environ.get("TRITONXPU_ELEMBYTES", 0))
        groups_per_cluster = metadata["groups_per_cluster"]
        unroll_num = metadata["unroll_num"]
        XPUBackend.buffer_len = xpu.get_buffer_len(mod, max_buffer_size, elem_bytes)
        # print(f"XPUBackend.buffer_len = {XPUBackend.buffer_len}")
        core_num = metadata["core_num"]
        # F/O Prefix For Function/Optimization Macro
        is_use_mask_zero = metadata["is_use_mask_zero"]
        if is_use_mask_zero:
            warnings.warn(
                f'XRE Version Must Be More than 5.0.21.37 (After 2025.07.22). And echo 1 > /proc/kunlun/dev4/dma_excp_mask',
                UserWarning)
        TTXPU_F_INTERLEAVE = 0 if metadata["grid"] != (12, 1, 1) else int(os.environ.get("TRITONXPU_INTERLEAVE", 1))
        TTXPU_F_OHTER_VALUE_SIM = int(os.environ.get("TRITONXPU_OTHER_SIM", 0))
        TTXPU_F_STORE_MASK_SIM = int(os.environ.get("TRITONXPU_STORE_MASK_SIM", 0))
        TTXPU_F_DTYPE_CONVERT = 0 if metadata["isCloseDtypeConvert"] else int(
            os.environ.get("TRITONXPU_DTYPE_CONVERT", 1))
        TTXPU_O_ATOMIC_SIM = 0 if metadata["isCLOSE_TTXPU_O_ATOMIC_SIM"] else int(
            os.environ.get("TRITONXPU_ATOMIC_SIM", 1))
        TTXPU_O_CLOSE_OPT = int(os.environ.get("TRITONXPU_CLOSE_OPTIMIZE", 0))
        TTSDNN_F_SINGLE_CORE_MODE = int(os.environ.get("TRITON_SDNN_SINGLE_CODE_MODE", 0))
        TTSDNN_F_MATMUL_FAST_MODE = int(os.environ.get("XMLIR_MATMUL_FAST_MODE", 0))
        TTSDNN_F_DMA_MODE = int(os.environ.get("XMLIR_DMA_FAST_MODE", 0))
    
        if opt.isClusterOneCoreActOnly and TTXPU_F_OHTER_VALUE_SIM:
            assert 0, "isClusterOneCoreActOnly and TRITONXPU_OTHER_SIM can't act simultaneously"
    
        pm = ir.pass_manager(mod.context)
        pm.enable_debug()
        xpu.passes.ttsdnnir.add_tritonsdnn_strip_all_ops_pass(pm, opt.arch)
        if metadata["is_sdnn"]:
            if opt.arch < 4:
                if metadata["use_int4_w4a8"] == True:
                    xpu.passes.ttsdnnir.add_triton_convert_type_pass(pm, opt.arch, 2)
                else:
                    xpu.passes.ttsdnnir.add_triton_convert_type_pass(pm, opt.arch, TTSDNN_F_MATMUL_FAST_MODE)
            xpu.passes.ttsdnnir.add_convert_triton_to_tritonsdnn_pass(pm, opt.arch)
            xpu.passes.ttsdnnir.add_linalg_to_tritonsdnn_pass(pm, opt.arch)
            xpu.passes.ttsdnnir.add_tritonsdnn_legalize_pass(pm, opt.arch)
            xpu.passes.ttsdnnir.add_tritonsdnn_combine_before_pass(pm, opt.arch)
            xpu.passes.ttsdnnir.add_tritonsdnn_bufferize_pass(pm, opt.arch)
            xpu.passes.ttsdnnir.add_tritonsdnn_combine_pass(pm, opt.arch)
            if opt.exp_range != ":0":
                res = parse_floating_range_string(opt.exp_range)
                xpu.passes.ttsdnnir.add_tritonsdnn_ew_act_table_pass(pm, res)
            else:
                xpu.passes.ttsdnnir.add_tritonsdnn_ew_act_table_pass(pm, None)
            xpu.passes.ttsdnnir.add_tritonsdnn_loop_grid_pass(pm)
            if opt.arch == 4 and TTSDNN_F_DMA_MODE:
                xpu.passes.ttsdnnir.add_tritonsdnn_remove_ds_op_pass(pm, opt.arch)
            if not TTSDNN_F_SINGLE_CORE_MODE:
                xpu.passes.ttsdnnir.add_tritonsdnn_pipeline_pass(pm)
    
            xpu.passes.ttsdnnir.add_tritonsdnn_multi_buffer_pass(pm, opt.arch, opt.num_stages)
            passes.common.add_symbol_dce(pm)
            passes.common.add_canonicalizer(pm)
            passes.common.add_cse(pm)
        else:
            xpu.passes.ttxpuir.add_convert_triton_to_tritonxpu_pass(pm, opt.arch, XPUBackend.buffer_len, core_num)
            xpu.passes.ttxpuir.add_tritonxpu_print_pass(pm)
            xpu.passes.ttxpuir.add_tritonxpu_gm2lm_pass(pm, opt.arch, TTXPU_O_ATOMIC_SIM, opt.isClusterOneCoreActOnly,
                                                        is_use_mask_zero)
            if not metadata["isCloseMemoryCache"]:
                xpu.passes.ttxpuir.add_tritonxpu_memory_cache_pass(pm, XPUBackend.buffer_len,
                                                                   core_num) if not TTXPU_O_CLOSE_OPT else None
            passes.common.add_canonicalizer(pm)
            if TTXPU_F_DTYPE_CONVERT:
                xpu.passes.ttxpuir.add_tritonxpu_dtype_convert_pass(pm, opt.arch)
            if not metadata["isCloseCoreTiling"]:
                xpu.passes.ttxpuir.add_tritonxpu_core_tiling_pass(
                    pm, 0, XPUBackend.buffer_len, core_num,
                    groups_per_cluster) if not TTXPU_O_CLOSE_OPT else None  # dumpFlag=0
            # xpu.passes.ttxpuir.add_tritonxpu_lm_to_sm_pass(pm)
            passes.common.add_cse(pm)
            if not metadata["isCloseOffsetAnalysis"]:
                xpu.passes.ttxpuir.add_tritonxpu_offset_state_pass(
                    pm, 0, XPUBackend.buffer_len, is_use_mask_zero) if not TTXPU_O_CLOSE_OPT else None  # dumpFlag=0
            passes.common.add_canonicalizer(pm)
            xpu.passes.ttxpuir.add_tritonxpu_legalize_pass(pm, XPUBackend.buffer_len, core_num, groups_per_cluster,
                                                           is_use_mask_zero)
            passes.common.add_canonicalizer(pm)
            if not TTXPU_F_OHTER_VALUE_SIM:
                xpu.passes.ttxpuir.add_tritonxpu_mask_pass(pm, opt.isClusterOneCoreActOnly, is_use_mask_zero)
            passes.common.add_canonicalizer(pm)
            passes.common.add_cse(pm)
            passes.common.add_licm(pm)
            passes.common.add_symbol_dce(pm)
            if not metadata["isCloseInterleave"] and TTXPU_F_INTERLEAVE:
                xpu.passes.ttxpuir.add_tritonxpu_interleave_pass(pm) if not TTXPU_O_CLOSE_OPT else None
            passes.common.add_canonicalizer(pm)
            if not metadata["isCloseVectorization"]:
                compareFusion = int(os.environ.get("TRITONXPU_COMPARE_FUSION", 0))
                xpu.passes.ttxpuir.add_tritonxpu_vectorize_pass(
                    pm, 0, compareFusion) if not TTXPU_O_CLOSE_OPT else None  # dumpFlag=0
            passes.common.add_canonicalizer(pm)
            xpu.passes.ttxpuir.add_tritonxpu_alloca_pass(pm, XPUBackend.buffer_len, core_num)
            if not metadata["isCloseMemoryAsync"]:
                xpu.passes.ttxpuir.add_tritonxpu_memory_async_pass(pm,
                                                                   0) if not TTXPU_O_CLOSE_OPT else None  # dumpFlag=0
            if not metadata["isCloseUnrollControl"]:
                xpu.passes.ttxpuir.add_tritonxpu_unroll_control_pass(pm, XPUBackend.buffer_len, core_num,
                                                                     is_use_mask_zero,
                                                                     unroll_num) if not TTXPU_O_CLOSE_OPT else None
            xpu.passes.ttxpuir.add_tritonxpu_store_control_pass(pm) if not TTXPU_O_CLOSE_OPT else None
            if not TTXPU_F_OHTER_VALUE_SIM:
                xpu.passes.ttxpuir.add_tritonxpu_other_sim_pass(pm, XPUBackend.buffer_len, core_num)
            xpu.passes.ttxpuir.add_tritonxpu_memory_inplace_pass(pm, XPUBackend.buffer_len,
                                                                 core_num) if not TTXPU_O_CLOSE_OPT else None
            if not metadata["isCloseClusterLoopGrid"]:
                xpu.passes.ttxpuir.add_tritonxpu_cf_to_scf_pass(pm)
                xpu.passes.ttxpuir.add_tritonxpu_loop_grid_pass(pm)
            passes.common.add_cse(pm)
            passes.common.add_licm(pm)
            passes.common.add_symbol_dce(pm)
    
        try:
>           pm.run(mod)
E           RuntimeError: PassManager::run failed

/root/miniconda/envs/python310_torch29_cuda/lib/python3.10/site-packages/triton/backends/xpu/compiler.py:329: RuntimeError

During handling of the above exception, another exception occurred:

shape = (1, 256), dtype = torch.bfloat16, dim = 0, neg_inf = False

    @pytest.mark.softmax_out
    @pytest.mark.parametrize(
        "shape",
        (
            [(1, 256)]
            if cfg.QUICK_MODE
            else [(1, 256), (4096, 256), (200, 2560, 3), (1, 0, 128, 512)]
        ),
    )
    @pytest.mark.parametrize("dtype", FLOAT_DTYPES)
    @pytest.mark.parametrize("dim", DIM_LIST)
    @pytest.mark.parametrize("neg_inf", [True, False])
    def test_softmax_out(shape, dtype, dim, neg_inf):
        inp = torch.randn(shape, dtype=dtype, device=flag_gems.device)
        if neg_inf:
            inp = torch.where(inp < 0.0, float("-inf"), inp)
        ref_inp = utils.to_reference(inp, True)
    
        ref_out = torch.empty(shape, dtype=ref_inp.dtype, device=ref_inp.device)
        torch.ops.aten._softmax.out(ref_inp, dim, False, out=ref_out)
    
        res_out = torch.empty(shape, dtype=dtype, device=flag_gems.device)
        with flag_gems.use_gems():
>           torch.ops.aten._softmax.out(inp, dim, False, out=res_out)

test_softmax.py:82: 
_ _ _ _ _ _ _ _ _ _ _ _ _ _ _ _ _ _ _ _ _ _ _ _ _ _ _ _ _ _ _ _ _ _ _ _ _ _ _ _ 
/root/miniconda/envs/python310_torch29_cuda/lib/python3.10/site-packages/torch/_ops.py:841: in __call__
    return self._op(*args, **kwargs)
../src/flag_gems/ops/softmax.py:325: in softmax_out
    softmax_kernel_non_inner[grid](
/root/miniconda/envs/python310_torch29_cuda/lib/python3.10/site-packages/triton/runtime/jit.py:364: in <lambda>
    return lambda *args, **kwargs: self.run(grid=grid, warmup=False, *args, **kwargs)
../src/flag_gems/utils/libentry.py:889: in run
    kernel = self.fn.run(*args, **kwargs)
/root/miniconda/envs/python310_torch29_cuda/lib/python3.10/site-packages/triton/runtime/autotuner.py:355: in run
    return self.fn.run(*args, **kwargs)
/root/miniconda/envs/python310_torch29_cuda/lib/python3.10/site-packages/triton/runtime/jit.py:795: in run
    kernel = self.default_run(*args, **kwargs)
/root/miniconda/envs/python310_torch29_cuda/lib/python3.10/site-packages/triton/runtime/jit.py:686: in default_run
    kernel = self.compile(
/root/miniconda/envs/python310_torch29_cuda/lib/python3.10/site-packages/triton/compiler/compiler.py:318: in compile
    next_module = compile_ir(module, metadata)
/root/miniconda/envs/python310_torch29_cuda/lib/python3.10/site-packages/triton/backends/xpu/compiler.py:516: in <lambda>
    stages["ttxir"] = lambda src, metadata: self.make_ttxir(src, metadata, options)
_ _ _ _ _ _ _ _ _ _ _ _ _ _ _ _ _ _ _ _ _ _ _ _ _ _ _ _ _ _ _ _ _ _ _ _ _ _ _ _ 

mod = <triton._C.libtriton.ir.module object at 0x7f9c89d70770>
metadata = {'hash': '0a77fcc2d1db46ceb97001de2e8a475c2ce68b625ff8491bd6a2d8745ed48be1', 'target': GPUTarget(backend='xpu', arch=3, warp_size=1), 'arch': 3, 'grid': <function softmax_out.<locals>.<lambda> at 0x7f9c8a034f70>, ...}
opt = XPUOptions(arch=3, grid=<function softmax_out.<locals>.<lambda> at 0x7f9c8a034f70>, debug=None, cluster_num=12, core_n...ed_dot_input_precisions=('ieee', 'tf32'), exp_range=':0', num_warps=16, num_ctas=-1, num_stages=1, use_int4_w4a8=False)

    @staticmethod
    def make_ttxir(mod, metadata, opt):
        metadata["xpu_arch"] = opt.arch
        metadata["is_sdnn"] = opt.is_sdnn or xpu.is_sdnn_kernel(mod)
        metadata["tensor_args"] = xpu.get_tensor_args(mod, []) if metadata["is_sdnn"] is True else []
        metadata["shared"] = (-1)  # TODO: invalid value, just to keep CompiledKernel _init_handles() success
    
        max_buffer_size = metadata["buffer_size_limit"]
        elem_bytes = int(os.environ.get("TRITONXPU_ELEMBYTES", 0))
        groups_per_cluster = metadata["groups_per_cluster"]
        unroll_num = metadata["unroll_num"]
        XPUBackend.buffer_len = xpu.get_buffer_len(mod, max_buffer_size, elem_bytes)
        # print(f"XPUBackend.buffer_len = {XPUBackend.buffer_len}")
        core_num = metadata["core_num"]
        # F/O Prefix For Function/Optimization Macro
        is_use_mask_zero = metadata["is_use_mask_zero"]
        if is_use_mask_zero:
            warnings.warn(
                f'XRE Version Must Be More than 5.0.21.37 (After 2025.07.22). And echo 1 > /proc/kunlun/dev4/dma_excp_mask',
                UserWarning)
        TTXPU_F_INTERLEAVE = 0 if metadata["grid"] != (12, 1, 1) else int(os.environ.get("TRITONXPU_INTERLEAVE", 1))
        TTXPU_F_OHTER_VALUE_SIM = int(os.environ.get("TRITONXPU_OTHER_SIM", 0))
        TTXPU_F_STORE_MASK_SIM = int(os.environ.get("TRITONXPU_STORE_MASK_SIM", 0))
        TTXPU_F_DTYPE_CONVERT = 0 if metadata["isCloseDtypeConvert"] else int(
            os.environ.get("TRITONXPU_DTYPE_CONVERT", 1))
        TTXPU_O_ATOMIC_SIM = 0 if metadata["isCLOSE_TTXPU_O_ATOMIC_SIM"] else int(
            os.environ.get("TRITONXPU_ATOMIC_SIM", 1))
        TTXPU_O_CLOSE_OPT = int(os.environ.get("TRITONXPU_CLOSE_OPTIMIZE", 0))
        TTSDNN_F_SINGLE_CORE_MODE = int(os.environ.get("TRITON_SDNN_SINGLE_CODE_MODE", 0))
        TTSDNN_F_MATMUL_FAST_MODE = int(os.environ.get("XMLIR_MATMUL_FAST_MODE", 0))
        TTSDNN_F_DMA_MODE = int(os.environ.get("XMLIR_DMA_FAST_MODE", 0))
    
        if opt.isClusterOneCoreActOnly and TTXPU_F_OHTER_VALUE_SIM:
            assert 0, "isClusterOneCoreActOnly and TRITONXPU_OTHER_SIM can't act simultaneously"
    
        pm = ir.pass_manager(mod.context)
        pm.enable_debug()
        xpu.passes.ttsdnnir.add_tritonsdnn_strip_all_ops_pass(pm, opt.arch)
        if metadata["is_sdnn"]:
            if opt.arch < 4:
                if metadata["use_int4_w4a8"] == True:
                    xpu.passes.ttsdnnir.add_triton_convert_type_pass(pm, opt.arch, 2)
                else:
                    xpu.passes.ttsdnnir.add_triton_convert_type_pass(pm, opt.arch, TTSDNN_F_MATMUL_FAST_MODE)
            xpu.passes.ttsdnnir.add_convert_triton_to_tritonsdnn_pass(pm, opt.arch)
            xpu.passes.ttsdnnir.add_linalg_to_tritonsdnn_pass(pm, opt.arch)
            xpu.passes.ttsdnnir.add_tritonsdnn_legalize_pass(pm, opt.arch)
            xpu.passes.ttsdnnir.add_tritonsdnn_combine_before_pass(pm, opt.arch)
            xpu.passes.ttsdnnir.add_tritonsdnn_bufferize_pass(pm, opt.arch)
            xpu.passes.ttsdnnir.add_tritonsdnn_combine_pass(pm, opt.arch)
            if opt.exp_range != ":0":
                res = parse_floating_range_string(opt.exp_range)
                xpu.passes.ttsdnnir.add_tritonsdnn_ew_act_table_pass(pm, res)
            else:
                xpu.passes.ttsdnnir.add_tritonsdnn_ew_act_table_pass(pm, None)
            xpu.passes.ttsdnnir.add_tritonsdnn_loop_grid_pass(pm)
            if opt.arch == 4 and TTSDNN_F_DMA_MODE:
                xpu.passes.ttsdnnir.add_tritonsdnn_remove_ds_op_pass(pm, opt.arch)
            if not TTSDNN_F_SINGLE_CORE_MODE:
                xpu.passes.ttsdnnir.add_tritonsdnn_pipeline_pass(pm)
    
            xpu.passes.ttsdnnir.add_tritonsdnn_multi_buffer_pass(pm, opt.arch, opt.num_stages)
            passes.common.add_symbol_dce(pm)
            passes.common.add_canonicalizer(pm)
            passes.common.add_cse(pm)
        else:
            xpu.passes.ttxpuir.add_convert_triton_to_tritonxpu_pass(pm, opt.arch, XPUBackend.buffer_len, core_num)
            xpu.passes.ttxpuir.add_tritonxpu_print_pass(pm)
            xpu.passes.ttxpuir.add_tritonxpu_gm2lm_pass(pm, opt.arch, TTXPU_O_ATOMIC_SIM, opt.isClusterOneCoreActOnly,
                                                        is_use_mask_zero)
            if not metadata["isCloseMemoryCache"]:
                xpu.passes.ttxpuir.add_tritonxpu_memory_cache_pass(pm, XPUBackend.buffer_len,
                                                                   core_num) if not TTXPU_O_CLOSE_OPT else None
            passes.common.add_canonicalizer(pm)
            if TTXPU_F_DTYPE_CONVERT:
                xpu.passes.ttxpuir.add_tritonxpu_dtype_convert_pass(pm, opt.arch)
            if not metadata["isCloseCoreTiling"]:
                xpu.passes.ttxpuir.add_tritonxpu_core_tiling_pass(
                    pm, 0, XPUBackend.buffer_len, core_num,
                    groups_per_cluster) if not TTXPU_O_CLOSE_OPT else None  # dumpFlag=0
            # xpu.passes.ttxpuir.add_tritonxpu_lm_to_sm_pass(pm)
            passes.common.add_cse(pm)
            if not metadata["isCloseOffsetAnalysis"]:
                xpu.passes.ttxpuir.add_tritonxpu_offset_state_pass(
                    pm, 0, XPUBackend.buffer_len, is_use_mask_zero) if not TTXPU_O_CLOSE_OPT else None  # dumpFlag=0
            passes.common.add_canonicalizer(pm)
            xpu.passes.ttxpuir.add_tritonxpu_legalize_pass(pm, XPUBackend.buffer_len, core_num, groups_per_cluster,
                                                           is_use_mask_zero)
            passes.common.add_canonicalizer(pm)
            if not TTXPU_F_OHTER_VALUE_SIM:
                xpu.passes.ttxpuir.add_tritonxpu_mask_pass(pm, opt.isClusterOneCoreActOnly, is_use_mask_zero)
            passes.common.add_canonicalizer(pm)
            passes.common.add_cse(pm)
            passes.common.add_licm(pm)
            passes.common.add_symbol_dce(pm)
            if not metadata["isCloseInterleave"] and TTXPU_F_INTERLEAVE:
                xpu.passes.ttxpuir.add_tritonxpu_interleave_pass(pm) if not TTXPU_O_CLOSE_OPT else None
            passes.common.add_canonicalizer(pm)
            if not metadata["isCloseVectorization"]:
                compareFusion = int(os.environ.get("TRITONXPU_COMPARE_FUSION", 0))
                xpu.passes.ttxpuir.add_tritonxpu_vectorize_pass(
                    pm, 0, compareFusion) if not TTXPU_O_CLOSE_OPT else None  # dumpFlag=0
            passes.common.add_canonicalizer(pm)
            xpu.passes.ttxpuir.add_tritonxpu_alloca_pass(pm, XPUBackend.buffer_len, core_num)
            if not metadata["isCloseMemoryAsync"]:
                xpu.passes.ttxpuir.add_tritonxpu_memory_async_pass(pm,
                                                                   0) if not TTXPU_O_CLOSE_OPT else None  # dumpFlag=0
            if not metadata["isCloseUnrollControl"]:
                xpu.passes.ttxpuir.add_tritonxpu_unroll_control_pass(pm, XPUBackend.buffer_len, core_num,
                                                                     is_use_mask_zero,
                                                                     unroll_num) if not TTXPU_O_CLOSE_OPT else None
            xpu.passes.ttxpuir.add_tritonxpu_store_control_pass(pm) if not TTXPU_O_CLOSE_OPT else None
            if not TTXPU_F_OHTER_VALUE_SIM:
                xpu.passes.ttxpuir.add_tritonxpu_other_sim_pass(pm, XPUBackend.buffer_len, core_num)
            xpu.passes.ttxpuir.add_tritonxpu_memory_inplace_pass(pm, XPUBackend.buffer_len,
                                                                 core_num) if not TTXPU_O_CLOSE_OPT else None
            if not metadata["isCloseClusterLoopGrid"]:
                xpu.passes.ttxpuir.add_tritonxpu_cf_to_scf_pass(pm)
                xpu.passes.ttxpuir.add_tritonxpu_loop_grid_pass(pm)
            passes.common.add_cse(pm)
            passes.common.add_licm(pm)
            passes.common.add_symbol_dce(pm)
    
        try:
            pm.run(mod)
        except Exception as e:
            from triton import OutOfResources
>           raise OutOfResources(0, 0, f"uni_sram {e}")
E           triton.runtime.errors.OutOfResources: out of resource: uni_sram PassManager::run failed, Required: 0, Hardware limit: 0. Reducing block sizes or `num_stages` may help.

/root/miniconda/envs/python310_torch29_cuda/lib/python3.10/site-packages/triton/backends/xpu/compiler.py:332: OutOfResources
___________________ test_softmax_out[False-0-dtype2-shape1] ____________________

shape = (4096, 256), dtype = torch.bfloat16, dim = 0, neg_inf = False

    @pytest.mark.softmax_out
    @pytest.mark.parametrize(
        "shape",
        (
            [(1, 256)]
            if cfg.QUICK_MODE
            else [(1, 256), (4096, 256), (200, 2560, 3), (1, 0, 128, 512)]
        ),
    )
    @pytest.mark.parametrize("dtype", FLOAT_DTYPES)
    @pytest.mark.parametrize("dim", DIM_LIST)
    @pytest.mark.parametrize("neg_inf", [True, False])
    def test_softmax_out(shape, dtype, dim, neg_inf):
        inp = torch.randn(shape, dtype=dtype, device=flag_gems.device)
        if neg_inf:
            inp = torch.where(inp < 0.0, float("-inf"), inp)
        ref_inp = utils.to_reference(inp, True)
    
        ref_out = torch.empty(shape, dtype=ref_inp.dtype, device=ref_inp.device)
        torch.ops.aten._softmax.out(ref_inp, dim, False, out=ref_out)
    
        res_out = torch.empty(shape, dtype=dtype, device=flag_gems.device)
        with flag_gems.use_gems():
            torch.ops.aten._softmax.out(inp, dim, False, out=res_out)
>       utils.gems_assert_close(res_out, ref_out, dtype, equal_nan=True)

test_softmax.py:83: 
_ _ _ _ _ _ _ _ _ _ _ _ _ _ _ _ _ _ _ _ _ _ _ _ _ _ _ _ _ _ _ _ _ _ _ _ _ _ _ _ 
accuracy_utils.py:312: in gems_assert_close
    flag_gems.testing.assert_close(
_ _ _ _ _ _ _ _ _ _ _ _ _ _ _ _ _ _ _ _ _ _ _ _ _ _ _ _ _ _ _ _ _ _ _ _ _ _ _ _ 

res = tensor([[0.0388, 0.0221, 0.0119,  ..., 0.1562, 0.0603, 0.0737],
        [0.0403, 0.0415, 0.0276,  ..., 0.0109, 0.0240,... 0.1367, 0.0206, 0.0284],
        [0.0186, 0.0125, 0.0515,  ..., 0.0457, 0.0447, 0.0119]],
       dtype=torch.bfloat16)
ref = tensor([[2.3079e-04, 8.0109e-05, 5.4836e-05,  ..., 6.8665e-04, 2.0123e-04,
         3.3951e-04],
        [1.8311e-04, ...        [6.3419e-05, 3.4332e-05, 2.1172e-04,  ..., 2.0313e-04, 3.1853e-04,
         4.7684e-05]], dtype=torch.bfloat16)
dtype = torch.bfloat16, equal_nan = True, reduce_dim = 1, atol = 0.0001

    def assert_close(res, ref, dtype, equal_nan=False, reduce_dim=1, atol=1e-4):
        if dtype is None:
            dtype = torch.float32
        assert res.dtype == dtype
        ref = ref.to(dtype)
        res, ref = _maybe_move_to_cpu(res, ref)
        rtol = RESOLUTION[dtype]
>       torch.testing.assert_close(
            res, ref, atol=atol * reduce_dim, rtol=rtol, equal_nan=equal_nan
        )
E       AssertionError: Tensor-likes are not close!
E       
E       Mismatched elements: 1048576 / 1048576 (100.0%)
E       Greatest absolute difference: 0.87109375 at index (3457, 58) (up to 0.0001 allowed)
E       Greatest relative difference: 852.0 at index (228, 48) (up to 0.016 allowed)

../src/flag_gems/testing/__init__.py:85: AssertionError
___________________ test_softmax_out[False-0-dtype2-shape2] ____________________

mod = <triton._C.libtriton.ir.module object at 0x7f9c89c9a430>
metadata = {'hash': '9ecd54a788e321b9b1675797d3e225d970e54d0c0bef1a2191071b61ba34a743', 'target': GPUTarget(backend='xpu', arch=3, warp_size=1), 'arch': 3, 'grid': <function softmax_out.<locals>.<lambda> at 0x7f9c8a035240>, ...}
opt = XPUOptions(arch=3, grid=<function softmax_out.<locals>.<lambda> at 0x7f9c8a035240>, debug=None, cluster_num=12, core_n...ed_dot_input_precisions=('ieee', 'tf32'), exp_range=':0', num_warps=16, num_ctas=-1, num_stages=1, use_int4_w4a8=False)

    @staticmethod
    def make_ttxir(mod, metadata, opt):
        metadata["xpu_arch"] = opt.arch
        metadata["is_sdnn"] = opt.is_sdnn or xpu.is_sdnn_kernel(mod)
        metadata["tensor_args"] = xpu.get_tensor_args(mod, []) if metadata["is_sdnn"] is True else []
        metadata["shared"] = (-1)  # TODO: invalid value, just to keep CompiledKernel _init_handles() success
    
        max_buffer_size = metadata["buffer_size_limit"]
        elem_bytes = int(os.environ.get("TRITONXPU_ELEMBYTES", 0))
        groups_per_cluster = metadata["groups_per_cluster"]
        unroll_num = metadata["unroll_num"]
        XPUBackend.buffer_len = xpu.get_buffer_len(mod, max_buffer_size, elem_bytes)
        # print(f"XPUBackend.buffer_len = {XPUBackend.buffer_len}")
        core_num = metadata["core_num"]
        # F/O Prefix For Function/Optimization Macro
        is_use_mask_zero = metadata["is_use_mask_zero"]
        if is_use_mask_zero:
            warnings.warn(
                f'XRE Version Must Be More than 5.0.21.37 (After 2025.07.22). And echo 1 > /proc/kunlun/dev4/dma_excp_mask',
                UserWarning)
        TTXPU_F_INTERLEAVE = 0 if metadata["grid"] != (12, 1, 1) else int(os.environ.get("TRITONXPU_INTERLEAVE", 1))
        TTXPU_F_OHTER_VALUE_SIM = int(os.environ.get("TRITONXPU_OTHER_SIM", 0))
        TTXPU_F_STORE_MASK_SIM = int(os.environ.get("TRITONXPU_STORE_MASK_SIM", 0))
        TTXPU_F_DTYPE_CONVERT = 0 if metadata["isCloseDtypeConvert"] else int(
            os.environ.get("TRITONXPU_DTYPE_CONVERT", 1))
        TTXPU_O_ATOMIC_SIM = 0 if metadata["isCLOSE_TTXPU_O_ATOMIC_SIM"] else int(
            os.environ.get("TRITONXPU_ATOMIC_SIM", 1))
        TTXPU_O_CLOSE_OPT = int(os.environ.get("TRITONXPU_CLOSE_OPTIMIZE", 0))
        TTSDNN_F_SINGLE_CORE_MODE = int(os.environ.get("TRITON_SDNN_SINGLE_CODE_MODE", 0))
        TTSDNN_F_MATMUL_FAST_MODE = int(os.environ.get("XMLIR_MATMUL_FAST_MODE", 0))
        TTSDNN_F_DMA_MODE = int(os.environ.get("XMLIR_DMA_FAST_MODE", 0))
    
        if opt.isClusterOneCoreActOnly and TTXPU_F_OHTER_VALUE_SIM:
            assert 0, "isClusterOneCoreActOnly and TRITONXPU_OTHER_SIM can't act simultaneously"
    
        pm = ir.pass_manager(mod.context)
        pm.enable_debug()
        xpu.passes.ttsdnnir.add_tritonsdnn_strip_all_ops_pass(pm, opt.arch)
        if metadata["is_sdnn"]:
            if opt.arch < 4:
                if metadata["use_int4_w4a8"] == True:
                    xpu.passes.ttsdnnir.add_triton_convert_type_pass(pm, opt.arch, 2)
                else:
                    xpu.passes.ttsdnnir.add_triton_convert_type_pass(pm, opt.arch, TTSDNN_F_MATMUL_FAST_MODE)
            xpu.passes.ttsdnnir.add_convert_triton_to_tritonsdnn_pass(pm, opt.arch)
            xpu.passes.ttsdnnir.add_linalg_to_tritonsdnn_pass(pm, opt.arch)
            xpu.passes.ttsdnnir.add_tritonsdnn_legalize_pass(pm, opt.arch)
            xpu.passes.ttsdnnir.add_tritonsdnn_combine_before_pass(pm, opt.arch)
            xpu.passes.ttsdnnir.add_tritonsdnn_bufferize_pass(pm, opt.arch)
            xpu.passes.ttsdnnir.add_tritonsdnn_combine_pass(pm, opt.arch)
            if opt.exp_range != ":0":
                res = parse_floating_range_string(opt.exp_range)
                xpu.passes.ttsdnnir.add_tritonsdnn_ew_act_table_pass(pm, res)
            else:
                xpu.passes.ttsdnnir.add_tritonsdnn_ew_act_table_pass(pm, None)
            xpu.passes.ttsdnnir.add_tritonsdnn_loop_grid_pass(pm)
            if opt.arch == 4 and TTSDNN_F_DMA_MODE:
                xpu.passes.ttsdnnir.add_tritonsdnn_remove_ds_op_pass(pm, opt.arch)
            if not TTSDNN_F_SINGLE_CORE_MODE:
                xpu.passes.ttsdnnir.add_tritonsdnn_pipeline_pass(pm)
    
            xpu.passes.ttsdnnir.add_tritonsdnn_multi_buffer_pass(pm, opt.arch, opt.num_stages)
            passes.common.add_symbol_dce(pm)
            passes.common.add_canonicalizer(pm)
            passes.common.add_cse(pm)
        else:
            xpu.passes.ttxpuir.add_convert_triton_to_tritonxpu_pass(pm, opt.arch, XPUBackend.buffer_len, core_num)
            xpu.passes.ttxpuir.add_tritonxpu_print_pass(pm)
            xpu.passes.ttxpuir.add_tritonxpu_gm2lm_pass(pm, opt.arch, TTXPU_O_ATOMIC_SIM, opt.isClusterOneCoreActOnly,
                                                        is_use_mask_zero)
            if not metadata["isCloseMemoryCache"]:
                xpu.passes.ttxpuir.add_tritonxpu_memory_cache_pass(pm, XPUBackend.buffer_len,
                                                                   core_num) if not TTXPU_O_CLOSE_OPT else None
            passes.common.add_canonicalizer(pm)
            if TTXPU_F_DTYPE_CONVERT:
                xpu.passes.ttxpuir.add_tritonxpu_dtype_convert_pass(pm, opt.arch)
            if not metadata["isCloseCoreTiling"]:
                xpu.passes.ttxpuir.add_tritonxpu_core_tiling_pass(
                    pm, 0, XPUBackend.buffer_len, core_num,
                    groups_per_cluster) if not TTXPU_O_CLOSE_OPT else None  # dumpFlag=0
            # xpu.passes.ttxpuir.add_tritonxpu_lm_to_sm_pass(pm)
            passes.common.add_cse(pm)
            if not metadata["isCloseOffsetAnalysis"]:
                xpu.passes.ttxpuir.add_tritonxpu_offset_state_pass(
                    pm, 0, XPUBackend.buffer_len, is_use_mask_zero) if not TTXPU_O_CLOSE_OPT else None  # dumpFlag=0
            passes.common.add_canonicalizer(pm)
            xpu.passes.ttxpuir.add_tritonxpu_legalize_pass(pm, XPUBackend.buffer_len, core_num, groups_per_cluster,
                                                           is_use_mask_zero)
            passes.common.add_canonicalizer(pm)
            if not TTXPU_F_OHTER_VALUE_SIM:
                xpu.passes.ttxpuir.add_tritonxpu_mask_pass(pm, opt.isClusterOneCoreActOnly, is_use_mask_zero)
            passes.common.add_canonicalizer(pm)
            passes.common.add_cse(pm)
            passes.common.add_licm(pm)
            passes.common.add_symbol_dce(pm)
            if not metadata["isCloseInterleave"] and TTXPU_F_INTERLEAVE:
                xpu.passes.ttxpuir.add_tritonxpu_interleave_pass(pm) if not TTXPU_O_CLOSE_OPT else None
            passes.common.add_canonicalizer(pm)
            if not metadata["isCloseVectorization"]:
                compareFusion = int(os.environ.get("TRITONXPU_COMPARE_FUSION", 0))
                xpu.passes.ttxpuir.add_tritonxpu_vectorize_pass(
                    pm, 0, compareFusion) if not TTXPU_O_CLOSE_OPT else None  # dumpFlag=0
            passes.common.add_canonicalizer(pm)
            xpu.passes.ttxpuir.add_tritonxpu_alloca_pass(pm, XPUBackend.buffer_len, core_num)
            if not metadata["isCloseMemoryAsync"]:
                xpu.passes.ttxpuir.add_tritonxpu_memory_async_pass(pm,
                                                                   0) if not TTXPU_O_CLOSE_OPT else None  # dumpFlag=0
            if not metadata["isCloseUnrollControl"]:
                xpu.passes.ttxpuir.add_tritonxpu_unroll_control_pass(pm, XPUBackend.buffer_len, core_num,
                                                                     is_use_mask_zero,
                                                                     unroll_num) if not TTXPU_O_CLOSE_OPT else None
            xpu.passes.ttxpuir.add_tritonxpu_store_control_pass(pm) if not TTXPU_O_CLOSE_OPT else None
            if not TTXPU_F_OHTER_VALUE_SIM:
                xpu.passes.ttxpuir.add_tritonxpu_other_sim_pass(pm, XPUBackend.buffer_len, core_num)
            xpu.passes.ttxpuir.add_tritonxpu_memory_inplace_pass(pm, XPUBackend.buffer_len,
                                                                 core_num) if not TTXPU_O_CLOSE_OPT else None
            if not metadata["isCloseClusterLoopGrid"]:
                xpu.passes.ttxpuir.add_tritonxpu_cf_to_scf_pass(pm)
                xpu.passes.ttxpuir.add_tritonxpu_loop_grid_pass(pm)
            passes.common.add_cse(pm)
            passes.common.add_licm(pm)
            passes.common.add_symbol_dce(pm)
    
        try:
>           pm.run(mod)
E           RuntimeError: PassManager::run failed

/root/miniconda/envs/python310_torch29_cuda/lib/python3.10/site-packages/triton/backends/xpu/compiler.py:329: RuntimeError

During handling of the above exception, another exception occurred:

shape = (200, 2560, 3), dtype = torch.bfloat16, dim = 0, neg_inf = False

    @pytest.mark.softmax_out
    @pytest.mark.parametrize(
        "shape",
        (
            [(1, 256)]
            if cfg.QUICK_MODE
            else [(1, 256), (4096, 256), (200, 2560, 3), (1, 0, 128, 512)]
        ),
    )
    @pytest.mark.parametrize("dtype", FLOAT_DTYPES)
    @pytest.mark.parametrize("dim", DIM_LIST)
    @pytest.mark.parametrize("neg_inf", [True, False])
    def test_softmax_out(shape, dtype, dim, neg_inf):
        inp = torch.randn(shape, dtype=dtype, device=flag_gems.device)
        if neg_inf:
            inp = torch.where(inp < 0.0, float("-inf"), inp)
        ref_inp = utils.to_reference(inp, True)
    
        ref_out = torch.empty(shape, dtype=ref_inp.dtype, device=ref_inp.device)
        torch.ops.aten._softmax.out(ref_inp, dim, False, out=ref_out)
    
        res_out = torch.empty(shape, dtype=dtype, device=flag_gems.device)
        with flag_gems.use_gems():
>           torch.ops.aten._softmax.out(inp, dim, False, out=res_out)

test_softmax.py:82: 
_ _ _ _ _ _ _ _ _ _ _ _ _ _ _ _ _ _ _ _ _ _ _ _ _ _ _ _ _ _ _ _ _ _ _ _ _ _ _ _ 
/root/miniconda/envs/python310_torch29_cuda/lib/python3.10/site-packages/torch/_ops.py:841: in __call__
    return self._op(*args, **kwargs)
../src/flag_gems/ops/softmax.py:325: in softmax_out
    softmax_kernel_non_inner[grid](
/root/miniconda/envs/python310_torch29_cuda/lib/python3.10/site-packages/triton/runtime/jit.py:364: in <lambda>
    return lambda *args, **kwargs: self.run(grid=grid, warmup=False, *args, **kwargs)
../src/flag_gems/utils/libentry.py:889: in run
    kernel = self.fn.run(*args, **kwargs)
/root/miniconda/envs/python310_torch29_cuda/lib/python3.10/site-packages/triton/runtime/autotuner.py:355: in run
    return self.fn.run(*args, **kwargs)
/root/miniconda/envs/python310_torch29_cuda/lib/python3.10/site-packages/triton/runtime/jit.py:795: in run
    kernel = self.default_run(*args, **kwargs)
/root/miniconda/envs/python310_torch29_cuda/lib/python3.10/site-packages/triton/runtime/jit.py:686: in default_run
    kernel = self.compile(
/root/miniconda/envs/python310_torch29_cuda/lib/python3.10/site-packages/triton/compiler/compiler.py:318: in compile
    next_module = compile_ir(module, metadata)
/root/miniconda/envs/python310_torch29_cuda/lib/python3.10/site-packages/triton/backends/xpu/compiler.py:516: in <lambda>
    stages["ttxir"] = lambda src, metadata: self.make_ttxir(src, metadata, options)
_ _ _ _ _ _ _ _ _ _ _ _ _ _ _ _ _ _ _ _ _ _ _ _ _ _ _ _ _ _ _ _ _ _ _ _ _ _ _ _ 

mod = <triton._C.libtriton.ir.module object at 0x7f9c89c9a430>
metadata = {'hash': '9ecd54a788e321b9b1675797d3e225d970e54d0c0bef1a2191071b61ba34a743', 'target': GPUTarget(backend='xpu', arch=3, warp_size=1), 'arch': 3, 'grid': <function softmax_out.<locals>.<lambda> at 0x7f9c8a035240>, ...}
opt = XPUOptions(arch=3, grid=<function softmax_out.<locals>.<lambda> at 0x7f9c8a035240>, debug=None, cluster_num=12, core_n...ed_dot_input_precisions=('ieee', 'tf32'), exp_range=':0', num_warps=16, num_ctas=-1, num_stages=1, use_int4_w4a8=False)

    @staticmethod
    def make_ttxir(mod, metadata, opt):
        metadata["xpu_arch"] = opt.arch
        metadata["is_sdnn"] = opt.is_sdnn or xpu.is_sdnn_kernel(mod)
        metadata["tensor_args"] = xpu.get_tensor_args(mod, []) if metadata["is_sdnn"] is True else []
        metadata["shared"] = (-1)  # TODO: invalid value, just to keep CompiledKernel _init_handles() success
    
        max_buffer_size = metadata["buffer_size_limit"]
        elem_bytes = int(os.environ.get("TRITONXPU_ELEMBYTES", 0))
        groups_per_cluster = metadata["groups_per_cluster"]
        unroll_num = metadata["unroll_num"]
        XPUBackend.buffer_len = xpu.get_buffer_len(mod, max_buffer_size, elem_bytes)
        # print(f"XPUBackend.buffer_len = {XPUBackend.buffer_len}")
        core_num = metadata["core_num"]
        # F/O Prefix For Function/Optimization Macro
        is_use_mask_zero = metadata["is_use_mask_zero"]
        if is_use_mask_zero:
            warnings.warn(
                f'XRE Version Must Be More than 5.0.21.37 (After 2025.07.22). And echo 1 > /proc/kunlun/dev4/dma_excp_mask',
                UserWarning)
        TTXPU_F_INTERLEAVE = 0 if metadata["grid"] != (12, 1, 1) else int(os.environ.get("TRITONXPU_INTERLEAVE", 1))
        TTXPU_F_OHTER_VALUE_SIM = int(os.environ.get("TRITONXPU_OTHER_SIM", 0))
        TTXPU_F_STORE_MASK_SIM = int(os.environ.get("TRITONXPU_STORE_MASK_SIM", 0))
        TTXPU_F_DTYPE_CONVERT = 0 if metadata["isCloseDtypeConvert"] else int(
            os.environ.get("TRITONXPU_DTYPE_CONVERT", 1))
        TTXPU_O_ATOMIC_SIM = 0 if metadata["isCLOSE_TTXPU_O_ATOMIC_SIM"] else int(
            os.environ.get("TRITONXPU_ATOMIC_SIM", 1))
        TTXPU_O_CLOSE_OPT = int(os.environ.get("TRITONXPU_CLOSE_OPTIMIZE", 0))
        TTSDNN_F_SINGLE_CORE_MODE = int(os.environ.get("TRITON_SDNN_SINGLE_CODE_MODE", 0))
        TTSDNN_F_MATMUL_FAST_MODE = int(os.environ.get("XMLIR_MATMUL_FAST_MODE", 0))
        TTSDNN_F_DMA_MODE = int(os.environ.get("XMLIR_DMA_FAST_MODE", 0))
    
        if opt.isClusterOneCoreActOnly and TTXPU_F_OHTER_VALUE_SIM:
            assert 0, "isClusterOneCoreActOnly and TRITONXPU_OTHER_SIM can't act simultaneously"
    
        pm = ir.pass_manager(mod.context)
        pm.enable_debug()
        xpu.passes.ttsdnnir.add_tritonsdnn_strip_all_ops_pass(pm, opt.arch)
        if metadata["is_sdnn"]:
            if opt.arch < 4:
                if metadata["use_int4_w4a8"] == True:
                    xpu.passes.ttsdnnir.add_triton_convert_type_pass(pm, opt.arch, 2)
                else:
                    xpu.passes.ttsdnnir.add_triton_convert_type_pass(pm, opt.arch, TTSDNN_F_MATMUL_FAST_MODE)
            xpu.passes.ttsdnnir.add_convert_triton_to_tritonsdnn_pass(pm, opt.arch)
            xpu.passes.ttsdnnir.add_linalg_to_tritonsdnn_pass(pm, opt.arch)
            xpu.passes.ttsdnnir.add_tritonsdnn_legalize_pass(pm, opt.arch)
            xpu.passes.ttsdnnir.add_tritonsdnn_combine_before_pass(pm, opt.arch)
            xpu.passes.ttsdnnir.add_tritonsdnn_bufferize_pass(pm, opt.arch)
            xpu.passes.ttsdnnir.add_tritonsdnn_combine_pass(pm, opt.arch)
            if opt.exp_range != ":0":
                res = parse_floating_range_string(opt.exp_range)
                xpu.passes.ttsdnnir.add_tritonsdnn_ew_act_table_pass(pm, res)
            else:
                xpu.passes.ttsdnnir.add_tritonsdnn_ew_act_table_pass(pm, None)
            xpu.passes.ttsdnnir.add_tritonsdnn_loop_grid_pass(pm)
            if opt.arch == 4 and TTSDNN_F_DMA_MODE:
                xpu.passes.ttsdnnir.add_tritonsdnn_remove_ds_op_pass(pm, opt.arch)
            if not TTSDNN_F_SINGLE_CORE_MODE:
                xpu.passes.ttsdnnir.add_tritonsdnn_pipeline_pass(pm)
    
            xpu.passes.ttsdnnir.add_tritonsdnn_multi_buffer_pass(pm, opt.arch, opt.num_stages)
            passes.common.add_symbol_dce(pm)
            passes.common.add_canonicalizer(pm)
            passes.common.add_cse(pm)
        else:
            xpu.passes.ttxpuir.add_convert_triton_to_tritonxpu_pass(pm, opt.arch, XPUBackend.buffer_len, core_num)
            xpu.passes.ttxpuir.add_tritonxpu_print_pass(pm)
            xpu.passes.ttxpuir.add_tritonxpu_gm2lm_pass(pm, opt.arch, TTXPU_O_ATOMIC_SIM, opt.isClusterOneCoreActOnly,
                                                        is_use_mask_zero)
            if not metadata["isCloseMemoryCache"]:
                xpu.passes.ttxpuir.add_tritonxpu_memory_cache_pass(pm, XPUBackend.buffer_len,
                                                                   core_num) if not TTXPU_O_CLOSE_OPT else None
            passes.common.add_canonicalizer(pm)
            if TTXPU_F_DTYPE_CONVERT:
                xpu.passes.ttxpuir.add_tritonxpu_dtype_convert_pass(pm, opt.arch)
            if not metadata["isCloseCoreTiling"]:
                xpu.passes.ttxpuir.add_tritonxpu_core_tiling_pass(
                    pm, 0, XPUBackend.buffer_len, core_num,
                    groups_per_cluster) if not TTXPU_O_CLOSE_OPT else None  # dumpFlag=0
            # xpu.passes.ttxpuir.add_tritonxpu_lm_to_sm_pass(pm)
            passes.common.add_cse(pm)
            if not metadata["isCloseOffsetAnalysis"]:
                xpu.passes.ttxpuir.add_tritonxpu_offset_state_pass(
                    pm, 0, XPUBackend.buffer_len, is_use_mask_zero) if not TTXPU_O_CLOSE_OPT else None  # dumpFlag=0
            passes.common.add_canonicalizer(pm)
            xpu.passes.ttxpuir.add_tritonxpu_legalize_pass(pm, XPUBackend.buffer_len, core_num, groups_per_cluster,
                                                           is_use_mask_zero)
            passes.common.add_canonicalizer(pm)
            if not TTXPU_F_OHTER_VALUE_SIM:
                xpu.passes.ttxpuir.add_tritonxpu_mask_pass(pm, opt.isClusterOneCoreActOnly, is_use_mask_zero)
            passes.common.add_canonicalizer(pm)
            passes.common.add_cse(pm)
            passes.common.add_licm(pm)
            passes.common.add_symbol_dce(pm)
            if not metadata["isCloseInterleave"] and TTXPU_F_INTERLEAVE:
                xpu.passes.ttxpuir.add_tritonxpu_interleave_pass(pm) if not TTXPU_O_CLOSE_OPT else None
            passes.common.add_canonicalizer(pm)
            if not metadata["isCloseVectorization"]:
                compareFusion = int(os.environ.get("TRITONXPU_COMPARE_FUSION", 0))
                xpu.passes.ttxpuir.add_tritonxpu_vectorize_pass(
                    pm, 0, compareFusion) if not TTXPU_O_CLOSE_OPT else None  # dumpFlag=0
            passes.common.add_canonicalizer(pm)
            xpu.passes.ttxpuir.add_tritonxpu_alloca_pass(pm, XPUBackend.buffer_len, core_num)
            if not metadata["isCloseMemoryAsync"]:
                xpu.passes.ttxpuir.add_tritonxpu_memory_async_pass(pm,
                                                                   0) if not TTXPU_O_CLOSE_OPT else None  # dumpFlag=0
            if not metadata["isCloseUnrollControl"]:
                xpu.passes.ttxpuir.add_tritonxpu_unroll_control_pass(pm, XPUBackend.buffer_len, core_num,
                                                                     is_use_mask_zero,
                                                                     unroll_num) if not TTXPU_O_CLOSE_OPT else None
            xpu.passes.ttxpuir.add_tritonxpu_store_control_pass(pm) if not TTXPU_O_CLOSE_OPT else None
            if not TTXPU_F_OHTER_VALUE_SIM:
                xpu.passes.ttxpuir.add_tritonxpu_other_sim_pass(pm, XPUBackend.buffer_len, core_num)
            xpu.passes.ttxpuir.add_tritonxpu_memory_inplace_pass(pm, XPUBackend.buffer_len,
                                                                 core_num) if not TTXPU_O_CLOSE_OPT else None
            if not metadata["isCloseClusterLoopGrid"]:
                xpu.passes.ttxpuir.add_tritonxpu_cf_to_scf_pass(pm)
                xpu.passes.ttxpuir.add_tritonxpu_loop_grid_pass(pm)
            passes.common.add_cse(pm)
            passes.common.add_licm(pm)
            passes.common.add_symbol_dce(pm)
    
        try:
            pm.run(mod)
        except Exception as e:
            from triton import OutOfResources
>           raise OutOfResources(0, 0, f"uni_sram {e}")
E           triton.runtime.errors.OutOfResources: out of resource: uni_sram PassManager::run failed, Required: 0, Hardware limit: 0. Reducing block sizes or `num_stages` may help.

/root/miniconda/envs/python310_torch29_cuda/lib/python3.10/site-packages/triton/backends/xpu/compiler.py:332: OutOfResources
___________________ test_softmax_out[False-1-dtype0-shape2] ____________________

mod = <triton._C.libtriton.ir.module object at 0x7f9c89f5d760>
metadata = {'hash': '812df17a5eb9911e653f2ebebd0c48361e6573cd50f59c7d9a2c3f97b399521a', 'target': GPUTarget(backend='xpu', arch=3, warp_size=1), 'arch': 3, 'grid': <function softmax_out.<locals>.<lambda> at 0x7f9c89ecdcf0>, ...}
opt = XPUOptions(arch=3, grid=<function softmax_out.<locals>.<lambda> at 0x7f9c89ecdcf0>, debug=None, cluster_num=12, core_n...ed_dot_input_precisions=('ieee', 'tf32'), exp_range=':0', num_warps=16, num_ctas=-1, num_stages=1, use_int4_w4a8=False)

    @staticmethod
    def make_ttxir(mod, metadata, opt):
        metadata["xpu_arch"] = opt.arch
        metadata["is_sdnn"] = opt.is_sdnn or xpu.is_sdnn_kernel(mod)
        metadata["tensor_args"] = xpu.get_tensor_args(mod, []) if metadata["is_sdnn"] is True else []
        metadata["shared"] = (-1)  # TODO: invalid value, just to keep CompiledKernel _init_handles() success
    
        max_buffer_size = metadata["buffer_size_limit"]
        elem_bytes = int(os.environ.get("TRITONXPU_ELEMBYTES", 0))
        groups_per_cluster = metadata["groups_per_cluster"]
        unroll_num = metadata["unroll_num"]
        XPUBackend.buffer_len = xpu.get_buffer_len(mod, max_buffer_size, elem_bytes)
        # print(f"XPUBackend.buffer_len = {XPUBackend.buffer_len}")
        core_num = metadata["core_num"]
        # F/O Prefix For Function/Optimization Macro
        is_use_mask_zero = metadata["is_use_mask_zero"]
        if is_use_mask_zero:
            warnings.warn(
                f'XRE Version Must Be More than 5.0.21.37 (After 2025.07.22). And echo 1 > /proc/kunlun/dev4/dma_excp_mask',
                UserWarning)
        TTXPU_F_INTERLEAVE = 0 if metadata["grid"] != (12, 1, 1) else int(os.environ.get("TRITONXPU_INTERLEAVE", 1))
        TTXPU_F_OHTER_VALUE_SIM = int(os.environ.get("TRITONXPU_OTHER_SIM", 0))
        TTXPU_F_STORE_MASK_SIM = int(os.environ.get("TRITONXPU_STORE_MASK_SIM", 0))
        TTXPU_F_DTYPE_CONVERT = 0 if metadata["isCloseDtypeConvert"] else int(
            os.environ.get("TRITONXPU_DTYPE_CONVERT", 1))
        TTXPU_O_ATOMIC_SIM = 0 if metadata["isCLOSE_TTXPU_O_ATOMIC_SIM"] else int(
            os.environ.get("TRITONXPU_ATOMIC_SIM", 1))
        TTXPU_O_CLOSE_OPT = int(os.environ.get("TRITONXPU_CLOSE_OPTIMIZE", 0))
        TTSDNN_F_SINGLE_CORE_MODE = int(os.environ.get("TRITON_SDNN_SINGLE_CODE_MODE", 0))
        TTSDNN_F_MATMUL_FAST_MODE = int(os.environ.get("XMLIR_MATMUL_FAST_MODE", 0))
        TTSDNN_F_DMA_MODE = int(os.environ.get("XMLIR_DMA_FAST_MODE", 0))
    
        if opt.isClusterOneCoreActOnly and TTXPU_F_OHTER_VALUE_SIM:
            assert 0, "isClusterOneCoreActOnly and TRITONXPU_OTHER_SIM can't act simultaneously"
    
        pm = ir.pass_manager(mod.context)
        pm.enable_debug()
        xpu.passes.ttsdnnir.add_tritonsdnn_strip_all_ops_pass(pm, opt.arch)
        if metadata["is_sdnn"]:
            if opt.arch < 4:
                if metadata["use_int4_w4a8"] == True:
                    xpu.passes.ttsdnnir.add_triton_convert_type_pass(pm, opt.arch, 2)
                else:
                    xpu.passes.ttsdnnir.add_triton_convert_type_pass(pm, opt.arch, TTSDNN_F_MATMUL_FAST_MODE)
            xpu.passes.ttsdnnir.add_convert_triton_to_tritonsdnn_pass(pm, opt.arch)
            xpu.passes.ttsdnnir.add_linalg_to_tritonsdnn_pass(pm, opt.arch)
            xpu.passes.ttsdnnir.add_tritonsdnn_legalize_pass(pm, opt.arch)
            xpu.passes.ttsdnnir.add_tritonsdnn_combine_before_pass(pm, opt.arch)
            xpu.passes.ttsdnnir.add_tritonsdnn_bufferize_pass(pm, opt.arch)
            xpu.passes.ttsdnnir.add_tritonsdnn_combine_pass(pm, opt.arch)
            if opt.exp_range != ":0":
                res = parse_floating_range_string(opt.exp_range)
                xpu.passes.ttsdnnir.add_tritonsdnn_ew_act_table_pass(pm, res)
            else:
                xpu.passes.ttsdnnir.add_tritonsdnn_ew_act_table_pass(pm, None)
            xpu.passes.ttsdnnir.add_tritonsdnn_loop_grid_pass(pm)
            if opt.arch == 4 and TTSDNN_F_DMA_MODE:
                xpu.passes.ttsdnnir.add_tritonsdnn_remove_ds_op_pass(pm, opt.arch)
            if not TTSDNN_F_SINGLE_CORE_MODE:
                xpu.passes.ttsdnnir.add_tritonsdnn_pipeline_pass(pm)
    
            xpu.passes.ttsdnnir.add_tritonsdnn_multi_buffer_pass(pm, opt.arch, opt.num_stages)
            passes.common.add_symbol_dce(pm)
            passes.common.add_canonicalizer(pm)
            passes.common.add_cse(pm)
        else:
            xpu.passes.ttxpuir.add_convert_triton_to_tritonxpu_pass(pm, opt.arch, XPUBackend.buffer_len, core_num)
            xpu.passes.ttxpuir.add_tritonxpu_print_pass(pm)
            xpu.passes.ttxpuir.add_tritonxpu_gm2lm_pass(pm, opt.arch, TTXPU_O_ATOMIC_SIM, opt.isClusterOneCoreActOnly,
                                                        is_use_mask_zero)
            if not metadata["isCloseMemoryCache"]:
                xpu.passes.ttxpuir.add_tritonxpu_memory_cache_pass(pm, XPUBackend.buffer_len,
                                                                   core_num) if not TTXPU_O_CLOSE_OPT else None
            passes.common.add_canonicalizer(pm)
            if TTXPU_F_DTYPE_CONVERT:
                xpu.passes.ttxpuir.add_tritonxpu_dtype_convert_pass(pm, opt.arch)
            if not metadata["isCloseCoreTiling"]:
                xpu.passes.ttxpuir.add_tritonxpu_core_tiling_pass(
                    pm, 0, XPUBackend.buffer_len, core_num,
                    groups_per_cluster) if not TTXPU_O_CLOSE_OPT else None  # dumpFlag=0
            # xpu.passes.ttxpuir.add_tritonxpu_lm_to_sm_pass(pm)
            passes.common.add_cse(pm)
            if not metadata["isCloseOffsetAnalysis"]:
                xpu.passes.ttxpuir.add_tritonxpu_offset_state_pass(
                    pm, 0, XPUBackend.buffer_len, is_use_mask_zero) if not TTXPU_O_CLOSE_OPT else None  # dumpFlag=0
            passes.common.add_canonicalizer(pm)
            xpu.passes.ttxpuir.add_tritonxpu_legalize_pass(pm, XPUBackend.buffer_len, core_num, groups_per_cluster,
                                                           is_use_mask_zero)
            passes.common.add_canonicalizer(pm)
            if not TTXPU_F_OHTER_VALUE_SIM:
                xpu.passes.ttxpuir.add_tritonxpu_mask_pass(pm, opt.isClusterOneCoreActOnly, is_use_mask_zero)
            passes.common.add_canonicalizer(pm)
            passes.common.add_cse(pm)
            passes.common.add_licm(pm)
            passes.common.add_symbol_dce(pm)
            if not metadata["isCloseInterleave"] and TTXPU_F_INTERLEAVE:
                xpu.passes.ttxpuir.add_tritonxpu_interleave_pass(pm) if not TTXPU_O_CLOSE_OPT else None
            passes.common.add_canonicalizer(pm)
            if not metadata["isCloseVectorization"]:
                compareFusion = int(os.environ.get("TRITONXPU_COMPARE_FUSION", 0))
                xpu.passes.ttxpuir.add_tritonxpu_vectorize_pass(
                    pm, 0, compareFusion) if not TTXPU_O_CLOSE_OPT else None  # dumpFlag=0
            passes.common.add_canonicalizer(pm)
            xpu.passes.ttxpuir.add_tritonxpu_alloca_pass(pm, XPUBackend.buffer_len, core_num)
            if not metadata["isCloseMemoryAsync"]:
                xpu.passes.ttxpuir.add_tritonxpu_memory_async_pass(pm,
                                                                   0) if not TTXPU_O_CLOSE_OPT else None  # dumpFlag=0
            if not metadata["isCloseUnrollControl"]:
                xpu.passes.ttxpuir.add_tritonxpu_unroll_control_pass(pm, XPUBackend.buffer_len, core_num,
                                                                     is_use_mask_zero,
                                                                     unroll_num) if not TTXPU_O_CLOSE_OPT else None
            xpu.passes.ttxpuir.add_tritonxpu_store_control_pass(pm) if not TTXPU_O_CLOSE_OPT else None
            if not TTXPU_F_OHTER_VALUE_SIM:
                xpu.passes.ttxpuir.add_tritonxpu_other_sim_pass(pm, XPUBackend.buffer_len, core_num)
            xpu.passes.ttxpuir.add_tritonxpu_memory_inplace_pass(pm, XPUBackend.buffer_len,
                                                                 core_num) if not TTXPU_O_CLOSE_OPT else None
            if not metadata["isCloseClusterLoopGrid"]:
                xpu.passes.ttxpuir.add_tritonxpu_cf_to_scf_pass(pm)
                xpu.passes.ttxpuir.add_tritonxpu_loop_grid_pass(pm)
            passes.common.add_cse(pm)
            passes.common.add_licm(pm)
            passes.common.add_symbol_dce(pm)
    
        try:
>           pm.run(mod)
E           RuntimeError: PassManager::run failed

/root/miniconda/envs/python310_torch29_cuda/lib/python3.10/site-packages/triton/backends/xpu/compiler.py:329: RuntimeError

During handling of the above exception, another exception occurred:

shape = (200, 2560, 3), dtype = torch.float16, dim = 1, neg_inf = False

    @pytest.mark.softmax_out
    @pytest.mark.parametrize(
        "shape",
        (
            [(1, 256)]
            if cfg.QUICK_MODE
            else [(1, 256), (4096, 256), (200, 2560, 3), (1, 0, 128, 512)]
        ),
    )
    @pytest.mark.parametrize("dtype", FLOAT_DTYPES)
    @pytest.mark.parametrize("dim", DIM_LIST)
    @pytest.mark.parametrize("neg_inf", [True, False])
    def test_softmax_out(shape, dtype, dim, neg_inf):
        inp = torch.randn(shape, dtype=dtype, device=flag_gems.device)
        if neg_inf:
            inp = torch.where(inp < 0.0, float("-inf"), inp)
        ref_inp = utils.to_reference(inp, True)
    
        ref_out = torch.empty(shape, dtype=ref_inp.dtype, device=ref_inp.device)
        torch.ops.aten._softmax.out(ref_inp, dim, False, out=ref_out)
    
        res_out = torch.empty(shape, dtype=dtype, device=flag_gems.device)
        with flag_gems.use_gems():
>           torch.ops.aten._softmax.out(inp, dim, False, out=res_out)

test_softmax.py:82: 
_ _ _ _ _ _ _ _ _ _ _ _ _ _ _ _ _ _ _ _ _ _ _ _ _ _ _ _ _ _ _ _ _ _ _ _ _ _ _ _ 
/root/miniconda/envs/python310_torch29_cuda/lib/python3.10/site-packages/torch/_ops.py:841: in __call__
    return self._op(*args, **kwargs)
../src/flag_gems/ops/softmax.py:325: in softmax_out
    softmax_kernel_non_inner[grid](
/root/miniconda/envs/python310_torch29_cuda/lib/python3.10/site-packages/triton/runtime/jit.py:364: in <lambda>
    return lambda *args, **kwargs: self.run(grid=grid, warmup=False, *args, **kwargs)
../src/flag_gems/utils/libentry.py:889: in run
    kernel = self.fn.run(*args, **kwargs)
/root/miniconda/envs/python310_torch29_cuda/lib/python3.10/site-packages/triton/runtime/autotuner.py:355: in run
    return self.fn.run(*args, **kwargs)
/root/miniconda/envs/python310_torch29_cuda/lib/python3.10/site-packages/triton/runtime/jit.py:795: in run
    kernel = self.default_run(*args, **kwargs)
/root/miniconda/envs/python310_torch29_cuda/lib/python3.10/site-packages/triton/runtime/jit.py:686: in default_run
    kernel = self.compile(
/root/miniconda/envs/python310_torch29_cuda/lib/python3.10/site-packages/triton/compiler/compiler.py:318: in compile
    next_module = compile_ir(module, metadata)
/root/miniconda/envs/python310_torch29_cuda/lib/python3.10/site-packages/triton/backends/xpu/compiler.py:516: in <lambda>
    stages["ttxir"] = lambda src, metadata: self.make_ttxir(src, metadata, options)
_ _ _ _ _ _ _ _ _ _ _ _ _ _ _ _ _ _ _ _ _ _ _ _ _ _ _ _ _ _ _ _ _ _ _ _ _ _ _ _ 

mod = <triton._C.libtriton.ir.module object at 0x7f9c89f5d760>
metadata = {'hash': '812df17a5eb9911e653f2ebebd0c48361e6573cd50f59c7d9a2c3f97b399521a', 'target': GPUTarget(backend='xpu', arch=3, warp_size=1), 'arch': 3, 'grid': <function softmax_out.<locals>.<lambda> at 0x7f9c89ecdcf0>, ...}
opt = XPUOptions(arch=3, grid=<function softmax_out.<locals>.<lambda> at 0x7f9c89ecdcf0>, debug=None, cluster_num=12, core_n...ed_dot_input_precisions=('ieee', 'tf32'), exp_range=':0', num_warps=16, num_ctas=-1, num_stages=1, use_int4_w4a8=False)

    @staticmethod
    def make_ttxir(mod, metadata, opt):
        metadata["xpu_arch"] = opt.arch
        metadata["is_sdnn"] = opt.is_sdnn or xpu.is_sdnn_kernel(mod)
        metadata["tensor_args"] = xpu.get_tensor_args(mod, []) if metadata["is_sdnn"] is True else []
        metadata["shared"] = (-1)  # TODO: invalid value, just to keep CompiledKernel _init_handles() success
    
        max_buffer_size = metadata["buffer_size_limit"]
        elem_bytes = int(os.environ.get("TRITONXPU_ELEMBYTES", 0))
        groups_per_cluster = metadata["groups_per_cluster"]
        unroll_num = metadata["unroll_num"]
        XPUBackend.buffer_len = xpu.get_buffer_len(mod, max_buffer_size, elem_bytes)
        # print(f"XPUBackend.buffer_len = {XPUBackend.buffer_len}")
        core_num = metadata["core_num"]
        # F/O Prefix For Function/Optimization Macro
        is_use_mask_zero = metadata["is_use_mask_zero"]
        if is_use_mask_zero:
            warnings.warn(
                f'XRE Version Must Be More than 5.0.21.37 (After 2025.07.22). And echo 1 > /proc/kunlun/dev4/dma_excp_mask',
                UserWarning)
        TTXPU_F_INTERLEAVE = 0 if metadata["grid"] != (12, 1, 1) else int(os.environ.get("TRITONXPU_INTERLEAVE", 1))
        TTXPU_F_OHTER_VALUE_SIM = int(os.environ.get("TRITONXPU_OTHER_SIM", 0))
        TTXPU_F_STORE_MASK_SIM = int(os.environ.get("TRITONXPU_STORE_MASK_SIM", 0))
        TTXPU_F_DTYPE_CONVERT = 0 if metadata["isCloseDtypeConvert"] else int(
            os.environ.get("TRITONXPU_DTYPE_CONVERT", 1))
        TTXPU_O_ATOMIC_SIM = 0 if metadata["isCLOSE_TTXPU_O_ATOMIC_SIM"] else int(
            os.environ.get("TRITONXPU_ATOMIC_SIM", 1))
        TTXPU_O_CLOSE_OPT = int(os.environ.get("TRITONXPU_CLOSE_OPTIMIZE", 0))
        TTSDNN_F_SINGLE_CORE_MODE = int(os.environ.get("TRITON_SDNN_SINGLE_CODE_MODE", 0))
        TTSDNN_F_MATMUL_FAST_MODE = int(os.environ.get("XMLIR_MATMUL_FAST_MODE", 0))
        TTSDNN_F_DMA_MODE = int(os.environ.get("XMLIR_DMA_FAST_MODE", 0))
    
        if opt.isClusterOneCoreActOnly and TTXPU_F_OHTER_VALUE_SIM:
            assert 0, "isClusterOneCoreActOnly and TRITONXPU_OTHER_SIM can't act simultaneously"
    
        pm = ir.pass_manager(mod.context)
        pm.enable_debug()
        xpu.passes.ttsdnnir.add_tritonsdnn_strip_all_ops_pass(pm, opt.arch)
        if metadata["is_sdnn"]:
            if opt.arch < 4:
                if metadata["use_int4_w4a8"] == True:
                    xpu.passes.ttsdnnir.add_triton_convert_type_pass(pm, opt.arch, 2)
                else:
                    xpu.passes.ttsdnnir.add_triton_convert_type_pass(pm, opt.arch, TTSDNN_F_MATMUL_FAST_MODE)
            xpu.passes.ttsdnnir.add_convert_triton_to_tritonsdnn_pass(pm, opt.arch)
            xpu.passes.ttsdnnir.add_linalg_to_tritonsdnn_pass(pm, opt.arch)
            xpu.passes.ttsdnnir.add_tritonsdnn_legalize_pass(pm, opt.arch)
            xpu.passes.ttsdnnir.add_tritonsdnn_combine_before_pass(pm, opt.arch)
            xpu.passes.ttsdnnir.add_tritonsdnn_bufferize_pass(pm, opt.arch)
            xpu.passes.ttsdnnir.add_tritonsdnn_combine_pass(pm, opt.arch)
            if opt.exp_range != ":0":
                res = parse_floating_range_string(opt.exp_range)
                xpu.passes.ttsdnnir.add_tritonsdnn_ew_act_table_pass(pm, res)
            else:
                xpu.passes.ttsdnnir.add_tritonsdnn_ew_act_table_pass(pm, None)
            xpu.passes.ttsdnnir.add_tritonsdnn_loop_grid_pass(pm)
            if opt.arch == 4 and TTSDNN_F_DMA_MODE:
                xpu.passes.ttsdnnir.add_tritonsdnn_remove_ds_op_pass(pm, opt.arch)
            if not TTSDNN_F_SINGLE_CORE_MODE:
                xpu.passes.ttsdnnir.add_tritonsdnn_pipeline_pass(pm)
    
            xpu.passes.ttsdnnir.add_tritonsdnn_multi_buffer_pass(pm, opt.arch, opt.num_stages)
            passes.common.add_symbol_dce(pm)
            passes.common.add_canonicalizer(pm)
            passes.common.add_cse(pm)
        else:
            xpu.passes.ttxpuir.add_convert_triton_to_tritonxpu_pass(pm, opt.arch, XPUBackend.buffer_len, core_num)
            xpu.passes.ttxpuir.add_tritonxpu_print_pass(pm)
            xpu.passes.ttxpuir.add_tritonxpu_gm2lm_pass(pm, opt.arch, TTXPU_O_ATOMIC_SIM, opt.isClusterOneCoreActOnly,
                                                        is_use_mask_zero)
            if not metadata["isCloseMemoryCache"]:
                xpu.passes.ttxpuir.add_tritonxpu_memory_cache_pass(pm, XPUBackend.buffer_len,
                                                                   core_num) if not TTXPU_O_CLOSE_OPT else None
            passes.common.add_canonicalizer(pm)
            if TTXPU_F_DTYPE_CONVERT:
                xpu.passes.ttxpuir.add_tritonxpu_dtype_convert_pass(pm, opt.arch)
            if not metadata["isCloseCoreTiling"]:
                xpu.passes.ttxpuir.add_tritonxpu_core_tiling_pass(
                    pm, 0, XPUBackend.buffer_len, core_num,
                    groups_per_cluster) if not TTXPU_O_CLOSE_OPT else None  # dumpFlag=0
            # xpu.passes.ttxpuir.add_tritonxpu_lm_to_sm_pass(pm)
            passes.common.add_cse(pm)
            if not metadata["isCloseOffsetAnalysis"]:
                xpu.passes.ttxpuir.add_tritonxpu_offset_state_pass(
                    pm, 0, XPUBackend.buffer_len, is_use_mask_zero) if not TTXPU_O_CLOSE_OPT else None  # dumpFlag=0
            passes.common.add_canonicalizer(pm)
            xpu.passes.ttxpuir.add_tritonxpu_legalize_pass(pm, XPUBackend.buffer_len, core_num, groups_per_cluster,
                                                           is_use_mask_zero)
            passes.common.add_canonicalizer(pm)
            if not TTXPU_F_OHTER_VALUE_SIM:
                xpu.passes.ttxpuir.add_tritonxpu_mask_pass(pm, opt.isClusterOneCoreActOnly, is_use_mask_zero)
            passes.common.add_canonicalizer(pm)
            passes.common.add_cse(pm)
            passes.common.add_licm(pm)
            passes.common.add_symbol_dce(pm)
            if not metadata["isCloseInterleave"] and TTXPU_F_INTERLEAVE:
                xpu.passes.ttxpuir.add_tritonxpu_interleave_pass(pm) if not TTXPU_O_CLOSE_OPT else None
            passes.common.add_canonicalizer(pm)
            if not metadata["isCloseVectorization"]:
                compareFusion = int(os.environ.get("TRITONXPU_COMPARE_FUSION", 0))
                xpu.passes.ttxpuir.add_tritonxpu_vectorize_pass(
                    pm, 0, compareFusion) if not TTXPU_O_CLOSE_OPT else None  # dumpFlag=0
            passes.common.add_canonicalizer(pm)
            xpu.passes.ttxpuir.add_tritonxpu_alloca_pass(pm, XPUBackend.buffer_len, core_num)
            if not metadata["isCloseMemoryAsync"]:
                xpu.passes.ttxpuir.add_tritonxpu_memory_async_pass(pm,
                                                                   0) if not TTXPU_O_CLOSE_OPT else None  # dumpFlag=0
            if not metadata["isCloseUnrollControl"]:
                xpu.passes.ttxpuir.add_tritonxpu_unroll_control_pass(pm, XPUBackend.buffer_len, core_num,
                                                                     is_use_mask_zero,
                                                                     unroll_num) if not TTXPU_O_CLOSE_OPT else None
            xpu.passes.ttxpuir.add_tritonxpu_store_control_pass(pm) if not TTXPU_O_CLOSE_OPT else None
            if not TTXPU_F_OHTER_VALUE_SIM:
                xpu.passes.ttxpuir.add_tritonxpu_other_sim_pass(pm, XPUBackend.buffer_len, core_num)
            xpu.passes.ttxpuir.add_tritonxpu_memory_inplace_pass(pm, XPUBackend.buffer_len,
                                                                 core_num) if not TTXPU_O_CLOSE_OPT else None
            if not metadata["isCloseClusterLoopGrid"]:
                xpu.passes.ttxpuir.add_tritonxpu_cf_to_scf_pass(pm)
                xpu.passes.ttxpuir.add_tritonxpu_loop_grid_pass(pm)
            passes.common.add_cse(pm)
            passes.common.add_licm(pm)
            passes.common.add_symbol_dce(pm)
    
        try:
            pm.run(mod)
        except Exception as e:
            from triton import OutOfResources
>           raise OutOfResources(0, 0, f"uni_sram {e}")
E           triton.runtime.errors.OutOfResources: out of resource: uni_sram PassManager::run failed, Required: 0, Hardware limit: 0. Reducing block sizes or `num_stages` may help.

/root/miniconda/envs/python310_torch29_cuda/lib/python3.10/site-packages/triton/backends/xpu/compiler.py:332: OutOfResources
___________________ test_softmax_out[False-1-dtype1-shape2] ____________________

mod = <triton._C.libtriton.ir.module object at 0x7f9c89d77f60>
metadata = {'hash': 'ed9ee28c62fa2046912d8afc8c59a6710c3600b9158ce0d717c0f12459c536b9', 'target': GPUTarget(backend='xpu', arch=3, warp_size=1), 'arch': 3, 'grid': <function softmax_out.<locals>.<lambda> at 0x7f9c89ece7a0>, ...}
opt = XPUOptions(arch=3, grid=<function softmax_out.<locals>.<lambda> at 0x7f9c89ece7a0>, debug=None, cluster_num=12, core_n...ed_dot_input_precisions=('ieee', 'tf32'), exp_range=':0', num_warps=16, num_ctas=-1, num_stages=1, use_int4_w4a8=False)

    @staticmethod
    def make_ttxir(mod, metadata, opt):
        metadata["xpu_arch"] = opt.arch
        metadata["is_sdnn"] = opt.is_sdnn or xpu.is_sdnn_kernel(mod)
        metadata["tensor_args"] = xpu.get_tensor_args(mod, []) if metadata["is_sdnn"] is True else []
        metadata["shared"] = (-1)  # TODO: invalid value, just to keep CompiledKernel _init_handles() success
    
        max_buffer_size = metadata["buffer_size_limit"]
        elem_bytes = int(os.environ.get("TRITONXPU_ELEMBYTES", 0))
        groups_per_cluster = metadata["groups_per_cluster"]
        unroll_num = metadata["unroll_num"]
        XPUBackend.buffer_len = xpu.get_buffer_len(mod, max_buffer_size, elem_bytes)
        # print(f"XPUBackend.buffer_len = {XPUBackend.buffer_len}")
        core_num = metadata["core_num"]
        # F/O Prefix For Function/Optimization Macro
        is_use_mask_zero = metadata["is_use_mask_zero"]
        if is_use_mask_zero:
            warnings.warn(
                f'XRE Version Must Be More than 5.0.21.37 (After 2025.07.22). And echo 1 > /proc/kunlun/dev4/dma_excp_mask',
                UserWarning)
        TTXPU_F_INTERLEAVE = 0 if metadata["grid"] != (12, 1, 1) else int(os.environ.get("TRITONXPU_INTERLEAVE", 1))
        TTXPU_F_OHTER_VALUE_SIM = int(os.environ.get("TRITONXPU_OTHER_SIM", 0))
        TTXPU_F_STORE_MASK_SIM = int(os.environ.get("TRITONXPU_STORE_MASK_SIM", 0))
        TTXPU_F_DTYPE_CONVERT = 0 if metadata["isCloseDtypeConvert"] else int(
            os.environ.get("TRITONXPU_DTYPE_CONVERT", 1))
        TTXPU_O_ATOMIC_SIM = 0 if metadata["isCLOSE_TTXPU_O_ATOMIC_SIM"] else int(
            os.environ.get("TRITONXPU_ATOMIC_SIM", 1))
        TTXPU_O_CLOSE_OPT = int(os.environ.get("TRITONXPU_CLOSE_OPTIMIZE", 0))
        TTSDNN_F_SINGLE_CORE_MODE = int(os.environ.get("TRITON_SDNN_SINGLE_CODE_MODE", 0))
        TTSDNN_F_MATMUL_FAST_MODE = int(os.environ.get("XMLIR_MATMUL_FAST_MODE", 0))
        TTSDNN_F_DMA_MODE = int(os.environ.get("XMLIR_DMA_FAST_MODE", 0))
    
        if opt.isClusterOneCoreActOnly and TTXPU_F_OHTER_VALUE_SIM:
            assert 0, "isClusterOneCoreActOnly and TRITONXPU_OTHER_SIM can't act simultaneously"
    
        pm = ir.pass_manager(mod.context)
        pm.enable_debug()
        xpu.passes.ttsdnnir.add_tritonsdnn_strip_all_ops_pass(pm, opt.arch)
        if metadata["is_sdnn"]:
            if opt.arch < 4:
                if metadata["use_int4_w4a8"] == True:
                    xpu.passes.ttsdnnir.add_triton_convert_type_pass(pm, opt.arch, 2)
                else:
                    xpu.passes.ttsdnnir.add_triton_convert_type_pass(pm, opt.arch, TTSDNN_F_MATMUL_FAST_MODE)
            xpu.passes.ttsdnnir.add_convert_triton_to_tritonsdnn_pass(pm, opt.arch)
            xpu.passes.ttsdnnir.add_linalg_to_tritonsdnn_pass(pm, opt.arch)
            xpu.passes.ttsdnnir.add_tritonsdnn_legalize_pass(pm, opt.arch)
            xpu.passes.ttsdnnir.add_tritonsdnn_combine_before_pass(pm, opt.arch)
            xpu.passes.ttsdnnir.add_tritonsdnn_bufferize_pass(pm, opt.arch)
            xpu.passes.ttsdnnir.add_tritonsdnn_combine_pass(pm, opt.arch)
            if opt.exp_range != ":0":
                res = parse_floating_range_string(opt.exp_range)
                xpu.passes.ttsdnnir.add_tritonsdnn_ew_act_table_pass(pm, res)
            else:
                xpu.passes.ttsdnnir.add_tritonsdnn_ew_act_table_pass(pm, None)
            xpu.passes.ttsdnnir.add_tritonsdnn_loop_grid_pass(pm)
            if opt.arch == 4 and TTSDNN_F_DMA_MODE:
                xpu.passes.ttsdnnir.add_tritonsdnn_remove_ds_op_pass(pm, opt.arch)
            if not TTSDNN_F_SINGLE_CORE_MODE:
                xpu.passes.ttsdnnir.add_tritonsdnn_pipeline_pass(pm)
    
            xpu.passes.ttsdnnir.add_tritonsdnn_multi_buffer_pass(pm, opt.arch, opt.num_stages)
            passes.common.add_symbol_dce(pm)
            passes.common.add_canonicalizer(pm)
            passes.common.add_cse(pm)
        else:
            xpu.passes.ttxpuir.add_convert_triton_to_tritonxpu_pass(pm, opt.arch, XPUBackend.buffer_len, core_num)
            xpu.passes.ttxpuir.add_tritonxpu_print_pass(pm)
            xpu.passes.ttxpuir.add_tritonxpu_gm2lm_pass(pm, opt.arch, TTXPU_O_ATOMIC_SIM, opt.isClusterOneCoreActOnly,
                                                        is_use_mask_zero)
            if not metadata["isCloseMemoryCache"]:
                xpu.passes.ttxpuir.add_tritonxpu_memory_cache_pass(pm, XPUBackend.buffer_len,
                                                                   core_num) if not TTXPU_O_CLOSE_OPT else None
            passes.common.add_canonicalizer(pm)
            if TTXPU_F_DTYPE_CONVERT:
                xpu.passes.ttxpuir.add_tritonxpu_dtype_convert_pass(pm, opt.arch)
            if not metadata["isCloseCoreTiling"]:
                xpu.passes.ttxpuir.add_tritonxpu_core_tiling_pass(
                    pm, 0, XPUBackend.buffer_len, core_num,
                    groups_per_cluster) if not TTXPU_O_CLOSE_OPT else None  # dumpFlag=0
            # xpu.passes.ttxpuir.add_tritonxpu_lm_to_sm_pass(pm)
            passes.common.add_cse(pm)
            if not metadata["isCloseOffsetAnalysis"]:
                xpu.passes.ttxpuir.add_tritonxpu_offset_state_pass(
                    pm, 0, XPUBackend.buffer_len, is_use_mask_zero) if not TTXPU_O_CLOSE_OPT else None  # dumpFlag=0
            passes.common.add_canonicalizer(pm)
            xpu.passes.ttxpuir.add_tritonxpu_legalize_pass(pm, XPUBackend.buffer_len, core_num, groups_per_cluster,
                                                           is_use_mask_zero)
            passes.common.add_canonicalizer(pm)
            if not TTXPU_F_OHTER_VALUE_SIM:
                xpu.passes.ttxpuir.add_tritonxpu_mask_pass(pm, opt.isClusterOneCoreActOnly, is_use_mask_zero)
            passes.common.add_canonicalizer(pm)
            passes.common.add_cse(pm)
            passes.common.add_licm(pm)
            passes.common.add_symbol_dce(pm)
            if not metadata["isCloseInterleave"] and TTXPU_F_INTERLEAVE:
                xpu.passes.ttxpuir.add_tritonxpu_interleave_pass(pm) if not TTXPU_O_CLOSE_OPT else None
            passes.common.add_canonicalizer(pm)
            if not metadata["isCloseVectorization"]:
                compareFusion = int(os.environ.get("TRITONXPU_COMPARE_FUSION", 0))
                xpu.passes.ttxpuir.add_tritonxpu_vectorize_pass(
                    pm, 0, compareFusion) if not TTXPU_O_CLOSE_OPT else None  # dumpFlag=0
            passes.common.add_canonicalizer(pm)
            xpu.passes.ttxpuir.add_tritonxpu_alloca_pass(pm, XPUBackend.buffer_len, core_num)
            if not metadata["isCloseMemoryAsync"]:
                xpu.passes.ttxpuir.add_tritonxpu_memory_async_pass(pm,
                                                                   0) if not TTXPU_O_CLOSE_OPT else None  # dumpFlag=0
            if not metadata["isCloseUnrollControl"]:
                xpu.passes.ttxpuir.add_tritonxpu_unroll_control_pass(pm, XPUBackend.buffer_len, core_num,
                                                                     is_use_mask_zero,
                                                                     unroll_num) if not TTXPU_O_CLOSE_OPT else None
            xpu.passes.ttxpuir.add_tritonxpu_store_control_pass(pm) if not TTXPU_O_CLOSE_OPT else None
            if not TTXPU_F_OHTER_VALUE_SIM:
                xpu.passes.ttxpuir.add_tritonxpu_other_sim_pass(pm, XPUBackend.buffer_len, core_num)
            xpu.passes.ttxpuir.add_tritonxpu_memory_inplace_pass(pm, XPUBackend.buffer_len,
                                                                 core_num) if not TTXPU_O_CLOSE_OPT else None
            if not metadata["isCloseClusterLoopGrid"]:
                xpu.passes.ttxpuir.add_tritonxpu_cf_to_scf_pass(pm)
                xpu.passes.ttxpuir.add_tritonxpu_loop_grid_pass(pm)
            passes.common.add_cse(pm)
            passes.common.add_licm(pm)
            passes.common.add_symbol_dce(pm)
    
        try:
>           pm.run(mod)
E           RuntimeError: PassManager::run failed

/root/miniconda/envs/python310_torch29_cuda/lib/python3.10/site-packages/triton/backends/xpu/compiler.py:329: RuntimeError

During handling of the above exception, another exception occurred:

shape = (200, 2560, 3), dtype = torch.float32, dim = 1, neg_inf = False

    @pytest.mark.softmax_out
    @pytest.mark.parametrize(
        "shape",
        (
            [(1, 256)]
            if cfg.QUICK_MODE
            else [(1, 256), (4096, 256), (200, 2560, 3), (1, 0, 128, 512)]
        ),
    )
    @pytest.mark.parametrize("dtype", FLOAT_DTYPES)
    @pytest.mark.parametrize("dim", DIM_LIST)
    @pytest.mark.parametrize("neg_inf", [True, False])
    def test_softmax_out(shape, dtype, dim, neg_inf):
        inp = torch.randn(shape, dtype=dtype, device=flag_gems.device)
        if neg_inf:
            inp = torch.where(inp < 0.0, float("-inf"), inp)
        ref_inp = utils.to_reference(inp, True)
    
        ref_out = torch.empty(shape, dtype=ref_inp.dtype, device=ref_inp.device)
        torch.ops.aten._softmax.out(ref_inp, dim, False, out=ref_out)
    
        res_out = torch.empty(shape, dtype=dtype, device=flag_gems.device)
        with flag_gems.use_gems():
>           torch.ops.aten._softmax.out(inp, dim, False, out=res_out)

test_softmax.py:82: 
_ _ _ _ _ _ _ _ _ _ _ _ _ _ _ _ _ _ _ _ _ _ _ _ _ _ _ _ _ _ _ _ _ _ _ _ _ _ _ _ 
/root/miniconda/envs/python310_torch29_cuda/lib/python3.10/site-packages/torch/_ops.py:841: in __call__
    return self._op(*args, **kwargs)
../src/flag_gems/ops/softmax.py:325: in softmax_out
    softmax_kernel_non_inner[grid](
/root/miniconda/envs/python310_torch29_cuda/lib/python3.10/site-packages/triton/runtime/jit.py:364: in <lambda>
    return lambda *args, **kwargs: self.run(grid=grid, warmup=False, *args, **kwargs)
../src/flag_gems/utils/libentry.py:889: in run
    kernel = self.fn.run(*args, **kwargs)
/root/miniconda/envs/python310_torch29_cuda/lib/python3.10/site-packages/triton/runtime/autotuner.py:355: in run
    return self.fn.run(*args, **kwargs)
/root/miniconda/envs/python310_torch29_cuda/lib/python3.10/site-packages/triton/runtime/jit.py:795: in run
    kernel = self.default_run(*args, **kwargs)
/root/miniconda/envs/python310_torch29_cuda/lib/python3.10/site-packages/triton/runtime/jit.py:686: in default_run
    kernel = self.compile(
/root/miniconda/envs/python310_torch29_cuda/lib/python3.10/site-packages/triton/compiler/compiler.py:318: in compile
    next_module = compile_ir(module, metadata)
/root/miniconda/envs/python310_torch29_cuda/lib/python3.10/site-packages/triton/backends/xpu/compiler.py:516: in <lambda>
    stages["ttxir"] = lambda src, metadata: self.make_ttxir(src, metadata, options)
_ _ _ _ _ _ _ _ _ _ _ _ _ _ _ _ _ _ _ _ _ _ _ _ _ _ _ _ _ _ _ _ _ _ _ _ _ _ _ _ 

mod = <triton._C.libtriton.ir.module object at 0x7f9c89d77f60>
metadata = {'hash': 'ed9ee28c62fa2046912d8afc8c59a6710c3600b9158ce0d717c0f12459c536b9', 'target': GPUTarget(backend='xpu', arch=3, warp_size=1), 'arch': 3, 'grid': <function softmax_out.<locals>.<lambda> at 0x7f9c89ece7a0>, ...}
opt = XPUOptions(arch=3, grid=<function softmax_out.<locals>.<lambda> at 0x7f9c89ece7a0>, debug=None, cluster_num=12, core_n...ed_dot_input_precisions=('ieee', 'tf32'), exp_range=':0', num_warps=16, num_ctas=-1, num_stages=1, use_int4_w4a8=False)

    @staticmethod
    def make_ttxir(mod, metadata, opt):
        metadata["xpu_arch"] = opt.arch
        metadata["is_sdnn"] = opt.is_sdnn or xpu.is_sdnn_kernel(mod)
        metadata["tensor_args"] = xpu.get_tensor_args(mod, []) if metadata["is_sdnn"] is True else []
        metadata["shared"] = (-1)  # TODO: invalid value, just to keep CompiledKernel _init_handles() success
    
        max_buffer_size = metadata["buffer_size_limit"]
        elem_bytes = int(os.environ.get("TRITONXPU_ELEMBYTES", 0))
        groups_per_cluster = metadata["groups_per_cluster"]
        unroll_num = metadata["unroll_num"]
        XPUBackend.buffer_len = xpu.get_buffer_len(mod, max_buffer_size, elem_bytes)
        # print(f"XPUBackend.buffer_len = {XPUBackend.buffer_len}")
        core_num = metadata["core_num"]
        # F/O Prefix For Function/Optimization Macro
        is_use_mask_zero = metadata["is_use_mask_zero"]
        if is_use_mask_zero:
            warnings.warn(
                f'XRE Version Must Be More than 5.0.21.37 (After 2025.07.22). And echo 1 > /proc/kunlun/dev4/dma_excp_mask',
                UserWarning)
        TTXPU_F_INTERLEAVE = 0 if metadata["grid"] != (12, 1, 1) else int(os.environ.get("TRITONXPU_INTERLEAVE", 1))
        TTXPU_F_OHTER_VALUE_SIM = int(os.environ.get("TRITONXPU_OTHER_SIM", 0))
        TTXPU_F_STORE_MASK_SIM = int(os.environ.get("TRITONXPU_STORE_MASK_SIM", 0))
        TTXPU_F_DTYPE_CONVERT = 0 if metadata["isCloseDtypeConvert"] else int(
            os.environ.get("TRITONXPU_DTYPE_CONVERT", 1))
        TTXPU_O_ATOMIC_SIM = 0 if metadata["isCLOSE_TTXPU_O_ATOMIC_SIM"] else int(
            os.environ.get("TRITONXPU_ATOMIC_SIM", 1))
        TTXPU_O_CLOSE_OPT = int(os.environ.get("TRITONXPU_CLOSE_OPTIMIZE", 0))
        TTSDNN_F_SINGLE_CORE_MODE = int(os.environ.get("TRITON_SDNN_SINGLE_CODE_MODE", 0))
        TTSDNN_F_MATMUL_FAST_MODE = int(os.environ.get("XMLIR_MATMUL_FAST_MODE", 0))
        TTSDNN_F_DMA_MODE = int(os.environ.get("XMLIR_DMA_FAST_MODE", 0))
    
        if opt.isClusterOneCoreActOnly and TTXPU_F_OHTER_VALUE_SIM:
            assert 0, "isClusterOneCoreActOnly and TRITONXPU_OTHER_SIM can't act simultaneously"
    
        pm = ir.pass_manager(mod.context)
        pm.enable_debug()
        xpu.passes.ttsdnnir.add_tritonsdnn_strip_all_ops_pass(pm, opt.arch)
        if metadata["is_sdnn"]:
            if opt.arch < 4:
                if metadata["use_int4_w4a8"] == True:
                    xpu.passes.ttsdnnir.add_triton_convert_type_pass(pm, opt.arch, 2)
                else:
                    xpu.passes.ttsdnnir.add_triton_convert_type_pass(pm, opt.arch, TTSDNN_F_MATMUL_FAST_MODE)
            xpu.passes.ttsdnnir.add_convert_triton_to_tritonsdnn_pass(pm, opt.arch)
            xpu.passes.ttsdnnir.add_linalg_to_tritonsdnn_pass(pm, opt.arch)
            xpu.passes.ttsdnnir.add_tritonsdnn_legalize_pass(pm, opt.arch)
            xpu.passes.ttsdnnir.add_tritonsdnn_combine_before_pass(pm, opt.arch)
            xpu.passes.ttsdnnir.add_tritonsdnn_bufferize_pass(pm, opt.arch)
            xpu.passes.ttsdnnir.add_tritonsdnn_combine_pass(pm, opt.arch)
            if opt.exp_range != ":0":
                res = parse_floating_range_string(opt.exp_range)
                xpu.passes.ttsdnnir.add_tritonsdnn_ew_act_table_pass(pm, res)
            else:
                xpu.passes.ttsdnnir.add_tritonsdnn_ew_act_table_pass(pm, None)
            xpu.passes.ttsdnnir.add_tritonsdnn_loop_grid_pass(pm)
            if opt.arch == 4 and TTSDNN_F_DMA_MODE:
                xpu.passes.ttsdnnir.add_tritonsdnn_remove_ds_op_pass(pm, opt.arch)
            if not TTSDNN_F_SINGLE_CORE_MODE:
                xpu.passes.ttsdnnir.add_tritonsdnn_pipeline_pass(pm)
    
            xpu.passes.ttsdnnir.add_tritonsdnn_multi_buffer_pass(pm, opt.arch, opt.num_stages)
            passes.common.add_symbol_dce(pm)
            passes.common.add_canonicalizer(pm)
            passes.common.add_cse(pm)
        else:
            xpu.passes.ttxpuir.add_convert_triton_to_tritonxpu_pass(pm, opt.arch, XPUBackend.buffer_len, core_num)
            xpu.passes.ttxpuir.add_tritonxpu_print_pass(pm)
            xpu.passes.ttxpuir.add_tritonxpu_gm2lm_pass(pm, opt.arch, TTXPU_O_ATOMIC_SIM, opt.isClusterOneCoreActOnly,
                                                        is_use_mask_zero)
            if not metadata["isCloseMemoryCache"]:
                xpu.passes.ttxpuir.add_tritonxpu_memory_cache_pass(pm, XPUBackend.buffer_len,
                                                                   core_num) if not TTXPU_O_CLOSE_OPT else None
            passes.common.add_canonicalizer(pm)
            if TTXPU_F_DTYPE_CONVERT:
                xpu.passes.ttxpuir.add_tritonxpu_dtype_convert_pass(pm, opt.arch)
            if not metadata["isCloseCoreTiling"]:
                xpu.passes.ttxpuir.add_tritonxpu_core_tiling_pass(
                    pm, 0, XPUBackend.buffer_len, core_num,
                    groups_per_cluster) if not TTXPU_O_CLOSE_OPT else None  # dumpFlag=0
            # xpu.passes.ttxpuir.add_tritonxpu_lm_to_sm_pass(pm)
            passes.common.add_cse(pm)
            if not metadata["isCloseOffsetAnalysis"]:
                xpu.passes.ttxpuir.add_tritonxpu_offset_state_pass(
                    pm, 0, XPUBackend.buffer_len, is_use_mask_zero) if not TTXPU_O_CLOSE_OPT else None  # dumpFlag=0
            passes.common.add_canonicalizer(pm)
            xpu.passes.ttxpuir.add_tritonxpu_legalize_pass(pm, XPUBackend.buffer_len, core_num, groups_per_cluster,
                                                           is_use_mask_zero)
            passes.common.add_canonicalizer(pm)
            if not TTXPU_F_OHTER_VALUE_SIM:
                xpu.passes.ttxpuir.add_tritonxpu_mask_pass(pm, opt.isClusterOneCoreActOnly, is_use_mask_zero)
            passes.common.add_canonicalizer(pm)
            passes.common.add_cse(pm)
            passes.common.add_licm(pm)
            passes.common.add_symbol_dce(pm)
            if not metadata["isCloseInterleave"] and TTXPU_F_INTERLEAVE:
                xpu.passes.ttxpuir.add_tritonxpu_interleave_pass(pm) if not TTXPU_O_CLOSE_OPT else None
            passes.common.add_canonicalizer(pm)
            if not metadata["isCloseVectorization"]:
                compareFusion = int(os.environ.get("TRITONXPU_COMPARE_FUSION", 0))
                xpu.passes.ttxpuir.add_tritonxpu_vectorize_pass(
                    pm, 0, compareFusion) if not TTXPU_O_CLOSE_OPT else None  # dumpFlag=0
            passes.common.add_canonicalizer(pm)
            xpu.passes.ttxpuir.add_tritonxpu_alloca_pass(pm, XPUBackend.buffer_len, core_num)
            if not metadata["isCloseMemoryAsync"]:
                xpu.passes.ttxpuir.add_tritonxpu_memory_async_pass(pm,
                                                                   0) if not TTXPU_O_CLOSE_OPT else None  # dumpFlag=0
            if not metadata["isCloseUnrollControl"]:
                xpu.passes.ttxpuir.add_tritonxpu_unroll_control_pass(pm, XPUBackend.buffer_len, core_num,
                                                                     is_use_mask_zero,
                                                                     unroll_num) if not TTXPU_O_CLOSE_OPT else None
            xpu.passes.ttxpuir.add_tritonxpu_store_control_pass(pm) if not TTXPU_O_CLOSE_OPT else None
            if not TTXPU_F_OHTER_VALUE_SIM:
                xpu.passes.ttxpuir.add_tritonxpu_other_sim_pass(pm, XPUBackend.buffer_len, core_num)
            xpu.passes.ttxpuir.add_tritonxpu_memory_inplace_pass(pm, XPUBackend.buffer_len,
                                                                 core_num) if not TTXPU_O_CLOSE_OPT else None
            if not metadata["isCloseClusterLoopGrid"]:
                xpu.passes.ttxpuir.add_tritonxpu_cf_to_scf_pass(pm)
                xpu.passes.ttxpuir.add_tritonxpu_loop_grid_pass(pm)
            passes.common.add_cse(pm)
            passes.common.add_licm(pm)
            passes.common.add_symbol_dce(pm)
    
        try:
            pm.run(mod)
        except Exception as e:
            from triton import OutOfResources
>           raise OutOfResources(0, 0, f"uni_sram {e}")
E           triton.runtime.errors.OutOfResources: out of resource: uni_sram PassManager::run failed, Required: 0, Hardware limit: 0. Reducing block sizes or `num_stages` may help.

/root/miniconda/envs/python310_torch29_cuda/lib/python3.10/site-packages/triton/backends/xpu/compiler.py:332: OutOfResources
___________________ test_softmax_out[False-1-dtype2-shape2] ____________________

mod = <triton._C.libtriton.ir.module object at 0x7f9c89965cb0>
metadata = {'hash': '0e8886acbd9153e6abddbe533fcadeeae77bd66d215c80c71c215466ea7d6894', 'target': GPUTarget(backend='xpu', arch=3, warp_size=1), 'arch': 3, 'grid': <function softmax_out.<locals>.<lambda> at 0x7f9c89e41fc0>, ...}
opt = XPUOptions(arch=3, grid=<function softmax_out.<locals>.<lambda> at 0x7f9c89e41fc0>, debug=None, cluster_num=12, core_n...ed_dot_input_precisions=('ieee', 'tf32'), exp_range=':0', num_warps=16, num_ctas=-1, num_stages=1, use_int4_w4a8=False)

    @staticmethod
    def make_ttxir(mod, metadata, opt):
        metadata["xpu_arch"] = opt.arch
        metadata["is_sdnn"] = opt.is_sdnn or xpu.is_sdnn_kernel(mod)
        metadata["tensor_args"] = xpu.get_tensor_args(mod, []) if metadata["is_sdnn"] is True else []
        metadata["shared"] = (-1)  # TODO: invalid value, just to keep CompiledKernel _init_handles() success
    
        max_buffer_size = metadata["buffer_size_limit"]
        elem_bytes = int(os.environ.get("TRITONXPU_ELEMBYTES", 0))
        groups_per_cluster = metadata["groups_per_cluster"]
        unroll_num = metadata["unroll_num"]
        XPUBackend.buffer_len = xpu.get_buffer_len(mod, max_buffer_size, elem_bytes)
        # print(f"XPUBackend.buffer_len = {XPUBackend.buffer_len}")
        core_num = metadata["core_num"]
        # F/O Prefix For Function/Optimization Macro
        is_use_mask_zero = metadata["is_use_mask_zero"]
        if is_use_mask_zero:
            warnings.warn(
                f'XRE Version Must Be More than 5.0.21.37 (After 2025.07.22). And echo 1 > /proc/kunlun/dev4/dma_excp_mask',
                UserWarning)
        TTXPU_F_INTERLEAVE = 0 if metadata["grid"] != (12, 1, 1) else int(os.environ.get("TRITONXPU_INTERLEAVE", 1))
        TTXPU_F_OHTER_VALUE_SIM = int(os.environ.get("TRITONXPU_OTHER_SIM", 0))
        TTXPU_F_STORE_MASK_SIM = int(os.environ.get("TRITONXPU_STORE_MASK_SIM", 0))
        TTXPU_F_DTYPE_CONVERT = 0 if metadata["isCloseDtypeConvert"] else int(
            os.environ.get("TRITONXPU_DTYPE_CONVERT", 1))
        TTXPU_O_ATOMIC_SIM = 0 if metadata["isCLOSE_TTXPU_O_ATOMIC_SIM"] else int(
            os.environ.get("TRITONXPU_ATOMIC_SIM", 1))
        TTXPU_O_CLOSE_OPT = int(os.environ.get("TRITONXPU_CLOSE_OPTIMIZE", 0))
        TTSDNN_F_SINGLE_CORE_MODE = int(os.environ.get("TRITON_SDNN_SINGLE_CODE_MODE", 0))
        TTSDNN_F_MATMUL_FAST_MODE = int(os.environ.get("XMLIR_MATMUL_FAST_MODE", 0))
        TTSDNN_F_DMA_MODE = int(os.environ.get("XMLIR_DMA_FAST_MODE", 0))
    
        if opt.isClusterOneCoreActOnly and TTXPU_F_OHTER_VALUE_SIM:
            assert 0, "isClusterOneCoreActOnly and TRITONXPU_OTHER_SIM can't act simultaneously"
    
        pm = ir.pass_manager(mod.context)
        pm.enable_debug()
        xpu.passes.ttsdnnir.add_tritonsdnn_strip_all_ops_pass(pm, opt.arch)
        if metadata["is_sdnn"]:
            if opt.arch < 4:
                if metadata["use_int4_w4a8"] == True:
                    xpu.passes.ttsdnnir.add_triton_convert_type_pass(pm, opt.arch, 2)
                else:
                    xpu.passes.ttsdnnir.add_triton_convert_type_pass(pm, opt.arch, TTSDNN_F_MATMUL_FAST_MODE)
            xpu.passes.ttsdnnir.add_convert_triton_to_tritonsdnn_pass(pm, opt.arch)
            xpu.passes.ttsdnnir.add_linalg_to_tritonsdnn_pass(pm, opt.arch)
            xpu.passes.ttsdnnir.add_tritonsdnn_legalize_pass(pm, opt.arch)
            xpu.passes.ttsdnnir.add_tritonsdnn_combine_before_pass(pm, opt.arch)
            xpu.passes.ttsdnnir.add_tritonsdnn_bufferize_pass(pm, opt.arch)
            xpu.passes.ttsdnnir.add_tritonsdnn_combine_pass(pm, opt.arch)
            if opt.exp_range != ":0":
                res = parse_floating_range_string(opt.exp_range)
                xpu.passes.ttsdnnir.add_tritonsdnn_ew_act_table_pass(pm, res)
            else:
                xpu.passes.ttsdnnir.add_tritonsdnn_ew_act_table_pass(pm, None)
            xpu.passes.ttsdnnir.add_tritonsdnn_loop_grid_pass(pm)
            if opt.arch == 4 and TTSDNN_F_DMA_MODE:
                xpu.passes.ttsdnnir.add_tritonsdnn_remove_ds_op_pass(pm, opt.arch)
            if not TTSDNN_F_SINGLE_CORE_MODE:
                xpu.passes.ttsdnnir.add_tritonsdnn_pipeline_pass(pm)
    
            xpu.passes.ttsdnnir.add_tritonsdnn_multi_buffer_pass(pm, opt.arch, opt.num_stages)
            passes.common.add_symbol_dce(pm)
            passes.common.add_canonicalizer(pm)
            passes.common.add_cse(pm)
        else:
            xpu.passes.ttxpuir.add_convert_triton_to_tritonxpu_pass(pm, opt.arch, XPUBackend.buffer_len, core_num)
            xpu.passes.ttxpuir.add_tritonxpu_print_pass(pm)
            xpu.passes.ttxpuir.add_tritonxpu_gm2lm_pass(pm, opt.arch, TTXPU_O_ATOMIC_SIM, opt.isClusterOneCoreActOnly,
                                                        is_use_mask_zero)
            if not metadata["isCloseMemoryCache"]:
                xpu.passes.ttxpuir.add_tritonxpu_memory_cache_pass(pm, XPUBackend.buffer_len,
                                                                   core_num) if not TTXPU_O_CLOSE_OPT else None
            passes.common.add_canonicalizer(pm)
            if TTXPU_F_DTYPE_CONVERT:
                xpu.passes.ttxpuir.add_tritonxpu_dtype_convert_pass(pm, opt.arch)
            if not metadata["isCloseCoreTiling"]:
                xpu.passes.ttxpuir.add_tritonxpu_core_tiling_pass(
                    pm, 0, XPUBackend.buffer_len, core_num,
                    groups_per_cluster) if not TTXPU_O_CLOSE_OPT else None  # dumpFlag=0
            # xpu.passes.ttxpuir.add_tritonxpu_lm_to_sm_pass(pm)
            passes.common.add_cse(pm)
            if not metadata["isCloseOffsetAnalysis"]:
                xpu.passes.ttxpuir.add_tritonxpu_offset_state_pass(
                    pm, 0, XPUBackend.buffer_len, is_use_mask_zero) if not TTXPU_O_CLOSE_OPT else None  # dumpFlag=0
            passes.common.add_canonicalizer(pm)
            xpu.passes.ttxpuir.add_tritonxpu_legalize_pass(pm, XPUBackend.buffer_len, core_num, groups_per_cluster,
                                                           is_use_mask_zero)
            passes.common.add_canonicalizer(pm)
            if not TTXPU_F_OHTER_VALUE_SIM:
                xpu.passes.ttxpuir.add_tritonxpu_mask_pass(pm, opt.isClusterOneCoreActOnly, is_use_mask_zero)
            passes.common.add_canonicalizer(pm)
            passes.common.add_cse(pm)
            passes.common.add_licm(pm)
            passes.common.add_symbol_dce(pm)
            if not metadata["isCloseInterleave"] and TTXPU_F_INTERLEAVE:
                xpu.passes.ttxpuir.add_tritonxpu_interleave_pass(pm) if not TTXPU_O_CLOSE_OPT else None
            passes.common.add_canonicalizer(pm)
            if not metadata["isCloseVectorization"]:
                compareFusion = int(os.environ.get("TRITONXPU_COMPARE_FUSION", 0))
                xpu.passes.ttxpuir.add_tritonxpu_vectorize_pass(
                    pm, 0, compareFusion) if not TTXPU_O_CLOSE_OPT else None  # dumpFlag=0
            passes.common.add_canonicalizer(pm)
            xpu.passes.ttxpuir.add_tritonxpu_alloca_pass(pm, XPUBackend.buffer_len, core_num)
            if not metadata["isCloseMemoryAsync"]:
                xpu.passes.ttxpuir.add_tritonxpu_memory_async_pass(pm,
                                                                   0) if not TTXPU_O_CLOSE_OPT else None  # dumpFlag=0
            if not metadata["isCloseUnrollControl"]:
                xpu.passes.ttxpuir.add_tritonxpu_unroll_control_pass(pm, XPUBackend.buffer_len, core_num,
                                                                     is_use_mask_zero,
                                                                     unroll_num) if not TTXPU_O_CLOSE_OPT else None
            xpu.passes.ttxpuir.add_tritonxpu_store_control_pass(pm) if not TTXPU_O_CLOSE_OPT else None
            if not TTXPU_F_OHTER_VALUE_SIM:
                xpu.passes.ttxpuir.add_tritonxpu_other_sim_pass(pm, XPUBackend.buffer_len, core_num)
            xpu.passes.ttxpuir.add_tritonxpu_memory_inplace_pass(pm, XPUBackend.buffer_len,
                                                                 core_num) if not TTXPU_O_CLOSE_OPT else None
            if not metadata["isCloseClusterLoopGrid"]:
                xpu.passes.ttxpuir.add_tritonxpu_cf_to_scf_pass(pm)
                xpu.passes.ttxpuir.add_tritonxpu_loop_grid_pass(pm)
            passes.common.add_cse(pm)
            passes.common.add_licm(pm)
            passes.common.add_symbol_dce(pm)
    
        try:
>           pm.run(mod)
E           RuntimeError: PassManager::run failed

/root/miniconda/envs/python310_torch29_cuda/lib/python3.10/site-packages/triton/backends/xpu/compiler.py:329: RuntimeError

During handling of the above exception, another exception occurred:

shape = (200, 2560, 3), dtype = torch.bfloat16, dim = 1, neg_inf = False

    @pytest.mark.softmax_out
    @pytest.mark.parametrize(
        "shape",
        (
            [(1, 256)]
            if cfg.QUICK_MODE
            else [(1, 256), (4096, 256), (200, 2560, 3), (1, 0, 128, 512)]
        ),
    )
    @pytest.mark.parametrize("dtype", FLOAT_DTYPES)
    @pytest.mark.parametrize("dim", DIM_LIST)
    @pytest.mark.parametrize("neg_inf", [True, False])
    def test_softmax_out(shape, dtype, dim, neg_inf):
        inp = torch.randn(shape, dtype=dtype, device=flag_gems.device)
        if neg_inf:
            inp = torch.where(inp < 0.0, float("-inf"), inp)
        ref_inp = utils.to_reference(inp, True)
    
        ref_out = torch.empty(shape, dtype=ref_inp.dtype, device=ref_inp.device)
        torch.ops.aten._softmax.out(ref_inp, dim, False, out=ref_out)
    
        res_out = torch.empty(shape, dtype=dtype, device=flag_gems.device)
        with flag_gems.use_gems():
>           torch.ops.aten._softmax.out(inp, dim, False, out=res_out)

test_softmax.py:82: 
_ _ _ _ _ _ _ _ _ _ _ _ _ _ _ _ _ _ _ _ _ _ _ _ _ _ _ _ _ _ _ _ _ _ _ _ _ _ _ _ 
/root/miniconda/envs/python310_torch29_cuda/lib/python3.10/site-packages/torch/_ops.py:841: in __call__
    return self._op(*args, **kwargs)
../src/flag_gems/ops/softmax.py:325: in softmax_out
    softmax_kernel_non_inner[grid](
/root/miniconda/envs/python310_torch29_cuda/lib/python3.10/site-packages/triton/runtime/jit.py:364: in <lambda>
    return lambda *args, **kwargs: self.run(grid=grid, warmup=False, *args, **kwargs)
../src/flag_gems/utils/libentry.py:889: in run
    kernel = self.fn.run(*args, **kwargs)
/root/miniconda/envs/python310_torch29_cuda/lib/python3.10/site-packages/triton/runtime/autotuner.py:355: in run
    return self.fn.run(*args, **kwargs)
/root/miniconda/envs/python310_torch29_cuda/lib/python3.10/site-packages/triton/runtime/jit.py:795: in run
    kernel = self.default_run(*args, **kwargs)
/root/miniconda/envs/python310_torch29_cuda/lib/python3.10/site-packages/triton/runtime/jit.py:686: in default_run
    kernel = self.compile(
/root/miniconda/envs/python310_torch29_cuda/lib/python3.10/site-packages/triton/compiler/compiler.py:318: in compile
    next_module = compile_ir(module, metadata)
/root/miniconda/envs/python310_torch29_cuda/lib/python3.10/site-packages/triton/backends/xpu/compiler.py:516: in <lambda>
    stages["ttxir"] = lambda src, metadata: self.make_ttxir(src, metadata, options)
_ _ _ _ _ _ _ _ _ _ _ _ _ _ _ _ _ _ _ _ _ _ _ _ _ _ _ _ _ _ _ _ _ _ _ _ _ _ _ _ 

mod = <triton._C.libtriton.ir.module object at 0x7f9c89965cb0>
metadata = {'hash': '0e8886acbd9153e6abddbe533fcadeeae77bd66d215c80c71c215466ea7d6894', 'target': GPUTarget(backend='xpu', arch=3, warp_size=1), 'arch': 3, 'grid': <function softmax_out.<locals>.<lambda> at 0x7f9c89e41fc0>, ...}
opt = XPUOptions(arch=3, grid=<function softmax_out.<locals>.<lambda> at 0x7f9c89e41fc0>, debug=None, cluster_num=12, core_n...ed_dot_input_precisions=('ieee', 'tf32'), exp_range=':0', num_warps=16, num_ctas=-1, num_stages=1, use_int4_w4a8=False)

    @staticmethod
    def make_ttxir(mod, metadata, opt):
        metadata["xpu_arch"] = opt.arch
        metadata["is_sdnn"] = opt.is_sdnn or xpu.is_sdnn_kernel(mod)
        metadata["tensor_args"] = xpu.get_tensor_args(mod, []) if metadata["is_sdnn"] is True else []
        metadata["shared"] = (-1)  # TODO: invalid value, just to keep CompiledKernel _init_handles() success
    
        max_buffer_size = metadata["buffer_size_limit"]
        elem_bytes = int(os.environ.get("TRITONXPU_ELEMBYTES", 0))
        groups_per_cluster = metadata["groups_per_cluster"]
        unroll_num = metadata["unroll_num"]
        XPUBackend.buffer_len = xpu.get_buffer_len(mod, max_buffer_size, elem_bytes)
        # print(f"XPUBackend.buffer_len = {XPUBackend.buffer_len}")
        core_num = metadata["core_num"]
        # F/O Prefix For Function/Optimization Macro
        is_use_mask_zero = metadata["is_use_mask_zero"]
        if is_use_mask_zero:
            warnings.warn(
                f'XRE Version Must Be More than 5.0.21.37 (After 2025.07.22). And echo 1 > /proc/kunlun/dev4/dma_excp_mask',
                UserWarning)
        TTXPU_F_INTERLEAVE = 0 if metadata["grid"] != (12, 1, 1) else int(os.environ.get("TRITONXPU_INTERLEAVE", 1))
        TTXPU_F_OHTER_VALUE_SIM = int(os.environ.get("TRITONXPU_OTHER_SIM", 0))
        TTXPU_F_STORE_MASK_SIM = int(os.environ.get("TRITONXPU_STORE_MASK_SIM", 0))
        TTXPU_F_DTYPE_CONVERT = 0 if metadata["isCloseDtypeConvert"] else int(
            os.environ.get("TRITONXPU_DTYPE_CONVERT", 1))
        TTXPU_O_ATOMIC_SIM = 0 if metadata["isCLOSE_TTXPU_O_ATOMIC_SIM"] else int(
            os.environ.get("TRITONXPU_ATOMIC_SIM", 1))
        TTXPU_O_CLOSE_OPT = int(os.environ.get("TRITONXPU_CLOSE_OPTIMIZE", 0))
        TTSDNN_F_SINGLE_CORE_MODE = int(os.environ.get("TRITON_SDNN_SINGLE_CODE_MODE", 0))
        TTSDNN_F_MATMUL_FAST_MODE = int(os.environ.get("XMLIR_MATMUL_FAST_MODE", 0))
        TTSDNN_F_DMA_MODE = int(os.environ.get("XMLIR_DMA_FAST_MODE", 0))
    
        if opt.isClusterOneCoreActOnly and TTXPU_F_OHTER_VALUE_SIM:
            assert 0, "isClusterOneCoreActOnly and TRITONXPU_OTHER_SIM can't act simultaneously"
    
        pm = ir.pass_manager(mod.context)
        pm.enable_debug()
        xpu.passes.ttsdnnir.add_tritonsdnn_strip_all_ops_pass(pm, opt.arch)
        if metadata["is_sdnn"]:
            if opt.arch < 4:
                if metadata["use_int4_w4a8"] == True:
                    xpu.passes.ttsdnnir.add_triton_convert_type_pass(pm, opt.arch, 2)
                else:
                    xpu.passes.ttsdnnir.add_triton_convert_type_pass(pm, opt.arch, TTSDNN_F_MATMUL_FAST_MODE)
            xpu.passes.ttsdnnir.add_convert_triton_to_tritonsdnn_pass(pm, opt.arch)
            xpu.passes.ttsdnnir.add_linalg_to_tritonsdnn_pass(pm, opt.arch)
            xpu.passes.ttsdnnir.add_tritonsdnn_legalize_pass(pm, opt.arch)
            xpu.passes.ttsdnnir.add_tritonsdnn_combine_before_pass(pm, opt.arch)
            xpu.passes.ttsdnnir.add_tritonsdnn_bufferize_pass(pm, opt.arch)
            xpu.passes.ttsdnnir.add_tritonsdnn_combine_pass(pm, opt.arch)
            if opt.exp_range != ":0":
                res = parse_floating_range_string(opt.exp_range)
                xpu.passes.ttsdnnir.add_tritonsdnn_ew_act_table_pass(pm, res)
            else:
                xpu.passes.ttsdnnir.add_tritonsdnn_ew_act_table_pass(pm, None)
            xpu.passes.ttsdnnir.add_tritonsdnn_loop_grid_pass(pm)
            if opt.arch == 4 and TTSDNN_F_DMA_MODE:
                xpu.passes.ttsdnnir.add_tritonsdnn_remove_ds_op_pass(pm, opt.arch)
            if not TTSDNN_F_SINGLE_CORE_MODE:
                xpu.passes.ttsdnnir.add_tritonsdnn_pipeline_pass(pm)
    
            xpu.passes.ttsdnnir.add_tritonsdnn_multi_buffer_pass(pm, opt.arch, opt.num_stages)
            passes.common.add_symbol_dce(pm)
            passes.common.add_canonicalizer(pm)
            passes.common.add_cse(pm)
        else:
            xpu.passes.ttxpuir.add_convert_triton_to_tritonxpu_pass(pm, opt.arch, XPUBackend.buffer_len, core_num)
            xpu.passes.ttxpuir.add_tritonxpu_print_pass(pm)
            xpu.passes.ttxpuir.add_tritonxpu_gm2lm_pass(pm, opt.arch, TTXPU_O_ATOMIC_SIM, opt.isClusterOneCoreActOnly,
                                                        is_use_mask_zero)
            if not metadata["isCloseMemoryCache"]:
                xpu.passes.ttxpuir.add_tritonxpu_memory_cache_pass(pm, XPUBackend.buffer_len,
                                                                   core_num) if not TTXPU_O_CLOSE_OPT else None
            passes.common.add_canonicalizer(pm)
            if TTXPU_F_DTYPE_CONVERT:
                xpu.passes.ttxpuir.add_tritonxpu_dtype_convert_pass(pm, opt.arch)
            if not metadata["isCloseCoreTiling"]:
                xpu.passes.ttxpuir.add_tritonxpu_core_tiling_pass(
                    pm, 0, XPUBackend.buffer_len, core_num,
                    groups_per_cluster) if not TTXPU_O_CLOSE_OPT else None  # dumpFlag=0
            # xpu.passes.ttxpuir.add_tritonxpu_lm_to_sm_pass(pm)
            passes.common.add_cse(pm)
            if not metadata["isCloseOffsetAnalysis"]:
                xpu.passes.ttxpuir.add_tritonxpu_offset_state_pass(
                    pm, 0, XPUBackend.buffer_len, is_use_mask_zero) if not TTXPU_O_CLOSE_OPT else None  # dumpFlag=0
            passes.common.add_canonicalizer(pm)
            xpu.passes.ttxpuir.add_tritonxpu_legalize_pass(pm, XPUBackend.buffer_len, core_num, groups_per_cluster,
                                                           is_use_mask_zero)
            passes.common.add_canonicalizer(pm)
            if not TTXPU_F_OHTER_VALUE_SIM:
                xpu.passes.ttxpuir.add_tritonxpu_mask_pass(pm, opt.isClusterOneCoreActOnly, is_use_mask_zero)
            passes.common.add_canonicalizer(pm)
            passes.common.add_cse(pm)
            passes.common.add_licm(pm)
            passes.common.add_symbol_dce(pm)
            if not metadata["isCloseInterleave"] and TTXPU_F_INTERLEAVE:
                xpu.passes.ttxpuir.add_tritonxpu_interleave_pass(pm) if not TTXPU_O_CLOSE_OPT else None
            passes.common.add_canonicalizer(pm)
            if not metadata["isCloseVectorization"]:
                compareFusion = int(os.environ.get("TRITONXPU_COMPARE_FUSION", 0))
                xpu.passes.ttxpuir.add_tritonxpu_vectorize_pass(
                    pm, 0, compareFusion) if not TTXPU_O_CLOSE_OPT else None  # dumpFlag=0
            passes.common.add_canonicalizer(pm)
            xpu.passes.ttxpuir.add_tritonxpu_alloca_pass(pm, XPUBackend.buffer_len, core_num)
            if not metadata["isCloseMemoryAsync"]:
                xpu.passes.ttxpuir.add_tritonxpu_memory_async_pass(pm,
                                                                   0) if not TTXPU_O_CLOSE_OPT else None  # dumpFlag=0
            if not metadata["isCloseUnrollControl"]:
                xpu.passes.ttxpuir.add_tritonxpu_unroll_control_pass(pm, XPUBackend.buffer_len, core_num,
                                                                     is_use_mask_zero,
                                                                     unroll_num) if not TTXPU_O_CLOSE_OPT else None
            xpu.passes.ttxpuir.add_tritonxpu_store_control_pass(pm) if not TTXPU_O_CLOSE_OPT else None
            if not TTXPU_F_OHTER_VALUE_SIM:
                xpu.passes.ttxpuir.add_tritonxpu_other_sim_pass(pm, XPUBackend.buffer_len, core_num)
            xpu.passes.ttxpuir.add_tritonxpu_memory_inplace_pass(pm, XPUBackend.buffer_len,
                                                                 core_num) if not TTXPU_O_CLOSE_OPT else None
            if not metadata["isCloseClusterLoopGrid"]:
                xpu.passes.ttxpuir.add_tritonxpu_cf_to_scf_pass(pm)
                xpu.passes.ttxpuir.add_tritonxpu_loop_grid_pass(pm)
            passes.common.add_cse(pm)
            passes.common.add_licm(pm)
            passes.common.add_symbol_dce(pm)
    
        try:
            pm.run(mod)
        except Exception as e:
            from triton import OutOfResources
>           raise OutOfResources(0, 0, f"uni_sram {e}")
E           triton.runtime.errors.OutOfResources: out of resource: uni_sram PassManager::run failed, Required: 0, Hardware limit: 0. Reducing block sizes or `num_stages` may help.

/root/miniconda/envs/python310_torch29_cuda/lib/python3.10/site-packages/triton/backends/xpu/compiler.py:332: OutOfResources
=========================== short test summary info ============================
FAILED test_softmax.py::test_softmax_out[True-0-dtype0-shape0] - triton.runti...
FAILED test_softmax.py::test_softmax_out[True-0-dtype0-shape1] - AssertionErr...
FAILED test_softmax.py::test_softmax_out[True-0-dtype0-shape2] - triton.runti...
FAILED test_softmax.py::test_softmax_out[True-0-dtype1-shape0] - triton.runti...
FAILED test_softmax.py::test_softmax_out[True-0-dtype1-shape1] - AssertionErr...
FAILED test_softmax.py::test_softmax_out[True-0-dtype1-shape2] - triton.runti...
FAILED test_softmax.py::test_softmax_out[True-0-dtype2-shape0] - triton.runti...
FAILED test_softmax.py::test_softmax_out[True-0-dtype2-shape1] - AssertionErr...
FAILED test_softmax.py::test_softmax_out[True-0-dtype2-shape2] - triton.runti...
FAILED test_softmax.py::test_softmax_out[True-1-dtype0-shape2] - triton.runti...
FAILED test_softmax.py::test_softmax_out[True-1-dtype1-shape2] - triton.runti...
FAILED test_softmax.py::test_softmax_out[True-1-dtype2-shape2] - triton.runti...
FAILED test_softmax.py::test_softmax_out[False-0-dtype0-shape0] - triton.runt...
FAILED test_softmax.py::test_softmax_out[False-0-dtype0-shape1] - AssertionEr...
FAILED test_softmax.py::test_softmax_out[False-0-dtype0-shape2] - triton.runt...
FAILED test_softmax.py::test_softmax_out[False-0-dtype1-shape0] - triton.runt...
FAILED test_softmax.py::test_softmax_out[False-0-dtype1-shape1] - AssertionEr...
FAILED test_softmax.py::test_softmax_out[False-0-dtype1-shape2] - triton.runt...
FAILED test_softmax.py::test_softmax_out[False-0-dtype2-shape0] - triton.runt...
FAILED test_softmax.py::test_softmax_out[False-0-dtype2-shape1] - AssertionEr...
FAILED test_softmax.py::test_softmax_out[False-0-dtype2-shape2] - triton.runt...
FAILED test_softmax.py::test_softmax_out[False-1-dtype0-shape2] - triton.runt...
FAILED test_softmax.py::test_softmax_out[False-1-dtype1-shape2] - triton.runt...
FAILED test_softmax.py::test_softmax_out[False-1-dtype2-shape2] - triton.runt...
=============== 24 failed, 24 passed, 49903 deselected in 17.26s ===============
