============================= test session starts ==============================
platform linux -- Python 3.10.18, pytest-9.1.1, pluggy-1.6.0 -- /root/miniconda/envs/python310_torch29_cuda/bin/python3.10
cachedir: .pytest_cache
rootdir: /workspace/FlagGems
configfile: pytest.ini
plugins: anyio-4.9.0, typeguard-4.3.0
collecting ... WARNING 07-24 02:41:06 [interface.py:226] Failed to import from vllm._C: ImportError('/root/miniconda/envs/python310_torch29_cuda/lib/python3.10/site-packages/vllm/_C.abi3.so: undefined symbol: _ZN3c104cuda29c10_cuda_check_implementationEiPKcS2_jb')
WARNING 07-24 02:41:08 [interface.py:599] Current platform  does not have '__test__' attribute.
WARNING 07-24 02:41:08 [interface.py:599] Current platform  does not have '__bases__' attribute.
WARNING 07-24 02:41:08 [interface.py:599] Current platform  does not have '__test__' attribute.
WARNING 07-24 02:41:08 [interface.py:599] Current platform  does not have '__test__' attribute.
WARNING 07-24 02:41:08 [interface.py:599] Current platform  does not have '__bases__' attribute.
WARNING 07-24 02:41:08 [interface.py:599] Current platform  does not have '__test__' attribute.
WARNING 07-24 02:41:08 [interface.py:599] Current platform  does not have '__test__' attribute.
WARNING 07-24 02:41:08 [interface.py:599] Current platform  does not have '__bases__' attribute.
WARNING 07-24 02:41:08 [interface.py:599] Current platform  does not have '__test__' attribute.
ERROR 07-24 02:41:10 [config.py:29] Failed to import Triton kernels. Please make sure your triton version is compatible. Error: No module named 'triton.language.target_info'
collected 49951 items / 49599 deselected / 352 selected

test_unique_dim.py::test_unique_dim_int[False-False-few_unique-dtype0-shape0-0] FAILED
test_unique_dim.py::test_unique_dim_int[False-False-few_unique-dtype0-shape1--1] FAILED
test_unique_dim.py::test_unique_dim_int[False-False-few_unique-dtype0-shape2-0] FAILED
test_unique_dim.py::test_unique_dim_int[False-False-few_unique-dtype0-shape3-1] FAILED
test_unique_dim.py::test_unique_dim_int[False-False-few_unique-dtype0-shape4--1] FAILED
test_unique_dim.py::test_unique_dim_int[False-False-few_unique-dtype0-shape5-0] FAILED
test_unique_dim.py::test_unique_dim_int[False-False-few_unique-dtype0-shape6-0] FAILED
test_unique_dim.py::test_unique_dim_int[False-False-few_unique-dtype0-shape7-1] FAILED
test_unique_dim.py::test_unique_dim_int[False-False-few_unique-dtype0-shape8-0] FAILED
test_unique_dim.py::test_unique_dim_int[False-False-few_unique-dtype0-shape9-1] FAILED
test_unique_dim.py::test_unique_dim_int[False-False-few_unique-dtype0-shape10-2] FAILED
test_unique_dim.py::test_unique_dim_int[False-False-few_unique-dtype0-shape11--2] FAILED
test_unique_dim.py::test_unique_dim_int[False-False-few_unique-dtype0-shape12-2] FAILED
test_unique_dim.py::test_unique_dim_int[False-False-few_unique-dtype0-shape13--1] FAILED
test_unique_dim.py::test_unique_dim_int[False-False-few_unique-dtype1-shape0-0] FAILED
test_unique_dim.py::test_unique_dim_int[False-False-few_unique-dtype1-shape1--1] FAILED
test_unique_dim.py::test_unique_dim_int[False-False-few_unique-dtype1-shape2-0] FAILED
test_unique_dim.py::test_unique_dim_int[False-False-few_unique-dtype1-shape3-1] FAILED
test_unique_dim.py::test_unique_dim_int[False-False-few_unique-dtype1-shape4--1] FAILED
test_unique_dim.py::test_unique_dim_int[False-False-few_unique-dtype1-shape5-0] FAILED
test_unique_dim.py::test_unique_dim_int[False-False-few_unique-dtype1-shape6-0] FAILED
test_unique_dim.py::test_unique_dim_int[False-False-few_unique-dtype1-shape7-1] FAILED
test_unique_dim.py::test_unique_dim_int[False-False-few_unique-dtype1-shape8-0] FAILED
test_unique_dim.py::test_unique_dim_int[False-False-few_unique-dtype1-shape9-1] FAILED
test_unique_dim.py::test_unique_dim_int[False-False-few_unique-dtype1-shape10-2] FAILED
test_unique_dim.py::test_unique_dim_int[False-False-few_unique-dtype1-shape11--2] FAILED
test_unique_dim.py::test_unique_dim_int[False-False-few_unique-dtype1-shape12-2] FAILED
test_unique_dim.py::test_unique_dim_int[False-False-few_unique-dtype1-shape13--1] FAILED
test_unique_dim.py::test_unique_dim_int[False-False-all_unique-dtype0-shape0-0] FAILED
test_unique_dim.py::test_unique_dim_int[False-False-all_unique-dtype0-shape1--1] FAILED
test_unique_dim.py::test_unique_dim_int[False-False-all_unique-dtype0-shape2-0] FAILED
test_unique_dim.py::test_unique_dim_int[False-False-all_unique-dtype0-shape3-1] FAILED
test_unique_dim.py::test_unique_dim_int[False-False-all_unique-dtype0-shape4--1] FAILED
test_unique_dim.py::test_unique_dim_int[False-False-all_unique-dtype0-shape5-0] FAILED
test_unique_dim.py::test_unique_dim_int[False-False-all_unique-dtype0-shape6-0] FAILED
test_unique_dim.py::test_unique_dim_int[False-False-all_unique-dtype0-shape7-1] FAILED
test_unique_dim.py::test_unique_dim_int[False-False-all_unique-dtype0-shape8-0] FAILED
test_unique_dim.py::test_unique_dim_int[False-False-all_unique-dtype0-shape9-1] FAILED
test_unique_dim.py::test_unique_dim_int[False-False-all_unique-dtype0-shape10-2] FAILED
test_unique_dim.py::test_unique_dim_int[False-False-all_unique-dtype0-shape11--2] FAILED
test_unique_dim.py::test_unique_dim_int[False-False-all_unique-dtype0-shape12-2] FAILED
test_unique_dim.py::test_unique_dim_int[False-False-all_unique-dtype0-shape13--1] FAILED
test_unique_dim.py::test_unique_dim_int[False-False-all_unique-dtype1-shape0-0] FAILED
test_unique_dim.py::test_unique_dim_int[False-False-all_unique-dtype1-shape1--1] FAILED
test_unique_dim.py::test_unique_dim_int[False-False-all_unique-dtype1-shape2-0] FAILED
test_unique_dim.py::test_unique_dim_int[False-False-all_unique-dtype1-shape3-1] FAILED
test_unique_dim.py::test_unique_dim_int[False-False-all_unique-dtype1-shape4--1] FAILED
test_unique_dim.py::test_unique_dim_int[False-False-all_unique-dtype1-shape5-0] FAILED
test_unique_dim.py::test_unique_dim_int[False-False-all_unique-dtype1-shape6-0] FAILED
test_unique_dim.py::test_unique_dim_int[False-False-all_unique-dtype1-shape7-1] FAILED
test_unique_dim.py::test_unique_dim_int[False-False-all_unique-dtype1-shape8-0] FAILED
test_unique_dim.py::test_unique_dim_int[False-False-all_unique-dtype1-shape9-1] FAILED
test_unique_dim.py::test_unique_dim_int[False-False-all_unique-dtype1-shape10-2] FAILED
test_unique_dim.py::test_unique_dim_int[False-False-all_unique-dtype1-shape11--2] FAILED
test_unique_dim.py::test_unique_dim_int[False-False-all_unique-dtype1-shape12-2] FAILED
test_unique_dim.py::test_unique_dim_int[False-False-all_unique-dtype1-shape13--1] FAILED
test_unique_dim.py::test_unique_dim_int[False-False-all_duplicate-dtype0-shape0-0] FAILED
test_unique_dim.py::test_unique_dim_int[False-False-all_duplicate-dtype0-shape1--1] FAILED
test_unique_dim.py::test_unique_dim_int[False-False-all_duplicate-dtype0-shape2-0] FAILED
test_unique_dim.py::test_unique_dim_int[False-False-all_duplicate-dtype0-shape3-1] FAILED
test_unique_dim.py::test_unique_dim_int[False-False-all_duplicate-dtype0-shape4--1] FAILED
test_unique_dim.py::test_unique_dim_int[False-False-all_duplicate-dtype0-shape5-0] FAILED
test_unique_dim.py::test_unique_dim_int[False-False-all_duplicate-dtype0-shape6-0] FAILED
test_unique_dim.py::test_unique_dim_int[False-False-all_duplicate-dtype0-shape7-1] FAILED
test_unique_dim.py::test_unique_dim_int[False-False-all_duplicate-dtype0-shape8-0] FAILED
test_unique_dim.py::test_unique_dim_int[False-False-all_duplicate-dtype0-shape9-1] FAILED
test_unique_dim.py::test_unique_dim_int[False-False-all_duplicate-dtype0-shape10-2] FAILED
test_unique_dim.py::test_unique_dim_int[False-False-all_duplicate-dtype0-shape11--2] FAILED
test_unique_dim.py::test_unique_dim_int[False-False-all_duplicate-dtype0-shape12-2] FAILED
test_unique_dim.py::test_unique_dim_int[False-False-all_duplicate-dtype0-shape13--1] FAILED
test_unique_dim.py::test_unique_dim_int[False-False-all_duplicate-dtype1-shape0-0] FAILED
test_unique_dim.py::test_unique_dim_int[False-False-all_duplicate-dtype1-shape1--1] FAILED
test_unique_dim.py::test_unique_dim_int[False-False-all_duplicate-dtype1-shape2-0] FAILED
test_unique_dim.py::test_unique_dim_int[False-False-all_duplicate-dtype1-shape3-1] FAILED
test_unique_dim.py::test_unique_dim_int[False-False-all_duplicate-dtype1-shape4--1] FAILED
test_unique_dim.py::test_unique_dim_int[False-False-all_duplicate-dtype1-shape5-0] FAILED
test_unique_dim.py::test_unique_dim_int[False-False-all_duplicate-dtype1-shape6-0] FAILED
test_unique_dim.py::test_unique_dim_int[False-False-all_duplicate-dtype1-shape7-1] FAILED
test_unique_dim.py::test_unique_dim_int[False-False-all_duplicate-dtype1-shape8-0] FAILED
test_unique_dim.py::test_unique_dim_int[False-False-all_duplicate-dtype1-shape9-1] FAILED
test_unique_dim.py::test_unique_dim_int[False-False-all_duplicate-dtype1-shape10-2] FAILED
test_unique_dim.py::test_unique_dim_int[False-False-all_duplicate-dtype1-shape11--2] FAILED
test_unique_dim.py::test_unique_dim_int[False-False-all_duplicate-dtype1-shape12-2] FAILED
test_unique_dim.py::test_unique_dim_int[False-False-all_duplicate-dtype1-shape13--1] FAILED
test_unique_dim.py::test_unique_dim_int[False-True-few_unique-dtype0-shape0-0] FAILED
test_unique_dim.py::test_unique_dim_int[False-True-few_unique-dtype0-shape1--1] FAILED
test_unique_dim.py::test_unique_dim_int[False-True-few_unique-dtype0-shape2-0] FAILED
test_unique_dim.py::test_unique_dim_int[False-True-few_unique-dtype0-shape3-1] FAILED
test_unique_dim.py::test_unique_dim_int[False-True-few_unique-dtype0-shape4--1] FAILED
test_unique_dim.py::test_unique_dim_int[False-True-few_unique-dtype0-shape5-0] FAILED
test_unique_dim.py::test_unique_dim_int[False-True-few_unique-dtype0-shape6-0] FAILED
test_unique_dim.py::test_unique_dim_int[False-True-few_unique-dtype0-shape7-1] FAILED
test_unique_dim.py::test_unique_dim_int[False-True-few_unique-dtype0-shape8-0] FAILED
test_unique_dim.py::test_unique_dim_int[False-True-few_unique-dtype0-shape9-1] FAILED
test_unique_dim.py::test_unique_dim_int[False-True-few_unique-dtype0-shape10-2] FAILED
test_unique_dim.py::test_unique_dim_int[False-True-few_unique-dtype0-shape11--2] FAILED
test_unique_dim.py::test_unique_dim_int[False-True-few_unique-dtype0-shape12-2] FAILED
test_unique_dim.py::test_unique_dim_int[False-True-few_unique-dtype0-shape13--1] FAILED
test_unique_dim.py::test_unique_dim_int[False-True-few_unique-dtype1-shape0-0] FAILED
test_unique_dim.py::test_unique_dim_int[False-True-few_unique-dtype1-shape1--1] FAILED
test_unique_dim.py::test_unique_dim_int[False-True-few_unique-dtype1-shape2-0] FAILED
test_unique_dim.py::test_unique_dim_int[False-True-few_unique-dtype1-shape3-1] FAILED
test_unique_dim.py::test_unique_dim_int[False-True-few_unique-dtype1-shape4--1] FAILED
test_unique_dim.py::test_unique_dim_int[False-True-few_unique-dtype1-shape5-0] FAILED
test_unique_dim.py::test_unique_dim_int[False-True-few_unique-dtype1-shape6-0] FAILED
test_unique_dim.py::test_unique_dim_int[False-True-few_unique-dtype1-shape7-1] FAILED
test_unique_dim.py::test_unique_dim_int[False-True-few_unique-dtype1-shape8-0] FAILED
test_unique_dim.py::test_unique_dim_int[False-True-few_unique-dtype1-shape9-1] FAILED
test_unique_dim.py::test_unique_dim_int[False-True-few_unique-dtype1-shape10-2] FAILED
test_unique_dim.py::test_unique_dim_int[False-True-few_unique-dtype1-shape11--2] FAILED
test_unique_dim.py::test_unique_dim_int[False-True-few_unique-dtype1-shape12-2] FAILED
test_unique_dim.py::test_unique_dim_int[False-True-few_unique-dtype1-shape13--1] FAILED
test_unique_dim.py::test_unique_dim_int[False-True-all_unique-dtype0-shape0-0] FAILED
test_unique_dim.py::test_unique_dim_int[False-True-all_unique-dtype0-shape1--1] FAILED
test_unique_dim.py::test_unique_dim_int[False-True-all_unique-dtype0-shape2-0] FAILED
test_unique_dim.py::test_unique_dim_int[False-True-all_unique-dtype0-shape3-1] FAILED
test_unique_dim.py::test_unique_dim_int[False-True-all_unique-dtype0-shape4--1] FAILED
test_unique_dim.py::test_unique_dim_int[False-True-all_unique-dtype0-shape5-0] FAILED
test_unique_dim.py::test_unique_dim_int[False-True-all_unique-dtype0-shape6-0] FAILED
test_unique_dim.py::test_unique_dim_int[False-True-all_unique-dtype0-shape7-1] FAILED
test_unique_dim.py::test_unique_dim_int[False-True-all_unique-dtype0-shape8-0] FAILED
test_unique_dim.py::test_unique_dim_int[False-True-all_unique-dtype0-shape9-1] FAILED
test_unique_dim.py::test_unique_dim_int[False-True-all_unique-dtype0-shape10-2] FAILED
test_unique_dim.py::test_unique_dim_int[False-True-all_unique-dtype0-shape11--2] FAILED
test_unique_dim.py::test_unique_dim_int[False-True-all_unique-dtype0-shape12-2] FAILED
test_unique_dim.py::test_unique_dim_int[False-True-all_unique-dtype0-shape13--1] FAILED
test_unique_dim.py::test_unique_dim_int[False-True-all_unique-dtype1-shape0-0] FAILED
test_unique_dim.py::test_unique_dim_int[False-True-all_unique-dtype1-shape1--1] FAILED
test_unique_dim.py::test_unique_dim_int[False-True-all_unique-dtype1-shape2-0] FAILED
test_unique_dim.py::test_unique_dim_int[False-True-all_unique-dtype1-shape3-1] FAILED
test_unique_dim.py::test_unique_dim_int[False-True-all_unique-dtype1-shape4--1] FAILED
test_unique_dim.py::test_unique_dim_int[False-True-all_unique-dtype1-shape5-0] FAILED
test_unique_dim.py::test_unique_dim_int[False-True-all_unique-dtype1-shape6-0] FAILED
test_unique_dim.py::test_unique_dim_int[False-True-all_unique-dtype1-shape7-1] FAILED
test_unique_dim.py::test_unique_dim_int[False-True-all_unique-dtype1-shape8-0] FAILED
test_unique_dim.py::test_unique_dim_int[False-True-all_unique-dtype1-shape9-1] FAILED
test_unique_dim.py::test_unique_dim_int[False-True-all_unique-dtype1-shape10-2] FAILED
test_unique_dim.py::test_unique_dim_int[False-True-all_unique-dtype1-shape11--2] FAILED
test_unique_dim.py::test_unique_dim_int[False-True-all_unique-dtype1-shape12-2] FAILED
test_unique_dim.py::test_unique_dim_int[False-True-all_unique-dtype1-shape13--1] FAILED
test_unique_dim.py::test_unique_dim_int[False-True-all_duplicate-dtype0-shape0-0] FAILED
test_unique_dim.py::test_unique_dim_int[False-True-all_duplicate-dtype0-shape1--1] FAILED
test_unique_dim.py::test_unique_dim_int[False-True-all_duplicate-dtype0-shape2-0] FAILED
test_unique_dim.py::test_unique_dim_int[False-True-all_duplicate-dtype0-shape3-1] FAILED
test_unique_dim.py::test_unique_dim_int[False-True-all_duplicate-dtype0-shape4--1] FAILED
test_unique_dim.py::test_unique_dim_int[False-True-all_duplicate-dtype0-shape5-0] FAILED
test_unique_dim.py::test_unique_dim_int[False-True-all_duplicate-dtype0-shape6-0] FAILED
test_unique_dim.py::test_unique_dim_int[False-True-all_duplicate-dtype0-shape7-1] FAILED
test_unique_dim.py::test_unique_dim_int[False-True-all_duplicate-dtype0-shape8-0] FAILED
test_unique_dim.py::test_unique_dim_int[False-True-all_duplicate-dtype0-shape9-1] FAILED
test_unique_dim.py::test_unique_dim_int[False-True-all_duplicate-dtype0-shape10-2] FAILED
test_unique_dim.py::test_unique_dim_int[False-True-all_duplicate-dtype0-shape11--2] FAILED
test_unique_dim.py::test_unique_dim_int[False-True-all_duplicate-dtype0-shape12-2] FAILED
test_unique_dim.py::test_unique_dim_int[False-True-all_duplicate-dtype0-shape13--1] FAILED
test_unique_dim.py::test_unique_dim_int[False-True-all_duplicate-dtype1-shape0-0] FAILED
test_unique_dim.py::test_unique_dim_int[False-True-all_duplicate-dtype1-shape1--1] FAILED
test_unique_dim.py::test_unique_dim_int[False-True-all_duplicate-dtype1-shape2-0] FAILED
test_unique_dim.py::test_unique_dim_int[False-True-all_duplicate-dtype1-shape3-1] FAILED
test_unique_dim.py::test_unique_dim_int[False-True-all_duplicate-dtype1-shape4--1] FAILED
test_unique_dim.py::test_unique_dim_int[False-True-all_duplicate-dtype1-shape5-0] FAILED
test_unique_dim.py::test_unique_dim_int[False-True-all_duplicate-dtype1-shape6-0] FAILED
test_unique_dim.py::test_unique_dim_int[False-True-all_duplicate-dtype1-shape7-1] FAILED
test_unique_dim.py::test_unique_dim_int[False-True-all_duplicate-dtype1-shape8-0] FAILED
test_unique_dim.py::test_unique_dim_int[False-True-all_duplicate-dtype1-shape9-1] FAILED
test_unique_dim.py::test_unique_dim_int[False-True-all_duplicate-dtype1-shape10-2] FAILED
test_unique_dim.py::test_unique_dim_int[False-True-all_duplicate-dtype1-shape11--2] FAILED
test_unique_dim.py::test_unique_dim_int[False-True-all_duplicate-dtype1-shape12-2] FAILED
test_unique_dim.py::test_unique_dim_int[False-True-all_duplicate-dtype1-shape13--1] FAILED
test_unique_dim.py::test_unique_dim_int[True-False-few_unique-dtype0-shape0-0] FAILED
test_unique_dim.py::test_unique_dim_int[True-False-few_unique-dtype0-shape1--1] FAILED
test_unique_dim.py::test_unique_dim_int[True-False-few_unique-dtype0-shape2-0] FAILED
test_unique_dim.py::test_unique_dim_int[True-False-few_unique-dtype0-shape3-1] FAILED
test_unique_dim.py::test_unique_dim_int[True-False-few_unique-dtype0-shape4--1] FAILED
test_unique_dim.py::test_unique_dim_int[True-False-few_unique-dtype0-shape5-0] FAILED
test_unique_dim.py::test_unique_dim_int[True-False-few_unique-dtype0-shape6-0] FAILED
test_unique_dim.py::test_unique_dim_int[True-False-few_unique-dtype0-shape7-1] FAILED
test_unique_dim.py::test_unique_dim_int[True-False-few_unique-dtype0-shape8-0] FAILED
test_unique_dim.py::test_unique_dim_int[True-False-few_unique-dtype0-shape9-1] FAILED
test_unique_dim.py::test_unique_dim_int[True-False-few_unique-dtype0-shape10-2] FAILED
test_unique_dim.py::test_unique_dim_int[True-False-few_unique-dtype0-shape11--2] FAILED
test_unique_dim.py::test_unique_dim_int[True-False-few_unique-dtype0-shape12-2] FAILED
test_unique_dim.py::test_unique_dim_int[True-False-few_unique-dtype0-shape13--1] FAILED
test_unique_dim.py::test_unique_dim_int[True-False-few_unique-dtype1-shape0-0] FAILED
test_unique_dim.py::test_unique_dim_int[True-False-few_unique-dtype1-shape1--1] FAILED
test_unique_dim.py::test_unique_dim_int[True-False-few_unique-dtype1-shape2-0] FAILED
test_unique_dim.py::test_unique_dim_int[True-False-few_unique-dtype1-shape3-1] FAILED
test_unique_dim.py::test_unique_dim_int[True-False-few_unique-dtype1-shape4--1] FAILED
test_unique_dim.py::test_unique_dim_int[True-False-few_unique-dtype1-shape5-0] FAILED
test_unique_dim.py::test_unique_dim_int[True-False-few_unique-dtype1-shape6-0] FAILED
test_unique_dim.py::test_unique_dim_int[True-False-few_unique-dtype1-shape7-1] FAILED
test_unique_dim.py::test_unique_dim_int[True-False-few_unique-dtype1-shape8-0] FAILED
test_unique_dim.py::test_unique_dim_int[True-False-few_unique-dtype1-shape9-1] FAILED
test_unique_dim.py::test_unique_dim_int[True-False-few_unique-dtype1-shape10-2] FAILED
test_unique_dim.py::test_unique_dim_int[True-False-few_unique-dtype1-shape11--2] FAILED
test_unique_dim.py::test_unique_dim_int[True-False-few_unique-dtype1-shape12-2] FAILED
test_unique_dim.py::test_unique_dim_int[True-False-few_unique-dtype1-shape13--1] FAILED
test_unique_dim.py::test_unique_dim_int[True-False-all_unique-dtype0-shape0-0] FAILED
test_unique_dim.py::test_unique_dim_int[True-False-all_unique-dtype0-shape1--1] FAILED
test_unique_dim.py::test_unique_dim_int[True-False-all_unique-dtype0-shape2-0] FAILED
test_unique_dim.py::test_unique_dim_int[True-False-all_unique-dtype0-shape3-1] FAILED
test_unique_dim.py::test_unique_dim_int[True-False-all_unique-dtype0-shape4--1] FAILED
test_unique_dim.py::test_unique_dim_int[True-False-all_unique-dtype0-shape5-0] FAILED
test_unique_dim.py::test_unique_dim_int[True-False-all_unique-dtype0-shape6-0] FAILED
test_unique_dim.py::test_unique_dim_int[True-False-all_unique-dtype0-shape7-1] FAILED
test_unique_dim.py::test_unique_dim_int[True-False-all_unique-dtype0-shape8-0] FAILED
test_unique_dim.py::test_unique_dim_int[True-False-all_unique-dtype0-shape9-1] FAILED
test_unique_dim.py::test_unique_dim_int[True-False-all_unique-dtype0-shape10-2] FAILED
test_unique_dim.py::test_unique_dim_int[True-False-all_unique-dtype0-shape11--2] FAILED
test_unique_dim.py::test_unique_dim_int[True-False-all_unique-dtype0-shape12-2] FAILED
test_unique_dim.py::test_unique_dim_int[True-False-all_unique-dtype0-shape13--1] FAILED
test_unique_dim.py::test_unique_dim_int[True-False-all_unique-dtype1-shape0-0] FAILED
test_unique_dim.py::test_unique_dim_int[True-False-all_unique-dtype1-shape1--1] FAILED
test_unique_dim.py::test_unique_dim_int[True-False-all_unique-dtype1-shape2-0] FAILED
test_unique_dim.py::test_unique_dim_int[True-False-all_unique-dtype1-shape3-1] FAILED
test_unique_dim.py::test_unique_dim_int[True-False-all_unique-dtype1-shape4--1] FAILED
test_unique_dim.py::test_unique_dim_int[True-False-all_unique-dtype1-shape5-0] FAILED
test_unique_dim.py::test_unique_dim_int[True-False-all_unique-dtype1-shape6-0] FAILED
test_unique_dim.py::test_unique_dim_int[True-False-all_unique-dtype1-shape7-1] FAILED
test_unique_dim.py::test_unique_dim_int[True-False-all_unique-dtype1-shape8-0] FAILED
test_unique_dim.py::test_unique_dim_int[True-False-all_unique-dtype1-shape9-1] FAILED
test_unique_dim.py::test_unique_dim_int[True-False-all_unique-dtype1-shape10-2] FAILED
test_unique_dim.py::test_unique_dim_int[True-False-all_unique-dtype1-shape11--2] FAILED
test_unique_dim.py::test_unique_dim_int[True-False-all_unique-dtype1-shape12-2] FAILED
test_unique_dim.py::test_unique_dim_int[True-False-all_unique-dtype1-shape13--1] FAILED
test_unique_dim.py::test_unique_dim_int[True-False-all_duplicate-dtype0-shape0-0] FAILED
test_unique_dim.py::test_unique_dim_int[True-False-all_duplicate-dtype0-shape1--1] FAILED
test_unique_dim.py::test_unique_dim_int[True-False-all_duplicate-dtype0-shape2-0] FAILED
test_unique_dim.py::test_unique_dim_int[True-False-all_duplicate-dtype0-shape3-1] FAILED
test_unique_dim.py::test_unique_dim_int[True-False-all_duplicate-dtype0-shape4--1] FAILED
test_unique_dim.py::test_unique_dim_int[True-False-all_duplicate-dtype0-shape5-0] FAILED
test_unique_dim.py::test_unique_dim_int[True-False-all_duplicate-dtype0-shape6-0] FAILED
test_unique_dim.py::test_unique_dim_int[True-False-all_duplicate-dtype0-shape7-1] FAILED
test_unique_dim.py::test_unique_dim_int[True-False-all_duplicate-dtype0-shape8-0] FAILED
test_unique_dim.py::test_unique_dim_int[True-False-all_duplicate-dtype0-shape9-1] FAILED
test_unique_dim.py::test_unique_dim_int[True-False-all_duplicate-dtype0-shape10-2] FAILED
test_unique_dim.py::test_unique_dim_int[True-False-all_duplicate-dtype0-shape11--2] FAILED
test_unique_dim.py::test_unique_dim_int[True-False-all_duplicate-dtype0-shape12-2] FAILED
test_unique_dim.py::test_unique_dim_int[True-False-all_duplicate-dtype0-shape13--1] FAILED
test_unique_dim.py::test_unique_dim_int[True-False-all_duplicate-dtype1-shape0-0] FAILED
test_unique_dim.py::test_unique_dim_int[True-False-all_duplicate-dtype1-shape1--1] FAILED
test_unique_dim.py::test_unique_dim_int[True-False-all_duplicate-dtype1-shape2-0] FAILED
test_unique_dim.py::test_unique_dim_int[True-False-all_duplicate-dtype1-shape3-1] FAILED
test_unique_dim.py::test_unique_dim_int[True-False-all_duplicate-dtype1-shape4--1] FAILED
test_unique_dim.py::test_unique_dim_int[True-False-all_duplicate-dtype1-shape5-0] FAILED
test_unique_dim.py::test_unique_dim_int[True-False-all_duplicate-dtype1-shape6-0] FAILED
test_unique_dim.py::test_unique_dim_int[True-False-all_duplicate-dtype1-shape7-1] FAILED
test_unique_dim.py::test_unique_dim_int[True-False-all_duplicate-dtype1-shape8-0] FAILED
test_unique_dim.py::test_unique_dim_int[True-False-all_duplicate-dtype1-shape9-1] FAILED
test_unique_dim.py::test_unique_dim_int[True-False-all_duplicate-dtype1-shape10-2] FAILED
test_unique_dim.py::test_unique_dim_int[True-False-all_duplicate-dtype1-shape11--2] FAILED
test_unique_dim.py::test_unique_dim_int[True-False-all_duplicate-dtype1-shape12-2] FAILED
test_unique_dim.py::test_unique_dim_int[True-False-all_duplicate-dtype1-shape13--1] FAILED
test_unique_dim.py::test_unique_dim_int[True-True-few_unique-dtype0-shape0-0] FAILED
test_unique_dim.py::test_unique_dim_int[True-True-few_unique-dtype0-shape1--1] FAILED
test_unique_dim.py::test_unique_dim_int[True-True-few_unique-dtype0-shape2-0] FAILED
test_unique_dim.py::test_unique_dim_int[True-True-few_unique-dtype0-shape3-1] FAILED
test_unique_dim.py::test_unique_dim_int[True-True-few_unique-dtype0-shape4--1] FAILED
test_unique_dim.py::test_unique_dim_int[True-True-few_unique-dtype0-shape5-0] FAILED
test_unique_dim.py::test_unique_dim_int[True-True-few_unique-dtype0-shape6-0] FAILED
test_unique_dim.py::test_unique_dim_int[True-True-few_unique-dtype0-shape7-1] FAILED
test_unique_dim.py::test_unique_dim_int[True-True-few_unique-dtype0-shape8-0] FAILED
test_unique_dim.py::test_unique_dim_int[True-True-few_unique-dtype0-shape9-1] FAILED
test_unique_dim.py::test_unique_dim_int[True-True-few_unique-dtype0-shape10-2] FAILED
test_unique_dim.py::test_unique_dim_int[True-True-few_unique-dtype0-shape11--2] FAILED
test_unique_dim.py::test_unique_dim_int[True-True-few_unique-dtype0-shape12-2] FAILED
test_unique_dim.py::test_unique_dim_int[True-True-few_unique-dtype0-shape13--1] FAILED
test_unique_dim.py::test_unique_dim_int[True-True-few_unique-dtype1-shape0-0] FAILED
test_unique_dim.py::test_unique_dim_int[True-True-few_unique-dtype1-shape1--1] FAILED
test_unique_dim.py::test_unique_dim_int[True-True-few_unique-dtype1-shape2-0] FAILED
test_unique_dim.py::test_unique_dim_int[True-True-few_unique-dtype1-shape3-1] FAILED
test_unique_dim.py::test_unique_dim_int[True-True-few_unique-dtype1-shape4--1] FAILED
test_unique_dim.py::test_unique_dim_int[True-True-few_unique-dtype1-shape5-0] FAILED
test_unique_dim.py::test_unique_dim_int[True-True-few_unique-dtype1-shape6-0] FAILED
test_unique_dim.py::test_unique_dim_int[True-True-few_unique-dtype1-shape7-1] FAILED
test_unique_dim.py::test_unique_dim_int[True-True-few_unique-dtype1-shape8-0] FAILED
test_unique_dim.py::test_unique_dim_int[True-True-few_unique-dtype1-shape9-1] FAILED
test_unique_dim.py::test_unique_dim_int[True-True-few_unique-dtype1-shape10-2] FAILED
test_unique_dim.py::test_unique_dim_int[True-True-few_unique-dtype1-shape11--2] FAILED
test_unique_dim.py::test_unique_dim_int[True-True-few_unique-dtype1-shape12-2] FAILED
test_unique_dim.py::test_unique_dim_int[True-True-few_unique-dtype1-shape13--1] FAILED
test_unique_dim.py::test_unique_dim_int[True-True-all_unique-dtype0-shape0-0] FAILED
test_unique_dim.py::test_unique_dim_int[True-True-all_unique-dtype0-shape1--1] FAILED
test_unique_dim.py::test_unique_dim_int[True-True-all_unique-dtype0-shape2-0] FAILED
test_unique_dim.py::test_unique_dim_int[True-True-all_unique-dtype0-shape3-1] FAILED
test_unique_dim.py::test_unique_dim_int[True-True-all_unique-dtype0-shape4--1] FAILED
test_unique_dim.py::test_unique_dim_int[True-True-all_unique-dtype0-shape5-0] FAILED
test_unique_dim.py::test_unique_dim_int[True-True-all_unique-dtype0-shape6-0] FAILED
test_unique_dim.py::test_unique_dim_int[True-True-all_unique-dtype0-shape7-1] FAILED
test_unique_dim.py::test_unique_dim_int[True-True-all_unique-dtype0-shape8-0] FAILED
test_unique_dim.py::test_unique_dim_int[True-True-all_unique-dtype0-shape9-1] FAILED
test_unique_dim.py::test_unique_dim_int[True-True-all_unique-dtype0-shape10-2] FAILED
test_unique_dim.py::test_unique_dim_int[True-True-all_unique-dtype0-shape11--2] FAILED
test_unique_dim.py::test_unique_dim_int[True-True-all_unique-dtype0-shape12-2] FAILED
test_unique_dim.py::test_unique_dim_int[True-True-all_unique-dtype0-shape13--1] FAILED
test_unique_dim.py::test_unique_dim_int[True-True-all_unique-dtype1-shape0-0] FAILED
test_unique_dim.py::test_unique_dim_int[True-True-all_unique-dtype1-shape1--1] FAILED
test_unique_dim.py::test_unique_dim_int[True-True-all_unique-dtype1-shape2-0] FAILED
test_unique_dim.py::test_unique_dim_int[True-True-all_unique-dtype1-shape3-1] FAILED
test_unique_dim.py::test_unique_dim_int[True-True-all_unique-dtype1-shape4--1] FAILED
test_unique_dim.py::test_unique_dim_int[True-True-all_unique-dtype1-shape5-0] FAILED
test_unique_dim.py::test_unique_dim_int[True-True-all_unique-dtype1-shape6-0] FAILED
test_unique_dim.py::test_unique_dim_int[True-True-all_unique-dtype1-shape7-1] FAILED
test_unique_dim.py::test_unique_dim_int[True-True-all_unique-dtype1-shape8-0] FAILED
test_unique_dim.py::test_unique_dim_int[True-True-all_unique-dtype1-shape9-1] FAILED
test_unique_dim.py::test_unique_dim_int[True-True-all_unique-dtype1-shape10-2] FAILED
test_unique_dim.py::test_unique_dim_int[True-True-all_unique-dtype1-shape11--2] FAILED
test_unique_dim.py::test_unique_dim_int[True-True-all_unique-dtype1-shape12-2] FAILED
test_unique_dim.py::test_unique_dim_int[True-True-all_unique-dtype1-shape13--1] FAILED
test_unique_dim.py::test_unique_dim_int[True-True-all_duplicate-dtype0-shape0-0] FAILED
test_unique_dim.py::test_unique_dim_int[True-True-all_duplicate-dtype0-shape1--1] FAILED
test_unique_dim.py::test_unique_dim_int[True-True-all_duplicate-dtype0-shape2-0] FAILED
test_unique_dim.py::test_unique_dim_int[True-True-all_duplicate-dtype0-shape3-1] FAILED
test_unique_dim.py::test_unique_dim_int[True-True-all_duplicate-dtype0-shape4--1] FAILED
test_unique_dim.py::test_unique_dim_int[True-True-all_duplicate-dtype0-shape5-0] FAILED
test_unique_dim.py::test_unique_dim_int[True-True-all_duplicate-dtype0-shape6-0] FAILED
test_unique_dim.py::test_unique_dim_int[True-True-all_duplicate-dtype0-shape7-1] FAILED
test_unique_dim.py::test_unique_dim_int[True-True-all_duplicate-dtype0-shape8-0] FAILED
test_unique_dim.py::test_unique_dim_int[True-True-all_duplicate-dtype0-shape9-1] FAILED
test_unique_dim.py::test_unique_dim_int[True-True-all_duplicate-dtype0-shape10-2] FAILED
test_unique_dim.py::test_unique_dim_int[True-True-all_duplicate-dtype0-shape11--2] FAILED
test_unique_dim.py::test_unique_dim_int[True-True-all_duplicate-dtype0-shape12-2] FAILED
test_unique_dim.py::test_unique_dim_int[True-True-all_duplicate-dtype0-shape13--1] FAILED
test_unique_dim.py::test_unique_dim_int[True-True-all_duplicate-dtype1-shape0-0] FAILED
test_unique_dim.py::test_unique_dim_int[True-True-all_duplicate-dtype1-shape1--1] FAILED
test_unique_dim.py::test_unique_dim_int[True-True-all_duplicate-dtype1-shape2-0] FAILED
test_unique_dim.py::test_unique_dim_int[True-True-all_duplicate-dtype1-shape3-1] FAILED
test_unique_dim.py::test_unique_dim_int[True-True-all_duplicate-dtype1-shape4--1] FAILED
test_unique_dim.py::test_unique_dim_int[True-True-all_duplicate-dtype1-shape5-0] FAILED
test_unique_dim.py::test_unique_dim_int[True-True-all_duplicate-dtype1-shape6-0] FAILED
test_unique_dim.py::test_unique_dim_int[True-True-all_duplicate-dtype1-shape7-1] FAILED
test_unique_dim.py::test_unique_dim_int[True-True-all_duplicate-dtype1-shape8-0] FAILED
test_unique_dim.py::test_unique_dim_int[True-True-all_duplicate-dtype1-shape9-1] FAILED
test_unique_dim.py::test_unique_dim_int[True-True-all_duplicate-dtype1-shape10-2] FAILED
test_unique_dim.py::test_unique_dim_int[True-True-all_duplicate-dtype1-shape11--2] FAILED
test_unique_dim.py::test_unique_dim_int[True-True-all_duplicate-dtype1-shape12-2] FAILED
test_unique_dim.py::test_unique_dim_int[True-True-all_duplicate-dtype1-shape13--1] FAILED
test_unique_dim.py::test_unique_dim_float[True-True-dtype0-shape0-0] FAILED
test_unique_dim.py::test_unique_dim_float[True-True-dtype0-shape1-1] FAILED
test_unique_dim.py::test_unique_dim_float[True-True-dtype0-shape2-1] FAILED
test_unique_dim.py::test_unique_dim_float[True-True-dtype0-shape3--1] FAILED
test_unique_dim.py::test_unique_dim_float[True-True-dtype1-shape0-0] FAILED
test_unique_dim.py::test_unique_dim_float[True-True-dtype1-shape1-1] FAILED
test_unique_dim.py::test_unique_dim_float[True-True-dtype1-shape2-1] FAILED
test_unique_dim.py::test_unique_dim_float[True-True-dtype1-shape3--1] FAILED
test_unique_dim.py::test_unique_dim_float[True-True-dtype2-shape0-0] FAILED
test_unique_dim.py::test_unique_dim_float[True-True-dtype2-shape1-1] FAILED
test_unique_dim.py::test_unique_dim_float[True-True-dtype2-shape2-1] FAILED
test_unique_dim.py::test_unique_dim_float[True-True-dtype2-shape3--1] FAILED
test_unique_dim.py::test_unique_dim_aten_returns_three_tensors[False-False] [RUNTIME ERROR] 714 (Exception in kernel execution)[/home/agent/xpytorch/workspace/8ba19c15-fc11-4377-85f3-84daf8eaab09/XMLIR/xdnn_pytorch/src/kernel_wrapper/wrapper/context.cpp:71]
FAILED
test_unique_dim.py::test_unique_dim_aten_returns_three_tensors[False-True] [RUNTIME ERROR] 714 (Exception in kernel execution)[/home/agent/xpytorch/workspace/8ba19c15-fc11-4377-85f3-84daf8eaab09/XMLIR/xdnn_pytorch/src/kernel_wrapper/wrapper/context.cpp:71]
FAILED
test_unique_dim.py::test_unique_dim_aten_returns_three_tensors[True-False] [RUNTIME ERROR] 714 (Exception in kernel execution)[/home/agent/xpytorch/workspace/8ba19c15-fc11-4377-85f3-84daf8eaab09/XMLIR/xdnn_pytorch/src/kernel_wrapper/wrapper/context.cpp:71]
FAILED
test_unique_dim.py::test_unique_dim_aten_returns_three_tensors[True-True] [RUNTIME ERROR] 714 (Exception in kernel execution)[/home/agent/xpytorch/workspace/8ba19c15-fc11-4377-85f3-84daf8eaab09/XMLIR/xdnn_pytorch/src/kernel_wrapper/wrapper/context.cpp:71]
FAILED

=================================== FAILURES ===================================
_________ test_unique_dim_int[False-False-few_unique-dtype0-shape0-0] __________

shape = (8,), dim = 0, dtype = torch.int16, pattern = 'few_unique'
return_inverse = False, return_counts = False

    @pytest.mark.unique_dim
    @pytest.mark.parametrize("shape, dim", SHAPE_DIM_CASES)
    @pytest.mark.parametrize("dtype", utils.INT_DTYPES)
    @pytest.mark.parametrize("pattern", ["few_unique", "all_unique", "all_duplicate"])
    @pytest.mark.parametrize("return_inverse", [False, True])
    @pytest.mark.parametrize("return_counts", [False, True])
    def test_unique_dim_int(shape, dim, dtype, pattern, return_inverse, return_counts):
        if flag_gems.vendor_name == "kunlunxin":
            torch.manual_seed(0)
            torch.cuda.manual_seed_all(0)
    
        inp = _make_input(shape, dim, dtype, pattern)
        ref_inp = utils.to_reference(inp, False)
    
        with flag_gems.use_gems():
            res = torch.unique(
                inp,
                sorted=True,
                return_inverse=return_inverse,
                return_counts=return_counts,
                dim=dim,
            )
        ref = torch.unique(
            ref_inp,
            sorted=True,
            return_inverse=return_inverse,
            return_counts=return_counts,
            dim=dim,
        )
    
        if not (return_inverse or return_counts):
            res_out, ref_out = res, ref
>           utils.gems_assert_equal(res_out, ref_out)

test_unique_dim.py:121: 
_ _ _ _ _ _ _ _ _ _ _ _ _ _ _ _ _ _ _ _ _ _ _ _ _ _ _ _ _ _ _ _ _ _ _ _ _ _ _ _ 
accuracy_utils.py:318: in gems_assert_equal
    res = to_cpu(res, ref)
_ _ _ _ _ _ _ _ _ _ _ _ _ _ _ _ _ _ _ _ _ _ _ _ _ _ _ _ _ _ _ _ _ _ _ _ _ _ _ _ 

res = <[RuntimeError('[RUNTIME ERROR]: error code= 719, unspecified launch failure;') raised in repr()] Tensor object at 0x7f2fdec43060>
ref = tensor([-2,  0], dtype=torch.int16)

    def to_cpu(res, ref):
        if TO_CPU and isinstance(res, torch.Tensor) and isinstance(ref, torch.Tensor):
>           res = res.to("cpu")
E           RuntimeError: [RUNTIME ERROR]: error code= 719, unspecified launch failure;

accuracy_utils.py:305: RuntimeError
_________ test_unique_dim_int[False-False-few_unique-dtype0-shape1--1] _________

shape = (8,), dim = -1, dtype = torch.int16, pattern = 'few_unique'
return_inverse = False, return_counts = False

    @pytest.mark.unique_dim
    @pytest.mark.parametrize("shape, dim", SHAPE_DIM_CASES)
    @pytest.mark.parametrize("dtype", utils.INT_DTYPES)
    @pytest.mark.parametrize("pattern", ["few_unique", "all_unique", "all_duplicate"])
    @pytest.mark.parametrize("return_inverse", [False, True])
    @pytest.mark.parametrize("return_counts", [False, True])
    def test_unique_dim_int(shape, dim, dtype, pattern, return_inverse, return_counts):
        if flag_gems.vendor_name == "kunlunxin":
>           torch.manual_seed(0)

test_unique_dim.py:97: 
_ _ _ _ _ _ _ _ _ _ _ _ _ _ _ _ _ _ _ _ _ _ _ _ _ _ _ _ _ _ _ _ _ _ _ _ _ _ _ _ 
/root/miniconda/envs/python310_torch29_cuda/lib/python3.10/site-packages/torch/_compile.py:53: in inner
    return disable_fn(*args, **kwargs)
/root/miniconda/envs/python310_torch29_cuda/lib/python3.10/site-packages/torch/_dynamo/eval_frame.py:1044: in _fn
    return fn(*args, **kwargs)
/root/miniconda/envs/python310_torch29_cuda/lib/python3.10/site-packages/torch/random.py:46: in manual_seed
    torch.cuda.manual_seed_all(seed)
/root/miniconda/envs/python310_torch29_cuda/lib/python3.10/site-packages/torch/cuda/random.py:131: in manual_seed_all
    _lazy_call(cb, seed_all=True)
/root/miniconda/envs/python310_torch29_cuda/lib/python3.10/site-packages/torch/cuda/__init__.py:341: in _lazy_call
    callable()
_ _ _ _ _ _ _ _ _ _ _ _ _ _ _ _ _ _ _ _ _ _ _ _ _ _ _ _ _ _ _ _ _ _ _ _ _ _ _ _ 

    def cb():
        for i in range(device_count()):
            default_generator = torch.cuda.default_generators[i]
>           default_generator.manual_seed(seed)
E           torch.AcceleratorError: CUDA error: unspecified launch failure
E           Search for `cudaErrorLaunchFailure' in https://docs.nvidia.com/cuda/cuda-runtime-api/group__CUDART__TYPES.html for more information.
E           CUDA kernel errors might be asynchronously reported at some other API call, so the stacktrace below might be incorrect.
E           For debugging consider passing CUDA_LAUNCH_BLOCKING=1
E           Compile with `TORCH_USE_CUDA_DSA` to enable device-side assertions.

/root/miniconda/envs/python310_torch29_cuda/lib/python3.10/site-packages/torch/cuda/random.py:129: AcceleratorError
_________ test_unique_dim_int[False-False-few_unique-dtype0-shape2-0] __________

shape = (16, 4), dim = 0, dtype = torch.int16, pattern = 'few_unique'
return_inverse = False, return_counts = False

    @pytest.mark.unique_dim
    @pytest.mark.parametrize("shape, dim", SHAPE_DIM_CASES)
    @pytest.mark.parametrize("dtype", utils.INT_DTYPES)
    @pytest.mark.parametrize("pattern", ["few_unique", "all_unique", "all_duplicate"])
    @pytest.mark.parametrize("return_inverse", [False, True])
    @pytest.mark.parametrize("return_counts", [False, True])
    def test_unique_dim_int(shape, dim, dtype, pattern, return_inverse, return_counts):
        if flag_gems.vendor_name == "kunlunxin":
>           torch.manual_seed(0)

test_unique_dim.py:97: 
_ _ _ _ _ _ _ _ _ _ _ _ _ _ _ _ _ _ _ _ _ _ _ _ _ _ _ _ _ _ _ _ _ _ _ _ _ _ _ _ 
/root/miniconda/envs/python310_torch29_cuda/lib/python3.10/site-packages/torch/_compile.py:53: in inner
    return disable_fn(*args, **kwargs)
/root/miniconda/envs/python310_torch29_cuda/lib/python3.10/site-packages/torch/_dynamo/eval_frame.py:1044: in _fn
    return fn(*args, **kwargs)
/root/miniconda/envs/python310_torch29_cuda/lib/python3.10/site-packages/torch/random.py:46: in manual_seed
    torch.cuda.manual_seed_all(seed)
/root/miniconda/envs/python310_torch29_cuda/lib/python3.10/site-packages/torch/cuda/random.py:131: in manual_seed_all
    _lazy_call(cb, seed_all=True)
/root/miniconda/envs/python310_torch29_cuda/lib/python3.10/site-packages/torch/cuda/__init__.py:341: in _lazy_call
    callable()
_ _ _ _ _ _ _ _ _ _ _ _ _ _ _ _ _ _ _ _ _ _ _ _ _ _ _ _ _ _ _ _ _ _ _ _ _ _ _ _ 

    def cb():
        for i in range(device_count()):
            default_generator = torch.cuda.default_generators[i]
>           default_generator.manual_seed(seed)
E           torch.AcceleratorError: CUDA error: unspecified launch failure
E           Search for `cudaErrorLaunchFailure' in https://docs.nvidia.com/cuda/cuda-runtime-api/group__CUDART__TYPES.html for more information.
E           CUDA kernel errors might be asynchronously reported at some other API call, so the stacktrace below might be incorrect.
E           For debugging consider passing CUDA_LAUNCH_BLOCKING=1
E           Compile with `TORCH_USE_CUDA_DSA` to enable device-side assertions.

/root/miniconda/envs/python310_torch29_cuda/lib/python3.10/site-packages/torch/cuda/random.py:129: AcceleratorError
_________ test_unique_dim_int[False-False-few_unique-dtype0-shape3-1] __________

shape = (16, 4), dim = 1, dtype = torch.int16, pattern = 'few_unique'
return_inverse = False, return_counts = False

    @pytest.mark.unique_dim
    @pytest.mark.parametrize("shape, dim", SHAPE_DIM_CASES)
    @pytest.mark.parametrize("dtype", utils.INT_DTYPES)
    @pytest.mark.parametrize("pattern", ["few_unique", "all_unique", "all_duplicate"])
    @pytest.mark.parametrize("return_inverse", [False, True])
    @pytest.mark.parametrize("return_counts", [False, True])
    def test_unique_dim_int(shape, dim, dtype, pattern, return_inverse, return_counts):
        if flag_gems.vendor_name == "kunlunxin":
>           torch.manual_seed(0)

test_unique_dim.py:97: 
_ _ _ _ _ _ _ _ _ _ _ _ _ _ _ _ _ _ _ _ _ _ _ _ _ _ _ _ _ _ _ _ _ _ _ _ _ _ _ _ 
/root/miniconda/envs/python310_torch29_cuda/lib/python3.10/site-packages/torch/_compile.py:53: in inner
    return disable_fn(*args, **kwargs)
/root/miniconda/envs/python310_torch29_cuda/lib/python3.10/site-packages/torch/_dynamo/eval_frame.py:1044: in _fn
    return fn(*args, **kwargs)
/root/miniconda/envs/python310_torch29_cuda/lib/python3.10/site-packages/torch/random.py:46: in manual_seed
    torch.cuda.manual_seed_all(seed)
/root/miniconda/envs/python310_torch29_cuda/lib/python3.10/site-packages/torch/cuda/random.py:131: in manual_seed_all
    _lazy_call(cb, seed_all=True)
/root/miniconda/envs/python310_torch29_cuda/lib/python3.10/site-packages/torch/cuda/__init__.py:341: in _lazy_call
    callable()
_ _ _ _ _ _ _ _ _ _ _ _ _ _ _ _ _ _ _ _ _ _ _ _ _ _ _ _ _ _ _ _ _ _ _ _ _ _ _ _ 

    def cb():
        for i in range(device_count()):
            default_generator = torch.cuda.default_generators[i]
>           default_generator.manual_seed(seed)
E           torch.AcceleratorError: CUDA error: unspecified launch failure
E           Search for `cudaErrorLaunchFailure' in https://docs.nvidia.com/cuda/cuda-runtime-api/group__CUDART__TYPES.html for more information.
E           CUDA kernel errors might be asynchronously reported at some other API call, so the stacktrace below might be incorrect.
E           For debugging consider passing CUDA_LAUNCH_BLOCKING=1
E           Compile with `TORCH_USE_CUDA_DSA` to enable device-side assertions.

/root/miniconda/envs/python310_torch29_cuda/lib/python3.10/site-packages/torch/cuda/random.py:129: AcceleratorError
_________ test_unique_dim_int[False-False-few_unique-dtype0-shape4--1] _________

shape = (16, 4), dim = -1, dtype = torch.int16, pattern = 'few_unique'
return_inverse = False, return_counts = False

    @pytest.mark.unique_dim
    @pytest.mark.parametrize("shape, dim", SHAPE_DIM_CASES)
    @pytest.mark.parametrize("dtype", utils.INT_DTYPES)
    @pytest.mark.parametrize("pattern", ["few_unique", "all_unique", "all_duplicate"])
    @pytest.mark.parametrize("return_inverse", [False, True])
    @pytest.mark.parametrize("return_counts", [False, True])
    def test_unique_dim_int(shape, dim, dtype, pattern, return_inverse, return_counts):
        if flag_gems.vendor_name == "kunlunxin":
>           torch.manual_seed(0)

test_unique_dim.py:97: 
_ _ _ _ _ _ _ _ _ _ _ _ _ _ _ _ _ _ _ _ _ _ _ _ _ _ _ _ _ _ _ _ _ _ _ _ _ _ _ _ 
/root/miniconda/envs/python310_torch29_cuda/lib/python3.10/site-packages/torch/_compile.py:53: in inner
    return disable_fn(*args, **kwargs)
/root/miniconda/envs/python310_torch29_cuda/lib/python3.10/site-packages/torch/_dynamo/eval_frame.py:1044: in _fn
    return fn(*args, **kwargs)
/root/miniconda/envs/python310_torch29_cuda/lib/python3.10/site-packages/torch/random.py:46: in manual_seed
    torch.cuda.manual_seed_all(seed)
/root/miniconda/envs/python310_torch29_cuda/lib/python3.10/site-packages/torch/cuda/random.py:131: in manual_seed_all
    _lazy_call(cb, seed_all=True)
/root/miniconda/envs/python310_torch29_cuda/lib/python3.10/site-packages/torch/cuda/__init__.py:341: in _lazy_call
    callable()
_ _ _ _ _ _ _ _ _ _ _ _ _ _ _ _ _ _ _ _ _ _ _ _ _ _ _ _ _ _ _ _ _ _ _ _ _ _ _ _ 

    def cb():
        for i in range(device_count()):
            default_generator = torch.cuda.default_generators[i]
>           default_generator.manual_seed(seed)
E           torch.AcceleratorError: CUDA error: unspecified launch failure
E           Search for `cudaErrorLaunchFailure' in https://docs.nvidia.com/cuda/cuda-runtime-api/group__CUDART__TYPES.html for more information.
E           CUDA kernel errors might be asynchronously reported at some other API call, so the stacktrace below might be incorrect.
E           For debugging consider passing CUDA_LAUNCH_BLOCKING=1
E           Compile with `TORCH_USE_CUDA_DSA` to enable device-side assertions.

/root/miniconda/envs/python310_torch29_cuda/lib/python3.10/site-packages/torch/cuda/random.py:129: AcceleratorError
_________ test_unique_dim_int[False-False-few_unique-dtype0-shape5-0] __________

shape = (4, 16), dim = 0, dtype = torch.int16, pattern = 'few_unique'
return_inverse = False, return_counts = False

    @pytest.mark.unique_dim
    @pytest.mark.parametrize("shape, dim", SHAPE_DIM_CASES)
    @pytest.mark.parametrize("dtype", utils.INT_DTYPES)
    @pytest.mark.parametrize("pattern", ["few_unique", "all_unique", "all_duplicate"])
    @pytest.mark.parametrize("return_inverse", [False, True])
    @pytest.mark.parametrize("return_counts", [False, True])
    def test_unique_dim_int(shape, dim, dtype, pattern, return_inverse, return_counts):
        if flag_gems.vendor_name == "kunlunxin":
>           torch.manual_seed(0)

test_unique_dim.py:97: 
_ _ _ _ _ _ _ _ _ _ _ _ _ _ _ _ _ _ _ _ _ _ _ _ _ _ _ _ _ _ _ _ _ _ _ _ _ _ _ _ 
/root/miniconda/envs/python310_torch29_cuda/lib/python3.10/site-packages/torch/_compile.py:53: in inner
    return disable_fn(*args, **kwargs)
/root/miniconda/envs/python310_torch29_cuda/lib/python3.10/site-packages/torch/_dynamo/eval_frame.py:1044: in _fn
    return fn(*args, **kwargs)
/root/miniconda/envs/python310_torch29_cuda/lib/python3.10/site-packages/torch/random.py:46: in manual_seed
    torch.cuda.manual_seed_all(seed)
/root/miniconda/envs/python310_torch29_cuda/lib/python3.10/site-packages/torch/cuda/random.py:131: in manual_seed_all
    _lazy_call(cb, seed_all=True)
/root/miniconda/envs/python310_torch29_cuda/lib/python3.10/site-packages/torch/cuda/__init__.py:341: in _lazy_call
    callable()
_ _ _ _ _ _ _ _ _ _ _ _ _ _ _ _ _ _ _ _ _ _ _ _ _ _ _ _ _ _ _ _ _ _ _ _ _ _ _ _ 

    def cb():
        for i in range(device_count()):
            default_generator = torch.cuda.default_generators[i]
>           default_generator.manual_seed(seed)
E           torch.AcceleratorError: CUDA error: unspecified launch failure
E           Search for `cudaErrorLaunchFailure' in https://docs.nvidia.com/cuda/cuda-runtime-api/group__CUDART__TYPES.html for more information.
E           CUDA kernel errors might be asynchronously reported at some other API call, so the stacktrace below might be incorrect.
E           For debugging consider passing CUDA_LAUNCH_BLOCKING=1
E           Compile with `TORCH_USE_CUDA_DSA` to enable device-side assertions.

/root/miniconda/envs/python310_torch29_cuda/lib/python3.10/site-packages/torch/cuda/random.py:129: AcceleratorError
_________ test_unique_dim_int[False-False-few_unique-dtype0-shape6-0] __________

shape = (32, 32), dim = 0, dtype = torch.int16, pattern = 'few_unique'
return_inverse = False, return_counts = False

    @pytest.mark.unique_dim
    @pytest.mark.parametrize("shape, dim", SHAPE_DIM_CASES)
    @pytest.mark.parametrize("dtype", utils.INT_DTYPES)
    @pytest.mark.parametrize("pattern", ["few_unique", "all_unique", "all_duplicate"])
    @pytest.mark.parametrize("return_inverse", [False, True])
    @pytest.mark.parametrize("return_counts", [False, True])
    def test_unique_dim_int(shape, dim, dtype, pattern, return_inverse, return_counts):
        if flag_gems.vendor_name == "kunlunxin":
>           torch.manual_seed(0)

test_unique_dim.py:97: 
_ _ _ _ _ _ _ _ _ _ _ _ _ _ _ _ _ _ _ _ _ _ _ _ _ _ _ _ _ _ _ _ _ _ _ _ _ _ _ _ 
/root/miniconda/envs/python310_torch29_cuda/lib/python3.10/site-packages/torch/_compile.py:53: in inner
    return disable_fn(*args, **kwargs)
/root/miniconda/envs/python310_torch29_cuda/lib/python3.10/site-packages/torch/_dynamo/eval_frame.py:1044: in _fn
    return fn(*args, **kwargs)
/root/miniconda/envs/python310_torch29_cuda/lib/python3.10/site-packages/torch/random.py:46: in manual_seed
    torch.cuda.manual_seed_all(seed)
/root/miniconda/envs/python310_torch29_cuda/lib/python3.10/site-packages/torch/cuda/random.py:131: in manual_seed_all
    _lazy_call(cb, seed_all=True)
/root/miniconda/envs/python310_torch29_cuda/lib/python3.10/site-packages/torch/cuda/__init__.py:341: in _lazy_call
    callable()
_ _ _ _ _ _ _ _ _ _ _ _ _ _ _ _ _ _ _ _ _ _ _ _ _ _ _ _ _ _ _ _ _ _ _ _ _ _ _ _ 

    def cb():
        for i in range(device_count()):
            default_generator = torch.cuda.default_generators[i]
>           default_generator.manual_seed(seed)
E           torch.AcceleratorError: CUDA error: unspecified launch failure
E           Search for `cudaErrorLaunchFailure' in https://docs.nvidia.com/cuda/cuda-runtime-api/group__CUDART__TYPES.html for more information.
E           CUDA kernel errors might be asynchronously reported at some other API call, so the stacktrace below might be incorrect.
E           For debugging consider passing CUDA_LAUNCH_BLOCKING=1
E           Compile with `TORCH_USE_CUDA_DSA` to enable device-side assertions.

/root/miniconda/envs/python310_torch29_cuda/lib/python3.10/site-packages/torch/cuda/random.py:129: AcceleratorError
_________ test_unique_dim_int[False-False-few_unique-dtype0-shape7-1] __________

shape = (32, 32), dim = 1, dtype = torch.int16, pattern = 'few_unique'
return_inverse = False, return_counts = False

    @pytest.mark.unique_dim
    @pytest.mark.parametrize("shape, dim", SHAPE_DIM_CASES)
    @pytest.mark.parametrize("dtype", utils.INT_DTYPES)
    @pytest.mark.parametrize("pattern", ["few_unique", "all_unique", "all_duplicate"])
    @pytest.mark.parametrize("return_inverse", [False, True])
    @pytest.mark.parametrize("return_counts", [False, True])
    def test_unique_dim_int(shape, dim, dtype, pattern, return_inverse, return_counts):
        if flag_gems.vendor_name == "kunlunxin":
>           torch.manual_seed(0)

test_unique_dim.py:97: 
_ _ _ _ _ _ _ _ _ _ _ _ _ _ _ _ _ _ _ _ _ _ _ _ _ _ _ _ _ _ _ _ _ _ _ _ _ _ _ _ 
/root/miniconda/envs/python310_torch29_cuda/lib/python3.10/site-packages/torch/_compile.py:53: in inner
    return disable_fn(*args, **kwargs)
/root/miniconda/envs/python310_torch29_cuda/lib/python3.10/site-packages/torch/_dynamo/eval_frame.py:1044: in _fn
    return fn(*args, **kwargs)
/root/miniconda/envs/python310_torch29_cuda/lib/python3.10/site-packages/torch/random.py:46: in manual_seed
    torch.cuda.manual_seed_all(seed)
/root/miniconda/envs/python310_torch29_cuda/lib/python3.10/site-packages/torch/cuda/random.py:131: in manual_seed_all
    _lazy_call(cb, seed_all=True)
/root/miniconda/envs/python310_torch29_cuda/lib/python3.10/site-packages/torch/cuda/__init__.py:341: in _lazy_call
    callable()
_ _ _ _ _ _ _ _ _ _ _ _ _ _ _ _ _ _ _ _ _ _ _ _ _ _ _ _ _ _ _ _ _ _ _ _ _ _ _ _ 

    def cb():
        for i in range(device_count()):
            default_generator = torch.cuda.default_generators[i]
>           default_generator.manual_seed(seed)
E           torch.AcceleratorError: CUDA error: unspecified launch failure
E           Search for `cudaErrorLaunchFailure' in https://docs.nvidia.com/cuda/cuda-runtime-api/group__CUDART__TYPES.html for more information.
E           CUDA kernel errors might be asynchronously reported at some other API call, so the stacktrace below might be incorrect.
E           For debugging consider passing CUDA_LAUNCH_BLOCKING=1
E           Compile with `TORCH_USE_CUDA_DSA` to enable device-side assertions.

/root/miniconda/envs/python310_torch29_cuda/lib/python3.10/site-packages/torch/cuda/random.py:129: AcceleratorError
_________ test_unique_dim_int[False-False-few_unique-dtype0-shape8-0] __________

shape = (6, 5, 4), dim = 0, dtype = torch.int16, pattern = 'few_unique'
return_inverse = False, return_counts = False

    @pytest.mark.unique_dim
    @pytest.mark.parametrize("shape, dim", SHAPE_DIM_CASES)
    @pytest.mark.parametrize("dtype", utils.INT_DTYPES)
    @pytest.mark.parametrize("pattern", ["few_unique", "all_unique", "all_duplicate"])
    @pytest.mark.parametrize("return_inverse", [False, True])
    @pytest.mark.parametrize("return_counts", [False, True])
    def test_unique_dim_int(shape, dim, dtype, pattern, return_inverse, return_counts):
        if flag_gems.vendor_name == "kunlunxin":
>           torch.manual_seed(0)

test_unique_dim.py:97: 
_ _ _ _ _ _ _ _ _ _ _ _ _ _ _ _ _ _ _ _ _ _ _ _ _ _ _ _ _ _ _ _ _ _ _ _ _ _ _ _ 
/root/miniconda/envs/python310_torch29_cuda/lib/python3.10/site-packages/torch/_compile.py:53: in inner
    return disable_fn(*args, **kwargs)
/root/miniconda/envs/python310_torch29_cuda/lib/python3.10/site-packages/torch/_dynamo/eval_frame.py:1044: in _fn
    return fn(*args, **kwargs)
/root/miniconda/envs/python310_torch29_cuda/lib/python3.10/site-packages/torch/random.py:46: in manual_seed
    torch.cuda.manual_seed_all(seed)
/root/miniconda/envs/python310_torch29_cuda/lib/python3.10/site-packages/torch/cuda/random.py:131: in manual_seed_all
    _lazy_call(cb, seed_all=True)
/root/miniconda/envs/python310_torch29_cuda/lib/python3.10/site-packages/torch/cuda/__init__.py:341: in _lazy_call
    callable()
_ _ _ _ _ _ _ _ _ _ _ _ _ _ _ _ _ _ _ _ _ _ _ _ _ _ _ _ _ _ _ _ _ _ _ _ _ _ _ _ 

    def cb():
        for i in range(device_count()):
            default_generator = torch.cuda.default_generators[i]
>           default_generator.manual_seed(seed)
E           torch.AcceleratorError: CUDA error: unspecified launch failure
E           Search for `cudaErrorLaunchFailure' in https://docs.nvidia.com/cuda/cuda-runtime-api/group__CUDART__TYPES.html for more information.
E           CUDA kernel errors might be asynchronously reported at some other API call, so the stacktrace below might be incorrect.
E           For debugging consider passing CUDA_LAUNCH_BLOCKING=1
E           Compile with `TORCH_USE_CUDA_DSA` to enable device-side assertions.

/root/miniconda/envs/python310_torch29_cuda/lib/python3.10/site-packages/torch/cuda/random.py:129: AcceleratorError
_________ test_unique_dim_int[False-False-few_unique-dtype0-shape9-1] __________

shape = (6, 5, 4), dim = 1, dtype = torch.int16, pattern = 'few_unique'
return_inverse = False, return_counts = False

    @pytest.mark.unique_dim
    @pytest.mark.parametrize("shape, dim", SHAPE_DIM_CASES)
    @pytest.mark.parametrize("dtype", utils.INT_DTYPES)
    @pytest.mark.parametrize("pattern", ["few_unique", "all_unique", "all_duplicate"])
    @pytest.mark.parametrize("return_inverse", [False, True])
    @pytest.mark.parametrize("return_counts", [False, True])
    def test_unique_dim_int(shape, dim, dtype, pattern, return_inverse, return_counts):
        if flag_gems.vendor_name == "kunlunxin":
>           torch.manual_seed(0)

test_unique_dim.py:97: 
_ _ _ _ _ _ _ _ _ _ _ _ _ _ _ _ _ _ _ _ _ _ _ _ _ _ _ _ _ _ _ _ _ _ _ _ _ _ _ _ 
/root/miniconda/envs/python310_torch29_cuda/lib/python3.10/site-packages/torch/_compile.py:53: in inner
    return disable_fn(*args, **kwargs)
/root/miniconda/envs/python310_torch29_cuda/lib/python3.10/site-packages/torch/_dynamo/eval_frame.py:1044: in _fn
    return fn(*args, **kwargs)
/root/miniconda/envs/python310_torch29_cuda/lib/python3.10/site-packages/torch/random.py:46: in manual_seed
    torch.cuda.manual_seed_all(seed)
/root/miniconda/envs/python310_torch29_cuda/lib/python3.10/site-packages/torch/cuda/random.py:131: in manual_seed_all
    _lazy_call(cb, seed_all=True)
/root/miniconda/envs/python310_torch29_cuda/lib/python3.10/site-packages/torch/cuda/__init__.py:341: in _lazy_call
    callable()
_ _ _ _ _ _ _ _ _ _ _ _ _ _ _ _ _ _ _ _ _ _ _ _ _ _ _ _ _ _ _ _ _ _ _ _ _ _ _ _ 

    def cb():
        for i in range(device_count()):
            default_generator = torch.cuda.default_generators[i]
>           default_generator.manual_seed(seed)
E           torch.AcceleratorError: CUDA error: unspecified launch failure
E           Search for `cudaErrorLaunchFailure' in https://docs.nvidia.com/cuda/cuda-runtime-api/group__CUDART__TYPES.html for more information.
E           CUDA kernel errors might be asynchronously reported at some other API call, so the stacktrace below might be incorrect.
E           For debugging consider passing CUDA_LAUNCH_BLOCKING=1
E           Compile with `TORCH_USE_CUDA_DSA` to enable device-side assertions.

/root/miniconda/envs/python310_torch29_cuda/lib/python3.10/site-packages/torch/cuda/random.py:129: AcceleratorError
_________ test_unique_dim_int[False-False-few_unique-dtype0-shape10-2] _________

shape = (6, 5, 4), dim = 2, dtype = torch.int16, pattern = 'few_unique'
return_inverse = False, return_counts = False

    @pytest.mark.unique_dim
    @pytest.mark.parametrize("shape, dim", SHAPE_DIM_CASES)
    @pytest.mark.parametrize("dtype", utils.INT_DTYPES)
    @pytest.mark.parametrize("pattern", ["few_unique", "all_unique", "all_duplicate"])
    @pytest.mark.parametrize("return_inverse", [False, True])
    @pytest.mark.parametrize("return_counts", [False, True])
    def test_unique_dim_int(shape, dim, dtype, pattern, return_inverse, return_counts):
        if flag_gems.vendor_name == "kunlunxin":
>           torch.manual_seed(0)

test_unique_dim.py:97: 
_ _ _ _ _ _ _ _ _ _ _ _ _ _ _ _ _ _ _ _ _ _ _ _ _ _ _ _ _ _ _ _ _ _ _ _ _ _ _ _ 
/root/miniconda/envs/python310_torch29_cuda/lib/python3.10/site-packages/torch/_compile.py:53: in inner
    return disable_fn(*args, **kwargs)
/root/miniconda/envs/python310_torch29_cuda/lib/python3.10/site-packages/torch/_dynamo/eval_frame.py:1044: in _fn
    return fn(*args, **kwargs)
/root/miniconda/envs/python310_torch29_cuda/lib/python3.10/site-packages/torch/random.py:46: in manual_seed
    torch.cuda.manual_seed_all(seed)
/root/miniconda/envs/python310_torch29_cuda/lib/python3.10/site-packages/torch/cuda/random.py:131: in manual_seed_all
    _lazy_call(cb, seed_all=True)
/root/miniconda/envs/python310_torch29_cuda/lib/python3.10/site-packages/torch/cuda/__init__.py:341: in _lazy_call
    callable()
_ _ _ _ _ _ _ _ _ _ _ _ _ _ _ _ _ _ _ _ _ _ _ _ _ _ _ _ _ _ _ _ _ _ _ _ _ _ _ _ 

    def cb():
        for i in range(device_count()):
            default_generator = torch.cuda.default_generators[i]
>           default_generator.manual_seed(seed)
E           torch.AcceleratorError: CUDA error: unspecified launch failure
E           Search for `cudaErrorLaunchFailure' in https://docs.nvidia.com/cuda/cuda-runtime-api/group__CUDART__TYPES.html for more information.
E           CUDA kernel errors might be asynchronously reported at some other API call, so the stacktrace below might be incorrect.
E           For debugging consider passing CUDA_LAUNCH_BLOCKING=1
E           Compile with `TORCH_USE_CUDA_DSA` to enable device-side assertions.

/root/miniconda/envs/python310_torch29_cuda/lib/python3.10/site-packages/torch/cuda/random.py:129: AcceleratorError
________ test_unique_dim_int[False-False-few_unique-dtype0-shape11--2] _________

shape = (6, 5, 4), dim = -2, dtype = torch.int16, pattern = 'few_unique'
return_inverse = False, return_counts = False

    @pytest.mark.unique_dim
    @pytest.mark.parametrize("shape, dim", SHAPE_DIM_CASES)
    @pytest.mark.parametrize("dtype", utils.INT_DTYPES)
    @pytest.mark.parametrize("pattern", ["few_unique", "all_unique", "all_duplicate"])
    @pytest.mark.parametrize("return_inverse", [False, True])
    @pytest.mark.parametrize("return_counts", [False, True])
    def test_unique_dim_int(shape, dim, dtype, pattern, return_inverse, return_counts):
        if flag_gems.vendor_name == "kunlunxin":
>           torch.manual_seed(0)

test_unique_dim.py:97: 
_ _ _ _ _ _ _ _ _ _ _ _ _ _ _ _ _ _ _ _ _ _ _ _ _ _ _ _ _ _ _ _ _ _ _ _ _ _ _ _ 
/root/miniconda/envs/python310_torch29_cuda/lib/python3.10/site-packages/torch/_compile.py:53: in inner
    return disable_fn(*args, **kwargs)
/root/miniconda/envs/python310_torch29_cuda/lib/python3.10/site-packages/torch/_dynamo/eval_frame.py:1044: in _fn
    return fn(*args, **kwargs)
/root/miniconda/envs/python310_torch29_cuda/lib/python3.10/site-packages/torch/random.py:46: in manual_seed
    torch.cuda.manual_seed_all(seed)
/root/miniconda/envs/python310_torch29_cuda/lib/python3.10/site-packages/torch/cuda/random.py:131: in manual_seed_all
    _lazy_call(cb, seed_all=True)
/root/miniconda/envs/python310_torch29_cuda/lib/python3.10/site-packages/torch/cuda/__init__.py:341: in _lazy_call
    callable()
_ _ _ _ _ _ _ _ _ _ _ _ _ _ _ _ _ _ _ _ _ _ _ _ _ _ _ _ _ _ _ _ _ _ _ _ _ _ _ _ 

    def cb():
        for i in range(device_count()):
            default_generator = torch.cuda.default_generators[i]
>           default_generator.manual_seed(seed)
E           torch.AcceleratorError: CUDA error: unspecified launch failure
E           Search for `cudaErrorLaunchFailure' in https://docs.nvidia.com/cuda/cuda-runtime-api/group__CUDART__TYPES.html for more information.
E           CUDA kernel errors might be asynchronously reported at some other API call, so the stacktrace below might be incorrect.
E           For debugging consider passing CUDA_LAUNCH_BLOCKING=1
E           Compile with `TORCH_USE_CUDA_DSA` to enable device-side assertions.

/root/miniconda/envs/python310_torch29_cuda/lib/python3.10/site-packages/torch/cuda/random.py:129: AcceleratorError
_________ test_unique_dim_int[False-False-few_unique-dtype0-shape12-2] _________

shape = (3, 4, 5, 6), dim = 2, dtype = torch.int16, pattern = 'few_unique'
return_inverse = False, return_counts = False

    @pytest.mark.unique_dim
    @pytest.mark.parametrize("shape, dim", SHAPE_DIM_CASES)
    @pytest.mark.parametrize("dtype", utils.INT_DTYPES)
    @pytest.mark.parametrize("pattern", ["few_unique", "all_unique", "all_duplicate"])
    @pytest.mark.parametrize("return_inverse", [False, True])
    @pytest.mark.parametrize("return_counts", [False, True])
    def test_unique_dim_int(shape, dim, dtype, pattern, return_inverse, return_counts):
        if flag_gems.vendor_name == "kunlunxin":
>           torch.manual_seed(0)

test_unique_dim.py:97: 
_ _ _ _ _ _ _ _ _ _ _ _ _ _ _ _ _ _ _ _ _ _ _ _ _ _ _ _ _ _ _ _ _ _ _ _ _ _ _ _ 
/root/miniconda/envs/python310_torch29_cuda/lib/python3.10/site-packages/torch/_compile.py:53: in inner
    return disable_fn(*args, **kwargs)
/root/miniconda/envs/python310_torch29_cuda/lib/python3.10/site-packages/torch/_dynamo/eval_frame.py:1044: in _fn
    return fn(*args, **kwargs)
/root/miniconda/envs/python310_torch29_cuda/lib/python3.10/site-packages/torch/random.py:46: in manual_seed
    torch.cuda.manual_seed_all(seed)
/root/miniconda/envs/python310_torch29_cuda/lib/python3.10/site-packages/torch/cuda/random.py:131: in manual_seed_all
    _lazy_call(cb, seed_all=True)
/root/miniconda/envs/python310_torch29_cuda/lib/python3.10/site-packages/torch/cuda/__init__.py:341: in _lazy_call
    callable()
_ _ _ _ _ _ _ _ _ _ _ _ _ _ _ _ _ _ _ _ _ _ _ _ _ _ _ _ _ _ _ _ _ _ _ _ _ _ _ _ 

    def cb():
        for i in range(device_count()):
            default_generator = torch.cuda.default_generators[i]
>           default_generator.manual_seed(seed)
E           torch.AcceleratorError: CUDA error: unspecified launch failure
E           Search for `cudaErrorLaunchFailure' in https://docs.nvidia.com/cuda/cuda-runtime-api/group__CUDART__TYPES.html for more information.
E           CUDA kernel errors might be asynchronously reported at some other API call, so the stacktrace below might be incorrect.
E           For debugging consider passing CUDA_LAUNCH_BLOCKING=1
E           Compile with `TORCH_USE_CUDA_DSA` to enable device-side assertions.

/root/miniconda/envs/python310_torch29_cuda/lib/python3.10/site-packages/torch/cuda/random.py:129: AcceleratorError
________ test_unique_dim_int[False-False-few_unique-dtype0-shape13--1] _________

shape = (3, 4, 5, 6), dim = -1, dtype = torch.int16, pattern = 'few_unique'
return_inverse = False, return_counts = False

    @pytest.mark.unique_dim
    @pytest.mark.parametrize("shape, dim", SHAPE_DIM_CASES)
    @pytest.mark.parametrize("dtype", utils.INT_DTYPES)
    @pytest.mark.parametrize("pattern", ["few_unique", "all_unique", "all_duplicate"])
    @pytest.mark.parametrize("return_inverse", [False, True])
    @pytest.mark.parametrize("return_counts", [False, True])
    def test_unique_dim_int(shape, dim, dtype, pattern, return_inverse, return_counts):
        if flag_gems.vendor_name == "kunlunxin":
>           torch.manual_seed(0)

test_unique_dim.py:97: 
_ _ _ _ _ _ _ _ _ _ _ _ _ _ _ _ _ _ _ _ _ _ _ _ _ _ _ _ _ _ _ _ _ _ _ _ _ _ _ _ 
/root/miniconda/envs/python310_torch29_cuda/lib/python3.10/site-packages/torch/_compile.py:53: in inner
    return disable_fn(*args, **kwargs)
/root/miniconda/envs/python310_torch29_cuda/lib/python3.10/site-packages/torch/_dynamo/eval_frame.py:1044: in _fn
    return fn(*args, **kwargs)
/root/miniconda/envs/python310_torch29_cuda/lib/python3.10/site-packages/torch/random.py:46: in manual_seed
    torch.cuda.manual_seed_all(seed)
/root/miniconda/envs/python310_torch29_cuda/lib/python3.10/site-packages/torch/cuda/random.py:131: in manual_seed_all
    _lazy_call(cb, seed_all=True)
/root/miniconda/envs/python310_torch29_cuda/lib/python3.10/site-packages/torch/cuda/__init__.py:341: in _lazy_call
    callable()
_ _ _ _ _ _ _ _ _ _ _ _ _ _ _ _ _ _ _ _ _ _ _ _ _ _ _ _ _ _ _ _ _ _ _ _ _ _ _ _ 

    def cb():
        for i in range(device_count()):
            default_generator = torch.cuda.default_generators[i]
>           default_generator.manual_seed(seed)
E           torch.AcceleratorError: CUDA error: unspecified launch failure
E           Search for `cudaErrorLaunchFailure' in https://docs.nvidia.com/cuda/cuda-runtime-api/group__CUDART__TYPES.html for more information.
E           CUDA kernel errors might be asynchronously reported at some other API call, so the stacktrace below might be incorrect.
E           For debugging consider passing CUDA_LAUNCH_BLOCKING=1
E           Compile with `TORCH_USE_CUDA_DSA` to enable device-side assertions.

/root/miniconda/envs/python310_torch29_cuda/lib/python3.10/site-packages/torch/cuda/random.py:129: AcceleratorError
_________ test_unique_dim_int[False-False-few_unique-dtype1-shape0-0] __________

shape = (8,), dim = 0, dtype = torch.int32, pattern = 'few_unique'
return_inverse = False, return_counts = False

    @pytest.mark.unique_dim
    @pytest.mark.parametrize("shape, dim", SHAPE_DIM_CASES)
    @pytest.mark.parametrize("dtype", utils.INT_DTYPES)
    @pytest.mark.parametrize("pattern", ["few_unique", "all_unique", "all_duplicate"])
    @pytest.mark.parametrize("return_inverse", [False, True])
    @pytest.mark.parametrize("return_counts", [False, True])
    def test_unique_dim_int(shape, dim, dtype, pattern, return_inverse, return_counts):
        if flag_gems.vendor_name == "kunlunxin":
>           torch.manual_seed(0)

test_unique_dim.py:97: 
_ _ _ _ _ _ _ _ _ _ _ _ _ _ _ _ _ _ _ _ _ _ _ _ _ _ _ _ _ _ _ _ _ _ _ _ _ _ _ _ 
/root/miniconda/envs/python310_torch29_cuda/lib/python3.10/site-packages/torch/_compile.py:53: in inner
    return disable_fn(*args, **kwargs)
/root/miniconda/envs/python310_torch29_cuda/lib/python3.10/site-packages/torch/_dynamo/eval_frame.py:1044: in _fn
    return fn(*args, **kwargs)
/root/miniconda/envs/python310_torch29_cuda/lib/python3.10/site-packages/torch/random.py:46: in manual_seed
    torch.cuda.manual_seed_all(seed)
/root/miniconda/envs/python310_torch29_cuda/lib/python3.10/site-packages/torch/cuda/random.py:131: in manual_seed_all
    _lazy_call(cb, seed_all=True)
/root/miniconda/envs/python310_torch29_cuda/lib/python3.10/site-packages/torch/cuda/__init__.py:341: in _lazy_call
    callable()
_ _ _ _ _ _ _ _ _ _ _ _ _ _ _ _ _ _ _ _ _ _ _ _ _ _ _ _ _ _ _ _ _ _ _ _ _ _ _ _ 

    def cb():
        for i in range(device_count()):
            default_generator = torch.cuda.default_generators[i]
>           default_generator.manual_seed(seed)
E           torch.AcceleratorError: CUDA error: unspecified launch failure
E           Search for `cudaErrorLaunchFailure' in https://docs.nvidia.com/cuda/cuda-runtime-api/group__CUDART__TYPES.html for more information.
E           CUDA kernel errors might be asynchronously reported at some other API call, so the stacktrace below might be incorrect.
E           For debugging consider passing CUDA_LAUNCH_BLOCKING=1
E           Compile with `TORCH_USE_CUDA_DSA` to enable device-side assertions.

/root/miniconda/envs/python310_torch29_cuda/lib/python3.10/site-packages/torch/cuda/random.py:129: AcceleratorError
_________ test_unique_dim_int[False-False-few_unique-dtype1-shape1--1] _________

shape = (8,), dim = -1, dtype = torch.int32, pattern = 'few_unique'
return_inverse = False, return_counts = False

    @pytest.mark.unique_dim
    @pytest.mark.parametrize("shape, dim", SHAPE_DIM_CASES)
    @pytest.mark.parametrize("dtype", utils.INT_DTYPES)
    @pytest.mark.parametrize("pattern", ["few_unique", "all_unique", "all_duplicate"])
    @pytest.mark.parametrize("return_inverse", [False, True])
    @pytest.mark.parametrize("return_counts", [False, True])
    def test_unique_dim_int(shape, dim, dtype, pattern, return_inverse, return_counts):
        if flag_gems.vendor_name == "kunlunxin":
>           torch.manual_seed(0)

test_unique_dim.py:97: 
_ _ _ _ _ _ _ _ _ _ _ _ _ _ _ _ _ _ _ _ _ _ _ _ _ _ _ _ _ _ _ _ _ _ _ _ _ _ _ _ 
/root/miniconda/envs/python310_torch29_cuda/lib/python3.10/site-packages/torch/_compile.py:53: in inner
    return disable_fn(*args, **kwargs)
/root/miniconda/envs/python310_torch29_cuda/lib/python3.10/site-packages/torch/_dynamo/eval_frame.py:1044: in _fn
    return fn(*args, **kwargs)
/root/miniconda/envs/python310_torch29_cuda/lib/python3.10/site-packages/torch/random.py:46: in manual_seed
    torch.cuda.manual_seed_all(seed)
/root/miniconda/envs/python310_torch29_cuda/lib/python3.10/site-packages/torch/cuda/random.py:131: in manual_seed_all
    _lazy_call(cb, seed_all=True)
/root/miniconda/envs/python310_torch29_cuda/lib/python3.10/site-packages/torch/cuda/__init__.py:341: in _lazy_call
    callable()
_ _ _ _ _ _ _ _ _ _ _ _ _ _ _ _ _ _ _ _ _ _ _ _ _ _ _ _ _ _ _ _ _ _ _ _ _ _ _ _ 

    def cb():
        for i in range(device_count()):
            default_generator = torch.cuda.default_generators[i]
>           default_generator.manual_seed(seed)
E           torch.AcceleratorError: CUDA error: unspecified launch failure
E           Search for `cudaErrorLaunchFailure' in https://docs.nvidia.com/cuda/cuda-runtime-api/group__CUDART__TYPES.html for more information.
E           CUDA kernel errors might be asynchronously reported at some other API call, so the stacktrace below might be incorrect.
E           For debugging consider passing CUDA_LAUNCH_BLOCKING=1
E           Compile with `TORCH_USE_CUDA_DSA` to enable device-side assertions.

/root/miniconda/envs/python310_torch29_cuda/lib/python3.10/site-packages/torch/cuda/random.py:129: AcceleratorError
_________ test_unique_dim_int[False-False-few_unique-dtype1-shape2-0] __________

shape = (16, 4), dim = 0, dtype = torch.int32, pattern = 'few_unique'
return_inverse = False, return_counts = False

    @pytest.mark.unique_dim
    @pytest.mark.parametrize("shape, dim", SHAPE_DIM_CASES)
    @pytest.mark.parametrize("dtype", utils.INT_DTYPES)
    @pytest.mark.parametrize("pattern", ["few_unique", "all_unique", "all_duplicate"])
    @pytest.mark.parametrize("return_inverse", [False, True])
    @pytest.mark.parametrize("return_counts", [False, True])
    def test_unique_dim_int(shape, dim, dtype, pattern, return_inverse, return_counts):
        if flag_gems.vendor_name == "kunlunxin":
>           torch.manual_seed(0)

test_unique_dim.py:97: 
_ _ _ _ _ _ _ _ _ _ _ _ _ _ _ _ _ _ _ _ _ _ _ _ _ _ _ _ _ _ _ _ _ _ _ _ _ _ _ _ 
/root/miniconda/envs/python310_torch29_cuda/lib/python3.10/site-packages/torch/_compile.py:53: in inner
    return disable_fn(*args, **kwargs)
/root/miniconda/envs/python310_torch29_cuda/lib/python3.10/site-packages/torch/_dynamo/eval_frame.py:1044: in _fn
    return fn(*args, **kwargs)
/root/miniconda/envs/python310_torch29_cuda/lib/python3.10/site-packages/torch/random.py:46: in manual_seed
    torch.cuda.manual_seed_all(seed)
/root/miniconda/envs/python310_torch29_cuda/lib/python3.10/site-packages/torch/cuda/random.py:131: in manual_seed_all
    _lazy_call(cb, seed_all=True)
/root/miniconda/envs/python310_torch29_cuda/lib/python3.10/site-packages/torch/cuda/__init__.py:341: in _lazy_call
    callable()
_ _ _ _ _ _ _ _ _ _ _ _ _ _ _ _ _ _ _ _ _ _ _ _ _ _ _ _ _ _ _ _ _ _ _ _ _ _ _ _ 

    def cb():
        for i in range(device_count()):
            default_generator = torch.cuda.default_generators[i]
>           default_generator.manual_seed(seed)
E           torch.AcceleratorError: CUDA error: unspecified launch failure
E           Search for `cudaErrorLaunchFailure' in https://docs.nvidia.com/cuda/cuda-runtime-api/group__CUDART__TYPES.html for more information.
E           CUDA kernel errors might be asynchronously reported at some other API call, so the stacktrace below might be incorrect.
E           For debugging consider passing CUDA_LAUNCH_BLOCKING=1
E           Compile with `TORCH_USE_CUDA_DSA` to enable device-side assertions.

/root/miniconda/envs/python310_torch29_cuda/lib/python3.10/site-packages/torch/cuda/random.py:129: AcceleratorError
_________ test_unique_dim_int[False-False-few_unique-dtype1-shape3-1] __________

shape = (16, 4), dim = 1, dtype = torch.int32, pattern = 'few_unique'
return_inverse = False, return_counts = False

    @pytest.mark.unique_dim
    @pytest.mark.parametrize("shape, dim", SHAPE_DIM_CASES)
    @pytest.mark.parametrize("dtype", utils.INT_DTYPES)
    @pytest.mark.parametrize("pattern", ["few_unique", "all_unique", "all_duplicate"])
    @pytest.mark.parametrize("return_inverse", [False, True])
    @pytest.mark.parametrize("return_counts", [False, True])
    def test_unique_dim_int(shape, dim, dtype, pattern, return_inverse, return_counts):
        if flag_gems.vendor_name == "kunlunxin":
>           torch.manual_seed(0)

test_unique_dim.py:97: 
_ _ _ _ _ _ _ _ _ _ _ _ _ _ _ _ _ _ _ _ _ _ _ _ _ _ _ _ _ _ _ _ _ _ _ _ _ _ _ _ 
/root/miniconda/envs/python310_torch29_cuda/lib/python3.10/site-packages/torch/_compile.py:53: in inner
    return disable_fn(*args, **kwargs)
/root/miniconda/envs/python310_torch29_cuda/lib/python3.10/site-packages/torch/_dynamo/eval_frame.py:1044: in _fn
    return fn(*args, **kwargs)
/root/miniconda/envs/python310_torch29_cuda/lib/python3.10/site-packages/torch/random.py:46: in manual_seed
    torch.cuda.manual_seed_all(seed)
/root/miniconda/envs/python310_torch29_cuda/lib/python3.10/site-packages/torch/cuda/random.py:131: in manual_seed_all
    _lazy_call(cb, seed_all=True)
/root/miniconda/envs/python310_torch29_cuda/lib/python3.10/site-packages/torch/cuda/__init__.py:341: in _lazy_call
    callable()
_ _ _ _ _ _ _ _ _ _ _ _ _ _ _ _ _ _ _ _ _ _ _ _ _ _ _ _ _ _ _ _ _ _ _ _ _ _ _ _ 

    def cb():
        for i in range(device_count()):
            default_generator = torch.cuda.default_generators[i]
>           default_generator.manual_seed(seed)
E           torch.AcceleratorError: CUDA error: unspecified launch failure
E           Search for `cudaErrorLaunchFailure' in https://docs.nvidia.com/cuda/cuda-runtime-api/group__CUDART__TYPES.html for more information.
E           CUDA kernel errors might be asynchronously reported at some other API call, so the stacktrace below might be incorrect.
E           For debugging consider passing CUDA_LAUNCH_BLOCKING=1
E           Compile with `TORCH_USE_CUDA_DSA` to enable device-side assertions.

/root/miniconda/envs/python310_torch29_cuda/lib/python3.10/site-packages/torch/cuda/random.py:129: AcceleratorError
_________ test_unique_dim_int[False-False-few_unique-dtype1-shape4--1] _________

shape = (16, 4), dim = -1, dtype = torch.int32, pattern = 'few_unique'
return_inverse = False, return_counts = False

    @pytest.mark.unique_dim
    @pytest.mark.parametrize("shape, dim", SHAPE_DIM_CASES)
    @pytest.mark.parametrize("dtype", utils.INT_DTYPES)
    @pytest.mark.parametrize("pattern", ["few_unique", "all_unique", "all_duplicate"])
    @pytest.mark.parametrize("return_inverse", [False, True])
    @pytest.mark.parametrize("return_counts", [False, True])
    def test_unique_dim_int(shape, dim, dtype, pattern, return_inverse, return_counts):
        if flag_gems.vendor_name == "kunlunxin":
>           torch.manual_seed(0)

test_unique_dim.py:97: 
_ _ _ _ _ _ _ _ _ _ _ _ _ _ _ _ _ _ _ _ _ _ _ _ _ _ _ _ _ _ _ _ _ _ _ _ _ _ _ _ 
/root/miniconda/envs/python310_torch29_cuda/lib/python3.10/site-packages/torch/_compile.py:53: in inner
    return disable_fn(*args, **kwargs)
/root/miniconda/envs/python310_torch29_cuda/lib/python3.10/site-packages/torch/_dynamo/eval_frame.py:1044: in _fn
    return fn(*args, **kwargs)
/root/miniconda/envs/python310_torch29_cuda/lib/python3.10/site-packages/torch/random.py:46: in manual_seed
    torch.cuda.manual_seed_all(seed)
/root/miniconda/envs/python310_torch29_cuda/lib/python3.10/site-packages/torch/cuda/random.py:131: in manual_seed_all
    _lazy_call(cb, seed_all=True)
/root/miniconda/envs/python310_torch29_cuda/lib/python3.10/site-packages/torch/cuda/__init__.py:341: in _lazy_call
    callable()
_ _ _ _ _ _ _ _ _ _ _ _ _ _ _ _ _ _ _ _ _ _ _ _ _ _ _ _ _ _ _ _ _ _ _ _ _ _ _ _ 

    def cb():
        for i in range(device_count()):
            default_generator = torch.cuda.default_generators[i]
>           default_generator.manual_seed(seed)
E           torch.AcceleratorError: CUDA error: unspecified launch failure
E           Search for `cudaErrorLaunchFailure' in https://docs.nvidia.com/cuda/cuda-runtime-api/group__CUDART__TYPES.html for more information.
E           CUDA kernel errors might be asynchronously reported at some other API call, so the stacktrace below might be incorrect.
E           For debugging consider passing CUDA_LAUNCH_BLOCKING=1
E           Compile with `TORCH_USE_CUDA_DSA` to enable device-side assertions.

/root/miniconda/envs/python310_torch29_cuda/lib/python3.10/site-packages/torch/cuda/random.py:129: AcceleratorError
_________ test_unique_dim_int[False-False-few_unique-dtype1-shape5-0] __________

shape = (4, 16), dim = 0, dtype = torch.int32, pattern = 'few_unique'
return_inverse = False, return_counts = False

    @pytest.mark.unique_dim
    @pytest.mark.parametrize("shape, dim", SHAPE_DIM_CASES)
    @pytest.mark.parametrize("dtype", utils.INT_DTYPES)
    @pytest.mark.parametrize("pattern", ["few_unique", "all_unique", "all_duplicate"])
    @pytest.mark.parametrize("return_inverse", [False, True])
    @pytest.mark.parametrize("return_counts", [False, True])
    def test_unique_dim_int(shape, dim, dtype, pattern, return_inverse, return_counts):
        if flag_gems.vendor_name == "kunlunxin":
>           torch.manual_seed(0)

test_unique_dim.py:97: 
_ _ _ _ _ _ _ _ _ _ _ _ _ _ _ _ _ _ _ _ _ _ _ _ _ _ _ _ _ _ _ _ _ _ _ _ _ _ _ _ 
/root/miniconda/envs/python310_torch29_cuda/lib/python3.10/site-packages/torch/_compile.py:53: in inner
    return disable_fn(*args, **kwargs)
/root/miniconda/envs/python310_torch29_cuda/lib/python3.10/site-packages/torch/_dynamo/eval_frame.py:1044: in _fn
    return fn(*args, **kwargs)
/root/miniconda/envs/python310_torch29_cuda/lib/python3.10/site-packages/torch/random.py:46: in manual_seed
    torch.cuda.manual_seed_all(seed)
/root/miniconda/envs/python310_torch29_cuda/lib/python3.10/site-packages/torch/cuda/random.py:131: in manual_seed_all
    _lazy_call(cb, seed_all=True)
/root/miniconda/envs/python310_torch29_cuda/lib/python3.10/site-packages/torch/cuda/__init__.py:341: in _lazy_call
    callable()
_ _ _ _ _ _ _ _ _ _ _ _ _ _ _ _ _ _ _ _ _ _ _ _ _ _ _ _ _ _ _ _ _ _ _ _ _ _ _ _ 

    def cb():
        for i in range(device_count()):
            default_generator = torch.cuda.default_generators[i]
>           default_generator.manual_seed(seed)
E           torch.AcceleratorError: CUDA error: unspecified launch failure
E           Search for `cudaErrorLaunchFailure' in https://docs.nvidia.com/cuda/cuda-runtime-api/group__CUDART__TYPES.html for more information.
E           CUDA kernel errors might be asynchronously reported at some other API call, so the stacktrace below might be incorrect.
E           For debugging consider passing CUDA_LAUNCH_BLOCKING=1
E           Compile with `TORCH_USE_CUDA_DSA` to enable device-side assertions.

/root/miniconda/envs/python310_torch29_cuda/lib/python3.10/site-packages/torch/cuda/random.py:129: AcceleratorError
_________ test_unique_dim_int[False-False-few_unique-dtype1-shape6-0] __________

shape = (32, 32), dim = 0, dtype = torch.int32, pattern = 'few_unique'
return_inverse = False, return_counts = False

    @pytest.mark.unique_dim
    @pytest.mark.parametrize("shape, dim", SHAPE_DIM_CASES)
    @pytest.mark.parametrize("dtype", utils.INT_DTYPES)
    @pytest.mark.parametrize("pattern", ["few_unique", "all_unique", "all_duplicate"])
    @pytest.mark.parametrize("return_inverse", [False, True])
    @pytest.mark.parametrize("return_counts", [False, True])
    def test_unique_dim_int(shape, dim, dtype, pattern, return_inverse, return_counts):
        if flag_gems.vendor_name == "kunlunxin":
>           torch.manual_seed(0)

test_unique_dim.py:97: 
_ _ _ _ _ _ _ _ _ _ _ _ _ _ _ _ _ _ _ _ _ _ _ _ _ _ _ _ _ _ _ _ _ _ _ _ _ _ _ _ 
/root/miniconda/envs/python310_torch29_cuda/lib/python3.10/site-packages/torch/_compile.py:53: in inner
    return disable_fn(*args, **kwargs)
/root/miniconda/envs/python310_torch29_cuda/lib/python3.10/site-packages/torch/_dynamo/eval_frame.py:1044: in _fn
    return fn(*args, **kwargs)
/root/miniconda/envs/python310_torch29_cuda/lib/python3.10/site-packages/torch/random.py:46: in manual_seed
    torch.cuda.manual_seed_all(seed)
/root/miniconda/envs/python310_torch29_cuda/lib/python3.10/site-packages/torch/cuda/random.py:131: in manual_seed_all
    _lazy_call(cb, seed_all=True)
/root/miniconda/envs/python310_torch29_cuda/lib/python3.10/site-packages/torch/cuda/__init__.py:341: in _lazy_call
    callable()
_ _ _ _ _ _ _ _ _ _ _ _ _ _ _ _ _ _ _ _ _ _ _ _ _ _ _ _ _ _ _ _ _ _ _ _ _ _ _ _ 

    def cb():
        for i in range(device_count()):
            default_generator = torch.cuda.default_generators[i]
>           default_generator.manual_seed(seed)
E           torch.AcceleratorError: CUDA error: unspecified launch failure
E           Search for `cudaErrorLaunchFailure' in https://docs.nvidia.com/cuda/cuda-runtime-api/group__CUDART__TYPES.html for more information.
E           CUDA kernel errors might be asynchronously reported at some other API call, so the stacktrace below might be incorrect.
E           For debugging consider passing CUDA_LAUNCH_BLOCKING=1
E           Compile with `TORCH_USE_CUDA_DSA` to enable device-side assertions.

/root/miniconda/envs/python310_torch29_cuda/lib/python3.10/site-packages/torch/cuda/random.py:129: AcceleratorError
_________ test_unique_dim_int[False-False-few_unique-dtype1-shape7-1] __________

shape = (32, 32), dim = 1, dtype = torch.int32, pattern = 'few_unique'
return_inverse = False, return_counts = False

    @pytest.mark.unique_dim
    @pytest.mark.parametrize("shape, dim", SHAPE_DIM_CASES)
    @pytest.mark.parametrize("dtype", utils.INT_DTYPES)
    @pytest.mark.parametrize("pattern", ["few_unique", "all_unique", "all_duplicate"])
    @pytest.mark.parametrize("return_inverse", [False, True])
    @pytest.mark.parametrize("return_counts", [False, True])
    def test_unique_dim_int(shape, dim, dtype, pattern, return_inverse, return_counts):
        if flag_gems.vendor_name == "kunlunxin":
>           torch.manual_seed(0)

test_unique_dim.py:97: 
_ _ _ _ _ _ _ _ _ _ _ _ _ _ _ _ _ _ _ _ _ _ _ _ _ _ _ _ _ _ _ _ _ _ _ _ _ _ _ _ 
/root/miniconda/envs/python310_torch29_cuda/lib/python3.10/site-packages/torch/_compile.py:53: in inner
    return disable_fn(*args, **kwargs)
/root/miniconda/envs/python310_torch29_cuda/lib/python3.10/site-packages/torch/_dynamo/eval_frame.py:1044: in _fn
    return fn(*args, **kwargs)
/root/miniconda/envs/python310_torch29_cuda/lib/python3.10/site-packages/torch/random.py:46: in manual_seed
    torch.cuda.manual_seed_all(seed)
/root/miniconda/envs/python310_torch29_cuda/lib/python3.10/site-packages/torch/cuda/random.py:131: in manual_seed_all
    _lazy_call(cb, seed_all=True)
/root/miniconda/envs/python310_torch29_cuda/lib/python3.10/site-packages/torch/cuda/__init__.py:341: in _lazy_call
    callable()
_ _ _ _ _ _ _ _ _ _ _ _ _ _ _ _ _ _ _ _ _ _ _ _ _ _ _ _ _ _ _ _ _ _ _ _ _ _ _ _ 

    def cb():
        for i in range(device_count()):
            default_generator = torch.cuda.default_generators[i]
>           default_generator.manual_seed(seed)
E           torch.AcceleratorError: CUDA error: unspecified launch failure
E           Search for `cudaErrorLaunchFailure' in https://docs.nvidia.com/cuda/cuda-runtime-api/group__CUDART__TYPES.html for more information.
E           CUDA kernel errors might be asynchronously reported at some other API call, so the stacktrace below might be incorrect.
E           For debugging consider passing CUDA_LAUNCH_BLOCKING=1
E           Compile with `TORCH_USE_CUDA_DSA` to enable device-side assertions.

/root/miniconda/envs/python310_torch29_cuda/lib/python3.10/site-packages/torch/cuda/random.py:129: AcceleratorError
_________ test_unique_dim_int[False-False-few_unique-dtype1-shape8-0] __________

shape = (6, 5, 4), dim = 0, dtype = torch.int32, pattern = 'few_unique'
return_inverse = False, return_counts = False

    @pytest.mark.unique_dim
    @pytest.mark.parametrize("shape, dim", SHAPE_DIM_CASES)
    @pytest.mark.parametrize("dtype", utils.INT_DTYPES)
    @pytest.mark.parametrize("pattern", ["few_unique", "all_unique", "all_duplicate"])
    @pytest.mark.parametrize("return_inverse", [False, True])
    @pytest.mark.parametrize("return_counts", [False, True])
    def test_unique_dim_int(shape, dim, dtype, pattern, return_inverse, return_counts):
        if flag_gems.vendor_name == "kunlunxin":
>           torch.manual_seed(0)

test_unique_dim.py:97: 
_ _ _ _ _ _ _ _ _ _ _ _ _ _ _ _ _ _ _ _ _ _ _ _ _ _ _ _ _ _ _ _ _ _ _ _ _ _ _ _ 
/root/miniconda/envs/python310_torch29_cuda/lib/python3.10/site-packages/torch/_compile.py:53: in inner
    return disable_fn(*args, **kwargs)
/root/miniconda/envs/python310_torch29_cuda/lib/python3.10/site-packages/torch/_dynamo/eval_frame.py:1044: in _fn
    return fn(*args, **kwargs)
/root/miniconda/envs/python310_torch29_cuda/lib/python3.10/site-packages/torch/random.py:46: in manual_seed
    torch.cuda.manual_seed_all(seed)
/root/miniconda/envs/python310_torch29_cuda/lib/python3.10/site-packages/torch/cuda/random.py:131: in manual_seed_all
    _lazy_call(cb, seed_all=True)
/root/miniconda/envs/python310_torch29_cuda/lib/python3.10/site-packages/torch/cuda/__init__.py:341: in _lazy_call
    callable()
_ _ _ _ _ _ _ _ _ _ _ _ _ _ _ _ _ _ _ _ _ _ _ _ _ _ _ _ _ _ _ _ _ _ _ _ _ _ _ _ 

    def cb():
        for i in range(device_count()):
            default_generator = torch.cuda.default_generators[i]
>           default_generator.manual_seed(seed)
E           torch.AcceleratorError: CUDA error: unspecified launch failure
E           Search for `cudaErrorLaunchFailure' in https://docs.nvidia.com/cuda/cuda-runtime-api/group__CUDART__TYPES.html for more information.
E           CUDA kernel errors might be asynchronously reported at some other API call, so the stacktrace below might be incorrect.
E           For debugging consider passing CUDA_LAUNCH_BLOCKING=1
E           Compile with `TORCH_USE_CUDA_DSA` to enable device-side assertions.

/root/miniconda/envs/python310_torch29_cuda/lib/python3.10/site-packages/torch/cuda/random.py:129: AcceleratorError
_________ test_unique_dim_int[False-False-few_unique-dtype1-shape9-1] __________

shape = (6, 5, 4), dim = 1, dtype = torch.int32, pattern = 'few_unique'
return_inverse = False, return_counts = False

    @pytest.mark.unique_dim
    @pytest.mark.parametrize("shape, dim", SHAPE_DIM_CASES)
    @pytest.mark.parametrize("dtype", utils.INT_DTYPES)
    @pytest.mark.parametrize("pattern", ["few_unique", "all_unique", "all_duplicate"])
    @pytest.mark.parametrize("return_inverse", [False, True])
    @pytest.mark.parametrize("return_counts", [False, True])
    def test_unique_dim_int(shape, dim, dtype, pattern, return_inverse, return_counts):
        if flag_gems.vendor_name == "kunlunxin":
>           torch.manual_seed(0)

test_unique_dim.py:97: 
_ _ _ _ _ _ _ _ _ _ _ _ _ _ _ _ _ _ _ _ _ _ _ _ _ _ _ _ _ _ _ _ _ _ _ _ _ _ _ _ 
/root/miniconda/envs/python310_torch29_cuda/lib/python3.10/site-packages/torch/_compile.py:53: in inner
    return disable_fn(*args, **kwargs)
/root/miniconda/envs/python310_torch29_cuda/lib/python3.10/site-packages/torch/_dynamo/eval_frame.py:1044: in _fn
    return fn(*args, **kwargs)
/root/miniconda/envs/python310_torch29_cuda/lib/python3.10/site-packages/torch/random.py:46: in manual_seed
    torch.cuda.manual_seed_all(seed)
/root/miniconda/envs/python310_torch29_cuda/lib/python3.10/site-packages/torch/cuda/random.py:131: in manual_seed_all
    _lazy_call(cb, seed_all=True)
/root/miniconda/envs/python310_torch29_cuda/lib/python3.10/site-packages/torch/cuda/__init__.py:341: in _lazy_call
    callable()
_ _ _ _ _ _ _ _ _ _ _ _ _ _ _ _ _ _ _ _ _ _ _ _ _ _ _ _ _ _ _ _ _ _ _ _ _ _ _ _ 

    def cb():
        for i in range(device_count()):
            default_generator = torch.cuda.default_generators[i]
>           default_generator.manual_seed(seed)
E           torch.AcceleratorError: CUDA error: unspecified launch failure
E           Search for `cudaErrorLaunchFailure' in https://docs.nvidia.com/cuda/cuda-runtime-api/group__CUDART__TYPES.html for more information.
E           CUDA kernel errors might be asynchronously reported at some other API call, so the stacktrace below might be incorrect.
E           For debugging consider passing CUDA_LAUNCH_BLOCKING=1
E           Compile with `TORCH_USE_CUDA_DSA` to enable device-side assertions.

/root/miniconda/envs/python310_torch29_cuda/lib/python3.10/site-packages/torch/cuda/random.py:129: AcceleratorError
_________ test_unique_dim_int[False-False-few_unique-dtype1-shape10-2] _________

shape = (6, 5, 4), dim = 2, dtype = torch.int32, pattern = 'few_unique'
return_inverse = False, return_counts = False

    @pytest.mark.unique_dim
    @pytest.mark.parametrize("shape, dim", SHAPE_DIM_CASES)
    @pytest.mark.parametrize("dtype", utils.INT_DTYPES)
    @pytest.mark.parametrize("pattern", ["few_unique", "all_unique", "all_duplicate"])
    @pytest.mark.parametrize("return_inverse", [False, True])
    @pytest.mark.parametrize("return_counts", [False, True])
    def test_unique_dim_int(shape, dim, dtype, pattern, return_inverse, return_counts):
        if flag_gems.vendor_name == "kunlunxin":
>           torch.manual_seed(0)

test_unique_dim.py:97: 
_ _ _ _ _ _ _ _ _ _ _ _ _ _ _ _ _ _ _ _ _ _ _ _ _ _ _ _ _ _ _ _ _ _ _ _ _ _ _ _ 
/root/miniconda/envs/python310_torch29_cuda/lib/python3.10/site-packages/torch/_compile.py:53: in inner
    return disable_fn(*args, **kwargs)
/root/miniconda/envs/python310_torch29_cuda/lib/python3.10/site-packages/torch/_dynamo/eval_frame.py:1044: in _fn
    return fn(*args, **kwargs)
/root/miniconda/envs/python310_torch29_cuda/lib/python3.10/site-packages/torch/random.py:46: in manual_seed
    torch.cuda.manual_seed_all(seed)
/root/miniconda/envs/python310_torch29_cuda/lib/python3.10/site-packages/torch/cuda/random.py:131: in manual_seed_all
    _lazy_call(cb, seed_all=True)
/root/miniconda/envs/python310_torch29_cuda/lib/python3.10/site-packages/torch/cuda/__init__.py:341: in _lazy_call
    callable()
_ _ _ _ _ _ _ _ _ _ _ _ _ _ _ _ _ _ _ _ _ _ _ _ _ _ _ _ _ _ _ _ _ _ _ _ _ _ _ _ 

    def cb():
        for i in range(device_count()):
            default_generator = torch.cuda.default_generators[i]
>           default_generator.manual_seed(seed)
E           torch.AcceleratorError: CUDA error: unspecified launch failure
E           Search for `cudaErrorLaunchFailure' in https://docs.nvidia.com/cuda/cuda-runtime-api/group__CUDART__TYPES.html for more information.
E           CUDA kernel errors might be asynchronously reported at some other API call, so the stacktrace below might be incorrect.
E           For debugging consider passing CUDA_LAUNCH_BLOCKING=1
E           Compile with `TORCH_USE_CUDA_DSA` to enable device-side assertions.

/root/miniconda/envs/python310_torch29_cuda/lib/python3.10/site-packages/torch/cuda/random.py:129: AcceleratorError
________ test_unique_dim_int[False-False-few_unique-dtype1-shape11--2] _________

shape = (6, 5, 4), dim = -2, dtype = torch.int32, pattern = 'few_unique'
return_inverse = False, return_counts = False

    @pytest.mark.unique_dim
    @pytest.mark.parametrize("shape, dim", SHAPE_DIM_CASES)
    @pytest.mark.parametrize("dtype", utils.INT_DTYPES)
    @pytest.mark.parametrize("pattern", ["few_unique", "all_unique", "all_duplicate"])
    @pytest.mark.parametrize("return_inverse", [False, True])
    @pytest.mark.parametrize("return_counts", [False, True])
    def test_unique_dim_int(shape, dim, dtype, pattern, return_inverse, return_counts):
        if flag_gems.vendor_name == "kunlunxin":
>           torch.manual_seed(0)

test_unique_dim.py:97: 
_ _ _ _ _ _ _ _ _ _ _ _ _ _ _ _ _ _ _ _ _ _ _ _ _ _ _ _ _ _ _ _ _ _ _ _ _ _ _ _ 
/root/miniconda/envs/python310_torch29_cuda/lib/python3.10/site-packages/torch/_compile.py:53: in inner
    return disable_fn(*args, **kwargs)
/root/miniconda/envs/python310_torch29_cuda/lib/python3.10/site-packages/torch/_dynamo/eval_frame.py:1044: in _fn
    return fn(*args, **kwargs)
/root/miniconda/envs/python310_torch29_cuda/lib/python3.10/site-packages/torch/random.py:46: in manual_seed
    torch.cuda.manual_seed_all(seed)
/root/miniconda/envs/python310_torch29_cuda/lib/python3.10/site-packages/torch/cuda/random.py:131: in manual_seed_all
    _lazy_call(cb, seed_all=True)
/root/miniconda/envs/python310_torch29_cuda/lib/python3.10/site-packages/torch/cuda/__init__.py:341: in _lazy_call
    callable()
_ _ _ _ _ _ _ _ _ _ _ _ _ _ _ _ _ _ _ _ _ _ _ _ _ _ _ _ _ _ _ _ _ _ _ _ _ _ _ _ 

    def cb():
        for i in range(device_count()):
            default_generator = torch.cuda.default_generators[i]
>           default_generator.manual_seed(seed)
E           torch.AcceleratorError: CUDA error: unspecified launch failure
E           Search for `cudaErrorLaunchFailure' in https://docs.nvidia.com/cuda/cuda-runtime-api/group__CUDART__TYPES.html for more information.
E           CUDA kernel errors might be asynchronously reported at some other API call, so the stacktrace below might be incorrect.
E           For debugging consider passing CUDA_LAUNCH_BLOCKING=1
E           Compile with `TORCH_USE_CUDA_DSA` to enable device-side assertions.

/root/miniconda/envs/python310_torch29_cuda/lib/python3.10/site-packages/torch/cuda/random.py:129: AcceleratorError
_________ test_unique_dim_int[False-False-few_unique-dtype1-shape12-2] _________

shape = (3, 4, 5, 6), dim = 2, dtype = torch.int32, pattern = 'few_unique'
return_inverse = False, return_counts = False

    @pytest.mark.unique_dim
    @pytest.mark.parametrize("shape, dim", SHAPE_DIM_CASES)
    @pytest.mark.parametrize("dtype", utils.INT_DTYPES)
    @pytest.mark.parametrize("pattern", ["few_unique", "all_unique", "all_duplicate"])
    @pytest.mark.parametrize("return_inverse", [False, True])
    @pytest.mark.parametrize("return_counts", [False, True])
    def test_unique_dim_int(shape, dim, dtype, pattern, return_inverse, return_counts):
        if flag_gems.vendor_name == "kunlunxin":
>           torch.manual_seed(0)

test_unique_dim.py:97: 
_ _ _ _ _ _ _ _ _ _ _ _ _ _ _ _ _ _ _ _ _ _ _ _ _ _ _ _ _ _ _ _ _ _ _ _ _ _ _ _ 
/root/miniconda/envs/python310_torch29_cuda/lib/python3.10/site-packages/torch/_compile.py:53: in inner
    return disable_fn(*args, **kwargs)
/root/miniconda/envs/python310_torch29_cuda/lib/python3.10/site-packages/torch/_dynamo/eval_frame.py:1044: in _fn
    return fn(*args, **kwargs)
/root/miniconda/envs/python310_torch29_cuda/lib/python3.10/site-packages/torch/random.py:46: in manual_seed
    torch.cuda.manual_seed_all(seed)
/root/miniconda/envs/python310_torch29_cuda/lib/python3.10/site-packages/torch/cuda/random.py:131: in manual_seed_all
    _lazy_call(cb, seed_all=True)
/root/miniconda/envs/python310_torch29_cuda/lib/python3.10/site-packages/torch/cuda/__init__.py:341: in _lazy_call
    callable()
_ _ _ _ _ _ _ _ _ _ _ _ _ _ _ _ _ _ _ _ _ _ _ _ _ _ _ _ _ _ _ _ _ _ _ _ _ _ _ _ 

    def cb():
        for i in range(device_count()):
            default_generator = torch.cuda.default_generators[i]
>           default_generator.manual_seed(seed)
E           torch.AcceleratorError: CUDA error: unspecified launch failure
E           Search for `cudaErrorLaunchFailure' in https://docs.nvidia.com/cuda/cuda-runtime-api/group__CUDART__TYPES.html for more information.
E           CUDA kernel errors might be asynchronously reported at some other API call, so the stacktrace below might be incorrect.
E           For debugging consider passing CUDA_LAUNCH_BLOCKING=1
E           Compile with `TORCH_USE_CUDA_DSA` to enable device-side assertions.

/root/miniconda/envs/python310_torch29_cuda/lib/python3.10/site-packages/torch/cuda/random.py:129: AcceleratorError
________ test_unique_dim_int[False-False-few_unique-dtype1-shape13--1] _________

shape = (3, 4, 5, 6), dim = -1, dtype = torch.int32, pattern = 'few_unique'
return_inverse = False, return_counts = False

    @pytest.mark.unique_dim
    @pytest.mark.parametrize("shape, dim", SHAPE_DIM_CASES)
    @pytest.mark.parametrize("dtype", utils.INT_DTYPES)
    @pytest.mark.parametrize("pattern", ["few_unique", "all_unique", "all_duplicate"])
    @pytest.mark.parametrize("return_inverse", [False, True])
    @pytest.mark.parametrize("return_counts", [False, True])
    def test_unique_dim_int(shape, dim, dtype, pattern, return_inverse, return_counts):
        if flag_gems.vendor_name == "kunlunxin":
>           torch.manual_seed(0)

test_unique_dim.py:97: 
_ _ _ _ _ _ _ _ _ _ _ _ _ _ _ _ _ _ _ _ _ _ _ _ _ _ _ _ _ _ _ _ _ _ _ _ _ _ _ _ 
/root/miniconda/envs/python310_torch29_cuda/lib/python3.10/site-packages/torch/_compile.py:53: in inner
    return disable_fn(*args, **kwargs)
/root/miniconda/envs/python310_torch29_cuda/lib/python3.10/site-packages/torch/_dynamo/eval_frame.py:1044: in _fn
    return fn(*args, **kwargs)
/root/miniconda/envs/python310_torch29_cuda/lib/python3.10/site-packages/torch/random.py:46: in manual_seed
    torch.cuda.manual_seed_all(seed)
/root/miniconda/envs/python310_torch29_cuda/lib/python3.10/site-packages/torch/cuda/random.py:131: in manual_seed_all
    _lazy_call(cb, seed_all=True)
/root/miniconda/envs/python310_torch29_cuda/lib/python3.10/site-packages/torch/cuda/__init__.py:341: in _lazy_call
    callable()
_ _ _ _ _ _ _ _ _ _ _ _ _ _ _ _ _ _ _ _ _ _ _ _ _ _ _ _ _ _ _ _ _ _ _ _ _ _ _ _ 

    def cb():
        for i in range(device_count()):
            default_generator = torch.cuda.default_generators[i]
>           default_generator.manual_seed(seed)
E           torch.AcceleratorError: CUDA error: unspecified launch failure
E           Search for `cudaErrorLaunchFailure' in https://docs.nvidia.com/cuda/cuda-runtime-api/group__CUDART__TYPES.html for more information.
E           CUDA kernel errors might be asynchronously reported at some other API call, so the stacktrace below might be incorrect.
E           For debugging consider passing CUDA_LAUNCH_BLOCKING=1
E           Compile with `TORCH_USE_CUDA_DSA` to enable device-side assertions.

/root/miniconda/envs/python310_torch29_cuda/lib/python3.10/site-packages/torch/cuda/random.py:129: AcceleratorError
_________ test_unique_dim_int[False-False-all_unique-dtype0-shape0-0] __________

shape = (8,), dim = 0, dtype = torch.int16, pattern = 'all_unique'
return_inverse = False, return_counts = False

    @pytest.mark.unique_dim
    @pytest.mark.parametrize("shape, dim", SHAPE_DIM_CASES)
    @pytest.mark.parametrize("dtype", utils.INT_DTYPES)
    @pytest.mark.parametrize("pattern", ["few_unique", "all_unique", "all_duplicate"])
    @pytest.mark.parametrize("return_inverse", [False, True])
    @pytest.mark.parametrize("return_counts", [False, True])
    def test_unique_dim_int(shape, dim, dtype, pattern, return_inverse, return_counts):
        if flag_gems.vendor_name == "kunlunxin":
>           torch.manual_seed(0)

test_unique_dim.py:97: 
_ _ _ _ _ _ _ _ _ _ _ _ _ _ _ _ _ _ _ _ _ _ _ _ _ _ _ _ _ _ _ _ _ _ _ _ _ _ _ _ 
/root/miniconda/envs/python310_torch29_cuda/lib/python3.10/site-packages/torch/_compile.py:53: in inner
    return disable_fn(*args, **kwargs)
/root/miniconda/envs/python310_torch29_cuda/lib/python3.10/site-packages/torch/_dynamo/eval_frame.py:1044: in _fn
    return fn(*args, **kwargs)
/root/miniconda/envs/python310_torch29_cuda/lib/python3.10/site-packages/torch/random.py:46: in manual_seed
    torch.cuda.manual_seed_all(seed)
/root/miniconda/envs/python310_torch29_cuda/lib/python3.10/site-packages/torch/cuda/random.py:131: in manual_seed_all
    _lazy_call(cb, seed_all=True)
/root/miniconda/envs/python310_torch29_cuda/lib/python3.10/site-packages/torch/cuda/__init__.py:341: in _lazy_call
    callable()
_ _ _ _ _ _ _ _ _ _ _ _ _ _ _ _ _ _ _ _ _ _ _ _ _ _ _ _ _ _ _ _ _ _ _ _ _ _ _ _ 

    def cb():
        for i in range(device_count()):
            default_generator = torch.cuda.default_generators[i]
>           default_generator.manual_seed(seed)
E           torch.AcceleratorError: CUDA error: unspecified launch failure
E           Search for `cudaErrorLaunchFailure' in https://docs.nvidia.com/cuda/cuda-runtime-api/group__CUDART__TYPES.html for more information.
E           CUDA kernel errors might be asynchronously reported at some other API call, so the stacktrace below might be incorrect.
E           For debugging consider passing CUDA_LAUNCH_BLOCKING=1
E           Compile with `TORCH_USE_CUDA_DSA` to enable device-side assertions.

/root/miniconda/envs/python310_torch29_cuda/lib/python3.10/site-packages/torch/cuda/random.py:129: AcceleratorError
_________ test_unique_dim_int[False-False-all_unique-dtype0-shape1--1] _________

shape = (8,), dim = -1, dtype = torch.int16, pattern = 'all_unique'
return_inverse = False, return_counts = False

    @pytest.mark.unique_dim
    @pytest.mark.parametrize("shape, dim", SHAPE_DIM_CASES)
    @pytest.mark.parametrize("dtype", utils.INT_DTYPES)
    @pytest.mark.parametrize("pattern", ["few_unique", "all_unique", "all_duplicate"])
    @pytest.mark.parametrize("return_inverse", [False, True])
    @pytest.mark.parametrize("return_counts", [False, True])
    def test_unique_dim_int(shape, dim, dtype, pattern, return_inverse, return_counts):
        if flag_gems.vendor_name == "kunlunxin":
>           torch.manual_seed(0)

test_unique_dim.py:97: 
_ _ _ _ _ _ _ _ _ _ _ _ _ _ _ _ _ _ _ _ _ _ _ _ _ _ _ _ _ _ _ _ _ _ _ _ _ _ _ _ 
/root/miniconda/envs/python310_torch29_cuda/lib/python3.10/site-packages/torch/_compile.py:53: in inner
    return disable_fn(*args, **kwargs)
/root/miniconda/envs/python310_torch29_cuda/lib/python3.10/site-packages/torch/_dynamo/eval_frame.py:1044: in _fn
    return fn(*args, **kwargs)
/root/miniconda/envs/python310_torch29_cuda/lib/python3.10/site-packages/torch/random.py:46: in manual_seed
    torch.cuda.manual_seed_all(seed)
/root/miniconda/envs/python310_torch29_cuda/lib/python3.10/site-packages/torch/cuda/random.py:131: in manual_seed_all
    _lazy_call(cb, seed_all=True)
/root/miniconda/envs/python310_torch29_cuda/lib/python3.10/site-packages/torch/cuda/__init__.py:341: in _lazy_call
    callable()
_ _ _ _ _ _ _ _ _ _ _ _ _ _ _ _ _ _ _ _ _ _ _ _ _ _ _ _ _ _ _ _ _ _ _ _ _ _ _ _ 

    def cb():
        for i in range(device_count()):
            default_generator = torch.cuda.default_generators[i]
>           default_generator.manual_seed(seed)
E           torch.AcceleratorError: CUDA error: unspecified launch failure
E           Search for `cudaErrorLaunchFailure' in https://docs.nvidia.com/cuda/cuda-runtime-api/group__CUDART__TYPES.html for more information.
E           CUDA kernel errors might be asynchronously reported at some other API call, so the stacktrace below might be incorrect.
E           For debugging consider passing CUDA_LAUNCH_BLOCKING=1
E           Compile with `TORCH_USE_CUDA_DSA` to enable device-side assertions.

/root/miniconda/envs/python310_torch29_cuda/lib/python3.10/site-packages/torch/cuda/random.py:129: AcceleratorError
_________ test_unique_dim_int[False-False-all_unique-dtype0-shape2-0] __________

shape = (16, 4), dim = 0, dtype = torch.int16, pattern = 'all_unique'
return_inverse = False, return_counts = False

    @pytest.mark.unique_dim
    @pytest.mark.parametrize("shape, dim", SHAPE_DIM_CASES)
    @pytest.mark.parametrize("dtype", utils.INT_DTYPES)
    @pytest.mark.parametrize("pattern", ["few_unique", "all_unique", "all_duplicate"])
    @pytest.mark.parametrize("return_inverse", [False, True])
    @pytest.mark.parametrize("return_counts", [False, True])
    def test_unique_dim_int(shape, dim, dtype, pattern, return_inverse, return_counts):
        if flag_gems.vendor_name == "kunlunxin":
>           torch.manual_seed(0)

test_unique_dim.py:97: 
_ _ _ _ _ _ _ _ _ _ _ _ _ _ _ _ _ _ _ _ _ _ _ _ _ _ _ _ _ _ _ _ _ _ _ _ _ _ _ _ 
/root/miniconda/envs/python310_torch29_cuda/lib/python3.10/site-packages/torch/_compile.py:53: in inner
    return disable_fn(*args, **kwargs)
/root/miniconda/envs/python310_torch29_cuda/lib/python3.10/site-packages/torch/_dynamo/eval_frame.py:1044: in _fn
    return fn(*args, **kwargs)
/root/miniconda/envs/python310_torch29_cuda/lib/python3.10/site-packages/torch/random.py:46: in manual_seed
    torch.cuda.manual_seed_all(seed)
/root/miniconda/envs/python310_torch29_cuda/lib/python3.10/site-packages/torch/cuda/random.py:131: in manual_seed_all
    _lazy_call(cb, seed_all=True)
/root/miniconda/envs/python310_torch29_cuda/lib/python3.10/site-packages/torch/cuda/__init__.py:341: in _lazy_call
    callable()
_ _ _ _ _ _ _ _ _ _ _ _ _ _ _ _ _ _ _ _ _ _ _ _ _ _ _ _ _ _ _ _ _ _ _ _ _ _ _ _ 

    def cb():
        for i in range(device_count()):
            default_generator = torch.cuda.default_generators[i]
>           default_generator.manual_seed(seed)
E           torch.AcceleratorError: CUDA error: unspecified launch failure
E           Search for `cudaErrorLaunchFailure' in https://docs.nvidia.com/cuda/cuda-runtime-api/group__CUDART__TYPES.html for more information.
E           CUDA kernel errors might be asynchronously reported at some other API call, so the stacktrace below might be incorrect.
E           For debugging consider passing CUDA_LAUNCH_BLOCKING=1
E           Compile with `TORCH_USE_CUDA_DSA` to enable device-side assertions.

/root/miniconda/envs/python310_torch29_cuda/lib/python3.10/site-packages/torch/cuda/random.py:129: AcceleratorError
_________ test_unique_dim_int[False-False-all_unique-dtype0-shape3-1] __________

shape = (16, 4), dim = 1, dtype = torch.int16, pattern = 'all_unique'
return_inverse = False, return_counts = False

    @pytest.mark.unique_dim
    @pytest.mark.parametrize("shape, dim", SHAPE_DIM_CASES)
    @pytest.mark.parametrize("dtype", utils.INT_DTYPES)
    @pytest.mark.parametrize("pattern", ["few_unique", "all_unique", "all_duplicate"])
    @pytest.mark.parametrize("return_inverse", [False, True])
    @pytest.mark.parametrize("return_counts", [False, True])
    def test_unique_dim_int(shape, dim, dtype, pattern, return_inverse, return_counts):
        if flag_gems.vendor_name == "kunlunxin":
>           torch.manual_seed(0)

test_unique_dim.py:97: 
_ _ _ _ _ _ _ _ _ _ _ _ _ _ _ _ _ _ _ _ _ _ _ _ _ _ _ _ _ _ _ _ _ _ _ _ _ _ _ _ 
/root/miniconda/envs/python310_torch29_cuda/lib/python3.10/site-packages/torch/_compile.py:53: in inner
    return disable_fn(*args, **kwargs)
/root/miniconda/envs/python310_torch29_cuda/lib/python3.10/site-packages/torch/_dynamo/eval_frame.py:1044: in _fn
    return fn(*args, **kwargs)
/root/miniconda/envs/python310_torch29_cuda/lib/python3.10/site-packages/torch/random.py:46: in manual_seed
    torch.cuda.manual_seed_all(seed)
/root/miniconda/envs/python310_torch29_cuda/lib/python3.10/site-packages/torch/cuda/random.py:131: in manual_seed_all
    _lazy_call(cb, seed_all=True)
/root/miniconda/envs/python310_torch29_cuda/lib/python3.10/site-packages/torch/cuda/__init__.py:341: in _lazy_call
    callable()
_ _ _ _ _ _ _ _ _ _ _ _ _ _ _ _ _ _ _ _ _ _ _ _ _ _ _ _ _ _ _ _ _ _ _ _ _ _ _ _ 

    def cb():
        for i in range(device_count()):
            default_generator = torch.cuda.default_generators[i]
>           default_generator.manual_seed(seed)
E           torch.AcceleratorError: CUDA error: unspecified launch failure
E           Search for `cudaErrorLaunchFailure' in https://docs.nvidia.com/cuda/cuda-runtime-api/group__CUDART__TYPES.html for more information.
E           CUDA kernel errors might be asynchronously reported at some other API call, so the stacktrace below might be incorrect.
E           For debugging consider passing CUDA_LAUNCH_BLOCKING=1
E           Compile with `TORCH_USE_CUDA_DSA` to enable device-side assertions.

/root/miniconda/envs/python310_torch29_cuda/lib/python3.10/site-packages/torch/cuda/random.py:129: AcceleratorError
_________ test_unique_dim_int[False-False-all_unique-dtype0-shape4--1] _________

shape = (16, 4), dim = -1, dtype = torch.int16, pattern = 'all_unique'
return_inverse = False, return_counts = False

    @pytest.mark.unique_dim
    @pytest.mark.parametrize("shape, dim", SHAPE_DIM_CASES)
    @pytest.mark.parametrize("dtype", utils.INT_DTYPES)
    @pytest.mark.parametrize("pattern", ["few_unique", "all_unique", "all_duplicate"])
    @pytest.mark.parametrize("return_inverse", [False, True])
    @pytest.mark.parametrize("return_counts", [False, True])
    def test_unique_dim_int(shape, dim, dtype, pattern, return_inverse, return_counts):
        if flag_gems.vendor_name == "kunlunxin":
>           torch.manual_seed(0)

test_unique_dim.py:97: 
_ _ _ _ _ _ _ _ _ _ _ _ _ _ _ _ _ _ _ _ _ _ _ _ _ _ _ _ _ _ _ _ _ _ _ _ _ _ _ _ 
/root/miniconda/envs/python310_torch29_cuda/lib/python3.10/site-packages/torch/_compile.py:53: in inner
    return disable_fn(*args, **kwargs)
/root/miniconda/envs/python310_torch29_cuda/lib/python3.10/site-packages/torch/_dynamo/eval_frame.py:1044: in _fn
    return fn(*args, **kwargs)
/root/miniconda/envs/python310_torch29_cuda/lib/python3.10/site-packages/torch/random.py:46: in manual_seed
    torch.cuda.manual_seed_all(seed)
/root/miniconda/envs/python310_torch29_cuda/lib/python3.10/site-packages/torch/cuda/random.py:131: in manual_seed_all
    _lazy_call(cb, seed_all=True)
/root/miniconda/envs/python310_torch29_cuda/lib/python3.10/site-packages/torch/cuda/__init__.py:341: in _lazy_call
    callable()
_ _ _ _ _ _ _ _ _ _ _ _ _ _ _ _ _ _ _ _ _ _ _ _ _ _ _ _ _ _ _ _ _ _ _ _ _ _ _ _ 

    def cb():
        for i in range(device_count()):
            default_generator = torch.cuda.default_generators[i]
>           default_generator.manual_seed(seed)
E           torch.AcceleratorError: CUDA error: unspecified launch failure
E           Search for `cudaErrorLaunchFailure' in https://docs.nvidia.com/cuda/cuda-runtime-api/group__CUDART__TYPES.html for more information.
E           CUDA kernel errors might be asynchronously reported at some other API call, so the stacktrace below might be incorrect.
E           For debugging consider passing CUDA_LAUNCH_BLOCKING=1
E           Compile with `TORCH_USE_CUDA_DSA` to enable device-side assertions.

/root/miniconda/envs/python310_torch29_cuda/lib/python3.10/site-packages/torch/cuda/random.py:129: AcceleratorError
_________ test_unique_dim_int[False-False-all_unique-dtype0-shape5-0] __________

shape = (4, 16), dim = 0, dtype = torch.int16, pattern = 'all_unique'
return_inverse = False, return_counts = False

    @pytest.mark.unique_dim
    @pytest.mark.parametrize("shape, dim", SHAPE_DIM_CASES)
    @pytest.mark.parametrize("dtype", utils.INT_DTYPES)
    @pytest.mark.parametrize("pattern", ["few_unique", "all_unique", "all_duplicate"])
    @pytest.mark.parametrize("return_inverse", [False, True])
    @pytest.mark.parametrize("return_counts", [False, True])
    def test_unique_dim_int(shape, dim, dtype, pattern, return_inverse, return_counts):
        if flag_gems.vendor_name == "kunlunxin":
>           torch.manual_seed(0)

test_unique_dim.py:97: 
_ _ _ _ _ _ _ _ _ _ _ _ _ _ _ _ _ _ _ _ _ _ _ _ _ _ _ _ _ _ _ _ _ _ _ _ _ _ _ _ 
/root/miniconda/envs/python310_torch29_cuda/lib/python3.10/site-packages/torch/_compile.py:53: in inner
    return disable_fn(*args, **kwargs)
/root/miniconda/envs/python310_torch29_cuda/lib/python3.10/site-packages/torch/_dynamo/eval_frame.py:1044: in _fn
    return fn(*args, **kwargs)
/root/miniconda/envs/python310_torch29_cuda/lib/python3.10/site-packages/torch/random.py:46: in manual_seed
    torch.cuda.manual_seed_all(seed)
/root/miniconda/envs/python310_torch29_cuda/lib/python3.10/site-packages/torch/cuda/random.py:131: in manual_seed_all
    _lazy_call(cb, seed_all=True)
/root/miniconda/envs/python310_torch29_cuda/lib/python3.10/site-packages/torch/cuda/__init__.py:341: in _lazy_call
    callable()
_ _ _ _ _ _ _ _ _ _ _ _ _ _ _ _ _ _ _ _ _ _ _ _ _ _ _ _ _ _ _ _ _ _ _ _ _ _ _ _ 

    def cb():
        for i in range(device_count()):
            default_generator = torch.cuda.default_generators[i]
>           default_generator.manual_seed(seed)
E           torch.AcceleratorError: CUDA error: unspecified launch failure
E           Search for `cudaErrorLaunchFailure' in https://docs.nvidia.com/cuda/cuda-runtime-api/group__CUDART__TYPES.html for more information.
E           CUDA kernel errors might be asynchronously reported at some other API call, so the stacktrace below might be incorrect.
E           For debugging consider passing CUDA_LAUNCH_BLOCKING=1
E           Compile with `TORCH_USE_CUDA_DSA` to enable device-side assertions.

/root/miniconda/envs/python310_torch29_cuda/lib/python3.10/site-packages/torch/cuda/random.py:129: AcceleratorError
_________ test_unique_dim_int[False-False-all_unique-dtype0-shape6-0] __________

shape = (32, 32), dim = 0, dtype = torch.int16, pattern = 'all_unique'
return_inverse = False, return_counts = False

    @pytest.mark.unique_dim
    @pytest.mark.parametrize("shape, dim", SHAPE_DIM_CASES)
    @pytest.mark.parametrize("dtype", utils.INT_DTYPES)
    @pytest.mark.parametrize("pattern", ["few_unique", "all_unique", "all_duplicate"])
    @pytest.mark.parametrize("return_inverse", [False, True])
    @pytest.mark.parametrize("return_counts", [False, True])
    def test_unique_dim_int(shape, dim, dtype, pattern, return_inverse, return_counts):
        if flag_gems.vendor_name == "kunlunxin":
>           torch.manual_seed(0)

test_unique_dim.py:97: 
_ _ _ _ _ _ _ _ _ _ _ _ _ _ _ _ _ _ _ _ _ _ _ _ _ _ _ _ _ _ _ _ _ _ _ _ _ _ _ _ 
/root/miniconda/envs/python310_torch29_cuda/lib/python3.10/site-packages/torch/_compile.py:53: in inner
    return disable_fn(*args, **kwargs)
/root/miniconda/envs/python310_torch29_cuda/lib/python3.10/site-packages/torch/_dynamo/eval_frame.py:1044: in _fn
    return fn(*args, **kwargs)
/root/miniconda/envs/python310_torch29_cuda/lib/python3.10/site-packages/torch/random.py:46: in manual_seed
    torch.cuda.manual_seed_all(seed)
/root/miniconda/envs/python310_torch29_cuda/lib/python3.10/site-packages/torch/cuda/random.py:131: in manual_seed_all
    _lazy_call(cb, seed_all=True)
/root/miniconda/envs/python310_torch29_cuda/lib/python3.10/site-packages/torch/cuda/__init__.py:341: in _lazy_call
    callable()
_ _ _ _ _ _ _ _ _ _ _ _ _ _ _ _ _ _ _ _ _ _ _ _ _ _ _ _ _ _ _ _ _ _ _ _ _ _ _ _ 

    def cb():
        for i in range(device_count()):
            default_generator = torch.cuda.default_generators[i]
>           default_generator.manual_seed(seed)
E           torch.AcceleratorError: CUDA error: unspecified launch failure
E           Search for `cudaErrorLaunchFailure' in https://docs.nvidia.com/cuda/cuda-runtime-api/group__CUDART__TYPES.html for more information.
E           CUDA kernel errors might be asynchronously reported at some other API call, so the stacktrace below might be incorrect.
E           For debugging consider passing CUDA_LAUNCH_BLOCKING=1
E           Compile with `TORCH_USE_CUDA_DSA` to enable device-side assertions.

/root/miniconda/envs/python310_torch29_cuda/lib/python3.10/site-packages/torch/cuda/random.py:129: AcceleratorError
_________ test_unique_dim_int[False-False-all_unique-dtype0-shape7-1] __________

shape = (32, 32), dim = 1, dtype = torch.int16, pattern = 'all_unique'
return_inverse = False, return_counts = False

    @pytest.mark.unique_dim
    @pytest.mark.parametrize("shape, dim", SHAPE_DIM_CASES)
    @pytest.mark.parametrize("dtype", utils.INT_DTYPES)
    @pytest.mark.parametrize("pattern", ["few_unique", "all_unique", "all_duplicate"])
    @pytest.mark.parametrize("return_inverse", [False, True])
    @pytest.mark.parametrize("return_counts", [False, True])
    def test_unique_dim_int(shape, dim, dtype, pattern, return_inverse, return_counts):
        if flag_gems.vendor_name == "kunlunxin":
>           torch.manual_seed(0)

test_unique_dim.py:97: 
_ _ _ _ _ _ _ _ _ _ _ _ _ _ _ _ _ _ _ _ _ _ _ _ _ _ _ _ _ _ _ _ _ _ _ _ _ _ _ _ 
/root/miniconda/envs/python310_torch29_cuda/lib/python3.10/site-packages/torch/_compile.py:53: in inner
    return disable_fn(*args, **kwargs)
/root/miniconda/envs/python310_torch29_cuda/lib/python3.10/site-packages/torch/_dynamo/eval_frame.py:1044: in _fn
    return fn(*args, **kwargs)
/root/miniconda/envs/python310_torch29_cuda/lib/python3.10/site-packages/torch/random.py:46: in manual_seed
    torch.cuda.manual_seed_all(seed)
/root/miniconda/envs/python310_torch29_cuda/lib/python3.10/site-packages/torch/cuda/random.py:131: in manual_seed_all
    _lazy_call(cb, seed_all=True)
/root/miniconda/envs/python310_torch29_cuda/lib/python3.10/site-packages/torch/cuda/__init__.py:341: in _lazy_call
    callable()
_ _ _ _ _ _ _ _ _ _ _ _ _ _ _ _ _ _ _ _ _ _ _ _ _ _ _ _ _ _ _ _ _ _ _ _ _ _ _ _ 

    def cb():
        for i in range(device_count()):
            default_generator = torch.cuda.default_generators[i]
>           default_generator.manual_seed(seed)
E           torch.AcceleratorError: CUDA error: unspecified launch failure
E           Search for `cudaErrorLaunchFailure' in https://docs.nvidia.com/cuda/cuda-runtime-api/group__CUDART__TYPES.html for more information.
E           CUDA kernel errors might be asynchronously reported at some other API call, so the stacktrace below might be incorrect.
E           For debugging consider passing CUDA_LAUNCH_BLOCKING=1
E           Compile with `TORCH_USE_CUDA_DSA` to enable device-side assertions.

/root/miniconda/envs/python310_torch29_cuda/lib/python3.10/site-packages/torch/cuda/random.py:129: AcceleratorError
_________ test_unique_dim_int[False-False-all_unique-dtype0-shape8-0] __________

shape = (6, 5, 4), dim = 0, dtype = torch.int16, pattern = 'all_unique'
return_inverse = False, return_counts = False

    @pytest.mark.unique_dim
    @pytest.mark.parametrize("shape, dim", SHAPE_DIM_CASES)
    @pytest.mark.parametrize("dtype", utils.INT_DTYPES)
    @pytest.mark.parametrize("pattern", ["few_unique", "all_unique", "all_duplicate"])
    @pytest.mark.parametrize("return_inverse", [False, True])
    @pytest.mark.parametrize("return_counts", [False, True])
    def test_unique_dim_int(shape, dim, dtype, pattern, return_inverse, return_counts):
        if flag_gems.vendor_name == "kunlunxin":
>           torch.manual_seed(0)

test_unique_dim.py:97: 
_ _ _ _ _ _ _ _ _ _ _ _ _ _ _ _ _ _ _ _ _ _ _ _ _ _ _ _ _ _ _ _ _ _ _ _ _ _ _ _ 
/root/miniconda/envs/python310_torch29_cuda/lib/python3.10/site-packages/torch/_compile.py:53: in inner
    return disable_fn(*args, **kwargs)
/root/miniconda/envs/python310_torch29_cuda/lib/python3.10/site-packages/torch/_dynamo/eval_frame.py:1044: in _fn
    return fn(*args, **kwargs)
/root/miniconda/envs/python310_torch29_cuda/lib/python3.10/site-packages/torch/random.py:46: in manual_seed
    torch.cuda.manual_seed_all(seed)
/root/miniconda/envs/python310_torch29_cuda/lib/python3.10/site-packages/torch/cuda/random.py:131: in manual_seed_all
    _lazy_call(cb, seed_all=True)
/root/miniconda/envs/python310_torch29_cuda/lib/python3.10/site-packages/torch/cuda/__init__.py:341: in _lazy_call
    callable()
_ _ _ _ _ _ _ _ _ _ _ _ _ _ _ _ _ _ _ _ _ _ _ _ _ _ _ _ _ _ _ _ _ _ _ _ _ _ _ _ 

    def cb():
        for i in range(device_count()):
            default_generator = torch.cuda.default_generators[i]
>           default_generator.manual_seed(seed)
E           torch.AcceleratorError: CUDA error: unspecified launch failure
E           Search for `cudaErrorLaunchFailure' in https://docs.nvidia.com/cuda/cuda-runtime-api/group__CUDART__TYPES.html for more information.
E           CUDA kernel errors might be asynchronously reported at some other API call, so the stacktrace below might be incorrect.
E           For debugging consider passing CUDA_LAUNCH_BLOCKING=1
E           Compile with `TORCH_USE_CUDA_DSA` to enable device-side assertions.

/root/miniconda/envs/python310_torch29_cuda/lib/python3.10/site-packages/torch/cuda/random.py:129: AcceleratorError
_________ test_unique_dim_int[False-False-all_unique-dtype0-shape9-1] __________

shape = (6, 5, 4), dim = 1, dtype = torch.int16, pattern = 'all_unique'
return_inverse = False, return_counts = False

    @pytest.mark.unique_dim
    @pytest.mark.parametrize("shape, dim", SHAPE_DIM_CASES)
    @pytest.mark.parametrize("dtype", utils.INT_DTYPES)
    @pytest.mark.parametrize("pattern", ["few_unique", "all_unique", "all_duplicate"])
    @pytest.mark.parametrize("return_inverse", [False, True])
    @pytest.mark.parametrize("return_counts", [False, True])
    def test_unique_dim_int(shape, dim, dtype, pattern, return_inverse, return_counts):
        if flag_gems.vendor_name == "kunlunxin":
>           torch.manual_seed(0)

test_unique_dim.py:97: 
_ _ _ _ _ _ _ _ _ _ _ _ _ _ _ _ _ _ _ _ _ _ _ _ _ _ _ _ _ _ _ _ _ _ _ _ _ _ _ _ 
/root/miniconda/envs/python310_torch29_cuda/lib/python3.10/site-packages/torch/_compile.py:53: in inner
    return disable_fn(*args, **kwargs)
/root/miniconda/envs/python310_torch29_cuda/lib/python3.10/site-packages/torch/_dynamo/eval_frame.py:1044: in _fn
    return fn(*args, **kwargs)
/root/miniconda/envs/python310_torch29_cuda/lib/python3.10/site-packages/torch/random.py:46: in manual_seed
    torch.cuda.manual_seed_all(seed)
/root/miniconda/envs/python310_torch29_cuda/lib/python3.10/site-packages/torch/cuda/random.py:131: in manual_seed_all
    _lazy_call(cb, seed_all=True)
/root/miniconda/envs/python310_torch29_cuda/lib/python3.10/site-packages/torch/cuda/__init__.py:341: in _lazy_call
    callable()
_ _ _ _ _ _ _ _ _ _ _ _ _ _ _ _ _ _ _ _ _ _ _ _ _ _ _ _ _ _ _ _ _ _ _ _ _ _ _ _ 

    def cb():
        for i in range(device_count()):
            default_generator = torch.cuda.default_generators[i]
>           default_generator.manual_seed(seed)
E           torch.AcceleratorError: CUDA error: unspecified launch failure
E           Search for `cudaErrorLaunchFailure' in https://docs.nvidia.com/cuda/cuda-runtime-api/group__CUDART__TYPES.html for more information.
E           CUDA kernel errors might be asynchronously reported at some other API call, so the stacktrace below might be incorrect.
E           For debugging consider passing CUDA_LAUNCH_BLOCKING=1
E           Compile with `TORCH_USE_CUDA_DSA` to enable device-side assertions.

/root/miniconda/envs/python310_torch29_cuda/lib/python3.10/site-packages/torch/cuda/random.py:129: AcceleratorError
_________ test_unique_dim_int[False-False-all_unique-dtype0-shape10-2] _________

shape = (6, 5, 4), dim = 2, dtype = torch.int16, pattern = 'all_unique'
return_inverse = False, return_counts = False

    @pytest.mark.unique_dim
    @pytest.mark.parametrize("shape, dim", SHAPE_DIM_CASES)
    @pytest.mark.parametrize("dtype", utils.INT_DTYPES)
    @pytest.mark.parametrize("pattern", ["few_unique", "all_unique", "all_duplicate"])
    @pytest.mark.parametrize("return_inverse", [False, True])
    @pytest.mark.parametrize("return_counts", [False, True])
    def test_unique_dim_int(shape, dim, dtype, pattern, return_inverse, return_counts):
        if flag_gems.vendor_name == "kunlunxin":
>           torch.manual_seed(0)

test_unique_dim.py:97: 
_ _ _ _ _ _ _ _ _ _ _ _ _ _ _ _ _ _ _ _ _ _ _ _ _ _ _ _ _ _ _ _ _ _ _ _ _ _ _ _ 
/root/miniconda/envs/python310_torch29_cuda/lib/python3.10/site-packages/torch/_compile.py:53: in inner
    return disable_fn(*args, **kwargs)
/root/miniconda/envs/python310_torch29_cuda/lib/python3.10/site-packages/torch/_dynamo/eval_frame.py:1044: in _fn
    return fn(*args, **kwargs)
/root/miniconda/envs/python310_torch29_cuda/lib/python3.10/site-packages/torch/random.py:46: in manual_seed
    torch.cuda.manual_seed_all(seed)
/root/miniconda/envs/python310_torch29_cuda/lib/python3.10/site-packages/torch/cuda/random.py:131: in manual_seed_all
    _lazy_call(cb, seed_all=True)
/root/miniconda/envs/python310_torch29_cuda/lib/python3.10/site-packages/torch/cuda/__init__.py:341: in _lazy_call
    callable()
_ _ _ _ _ _ _ _ _ _ _ _ _ _ _ _ _ _ _ _ _ _ _ _ _ _ _ _ _ _ _ _ _ _ _ _ _ _ _ _ 

    def cb():
        for i in range(device_count()):
            default_generator = torch.cuda.default_generators[i]
>           default_generator.manual_seed(seed)
E           torch.AcceleratorError: CUDA error: unspecified launch failure
E           Search for `cudaErrorLaunchFailure' in https://docs.nvidia.com/cuda/cuda-runtime-api/group__CUDART__TYPES.html for more information.
E           CUDA kernel errors might be asynchronously reported at some other API call, so the stacktrace below might be incorrect.
E           For debugging consider passing CUDA_LAUNCH_BLOCKING=1
E           Compile with `TORCH_USE_CUDA_DSA` to enable device-side assertions.

/root/miniconda/envs/python310_torch29_cuda/lib/python3.10/site-packages/torch/cuda/random.py:129: AcceleratorError
________ test_unique_dim_int[False-False-all_unique-dtype0-shape11--2] _________

shape = (6, 5, 4), dim = -2, dtype = torch.int16, pattern = 'all_unique'
return_inverse = False, return_counts = False

    @pytest.mark.unique_dim
    @pytest.mark.parametrize("shape, dim", SHAPE_DIM_CASES)
    @pytest.mark.parametrize("dtype", utils.INT_DTYPES)
    @pytest.mark.parametrize("pattern", ["few_unique", "all_unique", "all_duplicate"])
    @pytest.mark.parametrize("return_inverse", [False, True])
    @pytest.mark.parametrize("return_counts", [False, True])
    def test_unique_dim_int(shape, dim, dtype, pattern, return_inverse, return_counts):
        if flag_gems.vendor_name == "kunlunxin":
>           torch.manual_seed(0)

test_unique_dim.py:97: 
_ _ _ _ _ _ _ _ _ _ _ _ _ _ _ _ _ _ _ _ _ _ _ _ _ _ _ _ _ _ _ _ _ _ _ _ _ _ _ _ 
/root/miniconda/envs/python310_torch29_cuda/lib/python3.10/site-packages/torch/_compile.py:53: in inner
    return disable_fn(*args, **kwargs)
/root/miniconda/envs/python310_torch29_cuda/lib/python3.10/site-packages/torch/_dynamo/eval_frame.py:1044: in _fn
    return fn(*args, **kwargs)
/root/miniconda/envs/python310_torch29_cuda/lib/python3.10/site-packages/torch/random.py:46: in manual_seed
    torch.cuda.manual_seed_all(seed)
/root/miniconda/envs/python310_torch29_cuda/lib/python3.10/site-packages/torch/cuda/random.py:131: in manual_seed_all
    _lazy_call(cb, seed_all=True)
/root/miniconda/envs/python310_torch29_cuda/lib/python3.10/site-packages/torch/cuda/__init__.py:341: in _lazy_call
    callable()
_ _ _ _ _ _ _ _ _ _ _ _ _ _ _ _ _ _ _ _ _ _ _ _ _ _ _ _ _ _ _ _ _ _ _ _ _ _ _ _ 

    def cb():
        for i in range(device_count()):
            default_generator = torch.cuda.default_generators[i]
>           default_generator.manual_seed(seed)
E           torch.AcceleratorError: CUDA error: unspecified launch failure
E           Search for `cudaErrorLaunchFailure' in https://docs.nvidia.com/cuda/cuda-runtime-api/group__CUDART__TYPES.html for more information.
E           CUDA kernel errors might be asynchronously reported at some other API call, so the stacktrace below might be incorrect.
E           For debugging consider passing CUDA_LAUNCH_BLOCKING=1
E           Compile with `TORCH_USE_CUDA_DSA` to enable device-side assertions.

/root/miniconda/envs/python310_torch29_cuda/lib/python3.10/site-packages/torch/cuda/random.py:129: AcceleratorError
_________ test_unique_dim_int[False-False-all_unique-dtype0-shape12-2] _________

shape = (3, 4, 5, 6), dim = 2, dtype = torch.int16, pattern = 'all_unique'
return_inverse = False, return_counts = False

    @pytest.mark.unique_dim
    @pytest.mark.parametrize("shape, dim", SHAPE_DIM_CASES)
    @pytest.mark.parametrize("dtype", utils.INT_DTYPES)
    @pytest.mark.parametrize("pattern", ["few_unique", "all_unique", "all_duplicate"])
    @pytest.mark.parametrize("return_inverse", [False, True])
    @pytest.mark.parametrize("return_counts", [False, True])
    def test_unique_dim_int(shape, dim, dtype, pattern, return_inverse, return_counts):
        if flag_gems.vendor_name == "kunlunxin":
>           torch.manual_seed(0)

test_unique_dim.py:97: 
_ _ _ _ _ _ _ _ _ _ _ _ _ _ _ _ _ _ _ _ _ _ _ _ _ _ _ _ _ _ _ _ _ _ _ _ _ _ _ _ 
/root/miniconda/envs/python310_torch29_cuda/lib/python3.10/site-packages/torch/_compile.py:53: in inner
    return disable_fn(*args, **kwargs)
/root/miniconda/envs/python310_torch29_cuda/lib/python3.10/site-packages/torch/_dynamo/eval_frame.py:1044: in _fn
    return fn(*args, **kwargs)
/root/miniconda/envs/python310_torch29_cuda/lib/python3.10/site-packages/torch/random.py:46: in manual_seed
    torch.cuda.manual_seed_all(seed)
/root/miniconda/envs/python310_torch29_cuda/lib/python3.10/site-packages/torch/cuda/random.py:131: in manual_seed_all
    _lazy_call(cb, seed_all=True)
/root/miniconda/envs/python310_torch29_cuda/lib/python3.10/site-packages/torch/cuda/__init__.py:341: in _lazy_call
    callable()
_ _ _ _ _ _ _ _ _ _ _ _ _ _ _ _ _ _ _ _ _ _ _ _ _ _ _ _ _ _ _ _ _ _ _ _ _ _ _ _ 

    def cb():
        for i in range(device_count()):
            default_generator = torch.cuda.default_generators[i]
>           default_generator.manual_seed(seed)
E           torch.AcceleratorError: CUDA error: unspecified launch failure
E           Search for `cudaErrorLaunchFailure' in https://docs.nvidia.com/cuda/cuda-runtime-api/group__CUDART__TYPES.html for more information.
E           CUDA kernel errors might be asynchronously reported at some other API call, so the stacktrace below might be incorrect.
E           For debugging consider passing CUDA_LAUNCH_BLOCKING=1
E           Compile with `TORCH_USE_CUDA_DSA` to enable device-side assertions.

/root/miniconda/envs/python310_torch29_cuda/lib/python3.10/site-packages/torch/cuda/random.py:129: AcceleratorError
________ test_unique_dim_int[False-False-all_unique-dtype0-shape13--1] _________

shape = (3, 4, 5, 6), dim = -1, dtype = torch.int16, pattern = 'all_unique'
return_inverse = False, return_counts = False

    @pytest.mark.unique_dim
    @pytest.mark.parametrize("shape, dim", SHAPE_DIM_CASES)
    @pytest.mark.parametrize("dtype", utils.INT_DTYPES)
    @pytest.mark.parametrize("pattern", ["few_unique", "all_unique", "all_duplicate"])
    @pytest.mark.parametrize("return_inverse", [False, True])
    @pytest.mark.parametrize("return_counts", [False, True])
    def test_unique_dim_int(shape, dim, dtype, pattern, return_inverse, return_counts):
        if flag_gems.vendor_name == "kunlunxin":
>           torch.manual_seed(0)

test_unique_dim.py:97: 
_ _ _ _ _ _ _ _ _ _ _ _ _ _ _ _ _ _ _ _ _ _ _ _ _ _ _ _ _ _ _ _ _ _ _ _ _ _ _ _ 
/root/miniconda/envs/python310_torch29_cuda/lib/python3.10/site-packages/torch/_compile.py:53: in inner
    return disable_fn(*args, **kwargs)
/root/miniconda/envs/python310_torch29_cuda/lib/python3.10/site-packages/torch/_dynamo/eval_frame.py:1044: in _fn
    return fn(*args, **kwargs)
/root/miniconda/envs/python310_torch29_cuda/lib/python3.10/site-packages/torch/random.py:46: in manual_seed
    torch.cuda.manual_seed_all(seed)
/root/miniconda/envs/python310_torch29_cuda/lib/python3.10/site-packages/torch/cuda/random.py:131: in manual_seed_all
    _lazy_call(cb, seed_all=True)
/root/miniconda/envs/python310_torch29_cuda/lib/python3.10/site-packages/torch/cuda/__init__.py:341: in _lazy_call
    callable()
_ _ _ _ _ _ _ _ _ _ _ _ _ _ _ _ _ _ _ _ _ _ _ _ _ _ _ _ _ _ _ _ _ _ _ _ _ _ _ _ 

    def cb():
        for i in range(device_count()):
            default_generator = torch.cuda.default_generators[i]
>           default_generator.manual_seed(seed)
E           torch.AcceleratorError: CUDA error: unspecified launch failure
E           Search for `cudaErrorLaunchFailure' in https://docs.nvidia.com/cuda/cuda-runtime-api/group__CUDART__TYPES.html for more information.
E           CUDA kernel errors might be asynchronously reported at some other API call, so the stacktrace below might be incorrect.
E           For debugging consider passing CUDA_LAUNCH_BLOCKING=1
E           Compile with `TORCH_USE_CUDA_DSA` to enable device-side assertions.

/root/miniconda/envs/python310_torch29_cuda/lib/python3.10/site-packages/torch/cuda/random.py:129: AcceleratorError
_________ test_unique_dim_int[False-False-all_unique-dtype1-shape0-0] __________

shape = (8,), dim = 0, dtype = torch.int32, pattern = 'all_unique'
return_inverse = False, return_counts = False

    @pytest.mark.unique_dim
    @pytest.mark.parametrize("shape, dim", SHAPE_DIM_CASES)
    @pytest.mark.parametrize("dtype", utils.INT_DTYPES)
    @pytest.mark.parametrize("pattern", ["few_unique", "all_unique", "all_duplicate"])
    @pytest.mark.parametrize("return_inverse", [False, True])
    @pytest.mark.parametrize("return_counts", [False, True])
    def test_unique_dim_int(shape, dim, dtype, pattern, return_inverse, return_counts):
        if flag_gems.vendor_name == "kunlunxin":
>           torch.manual_seed(0)

test_unique_dim.py:97: 
_ _ _ _ _ _ _ _ _ _ _ _ _ _ _ _ _ _ _ _ _ _ _ _ _ _ _ _ _ _ _ _ _ _ _ _ _ _ _ _ 
/root/miniconda/envs/python310_torch29_cuda/lib/python3.10/site-packages/torch/_compile.py:53: in inner
    return disable_fn(*args, **kwargs)
/root/miniconda/envs/python310_torch29_cuda/lib/python3.10/site-packages/torch/_dynamo/eval_frame.py:1044: in _fn
    return fn(*args, **kwargs)
/root/miniconda/envs/python310_torch29_cuda/lib/python3.10/site-packages/torch/random.py:46: in manual_seed
    torch.cuda.manual_seed_all(seed)
/root/miniconda/envs/python310_torch29_cuda/lib/python3.10/site-packages/torch/cuda/random.py:131: in manual_seed_all
    _lazy_call(cb, seed_all=True)
/root/miniconda/envs/python310_torch29_cuda/lib/python3.10/site-packages/torch/cuda/__init__.py:341: in _lazy_call
    callable()
_ _ _ _ _ _ _ _ _ _ _ _ _ _ _ _ _ _ _ _ _ _ _ _ _ _ _ _ _ _ _ _ _ _ _ _ _ _ _ _ 

    def cb():
        for i in range(device_count()):
            default_generator = torch.cuda.default_generators[i]
>           default_generator.manual_seed(seed)
E           torch.AcceleratorError: CUDA error: unspecified launch failure
E           Search for `cudaErrorLaunchFailure' in https://docs.nvidia.com/cuda/cuda-runtime-api/group__CUDART__TYPES.html for more information.
E           CUDA kernel errors might be asynchronously reported at some other API call, so the stacktrace below might be incorrect.
E           For debugging consider passing CUDA_LAUNCH_BLOCKING=1
E           Compile with `TORCH_USE_CUDA_DSA` to enable device-side assertions.

/root/miniconda/envs/python310_torch29_cuda/lib/python3.10/site-packages/torch/cuda/random.py:129: AcceleratorError
_________ test_unique_dim_int[False-False-all_unique-dtype1-shape1--1] _________

shape = (8,), dim = -1, dtype = torch.int32, pattern = 'all_unique'
return_inverse = False, return_counts = False

    @pytest.mark.unique_dim
    @pytest.mark.parametrize("shape, dim", SHAPE_DIM_CASES)
    @pytest.mark.parametrize("dtype", utils.INT_DTYPES)
    @pytest.mark.parametrize("pattern", ["few_unique", "all_unique", "all_duplicate"])
    @pytest.mark.parametrize("return_inverse", [False, True])
    @pytest.mark.parametrize("return_counts", [False, True])
    def test_unique_dim_int(shape, dim, dtype, pattern, return_inverse, return_counts):
        if flag_gems.vendor_name == "kunlunxin":
>           torch.manual_seed(0)

test_unique_dim.py:97: 
_ _ _ _ _ _ _ _ _ _ _ _ _ _ _ _ _ _ _ _ _ _ _ _ _ _ _ _ _ _ _ _ _ _ _ _ _ _ _ _ 
/root/miniconda/envs/python310_torch29_cuda/lib/python3.10/site-packages/torch/_compile.py:53: in inner
    return disable_fn(*args, **kwargs)
/root/miniconda/envs/python310_torch29_cuda/lib/python3.10/site-packages/torch/_dynamo/eval_frame.py:1044: in _fn
    return fn(*args, **kwargs)
/root/miniconda/envs/python310_torch29_cuda/lib/python3.10/site-packages/torch/random.py:46: in manual_seed
    torch.cuda.manual_seed_all(seed)
/root/miniconda/envs/python310_torch29_cuda/lib/python3.10/site-packages/torch/cuda/random.py:131: in manual_seed_all
    _lazy_call(cb, seed_all=True)
/root/miniconda/envs/python310_torch29_cuda/lib/python3.10/site-packages/torch/cuda/__init__.py:341: in _lazy_call
    callable()
_ _ _ _ _ _ _ _ _ _ _ _ _ _ _ _ _ _ _ _ _ _ _ _ _ _ _ _ _ _ _ _ _ _ _ _ _ _ _ _ 

    def cb():
        for i in range(device_count()):
            default_generator = torch.cuda.default_generators[i]
>           default_generator.manual_seed(seed)
E           torch.AcceleratorError: CUDA error: unspecified launch failure
E           Search for `cudaErrorLaunchFailure' in https://docs.nvidia.com/cuda/cuda-runtime-api/group__CUDART__TYPES.html for more information.
E           CUDA kernel errors might be asynchronously reported at some other API call, so the stacktrace below might be incorrect.
E           For debugging consider passing CUDA_LAUNCH_BLOCKING=1
E           Compile with `TORCH_USE_CUDA_DSA` to enable device-side assertions.

/root/miniconda/envs/python310_torch29_cuda/lib/python3.10/site-packages/torch/cuda/random.py:129: AcceleratorError
_________ test_unique_dim_int[False-False-all_unique-dtype1-shape2-0] __________

shape = (16, 4), dim = 0, dtype = torch.int32, pattern = 'all_unique'
return_inverse = False, return_counts = False

    @pytest.mark.unique_dim
    @pytest.mark.parametrize("shape, dim", SHAPE_DIM_CASES)
    @pytest.mark.parametrize("dtype", utils.INT_DTYPES)
    @pytest.mark.parametrize("pattern", ["few_unique", "all_unique", "all_duplicate"])
    @pytest.mark.parametrize("return_inverse", [False, True])
    @pytest.mark.parametrize("return_counts", [False, True])
    def test_unique_dim_int(shape, dim, dtype, pattern, return_inverse, return_counts):
        if flag_gems.vendor_name == "kunlunxin":
>           torch.manual_seed(0)

test_unique_dim.py:97: 
_ _ _ _ _ _ _ _ _ _ _ _ _ _ _ _ _ _ _ _ _ _ _ _ _ _ _ _ _ _ _ _ _ _ _ _ _ _ _ _ 
/root/miniconda/envs/python310_torch29_cuda/lib/python3.10/site-packages/torch/_compile.py:53: in inner
    return disable_fn(*args, **kwargs)
/root/miniconda/envs/python310_torch29_cuda/lib/python3.10/site-packages/torch/_dynamo/eval_frame.py:1044: in _fn
    return fn(*args, **kwargs)
/root/miniconda/envs/python310_torch29_cuda/lib/python3.10/site-packages/torch/random.py:46: in manual_seed
    torch.cuda.manual_seed_all(seed)
/root/miniconda/envs/python310_torch29_cuda/lib/python3.10/site-packages/torch/cuda/random.py:131: in manual_seed_all
    _lazy_call(cb, seed_all=True)
/root/miniconda/envs/python310_torch29_cuda/lib/python3.10/site-packages/torch/cuda/__init__.py:341: in _lazy_call
    callable()
_ _ _ _ _ _ _ _ _ _ _ _ _ _ _ _ _ _ _ _ _ _ _ _ _ _ _ _ _ _ _ _ _ _ _ _ _ _ _ _ 

    def cb():
        for i in range(device_count()):
            default_generator = torch.cuda.default_generators[i]
>           default_generator.manual_seed(seed)
E           torch.AcceleratorError: CUDA error: unspecified launch failure
E           Search for `cudaErrorLaunchFailure' in https://docs.nvidia.com/cuda/cuda-runtime-api/group__CUDART__TYPES.html for more information.
E           CUDA kernel errors might be asynchronously reported at some other API call, so the stacktrace below might be incorrect.
E           For debugging consider passing CUDA_LAUNCH_BLOCKING=1
E           Compile with `TORCH_USE_CUDA_DSA` to enable device-side assertions.

/root/miniconda/envs/python310_torch29_cuda/lib/python3.10/site-packages/torch/cuda/random.py:129: AcceleratorError
_________ test_unique_dim_int[False-False-all_unique-dtype1-shape3-1] __________

shape = (16, 4), dim = 1, dtype = torch.int32, pattern = 'all_unique'
return_inverse = False, return_counts = False

    @pytest.mark.unique_dim
    @pytest.mark.parametrize("shape, dim", SHAPE_DIM_CASES)
    @pytest.mark.parametrize("dtype", utils.INT_DTYPES)
    @pytest.mark.parametrize("pattern", ["few_unique", "all_unique", "all_duplicate"])
    @pytest.mark.parametrize("return_inverse", [False, True])
    @pytest.mark.parametrize("return_counts", [False, True])
    def test_unique_dim_int(shape, dim, dtype, pattern, return_inverse, return_counts):
        if flag_gems.vendor_name == "kunlunxin":
>           torch.manual_seed(0)

test_unique_dim.py:97: 
_ _ _ _ _ _ _ _ _ _ _ _ _ _ _ _ _ _ _ _ _ _ _ _ _ _ _ _ _ _ _ _ _ _ _ _ _ _ _ _ 
/root/miniconda/envs/python310_torch29_cuda/lib/python3.10/site-packages/torch/_compile.py:53: in inner
    return disable_fn(*args, **kwargs)
/root/miniconda/envs/python310_torch29_cuda/lib/python3.10/site-packages/torch/_dynamo/eval_frame.py:1044: in _fn
    return fn(*args, **kwargs)
/root/miniconda/envs/python310_torch29_cuda/lib/python3.10/site-packages/torch/random.py:46: in manual_seed
    torch.cuda.manual_seed_all(seed)
/root/miniconda/envs/python310_torch29_cuda/lib/python3.10/site-packages/torch/cuda/random.py:131: in manual_seed_all
    _lazy_call(cb, seed_all=True)
/root/miniconda/envs/python310_torch29_cuda/lib/python3.10/site-packages/torch/cuda/__init__.py:341: in _lazy_call
    callable()
_ _ _ _ _ _ _ _ _ _ _ _ _ _ _ _ _ _ _ _ _ _ _ _ _ _ _ _ _ _ _ _ _ _ _ _ _ _ _ _ 

    def cb():
        for i in range(device_count()):
            default_generator = torch.cuda.default_generators[i]
>           default_generator.manual_seed(seed)
E           torch.AcceleratorError: CUDA error: unspecified launch failure
E           Search for `cudaErrorLaunchFailure' in https://docs.nvidia.com/cuda/cuda-runtime-api/group__CUDART__TYPES.html for more information.
E           CUDA kernel errors might be asynchronously reported at some other API call, so the stacktrace below might be incorrect.
E           For debugging consider passing CUDA_LAUNCH_BLOCKING=1
E           Compile with `TORCH_USE_CUDA_DSA` to enable device-side assertions.

/root/miniconda/envs/python310_torch29_cuda/lib/python3.10/site-packages/torch/cuda/random.py:129: AcceleratorError
_________ test_unique_dim_int[False-False-all_unique-dtype1-shape4--1] _________

shape = (16, 4), dim = -1, dtype = torch.int32, pattern = 'all_unique'
return_inverse = False, return_counts = False

    @pytest.mark.unique_dim
    @pytest.mark.parametrize("shape, dim", SHAPE_DIM_CASES)
    @pytest.mark.parametrize("dtype", utils.INT_DTYPES)
    @pytest.mark.parametrize("pattern", ["few_unique", "all_unique", "all_duplicate"])
    @pytest.mark.parametrize("return_inverse", [False, True])
    @pytest.mark.parametrize("return_counts", [False, True])
    def test_unique_dim_int(shape, dim, dtype, pattern, return_inverse, return_counts):
        if flag_gems.vendor_name == "kunlunxin":
>           torch.manual_seed(0)

test_unique_dim.py:97: 
_ _ _ _ _ _ _ _ _ _ _ _ _ _ _ _ _ _ _ _ _ _ _ _ _ _ _ _ _ _ _ _ _ _ _ _ _ _ _ _ 
/root/miniconda/envs/python310_torch29_cuda/lib/python3.10/site-packages/torch/_compile.py:53: in inner
    return disable_fn(*args, **kwargs)
/root/miniconda/envs/python310_torch29_cuda/lib/python3.10/site-packages/torch/_dynamo/eval_frame.py:1044: in _fn
    return fn(*args, **kwargs)
/root/miniconda/envs/python310_torch29_cuda/lib/python3.10/site-packages/torch/random.py:46: in manual_seed
    torch.cuda.manual_seed_all(seed)
/root/miniconda/envs/python310_torch29_cuda/lib/python3.10/site-packages/torch/cuda/random.py:131: in manual_seed_all
    _lazy_call(cb, seed_all=True)
/root/miniconda/envs/python310_torch29_cuda/lib/python3.10/site-packages/torch/cuda/__init__.py:341: in _lazy_call
    callable()
_ _ _ _ _ _ _ _ _ _ _ _ _ _ _ _ _ _ _ _ _ _ _ _ _ _ _ _ _ _ _ _ _ _ _ _ _ _ _ _ 

    def cb():
        for i in range(device_count()):
            default_generator = torch.cuda.default_generators[i]
>           default_generator.manual_seed(seed)
E           torch.AcceleratorError: CUDA error: unspecified launch failure
E           Search for `cudaErrorLaunchFailure' in https://docs.nvidia.com/cuda/cuda-runtime-api/group__CUDART__TYPES.html for more information.
E           CUDA kernel errors might be asynchronously reported at some other API call, so the stacktrace below might be incorrect.
E           For debugging consider passing CUDA_LAUNCH_BLOCKING=1
E           Compile with `TORCH_USE_CUDA_DSA` to enable device-side assertions.

/root/miniconda/envs/python310_torch29_cuda/lib/python3.10/site-packages/torch/cuda/random.py:129: AcceleratorError
_________ test_unique_dim_int[False-False-all_unique-dtype1-shape5-0] __________

shape = (4, 16), dim = 0, dtype = torch.int32, pattern = 'all_unique'
return_inverse = False, return_counts = False

    @pytest.mark.unique_dim
    @pytest.mark.parametrize("shape, dim", SHAPE_DIM_CASES)
    @pytest.mark.parametrize("dtype", utils.INT_DTYPES)
    @pytest.mark.parametrize("pattern", ["few_unique", "all_unique", "all_duplicate"])
    @pytest.mark.parametrize("return_inverse", [False, True])
    @pytest.mark.parametrize("return_counts", [False, True])
    def test_unique_dim_int(shape, dim, dtype, pattern, return_inverse, return_counts):
        if flag_gems.vendor_name == "kunlunxin":
>           torch.manual_seed(0)

test_unique_dim.py:97: 
_ _ _ _ _ _ _ _ _ _ _ _ _ _ _ _ _ _ _ _ _ _ _ _ _ _ _ _ _ _ _ _ _ _ _ _ _ _ _ _ 
/root/miniconda/envs/python310_torch29_cuda/lib/python3.10/site-packages/torch/_compile.py:53: in inner
    return disable_fn(*args, **kwargs)
/root/miniconda/envs/python310_torch29_cuda/lib/python3.10/site-packages/torch/_dynamo/eval_frame.py:1044: in _fn
    return fn(*args, **kwargs)
/root/miniconda/envs/python310_torch29_cuda/lib/python3.10/site-packages/torch/random.py:46: in manual_seed
    torch.cuda.manual_seed_all(seed)
/root/miniconda/envs/python310_torch29_cuda/lib/python3.10/site-packages/torch/cuda/random.py:131: in manual_seed_all
    _lazy_call(cb, seed_all=True)
/root/miniconda/envs/python310_torch29_cuda/lib/python3.10/site-packages/torch/cuda/__init__.py:341: in _lazy_call
    callable()
_ _ _ _ _ _ _ _ _ _ _ _ _ _ _ _ _ _ _ _ _ _ _ _ _ _ _ _ _ _ _ _ _ _ _ _ _ _ _ _ 

    def cb():
        for i in range(device_count()):
            default_generator = torch.cuda.default_generators[i]
>           default_generator.manual_seed(seed)
E           torch.AcceleratorError: CUDA error: unspecified launch failure
E           Search for `cudaErrorLaunchFailure' in https://docs.nvidia.com/cuda/cuda-runtime-api/group__CUDART__TYPES.html for more information.
E           CUDA kernel errors might be asynchronously reported at some other API call, so the stacktrace below might be incorrect.
E           For debugging consider passing CUDA_LAUNCH_BLOCKING=1
E           Compile with `TORCH_USE_CUDA_DSA` to enable device-side assertions.

/root/miniconda/envs/python310_torch29_cuda/lib/python3.10/site-packages/torch/cuda/random.py:129: AcceleratorError
_________ test_unique_dim_int[False-False-all_unique-dtype1-shape6-0] __________

shape = (32, 32), dim = 0, dtype = torch.int32, pattern = 'all_unique'
return_inverse = False, return_counts = False

    @pytest.mark.unique_dim
    @pytest.mark.parametrize("shape, dim", SHAPE_DIM_CASES)
    @pytest.mark.parametrize("dtype", utils.INT_DTYPES)
    @pytest.mark.parametrize("pattern", ["few_unique", "all_unique", "all_duplicate"])
    @pytest.mark.parametrize("return_inverse", [False, True])
    @pytest.mark.parametrize("return_counts", [False, True])
    def test_unique_dim_int(shape, dim, dtype, pattern, return_inverse, return_counts):
        if flag_gems.vendor_name == "kunlunxin":
>           torch.manual_seed(0)

test_unique_dim.py:97: 
_ _ _ _ _ _ _ _ _ _ _ _ _ _ _ _ _ _ _ _ _ _ _ _ _ _ _ _ _ _ _ _ _ _ _ _ _ _ _ _ 
/root/miniconda/envs/python310_torch29_cuda/lib/python3.10/site-packages/torch/_compile.py:53: in inner
    return disable_fn(*args, **kwargs)
/root/miniconda/envs/python310_torch29_cuda/lib/python3.10/site-packages/torch/_dynamo/eval_frame.py:1044: in _fn
    return fn(*args, **kwargs)
/root/miniconda/envs/python310_torch29_cuda/lib/python3.10/site-packages/torch/random.py:46: in manual_seed
    torch.cuda.manual_seed_all(seed)
/root/miniconda/envs/python310_torch29_cuda/lib/python3.10/site-packages/torch/cuda/random.py:131: in manual_seed_all
    _lazy_call(cb, seed_all=True)
/root/miniconda/envs/python310_torch29_cuda/lib/python3.10/site-packages/torch/cuda/__init__.py:341: in _lazy_call
    callable()
_ _ _ _ _ _ _ _ _ _ _ _ _ _ _ _ _ _ _ _ _ _ _ _ _ _ _ _ _ _ _ _ _ _ _ _ _ _ _ _ 

    def cb():
        for i in range(device_count()):
            default_generator = torch.cuda.default_generators[i]
>           default_generator.manual_seed(seed)
E           torch.AcceleratorError: CUDA error: unspecified launch failure
E           Search for `cudaErrorLaunchFailure' in https://docs.nvidia.com/cuda/cuda-runtime-api/group__CUDART__TYPES.html for more information.
E           CUDA kernel errors might be asynchronously reported at some other API call, so the stacktrace below might be incorrect.
E           For debugging consider passing CUDA_LAUNCH_BLOCKING=1
E           Compile with `TORCH_USE_CUDA_DSA` to enable device-side assertions.

/root/miniconda/envs/python310_torch29_cuda/lib/python3.10/site-packages/torch/cuda/random.py:129: AcceleratorError
_________ test_unique_dim_int[False-False-all_unique-dtype1-shape7-1] __________

shape = (32, 32), dim = 1, dtype = torch.int32, pattern = 'all_unique'
return_inverse = False, return_counts = False

    @pytest.mark.unique_dim
    @pytest.mark.parametrize("shape, dim", SHAPE_DIM_CASES)
    @pytest.mark.parametrize("dtype", utils.INT_DTYPES)
    @pytest.mark.parametrize("pattern", ["few_unique", "all_unique", "all_duplicate"])
    @pytest.mark.parametrize("return_inverse", [False, True])
    @pytest.mark.parametrize("return_counts", [False, True])
    def test_unique_dim_int(shape, dim, dtype, pattern, return_inverse, return_counts):
        if flag_gems.vendor_name == "kunlunxin":
>           torch.manual_seed(0)

test_unique_dim.py:97: 
_ _ _ _ _ _ _ _ _ _ _ _ _ _ _ _ _ _ _ _ _ _ _ _ _ _ _ _ _ _ _ _ _ _ _ _ _ _ _ _ 
/root/miniconda/envs/python310_torch29_cuda/lib/python3.10/site-packages/torch/_compile.py:53: in inner
    return disable_fn(*args, **kwargs)
/root/miniconda/envs/python310_torch29_cuda/lib/python3.10/site-packages/torch/_dynamo/eval_frame.py:1044: in _fn
    return fn(*args, **kwargs)
/root/miniconda/envs/python310_torch29_cuda/lib/python3.10/site-packages/torch/random.py:46: in manual_seed
    torch.cuda.manual_seed_all(seed)
/root/miniconda/envs/python310_torch29_cuda/lib/python3.10/site-packages/torch/cuda/random.py:131: in manual_seed_all
    _lazy_call(cb, seed_all=True)
/root/miniconda/envs/python310_torch29_cuda/lib/python3.10/site-packages/torch/cuda/__init__.py:341: in _lazy_call
    callable()
_ _ _ _ _ _ _ _ _ _ _ _ _ _ _ _ _ _ _ _ _ _ _ _ _ _ _ _ _ _ _ _ _ _ _ _ _ _ _ _ 

    def cb():
        for i in range(device_count()):
            default_generator = torch.cuda.default_generators[i]
>           default_generator.manual_seed(seed)
E           torch.AcceleratorError: CUDA error: unspecified launch failure
E           Search for `cudaErrorLaunchFailure' in https://docs.nvidia.com/cuda/cuda-runtime-api/group__CUDART__TYPES.html for more information.
E           CUDA kernel errors might be asynchronously reported at some other API call, so the stacktrace below might be incorrect.
E           For debugging consider passing CUDA_LAUNCH_BLOCKING=1
E           Compile with `TORCH_USE_CUDA_DSA` to enable device-side assertions.

/root/miniconda/envs/python310_torch29_cuda/lib/python3.10/site-packages/torch/cuda/random.py:129: AcceleratorError
_________ test_unique_dim_int[False-False-all_unique-dtype1-shape8-0] __________

shape = (6, 5, 4), dim = 0, dtype = torch.int32, pattern = 'all_unique'
return_inverse = False, return_counts = False

    @pytest.mark.unique_dim
    @pytest.mark.parametrize("shape, dim", SHAPE_DIM_CASES)
    @pytest.mark.parametrize("dtype", utils.INT_DTYPES)
    @pytest.mark.parametrize("pattern", ["few_unique", "all_unique", "all_duplicate"])
    @pytest.mark.parametrize("return_inverse", [False, True])
    @pytest.mark.parametrize("return_counts", [False, True])
    def test_unique_dim_int(shape, dim, dtype, pattern, return_inverse, return_counts):
        if flag_gems.vendor_name == "kunlunxin":
>           torch.manual_seed(0)

test_unique_dim.py:97: 
_ _ _ _ _ _ _ _ _ _ _ _ _ _ _ _ _ _ _ _ _ _ _ _ _ _ _ _ _ _ _ _ _ _ _ _ _ _ _ _ 
/root/miniconda/envs/python310_torch29_cuda/lib/python3.10/site-packages/torch/_compile.py:53: in inner
    return disable_fn(*args, **kwargs)
/root/miniconda/envs/python310_torch29_cuda/lib/python3.10/site-packages/torch/_dynamo/eval_frame.py:1044: in _fn
    return fn(*args, **kwargs)
/root/miniconda/envs/python310_torch29_cuda/lib/python3.10/site-packages/torch/random.py:46: in manual_seed
    torch.cuda.manual_seed_all(seed)
/root/miniconda/envs/python310_torch29_cuda/lib/python3.10/site-packages/torch/cuda/random.py:131: in manual_seed_all
    _lazy_call(cb, seed_all=True)
/root/miniconda/envs/python310_torch29_cuda/lib/python3.10/site-packages/torch/cuda/__init__.py:341: in _lazy_call
    callable()
_ _ _ _ _ _ _ _ _ _ _ _ _ _ _ _ _ _ _ _ _ _ _ _ _ _ _ _ _ _ _ _ _ _ _ _ _ _ _ _ 

    def cb():
        for i in range(device_count()):
            default_generator = torch.cuda.default_generators[i]
>           default_generator.manual_seed(seed)
E           torch.AcceleratorError: CUDA error: unspecified launch failure
E           Search for `cudaErrorLaunchFailure' in https://docs.nvidia.com/cuda/cuda-runtime-api/group__CUDART__TYPES.html for more information.
E           CUDA kernel errors might be asynchronously reported at some other API call, so the stacktrace below might be incorrect.
E           For debugging consider passing CUDA_LAUNCH_BLOCKING=1
E           Compile with `TORCH_USE_CUDA_DSA` to enable device-side assertions.

/root/miniconda/envs/python310_torch29_cuda/lib/python3.10/site-packages/torch/cuda/random.py:129: AcceleratorError
_________ test_unique_dim_int[False-False-all_unique-dtype1-shape9-1] __________

shape = (6, 5, 4), dim = 1, dtype = torch.int32, pattern = 'all_unique'
return_inverse = False, return_counts = False

    @pytest.mark.unique_dim
    @pytest.mark.parametrize("shape, dim", SHAPE_DIM_CASES)
    @pytest.mark.parametrize("dtype", utils.INT_DTYPES)
    @pytest.mark.parametrize("pattern", ["few_unique", "all_unique", "all_duplicate"])
    @pytest.mark.parametrize("return_inverse", [False, True])
    @pytest.mark.parametrize("return_counts", [False, True])
    def test_unique_dim_int(shape, dim, dtype, pattern, return_inverse, return_counts):
        if flag_gems.vendor_name == "kunlunxin":
>           torch.manual_seed(0)

test_unique_dim.py:97: 
_ _ _ _ _ _ _ _ _ _ _ _ _ _ _ _ _ _ _ _ _ _ _ _ _ _ _ _ _ _ _ _ _ _ _ _ _ _ _ _ 
/root/miniconda/envs/python310_torch29_cuda/lib/python3.10/site-packages/torch/_compile.py:53: in inner
    return disable_fn(*args, **kwargs)
/root/miniconda/envs/python310_torch29_cuda/lib/python3.10/site-packages/torch/_dynamo/eval_frame.py:1044: in _fn
    return fn(*args, **kwargs)
/root/miniconda/envs/python310_torch29_cuda/lib/python3.10/site-packages/torch/random.py:46: in manual_seed
    torch.cuda.manual_seed_all(seed)
/root/miniconda/envs/python310_torch29_cuda/lib/python3.10/site-packages/torch/cuda/random.py:131: in manual_seed_all
    _lazy_call(cb, seed_all=True)
/root/miniconda/envs/python310_torch29_cuda/lib/python3.10/site-packages/torch/cuda/__init__.py:341: in _lazy_call
    callable()
_ _ _ _ _ _ _ _ _ _ _ _ _ _ _ _ _ _ _ _ _ _ _ _ _ _ _ _ _ _ _ _ _ _ _ _ _ _ _ _ 

    def cb():
        for i in range(device_count()):
            default_generator = torch.cuda.default_generators[i]
>           default_generator.manual_seed(seed)
E           torch.AcceleratorError: CUDA error: unspecified launch failure
E           Search for `cudaErrorLaunchFailure' in https://docs.nvidia.com/cuda/cuda-runtime-api/group__CUDART__TYPES.html for more information.
E           CUDA kernel errors might be asynchronously reported at some other API call, so the stacktrace below might be incorrect.
E           For debugging consider passing CUDA_LAUNCH_BLOCKING=1
E           Compile with `TORCH_USE_CUDA_DSA` to enable device-side assertions.

/root/miniconda/envs/python310_torch29_cuda/lib/python3.10/site-packages/torch/cuda/random.py:129: AcceleratorError
_________ test_unique_dim_int[False-False-all_unique-dtype1-shape10-2] _________

shape = (6, 5, 4), dim = 2, dtype = torch.int32, pattern = 'all_unique'
return_inverse = False, return_counts = False

    @pytest.mark.unique_dim
    @pytest.mark.parametrize("shape, dim", SHAPE_DIM_CASES)
    @pytest.mark.parametrize("dtype", utils.INT_DTYPES)
    @pytest.mark.parametrize("pattern", ["few_unique", "all_unique", "all_duplicate"])
    @pytest.mark.parametrize("return_inverse", [False, True])
    @pytest.mark.parametrize("return_counts", [False, True])
    def test_unique_dim_int(shape, dim, dtype, pattern, return_inverse, return_counts):
        if flag_gems.vendor_name == "kunlunxin":
>           torch.manual_seed(0)

test_unique_dim.py:97: 
_ _ _ _ _ _ _ _ _ _ _ _ _ _ _ _ _ _ _ _ _ _ _ _ _ _ _ _ _ _ _ _ _ _ _ _ _ _ _ _ 
/root/miniconda/envs/python310_torch29_cuda/lib/python3.10/site-packages/torch/_compile.py:53: in inner
    return disable_fn(*args, **kwargs)
/root/miniconda/envs/python310_torch29_cuda/lib/python3.10/site-packages/torch/_dynamo/eval_frame.py:1044: in _fn
    return fn(*args, **kwargs)
/root/miniconda/envs/python310_torch29_cuda/lib/python3.10/site-packages/torch/random.py:46: in manual_seed
    torch.cuda.manual_seed_all(seed)
/root/miniconda/envs/python310_torch29_cuda/lib/python3.10/site-packages/torch/cuda/random.py:131: in manual_seed_all
    _lazy_call(cb, seed_all=True)
/root/miniconda/envs/python310_torch29_cuda/lib/python3.10/site-packages/torch/cuda/__init__.py:341: in _lazy_call
    callable()
_ _ _ _ _ _ _ _ _ _ _ _ _ _ _ _ _ _ _ _ _ _ _ _ _ _ _ _ _ _ _ _ _ _ _ _ _ _ _ _ 

    def cb():
        for i in range(device_count()):
            default_generator = torch.cuda.default_generators[i]
>           default_generator.manual_seed(seed)
E           torch.AcceleratorError: CUDA error: unspecified launch failure
E           Search for `cudaErrorLaunchFailure' in https://docs.nvidia.com/cuda/cuda-runtime-api/group__CUDART__TYPES.html for more information.
E           CUDA kernel errors might be asynchronously reported at some other API call, so the stacktrace below might be incorrect.
E           For debugging consider passing CUDA_LAUNCH_BLOCKING=1
E           Compile with `TORCH_USE_CUDA_DSA` to enable device-side assertions.

/root/miniconda/envs/python310_torch29_cuda/lib/python3.10/site-packages/torch/cuda/random.py:129: AcceleratorError
________ test_unique_dim_int[False-False-all_unique-dtype1-shape11--2] _________

shape = (6, 5, 4), dim = -2, dtype = torch.int32, pattern = 'all_unique'
return_inverse = False, return_counts = False

    @pytest.mark.unique_dim
    @pytest.mark.parametrize("shape, dim", SHAPE_DIM_CASES)
    @pytest.mark.parametrize("dtype", utils.INT_DTYPES)
    @pytest.mark.parametrize("pattern", ["few_unique", "all_unique", "all_duplicate"])
    @pytest.mark.parametrize("return_inverse", [False, True])
    @pytest.mark.parametrize("return_counts", [False, True])
    def test_unique_dim_int(shape, dim, dtype, pattern, return_inverse, return_counts):
        if flag_gems.vendor_name == "kunlunxin":
>           torch.manual_seed(0)

test_unique_dim.py:97: 
_ _ _ _ _ _ _ _ _ _ _ _ _ _ _ _ _ _ _ _ _ _ _ _ _ _ _ _ _ _ _ _ _ _ _ _ _ _ _ _ 
/root/miniconda/envs/python310_torch29_cuda/lib/python3.10/site-packages/torch/_compile.py:53: in inner
    return disable_fn(*args, **kwargs)
/root/miniconda/envs/python310_torch29_cuda/lib/python3.10/site-packages/torch/_dynamo/eval_frame.py:1044: in _fn
    return fn(*args, **kwargs)
/root/miniconda/envs/python310_torch29_cuda/lib/python3.10/site-packages/torch/random.py:46: in manual_seed
    torch.cuda.manual_seed_all(seed)
/root/miniconda/envs/python310_torch29_cuda/lib/python3.10/site-packages/torch/cuda/random.py:131: in manual_seed_all
    _lazy_call(cb, seed_all=True)
/root/miniconda/envs/python310_torch29_cuda/lib/python3.10/site-packages/torch/cuda/__init__.py:341: in _lazy_call
    callable()
_ _ _ _ _ _ _ _ _ _ _ _ _ _ _ _ _ _ _ _ _ _ _ _ _ _ _ _ _ _ _ _ _ _ _ _ _ _ _ _ 

    def cb():
        for i in range(device_count()):
            default_generator = torch.cuda.default_generators[i]
>           default_generator.manual_seed(seed)
E           torch.AcceleratorError: CUDA error: unspecified launch failure
E           Search for `cudaErrorLaunchFailure' in https://docs.nvidia.com/cuda/cuda-runtime-api/group__CUDART__TYPES.html for more information.
E           CUDA kernel errors might be asynchronously reported at some other API call, so the stacktrace below might be incorrect.
E           For debugging consider passing CUDA_LAUNCH_BLOCKING=1
E           Compile with `TORCH_USE_CUDA_DSA` to enable device-side assertions.

/root/miniconda/envs/python310_torch29_cuda/lib/python3.10/site-packages/torch/cuda/random.py:129: AcceleratorError
_________ test_unique_dim_int[False-False-all_unique-dtype1-shape12-2] _________

shape = (3, 4, 5, 6), dim = 2, dtype = torch.int32, pattern = 'all_unique'
return_inverse = False, return_counts = False

    @pytest.mark.unique_dim
    @pytest.mark.parametrize("shape, dim", SHAPE_DIM_CASES)
    @pytest.mark.parametrize("dtype", utils.INT_DTYPES)
    @pytest.mark.parametrize("pattern", ["few_unique", "all_unique", "all_duplicate"])
    @pytest.mark.parametrize("return_inverse", [False, True])
    @pytest.mark.parametrize("return_counts", [False, True])
    def test_unique_dim_int(shape, dim, dtype, pattern, return_inverse, return_counts):
        if flag_gems.vendor_name == "kunlunxin":
>           torch.manual_seed(0)

test_unique_dim.py:97: 
_ _ _ _ _ _ _ _ _ _ _ _ _ _ _ _ _ _ _ _ _ _ _ _ _ _ _ _ _ _ _ _ _ _ _ _ _ _ _ _ 
/root/miniconda/envs/python310_torch29_cuda/lib/python3.10/site-packages/torch/_compile.py:53: in inner
    return disable_fn(*args, **kwargs)
/root/miniconda/envs/python310_torch29_cuda/lib/python3.10/site-packages/torch/_dynamo/eval_frame.py:1044: in _fn
    return fn(*args, **kwargs)
/root/miniconda/envs/python310_torch29_cuda/lib/python3.10/site-packages/torch/random.py:46: in manual_seed
    torch.cuda.manual_seed_all(seed)
/root/miniconda/envs/python310_torch29_cuda/lib/python3.10/site-packages/torch/cuda/random.py:131: in manual_seed_all
    _lazy_call(cb, seed_all=True)
/root/miniconda/envs/python310_torch29_cuda/lib/python3.10/site-packages/torch/cuda/__init__.py:341: in _lazy_call
    callable()
_ _ _ _ _ _ _ _ _ _ _ _ _ _ _ _ _ _ _ _ _ _ _ _ _ _ _ _ _ _ _ _ _ _ _ _ _ _ _ _ 

    def cb():
        for i in range(device_count()):
            default_generator = torch.cuda.default_generators[i]
>           default_generator.manual_seed(seed)
E           torch.AcceleratorError: CUDA error: unspecified launch failure
E           Search for `cudaErrorLaunchFailure' in https://docs.nvidia.com/cuda/cuda-runtime-api/group__CUDART__TYPES.html for more information.
E           CUDA kernel errors might be asynchronously reported at some other API call, so the stacktrace below might be incorrect.
E           For debugging consider passing CUDA_LAUNCH_BLOCKING=1
E           Compile with `TORCH_USE_CUDA_DSA` to enable device-side assertions.

/root/miniconda/envs/python310_torch29_cuda/lib/python3.10/site-packages/torch/cuda/random.py:129: AcceleratorError
________ test_unique_dim_int[False-False-all_unique-dtype1-shape13--1] _________

shape = (3, 4, 5, 6), dim = -1, dtype = torch.int32, pattern = 'all_unique'
return_inverse = False, return_counts = False

    @pytest.mark.unique_dim
    @pytest.mark.parametrize("shape, dim", SHAPE_DIM_CASES)
    @pytest.mark.parametrize("dtype", utils.INT_DTYPES)
    @pytest.mark.parametrize("pattern", ["few_unique", "all_unique", "all_duplicate"])
    @pytest.mark.parametrize("return_inverse", [False, True])
    @pytest.mark.parametrize("return_counts", [False, True])
    def test_unique_dim_int(shape, dim, dtype, pattern, return_inverse, return_counts):
        if flag_gems.vendor_name == "kunlunxin":
>           torch.manual_seed(0)

test_unique_dim.py:97: 
_ _ _ _ _ _ _ _ _ _ _ _ _ _ _ _ _ _ _ _ _ _ _ _ _ _ _ _ _ _ _ _ _ _ _ _ _ _ _ _ 
/root/miniconda/envs/python310_torch29_cuda/lib/python3.10/site-packages/torch/_compile.py:53: in inner
    return disable_fn(*args, **kwargs)
/root/miniconda/envs/python310_torch29_cuda/lib/python3.10/site-packages/torch/_dynamo/eval_frame.py:1044: in _fn
    return fn(*args, **kwargs)
/root/miniconda/envs/python310_torch29_cuda/lib/python3.10/site-packages/torch/random.py:46: in manual_seed
    torch.cuda.manual_seed_all(seed)
/root/miniconda/envs/python310_torch29_cuda/lib/python3.10/site-packages/torch/cuda/random.py:131: in manual_seed_all
    _lazy_call(cb, seed_all=True)
/root/miniconda/envs/python310_torch29_cuda/lib/python3.10/site-packages/torch/cuda/__init__.py:341: in _lazy_call
    callable()
_ _ _ _ _ _ _ _ _ _ _ _ _ _ _ _ _ _ _ _ _ _ _ _ _ _ _ _ _ _ _ _ _ _ _ _ _ _ _ _ 

    def cb():
        for i in range(device_count()):
            default_generator = torch.cuda.default_generators[i]
>           default_generator.manual_seed(seed)
E           torch.AcceleratorError: CUDA error: unspecified launch failure
E           Search for `cudaErrorLaunchFailure' in https://docs.nvidia.com/cuda/cuda-runtime-api/group__CUDART__TYPES.html for more information.
E           CUDA kernel errors might be asynchronously reported at some other API call, so the stacktrace below might be incorrect.
E           For debugging consider passing CUDA_LAUNCH_BLOCKING=1
E           Compile with `TORCH_USE_CUDA_DSA` to enable device-side assertions.

/root/miniconda/envs/python310_torch29_cuda/lib/python3.10/site-packages/torch/cuda/random.py:129: AcceleratorError
________ test_unique_dim_int[False-False-all_duplicate-dtype0-shape0-0] ________

shape = (8,), dim = 0, dtype = torch.int16, pattern = 'all_duplicate'
return_inverse = False, return_counts = False

    @pytest.mark.unique_dim
    @pytest.mark.parametrize("shape, dim", SHAPE_DIM_CASES)
    @pytest.mark.parametrize("dtype", utils.INT_DTYPES)
    @pytest.mark.parametrize("pattern", ["few_unique", "all_unique", "all_duplicate"])
    @pytest.mark.parametrize("return_inverse", [False, True])
    @pytest.mark.parametrize("return_counts", [False, True])
    def test_unique_dim_int(shape, dim, dtype, pattern, return_inverse, return_counts):
        if flag_gems.vendor_name == "kunlunxin":
>           torch.manual_seed(0)

test_unique_dim.py:97: 
_ _ _ _ _ _ _ _ _ _ _ _ _ _ _ _ _ _ _ _ _ _ _ _ _ _ _ _ _ _ _ _ _ _ _ _ _ _ _ _ 
/root/miniconda/envs/python310_torch29_cuda/lib/python3.10/site-packages/torch/_compile.py:53: in inner
    return disable_fn(*args, **kwargs)
/root/miniconda/envs/python310_torch29_cuda/lib/python3.10/site-packages/torch/_dynamo/eval_frame.py:1044: in _fn
    return fn(*args, **kwargs)
/root/miniconda/envs/python310_torch29_cuda/lib/python3.10/site-packages/torch/random.py:46: in manual_seed
    torch.cuda.manual_seed_all(seed)
/root/miniconda/envs/python310_torch29_cuda/lib/python3.10/site-packages/torch/cuda/random.py:131: in manual_seed_all
    _lazy_call(cb, seed_all=True)
/root/miniconda/envs/python310_torch29_cuda/lib/python3.10/site-packages/torch/cuda/__init__.py:341: in _lazy_call
    callable()
_ _ _ _ _ _ _ _ _ _ _ _ _ _ _ _ _ _ _ _ _ _ _ _ _ _ _ _ _ _ _ _ _ _ _ _ _ _ _ _ 

    def cb():
        for i in range(device_count()):
            default_generator = torch.cuda.default_generators[i]
>           default_generator.manual_seed(seed)
E           torch.AcceleratorError: CUDA error: unspecified launch failure
E           Search for `cudaErrorLaunchFailure' in https://docs.nvidia.com/cuda/cuda-runtime-api/group__CUDART__TYPES.html for more information.
E           CUDA kernel errors might be asynchronously reported at some other API call, so the stacktrace below might be incorrect.
E           For debugging consider passing CUDA_LAUNCH_BLOCKING=1
E           Compile with `TORCH_USE_CUDA_DSA` to enable device-side assertions.

/root/miniconda/envs/python310_torch29_cuda/lib/python3.10/site-packages/torch/cuda/random.py:129: AcceleratorError
_______ test_unique_dim_int[False-False-all_duplicate-dtype0-shape1--1] ________

shape = (8,), dim = -1, dtype = torch.int16, pattern = 'all_duplicate'
return_inverse = False, return_counts = False

    @pytest.mark.unique_dim
    @pytest.mark.parametrize("shape, dim", SHAPE_DIM_CASES)
    @pytest.mark.parametrize("dtype", utils.INT_DTYPES)
    @pytest.mark.parametrize("pattern", ["few_unique", "all_unique", "all_duplicate"])
    @pytest.mark.parametrize("return_inverse", [False, True])
    @pytest.mark.parametrize("return_counts", [False, True])
    def test_unique_dim_int(shape, dim, dtype, pattern, return_inverse, return_counts):
        if flag_gems.vendor_name == "kunlunxin":
>           torch.manual_seed(0)

test_unique_dim.py:97: 
_ _ _ _ _ _ _ _ _ _ _ _ _ _ _ _ _ _ _ _ _ _ _ _ _ _ _ _ _ _ _ _ _ _ _ _ _ _ _ _ 
/root/miniconda/envs/python310_torch29_cuda/lib/python3.10/site-packages/torch/_compile.py:53: in inner
    return disable_fn(*args, **kwargs)
/root/miniconda/envs/python310_torch29_cuda/lib/python3.10/site-packages/torch/_dynamo/eval_frame.py:1044: in _fn
    return fn(*args, **kwargs)
/root/miniconda/envs/python310_torch29_cuda/lib/python3.10/site-packages/torch/random.py:46: in manual_seed
    torch.cuda.manual_seed_all(seed)
/root/miniconda/envs/python310_torch29_cuda/lib/python3.10/site-packages/torch/cuda/random.py:131: in manual_seed_all
    _lazy_call(cb, seed_all=True)
/root/miniconda/envs/python310_torch29_cuda/lib/python3.10/site-packages/torch/cuda/__init__.py:341: in _lazy_call
    callable()
_ _ _ _ _ _ _ _ _ _ _ _ _ _ _ _ _ _ _ _ _ _ _ _ _ _ _ _ _ _ _ _ _ _ _ _ _ _ _ _ 

    def cb():
        for i in range(device_count()):
            default_generator = torch.cuda.default_generators[i]
>           default_generator.manual_seed(seed)
E           torch.AcceleratorError: CUDA error: unspecified launch failure
E           Search for `cudaErrorLaunchFailure' in https://docs.nvidia.com/cuda/cuda-runtime-api/group__CUDART__TYPES.html for more information.
E           CUDA kernel errors might be asynchronously reported at some other API call, so the stacktrace below might be incorrect.
E           For debugging consider passing CUDA_LAUNCH_BLOCKING=1
E           Compile with `TORCH_USE_CUDA_DSA` to enable device-side assertions.

/root/miniconda/envs/python310_torch29_cuda/lib/python3.10/site-packages/torch/cuda/random.py:129: AcceleratorError
________ test_unique_dim_int[False-False-all_duplicate-dtype0-shape2-0] ________

shape = (16, 4), dim = 0, dtype = torch.int16, pattern = 'all_duplicate'
return_inverse = False, return_counts = False

    @pytest.mark.unique_dim
    @pytest.mark.parametrize("shape, dim", SHAPE_DIM_CASES)
    @pytest.mark.parametrize("dtype", utils.INT_DTYPES)
    @pytest.mark.parametrize("pattern", ["few_unique", "all_unique", "all_duplicate"])
    @pytest.mark.parametrize("return_inverse", [False, True])
    @pytest.mark.parametrize("return_counts", [False, True])
    def test_unique_dim_int(shape, dim, dtype, pattern, return_inverse, return_counts):
        if flag_gems.vendor_name == "kunlunxin":
>           torch.manual_seed(0)

test_unique_dim.py:97: 
_ _ _ _ _ _ _ _ _ _ _ _ _ _ _ _ _ _ _ _ _ _ _ _ _ _ _ _ _ _ _ _ _ _ _ _ _ _ _ _ 
/root/miniconda/envs/python310_torch29_cuda/lib/python3.10/site-packages/torch/_compile.py:53: in inner
    return disable_fn(*args, **kwargs)
/root/miniconda/envs/python310_torch29_cuda/lib/python3.10/site-packages/torch/_dynamo/eval_frame.py:1044: in _fn
    return fn(*args, **kwargs)
/root/miniconda/envs/python310_torch29_cuda/lib/python3.10/site-packages/torch/random.py:46: in manual_seed
    torch.cuda.manual_seed_all(seed)
/root/miniconda/envs/python310_torch29_cuda/lib/python3.10/site-packages/torch/cuda/random.py:131: in manual_seed_all
    _lazy_call(cb, seed_all=True)
/root/miniconda/envs/python310_torch29_cuda/lib/python3.10/site-packages/torch/cuda/__init__.py:341: in _lazy_call
    callable()
_ _ _ _ _ _ _ _ _ _ _ _ _ _ _ _ _ _ _ _ _ _ _ _ _ _ _ _ _ _ _ _ _ _ _ _ _ _ _ _ 

    def cb():
        for i in range(device_count()):
            default_generator = torch.cuda.default_generators[i]
>           default_generator.manual_seed(seed)
E           torch.AcceleratorError: CUDA error: unspecified launch failure
E           Search for `cudaErrorLaunchFailure' in https://docs.nvidia.com/cuda/cuda-runtime-api/group__CUDART__TYPES.html for more information.
E           CUDA kernel errors might be asynchronously reported at some other API call, so the stacktrace below might be incorrect.
E           For debugging consider passing CUDA_LAUNCH_BLOCKING=1
E           Compile with `TORCH_USE_CUDA_DSA` to enable device-side assertions.

/root/miniconda/envs/python310_torch29_cuda/lib/python3.10/site-packages/torch/cuda/random.py:129: AcceleratorError
________ test_unique_dim_int[False-False-all_duplicate-dtype0-shape3-1] ________

shape = (16, 4), dim = 1, dtype = torch.int16, pattern = 'all_duplicate'
return_inverse = False, return_counts = False

    @pytest.mark.unique_dim
    @pytest.mark.parametrize("shape, dim", SHAPE_DIM_CASES)
    @pytest.mark.parametrize("dtype", utils.INT_DTYPES)
    @pytest.mark.parametrize("pattern", ["few_unique", "all_unique", "all_duplicate"])
    @pytest.mark.parametrize("return_inverse", [False, True])
    @pytest.mark.parametrize("return_counts", [False, True])
    def test_unique_dim_int(shape, dim, dtype, pattern, return_inverse, return_counts):
        if flag_gems.vendor_name == "kunlunxin":
>           torch.manual_seed(0)

test_unique_dim.py:97: 
_ _ _ _ _ _ _ _ _ _ _ _ _ _ _ _ _ _ _ _ _ _ _ _ _ _ _ _ _ _ _ _ _ _ _ _ _ _ _ _ 
/root/miniconda/envs/python310_torch29_cuda/lib/python3.10/site-packages/torch/_compile.py:53: in inner
    return disable_fn(*args, **kwargs)
/root/miniconda/envs/python310_torch29_cuda/lib/python3.10/site-packages/torch/_dynamo/eval_frame.py:1044: in _fn
    return fn(*args, **kwargs)
/root/miniconda/envs/python310_torch29_cuda/lib/python3.10/site-packages/torch/random.py:46: in manual_seed
    torch.cuda.manual_seed_all(seed)
/root/miniconda/envs/python310_torch29_cuda/lib/python3.10/site-packages/torch/cuda/random.py:131: in manual_seed_all
    _lazy_call(cb, seed_all=True)
/root/miniconda/envs/python310_torch29_cuda/lib/python3.10/site-packages/torch/cuda/__init__.py:341: in _lazy_call
    callable()
_ _ _ _ _ _ _ _ _ _ _ _ _ _ _ _ _ _ _ _ _ _ _ _ _ _ _ _ _ _ _ _ _ _ _ _ _ _ _ _ 

    def cb():
        for i in range(device_count()):
            default_generator = torch.cuda.default_generators[i]
>           default_generator.manual_seed(seed)
E           torch.AcceleratorError: CUDA error: unspecified launch failure
E           Search for `cudaErrorLaunchFailure' in https://docs.nvidia.com/cuda/cuda-runtime-api/group__CUDART__TYPES.html for more information.
E           CUDA kernel errors might be asynchronously reported at some other API call, so the stacktrace below might be incorrect.
E           For debugging consider passing CUDA_LAUNCH_BLOCKING=1
E           Compile with `TORCH_USE_CUDA_DSA` to enable device-side assertions.

/root/miniconda/envs/python310_torch29_cuda/lib/python3.10/site-packages/torch/cuda/random.py:129: AcceleratorError
_______ test_unique_dim_int[False-False-all_duplicate-dtype0-shape4--1] ________

shape = (16, 4), dim = -1, dtype = torch.int16, pattern = 'all_duplicate'
return_inverse = False, return_counts = False

    @pytest.mark.unique_dim
    @pytest.mark.parametrize("shape, dim", SHAPE_DIM_CASES)
    @pytest.mark.parametrize("dtype", utils.INT_DTYPES)
    @pytest.mark.parametrize("pattern", ["few_unique", "all_unique", "all_duplicate"])
    @pytest.mark.parametrize("return_inverse", [False, True])
    @pytest.mark.parametrize("return_counts", [False, True])
    def test_unique_dim_int(shape, dim, dtype, pattern, return_inverse, return_counts):
        if flag_gems.vendor_name == "kunlunxin":
>           torch.manual_seed(0)

test_unique_dim.py:97: 
_ _ _ _ _ _ _ _ _ _ _ _ _ _ _ _ _ _ _ _ _ _ _ _ _ _ _ _ _ _ _ _ _ _ _ _ _ _ _ _ 
/root/miniconda/envs/python310_torch29_cuda/lib/python3.10/site-packages/torch/_compile.py:53: in inner
    return disable_fn(*args, **kwargs)
/root/miniconda/envs/python310_torch29_cuda/lib/python3.10/site-packages/torch/_dynamo/eval_frame.py:1044: in _fn
    return fn(*args, **kwargs)
/root/miniconda/envs/python310_torch29_cuda/lib/python3.10/site-packages/torch/random.py:46: in manual_seed
    torch.cuda.manual_seed_all(seed)
/root/miniconda/envs/python310_torch29_cuda/lib/python3.10/site-packages/torch/cuda/random.py:131: in manual_seed_all
    _lazy_call(cb, seed_all=True)
/root/miniconda/envs/python310_torch29_cuda/lib/python3.10/site-packages/torch/cuda/__init__.py:341: in _lazy_call
    callable()
_ _ _ _ _ _ _ _ _ _ _ _ _ _ _ _ _ _ _ _ _ _ _ _ _ _ _ _ _ _ _ _ _ _ _ _ _ _ _ _ 

    def cb():
        for i in range(device_count()):
            default_generator = torch.cuda.default_generators[i]
>           default_generator.manual_seed(seed)
E           torch.AcceleratorError: CUDA error: unspecified launch failure
E           Search for `cudaErrorLaunchFailure' in https://docs.nvidia.com/cuda/cuda-runtime-api/group__CUDART__TYPES.html for more information.
E           CUDA kernel errors might be asynchronously reported at some other API call, so the stacktrace below might be incorrect.
E           For debugging consider passing CUDA_LAUNCH_BLOCKING=1
E           Compile with `TORCH_USE_CUDA_DSA` to enable device-side assertions.

/root/miniconda/envs/python310_torch29_cuda/lib/python3.10/site-packages/torch/cuda/random.py:129: AcceleratorError
________ test_unique_dim_int[False-False-all_duplicate-dtype0-shape5-0] ________

shape = (4, 16), dim = 0, dtype = torch.int16, pattern = 'all_duplicate'
return_inverse = False, return_counts = False

    @pytest.mark.unique_dim
    @pytest.mark.parametrize("shape, dim", SHAPE_DIM_CASES)
    @pytest.mark.parametrize("dtype", utils.INT_DTYPES)
    @pytest.mark.parametrize("pattern", ["few_unique", "all_unique", "all_duplicate"])
    @pytest.mark.parametrize("return_inverse", [False, True])
    @pytest.mark.parametrize("return_counts", [False, True])
    def test_unique_dim_int(shape, dim, dtype, pattern, return_inverse, return_counts):
        if flag_gems.vendor_name == "kunlunxin":
>           torch.manual_seed(0)

test_unique_dim.py:97: 
_ _ _ _ _ _ _ _ _ _ _ _ _ _ _ _ _ _ _ _ _ _ _ _ _ _ _ _ _ _ _ _ _ _ _ _ _ _ _ _ 
/root/miniconda/envs/python310_torch29_cuda/lib/python3.10/site-packages/torch/_compile.py:53: in inner
    return disable_fn(*args, **kwargs)
/root/miniconda/envs/python310_torch29_cuda/lib/python3.10/site-packages/torch/_dynamo/eval_frame.py:1044: in _fn
    return fn(*args, **kwargs)
/root/miniconda/envs/python310_torch29_cuda/lib/python3.10/site-packages/torch/random.py:46: in manual_seed
    torch.cuda.manual_seed_all(seed)
/root/miniconda/envs/python310_torch29_cuda/lib/python3.10/site-packages/torch/cuda/random.py:131: in manual_seed_all
    _lazy_call(cb, seed_all=True)
/root/miniconda/envs/python310_torch29_cuda/lib/python3.10/site-packages/torch/cuda/__init__.py:341: in _lazy_call
    callable()
_ _ _ _ _ _ _ _ _ _ _ _ _ _ _ _ _ _ _ _ _ _ _ _ _ _ _ _ _ _ _ _ _ _ _ _ _ _ _ _ 

    def cb():
        for i in range(device_count()):
            default_generator = torch.cuda.default_generators[i]
>           default_generator.manual_seed(seed)
E           torch.AcceleratorError: CUDA error: unspecified launch failure
E           Search for `cudaErrorLaunchFailure' in https://docs.nvidia.com/cuda/cuda-runtime-api/group__CUDART__TYPES.html for more information.
E           CUDA kernel errors might be asynchronously reported at some other API call, so the stacktrace below might be incorrect.
E           For debugging consider passing CUDA_LAUNCH_BLOCKING=1
E           Compile with `TORCH_USE_CUDA_DSA` to enable device-side assertions.

/root/miniconda/envs/python310_torch29_cuda/lib/python3.10/site-packages/torch/cuda/random.py:129: AcceleratorError
________ test_unique_dim_int[False-False-all_duplicate-dtype0-shape6-0] ________

shape = (32, 32), dim = 0, dtype = torch.int16, pattern = 'all_duplicate'
return_inverse = False, return_counts = False

    @pytest.mark.unique_dim
    @pytest.mark.parametrize("shape, dim", SHAPE_DIM_CASES)
    @pytest.mark.parametrize("dtype", utils.INT_DTYPES)
    @pytest.mark.parametrize("pattern", ["few_unique", "all_unique", "all_duplicate"])
    @pytest.mark.parametrize("return_inverse", [False, True])
    @pytest.mark.parametrize("return_counts", [False, True])
    def test_unique_dim_int(shape, dim, dtype, pattern, return_inverse, return_counts):
        if flag_gems.vendor_name == "kunlunxin":
>           torch.manual_seed(0)

test_unique_dim.py:97: 
_ _ _ _ _ _ _ _ _ _ _ _ _ _ _ _ _ _ _ _ _ _ _ _ _ _ _ _ _ _ _ _ _ _ _ _ _ _ _ _ 
/root/miniconda/envs/python310_torch29_cuda/lib/python3.10/site-packages/torch/_compile.py:53: in inner
    return disable_fn(*args, **kwargs)
/root/miniconda/envs/python310_torch29_cuda/lib/python3.10/site-packages/torch/_dynamo/eval_frame.py:1044: in _fn
    return fn(*args, **kwargs)
/root/miniconda/envs/python310_torch29_cuda/lib/python3.10/site-packages/torch/random.py:46: in manual_seed
    torch.cuda.manual_seed_all(seed)
/root/miniconda/envs/python310_torch29_cuda/lib/python3.10/site-packages/torch/cuda/random.py:131: in manual_seed_all
    _lazy_call(cb, seed_all=True)
/root/miniconda/envs/python310_torch29_cuda/lib/python3.10/site-packages/torch/cuda/__init__.py:341: in _lazy_call
    callable()
_ _ _ _ _ _ _ _ _ _ _ _ _ _ _ _ _ _ _ _ _ _ _ _ _ _ _ _ _ _ _ _ _ _ _ _ _ _ _ _ 

    def cb():
        for i in range(device_count()):
            default_generator = torch.cuda.default_generators[i]
>           default_generator.manual_seed(seed)
E           torch.AcceleratorError: CUDA error: unspecified launch failure
E           Search for `cudaErrorLaunchFailure' in https://docs.nvidia.com/cuda/cuda-runtime-api/group__CUDART__TYPES.html for more information.
E           CUDA kernel errors might be asynchronously reported at some other API call, so the stacktrace below might be incorrect.
E           For debugging consider passing CUDA_LAUNCH_BLOCKING=1
E           Compile with `TORCH_USE_CUDA_DSA` to enable device-side assertions.

/root/miniconda/envs/python310_torch29_cuda/lib/python3.10/site-packages/torch/cuda/random.py:129: AcceleratorError
________ test_unique_dim_int[False-False-all_duplicate-dtype0-shape7-1] ________

shape = (32, 32), dim = 1, dtype = torch.int16, pattern = 'all_duplicate'
return_inverse = False, return_counts = False

    @pytest.mark.unique_dim
    @pytest.mark.parametrize("shape, dim", SHAPE_DIM_CASES)
    @pytest.mark.parametrize("dtype", utils.INT_DTYPES)
    @pytest.mark.parametrize("pattern", ["few_unique", "all_unique", "all_duplicate"])
    @pytest.mark.parametrize("return_inverse", [False, True])
    @pytest.mark.parametrize("return_counts", [False, True])
    def test_unique_dim_int(shape, dim, dtype, pattern, return_inverse, return_counts):
        if flag_gems.vendor_name == "kunlunxin":
>           torch.manual_seed(0)

test_unique_dim.py:97: 
_ _ _ _ _ _ _ _ _ _ _ _ _ _ _ _ _ _ _ _ _ _ _ _ _ _ _ _ _ _ _ _ _ _ _ _ _ _ _ _ 
/root/miniconda/envs/python310_torch29_cuda/lib/python3.10/site-packages/torch/_compile.py:53: in inner
    return disable_fn(*args, **kwargs)
/root/miniconda/envs/python310_torch29_cuda/lib/python3.10/site-packages/torch/_dynamo/eval_frame.py:1044: in _fn
    return fn(*args, **kwargs)
/root/miniconda/envs/python310_torch29_cuda/lib/python3.10/site-packages/torch/random.py:46: in manual_seed
    torch.cuda.manual_seed_all(seed)
/root/miniconda/envs/python310_torch29_cuda/lib/python3.10/site-packages/torch/cuda/random.py:131: in manual_seed_all
    _lazy_call(cb, seed_all=True)
/root/miniconda/envs/python310_torch29_cuda/lib/python3.10/site-packages/torch/cuda/__init__.py:341: in _lazy_call
    callable()
_ _ _ _ _ _ _ _ _ _ _ _ _ _ _ _ _ _ _ _ _ _ _ _ _ _ _ _ _ _ _ _ _ _ _ _ _ _ _ _ 

    def cb():
        for i in range(device_count()):
            default_generator = torch.cuda.default_generators[i]
>           default_generator.manual_seed(seed)
E           torch.AcceleratorError: CUDA error: unspecified launch failure
E           Search for `cudaErrorLaunchFailure' in https://docs.nvidia.com/cuda/cuda-runtime-api/group__CUDART__TYPES.html for more information.
E           CUDA kernel errors might be asynchronously reported at some other API call, so the stacktrace below might be incorrect.
E           For debugging consider passing CUDA_LAUNCH_BLOCKING=1
E           Compile with `TORCH_USE_CUDA_DSA` to enable device-side assertions.

/root/miniconda/envs/python310_torch29_cuda/lib/python3.10/site-packages/torch/cuda/random.py:129: AcceleratorError
________ test_unique_dim_int[False-False-all_duplicate-dtype0-shape8-0] ________

shape = (6, 5, 4), dim = 0, dtype = torch.int16, pattern = 'all_duplicate'
return_inverse = False, return_counts = False

    @pytest.mark.unique_dim
    @pytest.mark.parametrize("shape, dim", SHAPE_DIM_CASES)
    @pytest.mark.parametrize("dtype", utils.INT_DTYPES)
    @pytest.mark.parametrize("pattern", ["few_unique", "all_unique", "all_duplicate"])
    @pytest.mark.parametrize("return_inverse", [False, True])
    @pytest.mark.parametrize("return_counts", [False, True])
    def test_unique_dim_int(shape, dim, dtype, pattern, return_inverse, return_counts):
        if flag_gems.vendor_name == "kunlunxin":
>           torch.manual_seed(0)

test_unique_dim.py:97: 
_ _ _ _ _ _ _ _ _ _ _ _ _ _ _ _ _ _ _ _ _ _ _ _ _ _ _ _ _ _ _ _ _ _ _ _ _ _ _ _ 
/root/miniconda/envs/python310_torch29_cuda/lib/python3.10/site-packages/torch/_compile.py:53: in inner
    return disable_fn(*args, **kwargs)
/root/miniconda/envs/python310_torch29_cuda/lib/python3.10/site-packages/torch/_dynamo/eval_frame.py:1044: in _fn
    return fn(*args, **kwargs)
/root/miniconda/envs/python310_torch29_cuda/lib/python3.10/site-packages/torch/random.py:46: in manual_seed
    torch.cuda.manual_seed_all(seed)
/root/miniconda/envs/python310_torch29_cuda/lib/python3.10/site-packages/torch/cuda/random.py:131: in manual_seed_all
    _lazy_call(cb, seed_all=True)
/root/miniconda/envs/python310_torch29_cuda/lib/python3.10/site-packages/torch/cuda/__init__.py:341: in _lazy_call
    callable()
_ _ _ _ _ _ _ _ _ _ _ _ _ _ _ _ _ _ _ _ _ _ _ _ _ _ _ _ _ _ _ _ _ _ _ _ _ _ _ _ 

    def cb():
        for i in range(device_count()):
            default_generator = torch.cuda.default_generators[i]
>           default_generator.manual_seed(seed)
E           torch.AcceleratorError: CUDA error: unspecified launch failure
E           Search for `cudaErrorLaunchFailure' in https://docs.nvidia.com/cuda/cuda-runtime-api/group__CUDART__TYPES.html for more information.
E           CUDA kernel errors might be asynchronously reported at some other API call, so the stacktrace below might be incorrect.
E           For debugging consider passing CUDA_LAUNCH_BLOCKING=1
E           Compile with `TORCH_USE_CUDA_DSA` to enable device-side assertions.

/root/miniconda/envs/python310_torch29_cuda/lib/python3.10/site-packages/torch/cuda/random.py:129: AcceleratorError
________ test_unique_dim_int[False-False-all_duplicate-dtype0-shape9-1] ________

shape = (6, 5, 4), dim = 1, dtype = torch.int16, pattern = 'all_duplicate'
return_inverse = False, return_counts = False

    @pytest.mark.unique_dim
    @pytest.mark.parametrize("shape, dim", SHAPE_DIM_CASES)
    @pytest.mark.parametrize("dtype", utils.INT_DTYPES)
    @pytest.mark.parametrize("pattern", ["few_unique", "all_unique", "all_duplicate"])
    @pytest.mark.parametrize("return_inverse", [False, True])
    @pytest.mark.parametrize("return_counts", [False, True])
    def test_unique_dim_int(shape, dim, dtype, pattern, return_inverse, return_counts):
        if flag_gems.vendor_name == "kunlunxin":
>           torch.manual_seed(0)

test_unique_dim.py:97: 
_ _ _ _ _ _ _ _ _ _ _ _ _ _ _ _ _ _ _ _ _ _ _ _ _ _ _ _ _ _ _ _ _ _ _ _ _ _ _ _ 
/root/miniconda/envs/python310_torch29_cuda/lib/python3.10/site-packages/torch/_compile.py:53: in inner
    return disable_fn(*args, **kwargs)
/root/miniconda/envs/python310_torch29_cuda/lib/python3.10/site-packages/torch/_dynamo/eval_frame.py:1044: in _fn
    return fn(*args, **kwargs)
/root/miniconda/envs/python310_torch29_cuda/lib/python3.10/site-packages/torch/random.py:46: in manual_seed
    torch.cuda.manual_seed_all(seed)
/root/miniconda/envs/python310_torch29_cuda/lib/python3.10/site-packages/torch/cuda/random.py:131: in manual_seed_all
    _lazy_call(cb, seed_all=True)
/root/miniconda/envs/python310_torch29_cuda/lib/python3.10/site-packages/torch/cuda/__init__.py:341: in _lazy_call
    callable()
_ _ _ _ _ _ _ _ _ _ _ _ _ _ _ _ _ _ _ _ _ _ _ _ _ _ _ _ _ _ _ _ _ _ _ _ _ _ _ _ 

    def cb():
        for i in range(device_count()):
            default_generator = torch.cuda.default_generators[i]
>           default_generator.manual_seed(seed)
E           torch.AcceleratorError: CUDA error: unspecified launch failure
E           Search for `cudaErrorLaunchFailure' in https://docs.nvidia.com/cuda/cuda-runtime-api/group__CUDART__TYPES.html for more information.
E           CUDA kernel errors might be asynchronously reported at some other API call, so the stacktrace below might be incorrect.
E           For debugging consider passing CUDA_LAUNCH_BLOCKING=1
E           Compile with `TORCH_USE_CUDA_DSA` to enable device-side assertions.

/root/miniconda/envs/python310_torch29_cuda/lib/python3.10/site-packages/torch/cuda/random.py:129: AcceleratorError
_______ test_unique_dim_int[False-False-all_duplicate-dtype0-shape10-2] ________

shape = (6, 5, 4), dim = 2, dtype = torch.int16, pattern = 'all_duplicate'
return_inverse = False, return_counts = False

    @pytest.mark.unique_dim
    @pytest.mark.parametrize("shape, dim", SHAPE_DIM_CASES)
    @pytest.mark.parametrize("dtype", utils.INT_DTYPES)
    @pytest.mark.parametrize("pattern", ["few_unique", "all_unique", "all_duplicate"])
    @pytest.mark.parametrize("return_inverse", [False, True])
    @pytest.mark.parametrize("return_counts", [False, True])
    def test_unique_dim_int(shape, dim, dtype, pattern, return_inverse, return_counts):
        if flag_gems.vendor_name == "kunlunxin":
>           torch.manual_seed(0)

test_unique_dim.py:97: 
_ _ _ _ _ _ _ _ _ _ _ _ _ _ _ _ _ _ _ _ _ _ _ _ _ _ _ _ _ _ _ _ _ _ _ _ _ _ _ _ 
/root/miniconda/envs/python310_torch29_cuda/lib/python3.10/site-packages/torch/_compile.py:53: in inner
    return disable_fn(*args, **kwargs)
/root/miniconda/envs/python310_torch29_cuda/lib/python3.10/site-packages/torch/_dynamo/eval_frame.py:1044: in _fn
    return fn(*args, **kwargs)
/root/miniconda/envs/python310_torch29_cuda/lib/python3.10/site-packages/torch/random.py:46: in manual_seed
    torch.cuda.manual_seed_all(seed)
/root/miniconda/envs/python310_torch29_cuda/lib/python3.10/site-packages/torch/cuda/random.py:131: in manual_seed_all
    _lazy_call(cb, seed_all=True)
/root/miniconda/envs/python310_torch29_cuda/lib/python3.10/site-packages/torch/cuda/__init__.py:341: in _lazy_call
    callable()
_ _ _ _ _ _ _ _ _ _ _ _ _ _ _ _ _ _ _ _ _ _ _ _ _ _ _ _ _ _ _ _ _ _ _ _ _ _ _ _ 

    def cb():
        for i in range(device_count()):
            default_generator = torch.cuda.default_generators[i]
>           default_generator.manual_seed(seed)
E           torch.AcceleratorError: CUDA error: unspecified launch failure
E           Search for `cudaErrorLaunchFailure' in https://docs.nvidia.com/cuda/cuda-runtime-api/group__CUDART__TYPES.html for more information.
E           CUDA kernel errors might be asynchronously reported at some other API call, so the stacktrace below might be incorrect.
E           For debugging consider passing CUDA_LAUNCH_BLOCKING=1
E           Compile with `TORCH_USE_CUDA_DSA` to enable device-side assertions.

/root/miniconda/envs/python310_torch29_cuda/lib/python3.10/site-packages/torch/cuda/random.py:129: AcceleratorError
_______ test_unique_dim_int[False-False-all_duplicate-dtype0-shape11--2] _______

shape = (6, 5, 4), dim = -2, dtype = torch.int16, pattern = 'all_duplicate'
return_inverse = False, return_counts = False

    @pytest.mark.unique_dim
    @pytest.mark.parametrize("shape, dim", SHAPE_DIM_CASES)
    @pytest.mark.parametrize("dtype", utils.INT_DTYPES)
    @pytest.mark.parametrize("pattern", ["few_unique", "all_unique", "all_duplicate"])
    @pytest.mark.parametrize("return_inverse", [False, True])
    @pytest.mark.parametrize("return_counts", [False, True])
    def test_unique_dim_int(shape, dim, dtype, pattern, return_inverse, return_counts):
        if flag_gems.vendor_name == "kunlunxin":
>           torch.manual_seed(0)

test_unique_dim.py:97: 
_ _ _ _ _ _ _ _ _ _ _ _ _ _ _ _ _ _ _ _ _ _ _ _ _ _ _ _ _ _ _ _ _ _ _ _ _ _ _ _ 
/root/miniconda/envs/python310_torch29_cuda/lib/python3.10/site-packages/torch/_compile.py:53: in inner
    return disable_fn(*args, **kwargs)
/root/miniconda/envs/python310_torch29_cuda/lib/python3.10/site-packages/torch/_dynamo/eval_frame.py:1044: in _fn
    return fn(*args, **kwargs)
/root/miniconda/envs/python310_torch29_cuda/lib/python3.10/site-packages/torch/random.py:46: in manual_seed
    torch.cuda.manual_seed_all(seed)
/root/miniconda/envs/python310_torch29_cuda/lib/python3.10/site-packages/torch/cuda/random.py:131: in manual_seed_all
    _lazy_call(cb, seed_all=True)
/root/miniconda/envs/python310_torch29_cuda/lib/python3.10/site-packages/torch/cuda/__init__.py:341: in _lazy_call
    callable()
_ _ _ _ _ _ _ _ _ _ _ _ _ _ _ _ _ _ _ _ _ _ _ _ _ _ _ _ _ _ _ _ _ _ _ _ _ _ _ _ 

    def cb():
        for i in range(device_count()):
            default_generator = torch.cuda.default_generators[i]
>           default_generator.manual_seed(seed)
E           torch.AcceleratorError: CUDA error: unspecified launch failure
E           Search for `cudaErrorLaunchFailure' in https://docs.nvidia.com/cuda/cuda-runtime-api/group__CUDART__TYPES.html for more information.
E           CUDA kernel errors might be asynchronously reported at some other API call, so the stacktrace below might be incorrect.
E           For debugging consider passing CUDA_LAUNCH_BLOCKING=1
E           Compile with `TORCH_USE_CUDA_DSA` to enable device-side assertions.

/root/miniconda/envs/python310_torch29_cuda/lib/python3.10/site-packages/torch/cuda/random.py:129: AcceleratorError
_______ test_unique_dim_int[False-False-all_duplicate-dtype0-shape12-2] ________

shape = (3, 4, 5, 6), dim = 2, dtype = torch.int16, pattern = 'all_duplicate'
return_inverse = False, return_counts = False

    @pytest.mark.unique_dim
    @pytest.mark.parametrize("shape, dim", SHAPE_DIM_CASES)
    @pytest.mark.parametrize("dtype", utils.INT_DTYPES)
    @pytest.mark.parametrize("pattern", ["few_unique", "all_unique", "all_duplicate"])
    @pytest.mark.parametrize("return_inverse", [False, True])
    @pytest.mark.parametrize("return_counts", [False, True])
    def test_unique_dim_int(shape, dim, dtype, pattern, return_inverse, return_counts):
        if flag_gems.vendor_name == "kunlunxin":
>           torch.manual_seed(0)

test_unique_dim.py:97: 
_ _ _ _ _ _ _ _ _ _ _ _ _ _ _ _ _ _ _ _ _ _ _ _ _ _ _ _ _ _ _ _ _ _ _ _ _ _ _ _ 
/root/miniconda/envs/python310_torch29_cuda/lib/python3.10/site-packages/torch/_compile.py:53: in inner
    return disable_fn(*args, **kwargs)
/root/miniconda/envs/python310_torch29_cuda/lib/python3.10/site-packages/torch/_dynamo/eval_frame.py:1044: in _fn
    return fn(*args, **kwargs)
/root/miniconda/envs/python310_torch29_cuda/lib/python3.10/site-packages/torch/random.py:46: in manual_seed
    torch.cuda.manual_seed_all(seed)
/root/miniconda/envs/python310_torch29_cuda/lib/python3.10/site-packages/torch/cuda/random.py:131: in manual_seed_all
    _lazy_call(cb, seed_all=True)
/root/miniconda/envs/python310_torch29_cuda/lib/python3.10/site-packages/torch/cuda/__init__.py:341: in _lazy_call
    callable()
_ _ _ _ _ _ _ _ _ _ _ _ _ _ _ _ _ _ _ _ _ _ _ _ _ _ _ _ _ _ _ _ _ _ _ _ _ _ _ _ 

    def cb():
        for i in range(device_count()):
            default_generator = torch.cuda.default_generators[i]
>           default_generator.manual_seed(seed)
E           torch.AcceleratorError: CUDA error: unspecified launch failure
E           Search for `cudaErrorLaunchFailure' in https://docs.nvidia.com/cuda/cuda-runtime-api/group__CUDART__TYPES.html for more information.
E           CUDA kernel errors might be asynchronously reported at some other API call, so the stacktrace below might be incorrect.
E           For debugging consider passing CUDA_LAUNCH_BLOCKING=1
E           Compile with `TORCH_USE_CUDA_DSA` to enable device-side assertions.

/root/miniconda/envs/python310_torch29_cuda/lib/python3.10/site-packages/torch/cuda/random.py:129: AcceleratorError
_______ test_unique_dim_int[False-False-all_duplicate-dtype0-shape13--1] _______

shape = (3, 4, 5, 6), dim = -1, dtype = torch.int16, pattern = 'all_duplicate'
return_inverse = False, return_counts = False

    @pytest.mark.unique_dim
    @pytest.mark.parametrize("shape, dim", SHAPE_DIM_CASES)
    @pytest.mark.parametrize("dtype", utils.INT_DTYPES)
    @pytest.mark.parametrize("pattern", ["few_unique", "all_unique", "all_duplicate"])
    @pytest.mark.parametrize("return_inverse", [False, True])
    @pytest.mark.parametrize("return_counts", [False, True])
    def test_unique_dim_int(shape, dim, dtype, pattern, return_inverse, return_counts):
        if flag_gems.vendor_name == "kunlunxin":
>           torch.manual_seed(0)

test_unique_dim.py:97: 
_ _ _ _ _ _ _ _ _ _ _ _ _ _ _ _ _ _ _ _ _ _ _ _ _ _ _ _ _ _ _ _ _ _ _ _ _ _ _ _ 
/root/miniconda/envs/python310_torch29_cuda/lib/python3.10/site-packages/torch/_compile.py:53: in inner
    return disable_fn(*args, **kwargs)
/root/miniconda/envs/python310_torch29_cuda/lib/python3.10/site-packages/torch/_dynamo/eval_frame.py:1044: in _fn
    return fn(*args, **kwargs)
/root/miniconda/envs/python310_torch29_cuda/lib/python3.10/site-packages/torch/random.py:46: in manual_seed
    torch.cuda.manual_seed_all(seed)
/root/miniconda/envs/python310_torch29_cuda/lib/python3.10/site-packages/torch/cuda/random.py:131: in manual_seed_all
    _lazy_call(cb, seed_all=True)
/root/miniconda/envs/python310_torch29_cuda/lib/python3.10/site-packages/torch/cuda/__init__.py:341: in _lazy_call
    callable()
_ _ _ _ _ _ _ _ _ _ _ _ _ _ _ _ _ _ _ _ _ _ _ _ _ _ _ _ _ _ _ _ _ _ _ _ _ _ _ _ 

    def cb():
        for i in range(device_count()):
            default_generator = torch.cuda.default_generators[i]
>           default_generator.manual_seed(seed)
E           torch.AcceleratorError: CUDA error: unspecified launch failure
E           Search for `cudaErrorLaunchFailure' in https://docs.nvidia.com/cuda/cuda-runtime-api/group__CUDART__TYPES.html for more information.
E           CUDA kernel errors might be asynchronously reported at some other API call, so the stacktrace below might be incorrect.
E           For debugging consider passing CUDA_LAUNCH_BLOCKING=1
E           Compile with `TORCH_USE_CUDA_DSA` to enable device-side assertions.

/root/miniconda/envs/python310_torch29_cuda/lib/python3.10/site-packages/torch/cuda/random.py:129: AcceleratorError
________ test_unique_dim_int[False-False-all_duplicate-dtype1-shape0-0] ________

shape = (8,), dim = 0, dtype = torch.int32, pattern = 'all_duplicate'
return_inverse = False, return_counts = False

    @pytest.mark.unique_dim
    @pytest.mark.parametrize("shape, dim", SHAPE_DIM_CASES)
    @pytest.mark.parametrize("dtype", utils.INT_DTYPES)
    @pytest.mark.parametrize("pattern", ["few_unique", "all_unique", "all_duplicate"])
    @pytest.mark.parametrize("return_inverse", [False, True])
    @pytest.mark.parametrize("return_counts", [False, True])
    def test_unique_dim_int(shape, dim, dtype, pattern, return_inverse, return_counts):
        if flag_gems.vendor_name == "kunlunxin":
>           torch.manual_seed(0)

test_unique_dim.py:97: 
_ _ _ _ _ _ _ _ _ _ _ _ _ _ _ _ _ _ _ _ _ _ _ _ _ _ _ _ _ _ _ _ _ _ _ _ _ _ _ _ 
/root/miniconda/envs/python310_torch29_cuda/lib/python3.10/site-packages/torch/_compile.py:53: in inner
    return disable_fn(*args, **kwargs)
/root/miniconda/envs/python310_torch29_cuda/lib/python3.10/site-packages/torch/_dynamo/eval_frame.py:1044: in _fn
    return fn(*args, **kwargs)
/root/miniconda/envs/python310_torch29_cuda/lib/python3.10/site-packages/torch/random.py:46: in manual_seed
    torch.cuda.manual_seed_all(seed)
/root/miniconda/envs/python310_torch29_cuda/lib/python3.10/site-packages/torch/cuda/random.py:131: in manual_seed_all
    _lazy_call(cb, seed_all=True)
/root/miniconda/envs/python310_torch29_cuda/lib/python3.10/site-packages/torch/cuda/__init__.py:341: in _lazy_call
    callable()
_ _ _ _ _ _ _ _ _ _ _ _ _ _ _ _ _ _ _ _ _ _ _ _ _ _ _ _ _ _ _ _ _ _ _ _ _ _ _ _ 

    def cb():
        for i in range(device_count()):
            default_generator = torch.cuda.default_generators[i]
>           default_generator.manual_seed(seed)
E           torch.AcceleratorError: CUDA error: unspecified launch failure
E           Search for `cudaErrorLaunchFailure' in https://docs.nvidia.com/cuda/cuda-runtime-api/group__CUDART__TYPES.html for more information.
E           CUDA kernel errors might be asynchronously reported at some other API call, so the stacktrace below might be incorrect.
E           For debugging consider passing CUDA_LAUNCH_BLOCKING=1
E           Compile with `TORCH_USE_CUDA_DSA` to enable device-side assertions.

/root/miniconda/envs/python310_torch29_cuda/lib/python3.10/site-packages/torch/cuda/random.py:129: AcceleratorError
_______ test_unique_dim_int[False-False-all_duplicate-dtype1-shape1--1] ________

shape = (8,), dim = -1, dtype = torch.int32, pattern = 'all_duplicate'
return_inverse = False, return_counts = False

    @pytest.mark.unique_dim
    @pytest.mark.parametrize("shape, dim", SHAPE_DIM_CASES)
    @pytest.mark.parametrize("dtype", utils.INT_DTYPES)
    @pytest.mark.parametrize("pattern", ["few_unique", "all_unique", "all_duplicate"])
    @pytest.mark.parametrize("return_inverse", [False, True])
    @pytest.mark.parametrize("return_counts", [False, True])
    def test_unique_dim_int(shape, dim, dtype, pattern, return_inverse, return_counts):
        if flag_gems.vendor_name == "kunlunxin":
>           torch.manual_seed(0)

test_unique_dim.py:97: 
_ _ _ _ _ _ _ _ _ _ _ _ _ _ _ _ _ _ _ _ _ _ _ _ _ _ _ _ _ _ _ _ _ _ _ _ _ _ _ _ 
/root/miniconda/envs/python310_torch29_cuda/lib/python3.10/site-packages/torch/_compile.py:53: in inner
    return disable_fn(*args, **kwargs)
/root/miniconda/envs/python310_torch29_cuda/lib/python3.10/site-packages/torch/_dynamo/eval_frame.py:1044: in _fn
    return fn(*args, **kwargs)
/root/miniconda/envs/python310_torch29_cuda/lib/python3.10/site-packages/torch/random.py:46: in manual_seed
    torch.cuda.manual_seed_all(seed)
/root/miniconda/envs/python310_torch29_cuda/lib/python3.10/site-packages/torch/cuda/random.py:131: in manual_seed_all
    _lazy_call(cb, seed_all=True)
/root/miniconda/envs/python310_torch29_cuda/lib/python3.10/site-packages/torch/cuda/__init__.py:341: in _lazy_call
    callable()
_ _ _ _ _ _ _ _ _ _ _ _ _ _ _ _ _ _ _ _ _ _ _ _ _ _ _ _ _ _ _ _ _ _ _ _ _ _ _ _ 

    def cb():
        for i in range(device_count()):
            default_generator = torch.cuda.default_generators[i]
>           default_generator.manual_seed(seed)
E           torch.AcceleratorError: CUDA error: unspecified launch failure
E           Search for `cudaErrorLaunchFailure' in https://docs.nvidia.com/cuda/cuda-runtime-api/group__CUDART__TYPES.html for more information.
E           CUDA kernel errors might be asynchronously reported at some other API call, so the stacktrace below might be incorrect.
E           For debugging consider passing CUDA_LAUNCH_BLOCKING=1
E           Compile with `TORCH_USE_CUDA_DSA` to enable device-side assertions.

/root/miniconda/envs/python310_torch29_cuda/lib/python3.10/site-packages/torch/cuda/random.py:129: AcceleratorError
________ test_unique_dim_int[False-False-all_duplicate-dtype1-shape2-0] ________

shape = (16, 4), dim = 0, dtype = torch.int32, pattern = 'all_duplicate'
return_inverse = False, return_counts = False

    @pytest.mark.unique_dim
    @pytest.mark.parametrize("shape, dim", SHAPE_DIM_CASES)
    @pytest.mark.parametrize("dtype", utils.INT_DTYPES)
    @pytest.mark.parametrize("pattern", ["few_unique", "all_unique", "all_duplicate"])
    @pytest.mark.parametrize("return_inverse", [False, True])
    @pytest.mark.parametrize("return_counts", [False, True])
    def test_unique_dim_int(shape, dim, dtype, pattern, return_inverse, return_counts):
        if flag_gems.vendor_name == "kunlunxin":
>           torch.manual_seed(0)

test_unique_dim.py:97: 
_ _ _ _ _ _ _ _ _ _ _ _ _ _ _ _ _ _ _ _ _ _ _ _ _ _ _ _ _ _ _ _ _ _ _ _ _ _ _ _ 
/root/miniconda/envs/python310_torch29_cuda/lib/python3.10/site-packages/torch/_compile.py:53: in inner
    return disable_fn(*args, **kwargs)
/root/miniconda/envs/python310_torch29_cuda/lib/python3.10/site-packages/torch/_dynamo/eval_frame.py:1044: in _fn
    return fn(*args, **kwargs)
/root/miniconda/envs/python310_torch29_cuda/lib/python3.10/site-packages/torch/random.py:46: in manual_seed
    torch.cuda.manual_seed_all(seed)
/root/miniconda/envs/python310_torch29_cuda/lib/python3.10/site-packages/torch/cuda/random.py:131: in manual_seed_all
    _lazy_call(cb, seed_all=True)
/root/miniconda/envs/python310_torch29_cuda/lib/python3.10/site-packages/torch/cuda/__init__.py:341: in _lazy_call
    callable()
_ _ _ _ _ _ _ _ _ _ _ _ _ _ _ _ _ _ _ _ _ _ _ _ _ _ _ _ _ _ _ _ _ _ _ _ _ _ _ _ 

    def cb():
        for i in range(device_count()):
            default_generator = torch.cuda.default_generators[i]
>           default_generator.manual_seed(seed)
E           torch.AcceleratorError: CUDA error: unspecified launch failure
E           Search for `cudaErrorLaunchFailure' in https://docs.nvidia.com/cuda/cuda-runtime-api/group__CUDART__TYPES.html for more information.
E           CUDA kernel errors might be asynchronously reported at some other API call, so the stacktrace below might be incorrect.
E           For debugging consider passing CUDA_LAUNCH_BLOCKING=1
E           Compile with `TORCH_USE_CUDA_DSA` to enable device-side assertions.

/root/miniconda/envs/python310_torch29_cuda/lib/python3.10/site-packages/torch/cuda/random.py:129: AcceleratorError
________ test_unique_dim_int[False-False-all_duplicate-dtype1-shape3-1] ________

shape = (16, 4), dim = 1, dtype = torch.int32, pattern = 'all_duplicate'
return_inverse = False, return_counts = False

    @pytest.mark.unique_dim
    @pytest.mark.parametrize("shape, dim", SHAPE_DIM_CASES)
    @pytest.mark.parametrize("dtype", utils.INT_DTYPES)
    @pytest.mark.parametrize("pattern", ["few_unique", "all_unique", "all_duplicate"])
    @pytest.mark.parametrize("return_inverse", [False, True])
    @pytest.mark.parametrize("return_counts", [False, True])
    def test_unique_dim_int(shape, dim, dtype, pattern, return_inverse, return_counts):
        if flag_gems.vendor_name == "kunlunxin":
>           torch.manual_seed(0)

test_unique_dim.py:97: 
_ _ _ _ _ _ _ _ _ _ _ _ _ _ _ _ _ _ _ _ _ _ _ _ _ _ _ _ _ _ _ _ _ _ _ _ _ _ _ _ 
/root/miniconda/envs/python310_torch29_cuda/lib/python3.10/site-packages/torch/_compile.py:53: in inner
    return disable_fn(*args, **kwargs)
/root/miniconda/envs/python310_torch29_cuda/lib/python3.10/site-packages/torch/_dynamo/eval_frame.py:1044: in _fn
    return fn(*args, **kwargs)
/root/miniconda/envs/python310_torch29_cuda/lib/python3.10/site-packages/torch/random.py:46: in manual_seed
    torch.cuda.manual_seed_all(seed)
/root/miniconda/envs/python310_torch29_cuda/lib/python3.10/site-packages/torch/cuda/random.py:131: in manual_seed_all
    _lazy_call(cb, seed_all=True)
/root/miniconda/envs/python310_torch29_cuda/lib/python3.10/site-packages/torch/cuda/__init__.py:341: in _lazy_call
    callable()
_ _ _ _ _ _ _ _ _ _ _ _ _ _ _ _ _ _ _ _ _ _ _ _ _ _ _ _ _ _ _ _ _ _ _ _ _ _ _ _ 

    def cb():
        for i in range(device_count()):
            default_generator = torch.cuda.default_generators[i]
>           default_generator.manual_seed(seed)
E           torch.AcceleratorError: CUDA error: unspecified launch failure
E           Search for `cudaErrorLaunchFailure' in https://docs.nvidia.com/cuda/cuda-runtime-api/group__CUDART__TYPES.html for more information.
E           CUDA kernel errors might be asynchronously reported at some other API call, so the stacktrace below might be incorrect.
E           For debugging consider passing CUDA_LAUNCH_BLOCKING=1
E           Compile with `TORCH_USE_CUDA_DSA` to enable device-side assertions.

/root/miniconda/envs/python310_torch29_cuda/lib/python3.10/site-packages/torch/cuda/random.py:129: AcceleratorError
_______ test_unique_dim_int[False-False-all_duplicate-dtype1-shape4--1] ________

shape = (16, 4), dim = -1, dtype = torch.int32, pattern = 'all_duplicate'
return_inverse = False, return_counts = False

    @pytest.mark.unique_dim
    @pytest.mark.parametrize("shape, dim", SHAPE_DIM_CASES)
    @pytest.mark.parametrize("dtype", utils.INT_DTYPES)
    @pytest.mark.parametrize("pattern", ["few_unique", "all_unique", "all_duplicate"])
    @pytest.mark.parametrize("return_inverse", [False, True])
    @pytest.mark.parametrize("return_counts", [False, True])
    def test_unique_dim_int(shape, dim, dtype, pattern, return_inverse, return_counts):
        if flag_gems.vendor_name == "kunlunxin":
>           torch.manual_seed(0)

test_unique_dim.py:97: 
_ _ _ _ _ _ _ _ _ _ _ _ _ _ _ _ _ _ _ _ _ _ _ _ _ _ _ _ _ _ _ _ _ _ _ _ _ _ _ _ 
/root/miniconda/envs/python310_torch29_cuda/lib/python3.10/site-packages/torch/_compile.py:53: in inner
    return disable_fn(*args, **kwargs)
/root/miniconda/envs/python310_torch29_cuda/lib/python3.10/site-packages/torch/_dynamo/eval_frame.py:1044: in _fn
    return fn(*args, **kwargs)
/root/miniconda/envs/python310_torch29_cuda/lib/python3.10/site-packages/torch/random.py:46: in manual_seed
    torch.cuda.manual_seed_all(seed)
/root/miniconda/envs/python310_torch29_cuda/lib/python3.10/site-packages/torch/cuda/random.py:131: in manual_seed_all
    _lazy_call(cb, seed_all=True)
/root/miniconda/envs/python310_torch29_cuda/lib/python3.10/site-packages/torch/cuda/__init__.py:341: in _lazy_call
    callable()
_ _ _ _ _ _ _ _ _ _ _ _ _ _ _ _ _ _ _ _ _ _ _ _ _ _ _ _ _ _ _ _ _ _ _ _ _ _ _ _ 

    def cb():
        for i in range(device_count()):
            default_generator = torch.cuda.default_generators[i]
>           default_generator.manual_seed(seed)
E           torch.AcceleratorError: CUDA error: unspecified launch failure
E           Search for `cudaErrorLaunchFailure' in https://docs.nvidia.com/cuda/cuda-runtime-api/group__CUDART__TYPES.html for more information.
E           CUDA kernel errors might be asynchronously reported at some other API call, so the stacktrace below might be incorrect.
E           For debugging consider passing CUDA_LAUNCH_BLOCKING=1
E           Compile with `TORCH_USE_CUDA_DSA` to enable device-side assertions.

/root/miniconda/envs/python310_torch29_cuda/lib/python3.10/site-packages/torch/cuda/random.py:129: AcceleratorError
________ test_unique_dim_int[False-False-all_duplicate-dtype1-shape5-0] ________

shape = (4, 16), dim = 0, dtype = torch.int32, pattern = 'all_duplicate'
return_inverse = False, return_counts = False

    @pytest.mark.unique_dim
    @pytest.mark.parametrize("shape, dim", SHAPE_DIM_CASES)
    @pytest.mark.parametrize("dtype", utils.INT_DTYPES)
    @pytest.mark.parametrize("pattern", ["few_unique", "all_unique", "all_duplicate"])
    @pytest.mark.parametrize("return_inverse", [False, True])
    @pytest.mark.parametrize("return_counts", [False, True])
    def test_unique_dim_int(shape, dim, dtype, pattern, return_inverse, return_counts):
        if flag_gems.vendor_name == "kunlunxin":
>           torch.manual_seed(0)

test_unique_dim.py:97: 
_ _ _ _ _ _ _ _ _ _ _ _ _ _ _ _ _ _ _ _ _ _ _ _ _ _ _ _ _ _ _ _ _ _ _ _ _ _ _ _ 
/root/miniconda/envs/python310_torch29_cuda/lib/python3.10/site-packages/torch/_compile.py:53: in inner
    return disable_fn(*args, **kwargs)
/root/miniconda/envs/python310_torch29_cuda/lib/python3.10/site-packages/torch/_dynamo/eval_frame.py:1044: in _fn
    return fn(*args, **kwargs)
/root/miniconda/envs/python310_torch29_cuda/lib/python3.10/site-packages/torch/random.py:46: in manual_seed
    torch.cuda.manual_seed_all(seed)
/root/miniconda/envs/python310_torch29_cuda/lib/python3.10/site-packages/torch/cuda/random.py:131: in manual_seed_all
    _lazy_call(cb, seed_all=True)
/root/miniconda/envs/python310_torch29_cuda/lib/python3.10/site-packages/torch/cuda/__init__.py:341: in _lazy_call
    callable()
_ _ _ _ _ _ _ _ _ _ _ _ _ _ _ _ _ _ _ _ _ _ _ _ _ _ _ _ _ _ _ _ _ _ _ _ _ _ _ _ 

    def cb():
        for i in range(device_count()):
            default_generator = torch.cuda.default_generators[i]
>           default_generator.manual_seed(seed)
E           torch.AcceleratorError: CUDA error: unspecified launch failure
E           Search for `cudaErrorLaunchFailure' in https://docs.nvidia.com/cuda/cuda-runtime-api/group__CUDART__TYPES.html for more information.
E           CUDA kernel errors might be asynchronously reported at some other API call, so the stacktrace below might be incorrect.
E           For debugging consider passing CUDA_LAUNCH_BLOCKING=1
E           Compile with `TORCH_USE_CUDA_DSA` to enable device-side assertions.

/root/miniconda/envs/python310_torch29_cuda/lib/python3.10/site-packages/torch/cuda/random.py:129: AcceleratorError
________ test_unique_dim_int[False-False-all_duplicate-dtype1-shape6-0] ________

shape = (32, 32), dim = 0, dtype = torch.int32, pattern = 'all_duplicate'
return_inverse = False, return_counts = False

    @pytest.mark.unique_dim
    @pytest.mark.parametrize("shape, dim", SHAPE_DIM_CASES)
    @pytest.mark.parametrize("dtype", utils.INT_DTYPES)
    @pytest.mark.parametrize("pattern", ["few_unique", "all_unique", "all_duplicate"])
    @pytest.mark.parametrize("return_inverse", [False, True])
    @pytest.mark.parametrize("return_counts", [False, True])
    def test_unique_dim_int(shape, dim, dtype, pattern, return_inverse, return_counts):
        if flag_gems.vendor_name == "kunlunxin":
>           torch.manual_seed(0)

test_unique_dim.py:97: 
_ _ _ _ _ _ _ _ _ _ _ _ _ _ _ _ _ _ _ _ _ _ _ _ _ _ _ _ _ _ _ _ _ _ _ _ _ _ _ _ 
/root/miniconda/envs/python310_torch29_cuda/lib/python3.10/site-packages/torch/_compile.py:53: in inner
    return disable_fn(*args, **kwargs)
/root/miniconda/envs/python310_torch29_cuda/lib/python3.10/site-packages/torch/_dynamo/eval_frame.py:1044: in _fn
    return fn(*args, **kwargs)
/root/miniconda/envs/python310_torch29_cuda/lib/python3.10/site-packages/torch/random.py:46: in manual_seed
    torch.cuda.manual_seed_all(seed)
/root/miniconda/envs/python310_torch29_cuda/lib/python3.10/site-packages/torch/cuda/random.py:131: in manual_seed_all
    _lazy_call(cb, seed_all=True)
/root/miniconda/envs/python310_torch29_cuda/lib/python3.10/site-packages/torch/cuda/__init__.py:341: in _lazy_call
    callable()
_ _ _ _ _ _ _ _ _ _ _ _ _ _ _ _ _ _ _ _ _ _ _ _ _ _ _ _ _ _ _ _ _ _ _ _ _ _ _ _ 

    def cb():
        for i in range(device_count()):
            default_generator = torch.cuda.default_generators[i]
>           default_generator.manual_seed(seed)
E           torch.AcceleratorError: CUDA error: unspecified launch failure
E           Search for `cudaErrorLaunchFailure' in https://docs.nvidia.com/cuda/cuda-runtime-api/group__CUDART__TYPES.html for more information.
E           CUDA kernel errors might be asynchronously reported at some other API call, so the stacktrace below might be incorrect.
E           For debugging consider passing CUDA_LAUNCH_BLOCKING=1
E           Compile with `TORCH_USE_CUDA_DSA` to enable device-side assertions.

/root/miniconda/envs/python310_torch29_cuda/lib/python3.10/site-packages/torch/cuda/random.py:129: AcceleratorError
________ test_unique_dim_int[False-False-all_duplicate-dtype1-shape7-1] ________

shape = (32, 32), dim = 1, dtype = torch.int32, pattern = 'all_duplicate'
return_inverse = False, return_counts = False

    @pytest.mark.unique_dim
    @pytest.mark.parametrize("shape, dim", SHAPE_DIM_CASES)
    @pytest.mark.parametrize("dtype", utils.INT_DTYPES)
    @pytest.mark.parametrize("pattern", ["few_unique", "all_unique", "all_duplicate"])
    @pytest.mark.parametrize("return_inverse", [False, True])
    @pytest.mark.parametrize("return_counts", [False, True])
    def test_unique_dim_int(shape, dim, dtype, pattern, return_inverse, return_counts):
        if flag_gems.vendor_name == "kunlunxin":
>           torch.manual_seed(0)

test_unique_dim.py:97: 
_ _ _ _ _ _ _ _ _ _ _ _ _ _ _ _ _ _ _ _ _ _ _ _ _ _ _ _ _ _ _ _ _ _ _ _ _ _ _ _ 
/root/miniconda/envs/python310_torch29_cuda/lib/python3.10/site-packages/torch/_compile.py:53: in inner
    return disable_fn(*args, **kwargs)
/root/miniconda/envs/python310_torch29_cuda/lib/python3.10/site-packages/torch/_dynamo/eval_frame.py:1044: in _fn
    return fn(*args, **kwargs)
/root/miniconda/envs/python310_torch29_cuda/lib/python3.10/site-packages/torch/random.py:46: in manual_seed
    torch.cuda.manual_seed_all(seed)
/root/miniconda/envs/python310_torch29_cuda/lib/python3.10/site-packages/torch/cuda/random.py:131: in manual_seed_all
    _lazy_call(cb, seed_all=True)
/root/miniconda/envs/python310_torch29_cuda/lib/python3.10/site-packages/torch/cuda/__init__.py:341: in _lazy_call
    callable()
_ _ _ _ _ _ _ _ _ _ _ _ _ _ _ _ _ _ _ _ _ _ _ _ _ _ _ _ _ _ _ _ _ _ _ _ _ _ _ _ 

    def cb():
        for i in range(device_count()):
            default_generator = torch.cuda.default_generators[i]
>           default_generator.manual_seed(seed)
E           torch.AcceleratorError: CUDA error: unspecified launch failure
E           Search for `cudaErrorLaunchFailure' in https://docs.nvidia.com/cuda/cuda-runtime-api/group__CUDART__TYPES.html for more information.
E           CUDA kernel errors might be asynchronously reported at some other API call, so the stacktrace below might be incorrect.
E           For debugging consider passing CUDA_LAUNCH_BLOCKING=1
E           Compile with `TORCH_USE_CUDA_DSA` to enable device-side assertions.

/root/miniconda/envs/python310_torch29_cuda/lib/python3.10/site-packages/torch/cuda/random.py:129: AcceleratorError
________ test_unique_dim_int[False-False-all_duplicate-dtype1-shape8-0] ________

shape = (6, 5, 4), dim = 0, dtype = torch.int32, pattern = 'all_duplicate'
return_inverse = False, return_counts = False

    @pytest.mark.unique_dim
    @pytest.mark.parametrize("shape, dim", SHAPE_DIM_CASES)
    @pytest.mark.parametrize("dtype", utils.INT_DTYPES)
    @pytest.mark.parametrize("pattern", ["few_unique", "all_unique", "all_duplicate"])
    @pytest.mark.parametrize("return_inverse", [False, True])
    @pytest.mark.parametrize("return_counts", [False, True])
    def test_unique_dim_int(shape, dim, dtype, pattern, return_inverse, return_counts):
        if flag_gems.vendor_name == "kunlunxin":
>           torch.manual_seed(0)

test_unique_dim.py:97: 
_ _ _ _ _ _ _ _ _ _ _ _ _ _ _ _ _ _ _ _ _ _ _ _ _ _ _ _ _ _ _ _ _ _ _ _ _ _ _ _ 
/root/miniconda/envs/python310_torch29_cuda/lib/python3.10/site-packages/torch/_compile.py:53: in inner
    return disable_fn(*args, **kwargs)
/root/miniconda/envs/python310_torch29_cuda/lib/python3.10/site-packages/torch/_dynamo/eval_frame.py:1044: in _fn
    return fn(*args, **kwargs)
/root/miniconda/envs/python310_torch29_cuda/lib/python3.10/site-packages/torch/random.py:46: in manual_seed
    torch.cuda.manual_seed_all(seed)
/root/miniconda/envs/python310_torch29_cuda/lib/python3.10/site-packages/torch/cuda/random.py:131: in manual_seed_all
    _lazy_call(cb, seed_all=True)
/root/miniconda/envs/python310_torch29_cuda/lib/python3.10/site-packages/torch/cuda/__init__.py:341: in _lazy_call
    callable()
_ _ _ _ _ _ _ _ _ _ _ _ _ _ _ _ _ _ _ _ _ _ _ _ _ _ _ _ _ _ _ _ _ _ _ _ _ _ _ _ 

    def cb():
        for i in range(device_count()):
            default_generator = torch.cuda.default_generators[i]
>           default_generator.manual_seed(seed)
E           torch.AcceleratorError: CUDA error: unspecified launch failure
E           Search for `cudaErrorLaunchFailure' in https://docs.nvidia.com/cuda/cuda-runtime-api/group__CUDART__TYPES.html for more information.
E           CUDA kernel errors might be asynchronously reported at some other API call, so the stacktrace below might be incorrect.
E           For debugging consider passing CUDA_LAUNCH_BLOCKING=1
E           Compile with `TORCH_USE_CUDA_DSA` to enable device-side assertions.

/root/miniconda/envs/python310_torch29_cuda/lib/python3.10/site-packages/torch/cuda/random.py:129: AcceleratorError
________ test_unique_dim_int[False-False-all_duplicate-dtype1-shape9-1] ________

shape = (6, 5, 4), dim = 1, dtype = torch.int32, pattern = 'all_duplicate'
return_inverse = False, return_counts = False

    @pytest.mark.unique_dim
    @pytest.mark.parametrize("shape, dim", SHAPE_DIM_CASES)
    @pytest.mark.parametrize("dtype", utils.INT_DTYPES)
    @pytest.mark.parametrize("pattern", ["few_unique", "all_unique", "all_duplicate"])
    @pytest.mark.parametrize("return_inverse", [False, True])
    @pytest.mark.parametrize("return_counts", [False, True])
    def test_unique_dim_int(shape, dim, dtype, pattern, return_inverse, return_counts):
        if flag_gems.vendor_name == "kunlunxin":
>           torch.manual_seed(0)

test_unique_dim.py:97: 
_ _ _ _ _ _ _ _ _ _ _ _ _ _ _ _ _ _ _ _ _ _ _ _ _ _ _ _ _ _ _ _ _ _ _ _ _ _ _ _ 
/root/miniconda/envs/python310_torch29_cuda/lib/python3.10/site-packages/torch/_compile.py:53: in inner
    return disable_fn(*args, **kwargs)
/root/miniconda/envs/python310_torch29_cuda/lib/python3.10/site-packages/torch/_dynamo/eval_frame.py:1044: in _fn
    return fn(*args, **kwargs)
/root/miniconda/envs/python310_torch29_cuda/lib/python3.10/site-packages/torch/random.py:46: in manual_seed
    torch.cuda.manual_seed_all(seed)
/root/miniconda/envs/python310_torch29_cuda/lib/python3.10/site-packages/torch/cuda/random.py:131: in manual_seed_all
    _lazy_call(cb, seed_all=True)
/root/miniconda/envs/python310_torch29_cuda/lib/python3.10/site-packages/torch/cuda/__init__.py:341: in _lazy_call
    callable()
_ _ _ _ _ _ _ _ _ _ _ _ _ _ _ _ _ _ _ _ _ _ _ _ _ _ _ _ _ _ _ _ _ _ _ _ _ _ _ _ 

    def cb():
        for i in range(device_count()):
            default_generator = torch.cuda.default_generators[i]
>           default_generator.manual_seed(seed)
E           torch.AcceleratorError: CUDA error: unspecified launch failure
E           Search for `cudaErrorLaunchFailure' in https://docs.nvidia.com/cuda/cuda-runtime-api/group__CUDART__TYPES.html for more information.
E           CUDA kernel errors might be asynchronously reported at some other API call, so the stacktrace below might be incorrect.
E           For debugging consider passing CUDA_LAUNCH_BLOCKING=1
E           Compile with `TORCH_USE_CUDA_DSA` to enable device-side assertions.

/root/miniconda/envs/python310_torch29_cuda/lib/python3.10/site-packages/torch/cuda/random.py:129: AcceleratorError
_______ test_unique_dim_int[False-False-all_duplicate-dtype1-shape10-2] ________

shape = (6, 5, 4), dim = 2, dtype = torch.int32, pattern = 'all_duplicate'
return_inverse = False, return_counts = False

    @pytest.mark.unique_dim
    @pytest.mark.parametrize("shape, dim", SHAPE_DIM_CASES)
    @pytest.mark.parametrize("dtype", utils.INT_DTYPES)
    @pytest.mark.parametrize("pattern", ["few_unique", "all_unique", "all_duplicate"])
    @pytest.mark.parametrize("return_inverse", [False, True])
    @pytest.mark.parametrize("return_counts", [False, True])
    def test_unique_dim_int(shape, dim, dtype, pattern, return_inverse, return_counts):
        if flag_gems.vendor_name == "kunlunxin":
>           torch.manual_seed(0)

test_unique_dim.py:97: 
_ _ _ _ _ _ _ _ _ _ _ _ _ _ _ _ _ _ _ _ _ _ _ _ _ _ _ _ _ _ _ _ _ _ _ _ _ _ _ _ 
/root/miniconda/envs/python310_torch29_cuda/lib/python3.10/site-packages/torch/_compile.py:53: in inner
    return disable_fn(*args, **kwargs)
/root/miniconda/envs/python310_torch29_cuda/lib/python3.10/site-packages/torch/_dynamo/eval_frame.py:1044: in _fn
    return fn(*args, **kwargs)
/root/miniconda/envs/python310_torch29_cuda/lib/python3.10/site-packages/torch/random.py:46: in manual_seed
    torch.cuda.manual_seed_all(seed)
/root/miniconda/envs/python310_torch29_cuda/lib/python3.10/site-packages/torch/cuda/random.py:131: in manual_seed_all
    _lazy_call(cb, seed_all=True)
/root/miniconda/envs/python310_torch29_cuda/lib/python3.10/site-packages/torch/cuda/__init__.py:341: in _lazy_call
    callable()
_ _ _ _ _ _ _ _ _ _ _ _ _ _ _ _ _ _ _ _ _ _ _ _ _ _ _ _ _ _ _ _ _ _ _ _ _ _ _ _ 

    def cb():
        for i in range(device_count()):
            default_generator = torch.cuda.default_generators[i]
>           default_generator.manual_seed(seed)
E           torch.AcceleratorError: CUDA error: unspecified launch failure
E           Search for `cudaErrorLaunchFailure' in https://docs.nvidia.com/cuda/cuda-runtime-api/group__CUDART__TYPES.html for more information.
E           CUDA kernel errors might be asynchronously reported at some other API call, so the stacktrace below might be incorrect.
E           For debugging consider passing CUDA_LAUNCH_BLOCKING=1
E           Compile with `TORCH_USE_CUDA_DSA` to enable device-side assertions.

/root/miniconda/envs/python310_torch29_cuda/lib/python3.10/site-packages/torch/cuda/random.py:129: AcceleratorError
_______ test_unique_dim_int[False-False-all_duplicate-dtype1-shape11--2] _______

shape = (6, 5, 4), dim = -2, dtype = torch.int32, pattern = 'all_duplicate'
return_inverse = False, return_counts = False

    @pytest.mark.unique_dim
    @pytest.mark.parametrize("shape, dim", SHAPE_DIM_CASES)
    @pytest.mark.parametrize("dtype", utils.INT_DTYPES)
    @pytest.mark.parametrize("pattern", ["few_unique", "all_unique", "all_duplicate"])
    @pytest.mark.parametrize("return_inverse", [False, True])
    @pytest.mark.parametrize("return_counts", [False, True])
    def test_unique_dim_int(shape, dim, dtype, pattern, return_inverse, return_counts):
        if flag_gems.vendor_name == "kunlunxin":
>           torch.manual_seed(0)

test_unique_dim.py:97: 
_ _ _ _ _ _ _ _ _ _ _ _ _ _ _ _ _ _ _ _ _ _ _ _ _ _ _ _ _ _ _ _ _ _ _ _ _ _ _ _ 
/root/miniconda/envs/python310_torch29_cuda/lib/python3.10/site-packages/torch/_compile.py:53: in inner
    return disable_fn(*args, **kwargs)
/root/miniconda/envs/python310_torch29_cuda/lib/python3.10/site-packages/torch/_dynamo/eval_frame.py:1044: in _fn
    return fn(*args, **kwargs)
/root/miniconda/envs/python310_torch29_cuda/lib/python3.10/site-packages/torch/random.py:46: in manual_seed
    torch.cuda.manual_seed_all(seed)
/root/miniconda/envs/python310_torch29_cuda/lib/python3.10/site-packages/torch/cuda/random.py:131: in manual_seed_all
    _lazy_call(cb, seed_all=True)
/root/miniconda/envs/python310_torch29_cuda/lib/python3.10/site-packages/torch/cuda/__init__.py:341: in _lazy_call
    callable()
_ _ _ _ _ _ _ _ _ _ _ _ _ _ _ _ _ _ _ _ _ _ _ _ _ _ _ _ _ _ _ _ _ _ _ _ _ _ _ _ 

    def cb():
        for i in range(device_count()):
            default_generator = torch.cuda.default_generators[i]
>           default_generator.manual_seed(seed)
E           torch.AcceleratorError: CUDA error: unspecified launch failure
E           Search for `cudaErrorLaunchFailure' in https://docs.nvidia.com/cuda/cuda-runtime-api/group__CUDART__TYPES.html for more information.
E           CUDA kernel errors might be asynchronously reported at some other API call, so the stacktrace below might be incorrect.
E           For debugging consider passing CUDA_LAUNCH_BLOCKING=1
E           Compile with `TORCH_USE_CUDA_DSA` to enable device-side assertions.

/root/miniconda/envs/python310_torch29_cuda/lib/python3.10/site-packages/torch/cuda/random.py:129: AcceleratorError
_______ test_unique_dim_int[False-False-all_duplicate-dtype1-shape12-2] ________

shape = (3, 4, 5, 6), dim = 2, dtype = torch.int32, pattern = 'all_duplicate'
return_inverse = False, return_counts = False

    @pytest.mark.unique_dim
    @pytest.mark.parametrize("shape, dim", SHAPE_DIM_CASES)
    @pytest.mark.parametrize("dtype", utils.INT_DTYPES)
    @pytest.mark.parametrize("pattern", ["few_unique", "all_unique", "all_duplicate"])
    @pytest.mark.parametrize("return_inverse", [False, True])
    @pytest.mark.parametrize("return_counts", [False, True])
    def test_unique_dim_int(shape, dim, dtype, pattern, return_inverse, return_counts):
        if flag_gems.vendor_name == "kunlunxin":
>           torch.manual_seed(0)

test_unique_dim.py:97: 
_ _ _ _ _ _ _ _ _ _ _ _ _ _ _ _ _ _ _ _ _ _ _ _ _ _ _ _ _ _ _ _ _ _ _ _ _ _ _ _ 
/root/miniconda/envs/python310_torch29_cuda/lib/python3.10/site-packages/torch/_compile.py:53: in inner
    return disable_fn(*args, **kwargs)
/root/miniconda/envs/python310_torch29_cuda/lib/python3.10/site-packages/torch/_dynamo/eval_frame.py:1044: in _fn
    return fn(*args, **kwargs)
/root/miniconda/envs/python310_torch29_cuda/lib/python3.10/site-packages/torch/random.py:46: in manual_seed
    torch.cuda.manual_seed_all(seed)
/root/miniconda/envs/python310_torch29_cuda/lib/python3.10/site-packages/torch/cuda/random.py:131: in manual_seed_all
    _lazy_call(cb, seed_all=True)
/root/miniconda/envs/python310_torch29_cuda/lib/python3.10/site-packages/torch/cuda/__init__.py:341: in _lazy_call
    callable()
_ _ _ _ _ _ _ _ _ _ _ _ _ _ _ _ _ _ _ _ _ _ _ _ _ _ _ _ _ _ _ _ _ _ _ _ _ _ _ _ 

    def cb():
        for i in range(device_count()):
            default_generator = torch.cuda.default_generators[i]
>           default_generator.manual_seed(seed)
E           torch.AcceleratorError: CUDA error: unspecified launch failure
E           Search for `cudaErrorLaunchFailure' in https://docs.nvidia.com/cuda/cuda-runtime-api/group__CUDART__TYPES.html for more information.
E           CUDA kernel errors might be asynchronously reported at some other API call, so the stacktrace below might be incorrect.
E           For debugging consider passing CUDA_LAUNCH_BLOCKING=1
E           Compile with `TORCH_USE_CUDA_DSA` to enable device-side assertions.

/root/miniconda/envs/python310_torch29_cuda/lib/python3.10/site-packages/torch/cuda/random.py:129: AcceleratorError
_______ test_unique_dim_int[False-False-all_duplicate-dtype1-shape13--1] _______

shape = (3, 4, 5, 6), dim = -1, dtype = torch.int32, pattern = 'all_duplicate'
return_inverse = False, return_counts = False

    @pytest.mark.unique_dim
    @pytest.mark.parametrize("shape, dim", SHAPE_DIM_CASES)
    @pytest.mark.parametrize("dtype", utils.INT_DTYPES)
    @pytest.mark.parametrize("pattern", ["few_unique", "all_unique", "all_duplicate"])
    @pytest.mark.parametrize("return_inverse", [False, True])
    @pytest.mark.parametrize("return_counts", [False, True])
    def test_unique_dim_int(shape, dim, dtype, pattern, return_inverse, return_counts):
        if flag_gems.vendor_name == "kunlunxin":
>           torch.manual_seed(0)

test_unique_dim.py:97: 
_ _ _ _ _ _ _ _ _ _ _ _ _ _ _ _ _ _ _ _ _ _ _ _ _ _ _ _ _ _ _ _ _ _ _ _ _ _ _ _ 
/root/miniconda/envs/python310_torch29_cuda/lib/python3.10/site-packages/torch/_compile.py:53: in inner
    return disable_fn(*args, **kwargs)
/root/miniconda/envs/python310_torch29_cuda/lib/python3.10/site-packages/torch/_dynamo/eval_frame.py:1044: in _fn
    return fn(*args, **kwargs)
/root/miniconda/envs/python310_torch29_cuda/lib/python3.10/site-packages/torch/random.py:46: in manual_seed
    torch.cuda.manual_seed_all(seed)
/root/miniconda/envs/python310_torch29_cuda/lib/python3.10/site-packages/torch/cuda/random.py:131: in manual_seed_all
    _lazy_call(cb, seed_all=True)
/root/miniconda/envs/python310_torch29_cuda/lib/python3.10/site-packages/torch/cuda/__init__.py:341: in _lazy_call
    callable()
_ _ _ _ _ _ _ _ _ _ _ _ _ _ _ _ _ _ _ _ _ _ _ _ _ _ _ _ _ _ _ _ _ _ _ _ _ _ _ _ 

    def cb():
        for i in range(device_count()):
            default_generator = torch.cuda.default_generators[i]
>           default_generator.manual_seed(seed)
E           torch.AcceleratorError: CUDA error: unspecified launch failure
E           Search for `cudaErrorLaunchFailure' in https://docs.nvidia.com/cuda/cuda-runtime-api/group__CUDART__TYPES.html for more information.
E           CUDA kernel errors might be asynchronously reported at some other API call, so the stacktrace below might be incorrect.
E           For debugging consider passing CUDA_LAUNCH_BLOCKING=1
E           Compile with `TORCH_USE_CUDA_DSA` to enable device-side assertions.

/root/miniconda/envs/python310_torch29_cuda/lib/python3.10/site-packages/torch/cuda/random.py:129: AcceleratorError
__________ test_unique_dim_int[False-True-few_unique-dtype0-shape0-0] __________

shape = (8,), dim = 0, dtype = torch.int16, pattern = 'few_unique'
return_inverse = True, return_counts = False

    @pytest.mark.unique_dim
    @pytest.mark.parametrize("shape, dim", SHAPE_DIM_CASES)
    @pytest.mark.parametrize("dtype", utils.INT_DTYPES)
    @pytest.mark.parametrize("pattern", ["few_unique", "all_unique", "all_duplicate"])
    @pytest.mark.parametrize("return_inverse", [False, True])
    @pytest.mark.parametrize("return_counts", [False, True])
    def test_unique_dim_int(shape, dim, dtype, pattern, return_inverse, return_counts):
        if flag_gems.vendor_name == "kunlunxin":
>           torch.manual_seed(0)

test_unique_dim.py:97: 
_ _ _ _ _ _ _ _ _ _ _ _ _ _ _ _ _ _ _ _ _ _ _ _ _ _ _ _ _ _ _ _ _ _ _ _ _ _ _ _ 
/root/miniconda/envs/python310_torch29_cuda/lib/python3.10/site-packages/torch/_compile.py:53: in inner
    return disable_fn(*args, **kwargs)
/root/miniconda/envs/python310_torch29_cuda/lib/python3.10/site-packages/torch/_dynamo/eval_frame.py:1044: in _fn
    return fn(*args, **kwargs)
/root/miniconda/envs/python310_torch29_cuda/lib/python3.10/site-packages/torch/random.py:46: in manual_seed
    torch.cuda.manual_seed_all(seed)
/root/miniconda/envs/python310_torch29_cuda/lib/python3.10/site-packages/torch/cuda/random.py:131: in manual_seed_all
    _lazy_call(cb, seed_all=True)
/root/miniconda/envs/python310_torch29_cuda/lib/python3.10/site-packages/torch/cuda/__init__.py:341: in _lazy_call
    callable()
_ _ _ _ _ _ _ _ _ _ _ _ _ _ _ _ _ _ _ _ _ _ _ _ _ _ _ _ _ _ _ _ _ _ _ _ _ _ _ _ 

    def cb():
        for i in range(device_count()):
            default_generator = torch.cuda.default_generators[i]
>           default_generator.manual_seed(seed)
E           torch.AcceleratorError: CUDA error: unspecified launch failure
E           Search for `cudaErrorLaunchFailure' in https://docs.nvidia.com/cuda/cuda-runtime-api/group__CUDART__TYPES.html for more information.
E           CUDA kernel errors might be asynchronously reported at some other API call, so the stacktrace below might be incorrect.
E           For debugging consider passing CUDA_LAUNCH_BLOCKING=1
E           Compile with `TORCH_USE_CUDA_DSA` to enable device-side assertions.

/root/miniconda/envs/python310_torch29_cuda/lib/python3.10/site-packages/torch/cuda/random.py:129: AcceleratorError
_________ test_unique_dim_int[False-True-few_unique-dtype0-shape1--1] __________

shape = (8,), dim = -1, dtype = torch.int16, pattern = 'few_unique'
return_inverse = True, return_counts = False

    @pytest.mark.unique_dim
    @pytest.mark.parametrize("shape, dim", SHAPE_DIM_CASES)
    @pytest.mark.parametrize("dtype", utils.INT_DTYPES)
    @pytest.mark.parametrize("pattern", ["few_unique", "all_unique", "all_duplicate"])
    @pytest.mark.parametrize("return_inverse", [False, True])
    @pytest.mark.parametrize("return_counts", [False, True])
    def test_unique_dim_int(shape, dim, dtype, pattern, return_inverse, return_counts):
        if flag_gems.vendor_name == "kunlunxin":
>           torch.manual_seed(0)

test_unique_dim.py:97: 
_ _ _ _ _ _ _ _ _ _ _ _ _ _ _ _ _ _ _ _ _ _ _ _ _ _ _ _ _ _ _ _ _ _ _ _ _ _ _ _ 
/root/miniconda/envs/python310_torch29_cuda/lib/python3.10/site-packages/torch/_compile.py:53: in inner
    return disable_fn(*args, **kwargs)
/root/miniconda/envs/python310_torch29_cuda/lib/python3.10/site-packages/torch/_dynamo/eval_frame.py:1044: in _fn
    return fn(*args, **kwargs)
/root/miniconda/envs/python310_torch29_cuda/lib/python3.10/site-packages/torch/random.py:46: in manual_seed
    torch.cuda.manual_seed_all(seed)
/root/miniconda/envs/python310_torch29_cuda/lib/python3.10/site-packages/torch/cuda/random.py:131: in manual_seed_all
    _lazy_call(cb, seed_all=True)
/root/miniconda/envs/python310_torch29_cuda/lib/python3.10/site-packages/torch/cuda/__init__.py:341: in _lazy_call
    callable()
_ _ _ _ _ _ _ _ _ _ _ _ _ _ _ _ _ _ _ _ _ _ _ _ _ _ _ _ _ _ _ _ _ _ _ _ _ _ _ _ 

    def cb():
        for i in range(device_count()):
            default_generator = torch.cuda.default_generators[i]
>           default_generator.manual_seed(seed)
E           torch.AcceleratorError: CUDA error: unspecified launch failure
E           Search for `cudaErrorLaunchFailure' in https://docs.nvidia.com/cuda/cuda-runtime-api/group__CUDART__TYPES.html for more information.
E           CUDA kernel errors might be asynchronously reported at some other API call, so the stacktrace below might be incorrect.
E           For debugging consider passing CUDA_LAUNCH_BLOCKING=1
E           Compile with `TORCH_USE_CUDA_DSA` to enable device-side assertions.

/root/miniconda/envs/python310_torch29_cuda/lib/python3.10/site-packages/torch/cuda/random.py:129: AcceleratorError
__________ test_unique_dim_int[False-True-few_unique-dtype0-shape2-0] __________

shape = (16, 4), dim = 0, dtype = torch.int16, pattern = 'few_unique'
return_inverse = True, return_counts = False

    @pytest.mark.unique_dim
    @pytest.mark.parametrize("shape, dim", SHAPE_DIM_CASES)
    @pytest.mark.parametrize("dtype", utils.INT_DTYPES)
    @pytest.mark.parametrize("pattern", ["few_unique", "all_unique", "all_duplicate"])
    @pytest.mark.parametrize("return_inverse", [False, True])
    @pytest.mark.parametrize("return_counts", [False, True])
    def test_unique_dim_int(shape, dim, dtype, pattern, return_inverse, return_counts):
        if flag_gems.vendor_name == "kunlunxin":
>           torch.manual_seed(0)

test_unique_dim.py:97: 
_ _ _ _ _ _ _ _ _ _ _ _ _ _ _ _ _ _ _ _ _ _ _ _ _ _ _ _ _ _ _ _ _ _ _ _ _ _ _ _ 
/root/miniconda/envs/python310_torch29_cuda/lib/python3.10/site-packages/torch/_compile.py:53: in inner
    return disable_fn(*args, **kwargs)
/root/miniconda/envs/python310_torch29_cuda/lib/python3.10/site-packages/torch/_dynamo/eval_frame.py:1044: in _fn
    return fn(*args, **kwargs)
/root/miniconda/envs/python310_torch29_cuda/lib/python3.10/site-packages/torch/random.py:46: in manual_seed
    torch.cuda.manual_seed_all(seed)
/root/miniconda/envs/python310_torch29_cuda/lib/python3.10/site-packages/torch/cuda/random.py:131: in manual_seed_all
    _lazy_call(cb, seed_all=True)
/root/miniconda/envs/python310_torch29_cuda/lib/python3.10/site-packages/torch/cuda/__init__.py:341: in _lazy_call
    callable()
_ _ _ _ _ _ _ _ _ _ _ _ _ _ _ _ _ _ _ _ _ _ _ _ _ _ _ _ _ _ _ _ _ _ _ _ _ _ _ _ 

    def cb():
        for i in range(device_count()):
            default_generator = torch.cuda.default_generators[i]
>           default_generator.manual_seed(seed)
E           torch.AcceleratorError: CUDA error: unspecified launch failure
E           Search for `cudaErrorLaunchFailure' in https://docs.nvidia.com/cuda/cuda-runtime-api/group__CUDART__TYPES.html for more information.
E           CUDA kernel errors might be asynchronously reported at some other API call, so the stacktrace below might be incorrect.
E           For debugging consider passing CUDA_LAUNCH_BLOCKING=1
E           Compile with `TORCH_USE_CUDA_DSA` to enable device-side assertions.

/root/miniconda/envs/python310_torch29_cuda/lib/python3.10/site-packages/torch/cuda/random.py:129: AcceleratorError
__________ test_unique_dim_int[False-True-few_unique-dtype0-shape3-1] __________

shape = (16, 4), dim = 1, dtype = torch.int16, pattern = 'few_unique'
return_inverse = True, return_counts = False

    @pytest.mark.unique_dim
    @pytest.mark.parametrize("shape, dim", SHAPE_DIM_CASES)
    @pytest.mark.parametrize("dtype", utils.INT_DTYPES)
    @pytest.mark.parametrize("pattern", ["few_unique", "all_unique", "all_duplicate"])
    @pytest.mark.parametrize("return_inverse", [False, True])
    @pytest.mark.parametrize("return_counts", [False, True])
    def test_unique_dim_int(shape, dim, dtype, pattern, return_inverse, return_counts):
        if flag_gems.vendor_name == "kunlunxin":
>           torch.manual_seed(0)

test_unique_dim.py:97: 
_ _ _ _ _ _ _ _ _ _ _ _ _ _ _ _ _ _ _ _ _ _ _ _ _ _ _ _ _ _ _ _ _ _ _ _ _ _ _ _ 
/root/miniconda/envs/python310_torch29_cuda/lib/python3.10/site-packages/torch/_compile.py:53: in inner
    return disable_fn(*args, **kwargs)
/root/miniconda/envs/python310_torch29_cuda/lib/python3.10/site-packages/torch/_dynamo/eval_frame.py:1044: in _fn
    return fn(*args, **kwargs)
/root/miniconda/envs/python310_torch29_cuda/lib/python3.10/site-packages/torch/random.py:46: in manual_seed
    torch.cuda.manual_seed_all(seed)
/root/miniconda/envs/python310_torch29_cuda/lib/python3.10/site-packages/torch/cuda/random.py:131: in manual_seed_all
    _lazy_call(cb, seed_all=True)
/root/miniconda/envs/python310_torch29_cuda/lib/python3.10/site-packages/torch/cuda/__init__.py:341: in _lazy_call
    callable()
_ _ _ _ _ _ _ _ _ _ _ _ _ _ _ _ _ _ _ _ _ _ _ _ _ _ _ _ _ _ _ _ _ _ _ _ _ _ _ _ 

    def cb():
        for i in range(device_count()):
            default_generator = torch.cuda.default_generators[i]
>           default_generator.manual_seed(seed)
E           torch.AcceleratorError: CUDA error: unspecified launch failure
E           Search for `cudaErrorLaunchFailure' in https://docs.nvidia.com/cuda/cuda-runtime-api/group__CUDART__TYPES.html for more information.
E           CUDA kernel errors might be asynchronously reported at some other API call, so the stacktrace below might be incorrect.
E           For debugging consider passing CUDA_LAUNCH_BLOCKING=1
E           Compile with `TORCH_USE_CUDA_DSA` to enable device-side assertions.

/root/miniconda/envs/python310_torch29_cuda/lib/python3.10/site-packages/torch/cuda/random.py:129: AcceleratorError
_________ test_unique_dim_int[False-True-few_unique-dtype0-shape4--1] __________

shape = (16, 4), dim = -1, dtype = torch.int16, pattern = 'few_unique'
return_inverse = True, return_counts = False

    @pytest.mark.unique_dim
    @pytest.mark.parametrize("shape, dim", SHAPE_DIM_CASES)
    @pytest.mark.parametrize("dtype", utils.INT_DTYPES)
    @pytest.mark.parametrize("pattern", ["few_unique", "all_unique", "all_duplicate"])
    @pytest.mark.parametrize("return_inverse", [False, True])
    @pytest.mark.parametrize("return_counts", [False, True])
    def test_unique_dim_int(shape, dim, dtype, pattern, return_inverse, return_counts):
        if flag_gems.vendor_name == "kunlunxin":
>           torch.manual_seed(0)

test_unique_dim.py:97: 
_ _ _ _ _ _ _ _ _ _ _ _ _ _ _ _ _ _ _ _ _ _ _ _ _ _ _ _ _ _ _ _ _ _ _ _ _ _ _ _ 
/root/miniconda/envs/python310_torch29_cuda/lib/python3.10/site-packages/torch/_compile.py:53: in inner
    return disable_fn(*args, **kwargs)
/root/miniconda/envs/python310_torch29_cuda/lib/python3.10/site-packages/torch/_dynamo/eval_frame.py:1044: in _fn
    return fn(*args, **kwargs)
/root/miniconda/envs/python310_torch29_cuda/lib/python3.10/site-packages/torch/random.py:46: in manual_seed
    torch.cuda.manual_seed_all(seed)
/root/miniconda/envs/python310_torch29_cuda/lib/python3.10/site-packages/torch/cuda/random.py:131: in manual_seed_all
    _lazy_call(cb, seed_all=True)
/root/miniconda/envs/python310_torch29_cuda/lib/python3.10/site-packages/torch/cuda/__init__.py:341: in _lazy_call
    callable()
_ _ _ _ _ _ _ _ _ _ _ _ _ _ _ _ _ _ _ _ _ _ _ _ _ _ _ _ _ _ _ _ _ _ _ _ _ _ _ _ 

    def cb():
        for i in range(device_count()):
            default_generator = torch.cuda.default_generators[i]
>           default_generator.manual_seed(seed)
E           torch.AcceleratorError: CUDA error: unspecified launch failure
E           Search for `cudaErrorLaunchFailure' in https://docs.nvidia.com/cuda/cuda-runtime-api/group__CUDART__TYPES.html for more information.
E           CUDA kernel errors might be asynchronously reported at some other API call, so the stacktrace below might be incorrect.
E           For debugging consider passing CUDA_LAUNCH_BLOCKING=1
E           Compile with `TORCH_USE_CUDA_DSA` to enable device-side assertions.

/root/miniconda/envs/python310_torch29_cuda/lib/python3.10/site-packages/torch/cuda/random.py:129: AcceleratorError
__________ test_unique_dim_int[False-True-few_unique-dtype0-shape5-0] __________

shape = (4, 16), dim = 0, dtype = torch.int16, pattern = 'few_unique'
return_inverse = True, return_counts = False

    @pytest.mark.unique_dim
    @pytest.mark.parametrize("shape, dim", SHAPE_DIM_CASES)
    @pytest.mark.parametrize("dtype", utils.INT_DTYPES)
    @pytest.mark.parametrize("pattern", ["few_unique", "all_unique", "all_duplicate"])
    @pytest.mark.parametrize("return_inverse", [False, True])
    @pytest.mark.parametrize("return_counts", [False, True])
    def test_unique_dim_int(shape, dim, dtype, pattern, return_inverse, return_counts):
        if flag_gems.vendor_name == "kunlunxin":
>           torch.manual_seed(0)

test_unique_dim.py:97: 
_ _ _ _ _ _ _ _ _ _ _ _ _ _ _ _ _ _ _ _ _ _ _ _ _ _ _ _ _ _ _ _ _ _ _ _ _ _ _ _ 
/root/miniconda/envs/python310_torch29_cuda/lib/python3.10/site-packages/torch/_compile.py:53: in inner
    return disable_fn(*args, **kwargs)
/root/miniconda/envs/python310_torch29_cuda/lib/python3.10/site-packages/torch/_dynamo/eval_frame.py:1044: in _fn
    return fn(*args, **kwargs)
/root/miniconda/envs/python310_torch29_cuda/lib/python3.10/site-packages/torch/random.py:46: in manual_seed
    torch.cuda.manual_seed_all(seed)
/root/miniconda/envs/python310_torch29_cuda/lib/python3.10/site-packages/torch/cuda/random.py:131: in manual_seed_all
    _lazy_call(cb, seed_all=True)
/root/miniconda/envs/python310_torch29_cuda/lib/python3.10/site-packages/torch/cuda/__init__.py:341: in _lazy_call
    callable()
_ _ _ _ _ _ _ _ _ _ _ _ _ _ _ _ _ _ _ _ _ _ _ _ _ _ _ _ _ _ _ _ _ _ _ _ _ _ _ _ 

    def cb():
        for i in range(device_count()):
            default_generator = torch.cuda.default_generators[i]
>           default_generator.manual_seed(seed)
E           torch.AcceleratorError: CUDA error: unspecified launch failure
E           Search for `cudaErrorLaunchFailure' in https://docs.nvidia.com/cuda/cuda-runtime-api/group__CUDART__TYPES.html for more information.
E           CUDA kernel errors might be asynchronously reported at some other API call, so the stacktrace below might be incorrect.
E           For debugging consider passing CUDA_LAUNCH_BLOCKING=1
E           Compile with `TORCH_USE_CUDA_DSA` to enable device-side assertions.

/root/miniconda/envs/python310_torch29_cuda/lib/python3.10/site-packages/torch/cuda/random.py:129: AcceleratorError
__________ test_unique_dim_int[False-True-few_unique-dtype0-shape6-0] __________

shape = (32, 32), dim = 0, dtype = torch.int16, pattern = 'few_unique'
return_inverse = True, return_counts = False

    @pytest.mark.unique_dim
    @pytest.mark.parametrize("shape, dim", SHAPE_DIM_CASES)
    @pytest.mark.parametrize("dtype", utils.INT_DTYPES)
    @pytest.mark.parametrize("pattern", ["few_unique", "all_unique", "all_duplicate"])
    @pytest.mark.parametrize("return_inverse", [False, True])
    @pytest.mark.parametrize("return_counts", [False, True])
    def test_unique_dim_int(shape, dim, dtype, pattern, return_inverse, return_counts):
        if flag_gems.vendor_name == "kunlunxin":
>           torch.manual_seed(0)

test_unique_dim.py:97: 
_ _ _ _ _ _ _ _ _ _ _ _ _ _ _ _ _ _ _ _ _ _ _ _ _ _ _ _ _ _ _ _ _ _ _ _ _ _ _ _ 
/root/miniconda/envs/python310_torch29_cuda/lib/python3.10/site-packages/torch/_compile.py:53: in inner
    return disable_fn(*args, **kwargs)
/root/miniconda/envs/python310_torch29_cuda/lib/python3.10/site-packages/torch/_dynamo/eval_frame.py:1044: in _fn
    return fn(*args, **kwargs)
/root/miniconda/envs/python310_torch29_cuda/lib/python3.10/site-packages/torch/random.py:46: in manual_seed
    torch.cuda.manual_seed_all(seed)
/root/miniconda/envs/python310_torch29_cuda/lib/python3.10/site-packages/torch/cuda/random.py:131: in manual_seed_all
    _lazy_call(cb, seed_all=True)
/root/miniconda/envs/python310_torch29_cuda/lib/python3.10/site-packages/torch/cuda/__init__.py:341: in _lazy_call
    callable()
_ _ _ _ _ _ _ _ _ _ _ _ _ _ _ _ _ _ _ _ _ _ _ _ _ _ _ _ _ _ _ _ _ _ _ _ _ _ _ _ 

    def cb():
        for i in range(device_count()):
            default_generator = torch.cuda.default_generators[i]
>           default_generator.manual_seed(seed)
E           torch.AcceleratorError: CUDA error: unspecified launch failure
E           Search for `cudaErrorLaunchFailure' in https://docs.nvidia.com/cuda/cuda-runtime-api/group__CUDART__TYPES.html for more information.
E           CUDA kernel errors might be asynchronously reported at some other API call, so the stacktrace below might be incorrect.
E           For debugging consider passing CUDA_LAUNCH_BLOCKING=1
E           Compile with `TORCH_USE_CUDA_DSA` to enable device-side assertions.

/root/miniconda/envs/python310_torch29_cuda/lib/python3.10/site-packages/torch/cuda/random.py:129: AcceleratorError
__________ test_unique_dim_int[False-True-few_unique-dtype0-shape7-1] __________

shape = (32, 32), dim = 1, dtype = torch.int16, pattern = 'few_unique'
return_inverse = True, return_counts = False

    @pytest.mark.unique_dim
    @pytest.mark.parametrize("shape, dim", SHAPE_DIM_CASES)
    @pytest.mark.parametrize("dtype", utils.INT_DTYPES)
    @pytest.mark.parametrize("pattern", ["few_unique", "all_unique", "all_duplicate"])
    @pytest.mark.parametrize("return_inverse", [False, True])
    @pytest.mark.parametrize("return_counts", [False, True])
    def test_unique_dim_int(shape, dim, dtype, pattern, return_inverse, return_counts):
        if flag_gems.vendor_name == "kunlunxin":
>           torch.manual_seed(0)

test_unique_dim.py:97: 
_ _ _ _ _ _ _ _ _ _ _ _ _ _ _ _ _ _ _ _ _ _ _ _ _ _ _ _ _ _ _ _ _ _ _ _ _ _ _ _ 
/root/miniconda/envs/python310_torch29_cuda/lib/python3.10/site-packages/torch/_compile.py:53: in inner
    return disable_fn(*args, **kwargs)
/root/miniconda/envs/python310_torch29_cuda/lib/python3.10/site-packages/torch/_dynamo/eval_frame.py:1044: in _fn
    return fn(*args, **kwargs)
/root/miniconda/envs/python310_torch29_cuda/lib/python3.10/site-packages/torch/random.py:46: in manual_seed
    torch.cuda.manual_seed_all(seed)
/root/miniconda/envs/python310_torch29_cuda/lib/python3.10/site-packages/torch/cuda/random.py:131: in manual_seed_all
    _lazy_call(cb, seed_all=True)
/root/miniconda/envs/python310_torch29_cuda/lib/python3.10/site-packages/torch/cuda/__init__.py:341: in _lazy_call
    callable()
_ _ _ _ _ _ _ _ _ _ _ _ _ _ _ _ _ _ _ _ _ _ _ _ _ _ _ _ _ _ _ _ _ _ _ _ _ _ _ _ 

    def cb():
        for i in range(device_count()):
            default_generator = torch.cuda.default_generators[i]
>           default_generator.manual_seed(seed)
E           torch.AcceleratorError: CUDA error: unspecified launch failure
E           Search for `cudaErrorLaunchFailure' in https://docs.nvidia.com/cuda/cuda-runtime-api/group__CUDART__TYPES.html for more information.
E           CUDA kernel errors might be asynchronously reported at some other API call, so the stacktrace below might be incorrect.
E           For debugging consider passing CUDA_LAUNCH_BLOCKING=1
E           Compile with `TORCH_USE_CUDA_DSA` to enable device-side assertions.

/root/miniconda/envs/python310_torch29_cuda/lib/python3.10/site-packages/torch/cuda/random.py:129: AcceleratorError
__________ test_unique_dim_int[False-True-few_unique-dtype0-shape8-0] __________

shape = (6, 5, 4), dim = 0, dtype = torch.int16, pattern = 'few_unique'
return_inverse = True, return_counts = False

    @pytest.mark.unique_dim
    @pytest.mark.parametrize("shape, dim", SHAPE_DIM_CASES)
    @pytest.mark.parametrize("dtype", utils.INT_DTYPES)
    @pytest.mark.parametrize("pattern", ["few_unique", "all_unique", "all_duplicate"])
    @pytest.mark.parametrize("return_inverse", [False, True])
    @pytest.mark.parametrize("return_counts", [False, True])
    def test_unique_dim_int(shape, dim, dtype, pattern, return_inverse, return_counts):
        if flag_gems.vendor_name == "kunlunxin":
>           torch.manual_seed(0)

test_unique_dim.py:97: 
_ _ _ _ _ _ _ _ _ _ _ _ _ _ _ _ _ _ _ _ _ _ _ _ _ _ _ _ _ _ _ _ _ _ _ _ _ _ _ _ 
/root/miniconda/envs/python310_torch29_cuda/lib/python3.10/site-packages/torch/_compile.py:53: in inner
    return disable_fn(*args, **kwargs)
/root/miniconda/envs/python310_torch29_cuda/lib/python3.10/site-packages/torch/_dynamo/eval_frame.py:1044: in _fn
    return fn(*args, **kwargs)
/root/miniconda/envs/python310_torch29_cuda/lib/python3.10/site-packages/torch/random.py:46: in manual_seed
    torch.cuda.manual_seed_all(seed)
/root/miniconda/envs/python310_torch29_cuda/lib/python3.10/site-packages/torch/cuda/random.py:131: in manual_seed_all
    _lazy_call(cb, seed_all=True)
/root/miniconda/envs/python310_torch29_cuda/lib/python3.10/site-packages/torch/cuda/__init__.py:341: in _lazy_call
    callable()
_ _ _ _ _ _ _ _ _ _ _ _ _ _ _ _ _ _ _ _ _ _ _ _ _ _ _ _ _ _ _ _ _ _ _ _ _ _ _ _ 

    def cb():
        for i in range(device_count()):
            default_generator = torch.cuda.default_generators[i]
>           default_generator.manual_seed(seed)
E           torch.AcceleratorError: CUDA error: unspecified launch failure
E           Search for `cudaErrorLaunchFailure' in https://docs.nvidia.com/cuda/cuda-runtime-api/group__CUDART__TYPES.html for more information.
E           CUDA kernel errors might be asynchronously reported at some other API call, so the stacktrace below might be incorrect.
E           For debugging consider passing CUDA_LAUNCH_BLOCKING=1
E           Compile with `TORCH_USE_CUDA_DSA` to enable device-side assertions.

/root/miniconda/envs/python310_torch29_cuda/lib/python3.10/site-packages/torch/cuda/random.py:129: AcceleratorError
__________ test_unique_dim_int[False-True-few_unique-dtype0-shape9-1] __________

shape = (6, 5, 4), dim = 1, dtype = torch.int16, pattern = 'few_unique'
return_inverse = True, return_counts = False

    @pytest.mark.unique_dim
    @pytest.mark.parametrize("shape, dim", SHAPE_DIM_CASES)
    @pytest.mark.parametrize("dtype", utils.INT_DTYPES)
    @pytest.mark.parametrize("pattern", ["few_unique", "all_unique", "all_duplicate"])
    @pytest.mark.parametrize("return_inverse", [False, True])
    @pytest.mark.parametrize("return_counts", [False, True])
    def test_unique_dim_int(shape, dim, dtype, pattern, return_inverse, return_counts):
        if flag_gems.vendor_name == "kunlunxin":
>           torch.manual_seed(0)

test_unique_dim.py:97: 
_ _ _ _ _ _ _ _ _ _ _ _ _ _ _ _ _ _ _ _ _ _ _ _ _ _ _ _ _ _ _ _ _ _ _ _ _ _ _ _ 
/root/miniconda/envs/python310_torch29_cuda/lib/python3.10/site-packages/torch/_compile.py:53: in inner
    return disable_fn(*args, **kwargs)
/root/miniconda/envs/python310_torch29_cuda/lib/python3.10/site-packages/torch/_dynamo/eval_frame.py:1044: in _fn
    return fn(*args, **kwargs)
/root/miniconda/envs/python310_torch29_cuda/lib/python3.10/site-packages/torch/random.py:46: in manual_seed
    torch.cuda.manual_seed_all(seed)
/root/miniconda/envs/python310_torch29_cuda/lib/python3.10/site-packages/torch/cuda/random.py:131: in manual_seed_all
    _lazy_call(cb, seed_all=True)
/root/miniconda/envs/python310_torch29_cuda/lib/python3.10/site-packages/torch/cuda/__init__.py:341: in _lazy_call
    callable()
_ _ _ _ _ _ _ _ _ _ _ _ _ _ _ _ _ _ _ _ _ _ _ _ _ _ _ _ _ _ _ _ _ _ _ _ _ _ _ _ 

    def cb():
        for i in range(device_count()):
            default_generator = torch.cuda.default_generators[i]
>           default_generator.manual_seed(seed)
E           torch.AcceleratorError: CUDA error: unspecified launch failure
E           Search for `cudaErrorLaunchFailure' in https://docs.nvidia.com/cuda/cuda-runtime-api/group__CUDART__TYPES.html for more information.
E           CUDA kernel errors might be asynchronously reported at some other API call, so the stacktrace below might be incorrect.
E           For debugging consider passing CUDA_LAUNCH_BLOCKING=1
E           Compile with `TORCH_USE_CUDA_DSA` to enable device-side assertions.

/root/miniconda/envs/python310_torch29_cuda/lib/python3.10/site-packages/torch/cuda/random.py:129: AcceleratorError
_________ test_unique_dim_int[False-True-few_unique-dtype0-shape10-2] __________

shape = (6, 5, 4), dim = 2, dtype = torch.int16, pattern = 'few_unique'
return_inverse = True, return_counts = False

    @pytest.mark.unique_dim
    @pytest.mark.parametrize("shape, dim", SHAPE_DIM_CASES)
    @pytest.mark.parametrize("dtype", utils.INT_DTYPES)
    @pytest.mark.parametrize("pattern", ["few_unique", "all_unique", "all_duplicate"])
    @pytest.mark.parametrize("return_inverse", [False, True])
    @pytest.mark.parametrize("return_counts", [False, True])
    def test_unique_dim_int(shape, dim, dtype, pattern, return_inverse, return_counts):
        if flag_gems.vendor_name == "kunlunxin":
>           torch.manual_seed(0)

test_unique_dim.py:97: 
_ _ _ _ _ _ _ _ _ _ _ _ _ _ _ _ _ _ _ _ _ _ _ _ _ _ _ _ _ _ _ _ _ _ _ _ _ _ _ _ 
/root/miniconda/envs/python310_torch29_cuda/lib/python3.10/site-packages/torch/_compile.py:53: in inner
    return disable_fn(*args, **kwargs)
/root/miniconda/envs/python310_torch29_cuda/lib/python3.10/site-packages/torch/_dynamo/eval_frame.py:1044: in _fn
    return fn(*args, **kwargs)
/root/miniconda/envs/python310_torch29_cuda/lib/python3.10/site-packages/torch/random.py:46: in manual_seed
    torch.cuda.manual_seed_all(seed)
/root/miniconda/envs/python310_torch29_cuda/lib/python3.10/site-packages/torch/cuda/random.py:131: in manual_seed_all
    _lazy_call(cb, seed_all=True)
/root/miniconda/envs/python310_torch29_cuda/lib/python3.10/site-packages/torch/cuda/__init__.py:341: in _lazy_call
    callable()
_ _ _ _ _ _ _ _ _ _ _ _ _ _ _ _ _ _ _ _ _ _ _ _ _ _ _ _ _ _ _ _ _ _ _ _ _ _ _ _ 

    def cb():
        for i in range(device_count()):
            default_generator = torch.cuda.default_generators[i]
>           default_generator.manual_seed(seed)
E           torch.AcceleratorError: CUDA error: unspecified launch failure
E           Search for `cudaErrorLaunchFailure' in https://docs.nvidia.com/cuda/cuda-runtime-api/group__CUDART__TYPES.html for more information.
E           CUDA kernel errors might be asynchronously reported at some other API call, so the stacktrace below might be incorrect.
E           For debugging consider passing CUDA_LAUNCH_BLOCKING=1
E           Compile with `TORCH_USE_CUDA_DSA` to enable device-side assertions.

/root/miniconda/envs/python310_torch29_cuda/lib/python3.10/site-packages/torch/cuda/random.py:129: AcceleratorError
_________ test_unique_dim_int[False-True-few_unique-dtype0-shape11--2] _________

shape = (6, 5, 4), dim = -2, dtype = torch.int16, pattern = 'few_unique'
return_inverse = True, return_counts = False

    @pytest.mark.unique_dim
    @pytest.mark.parametrize("shape, dim", SHAPE_DIM_CASES)
    @pytest.mark.parametrize("dtype", utils.INT_DTYPES)
    @pytest.mark.parametrize("pattern", ["few_unique", "all_unique", "all_duplicate"])
    @pytest.mark.parametrize("return_inverse", [False, True])
    @pytest.mark.parametrize("return_counts", [False, True])
    def test_unique_dim_int(shape, dim, dtype, pattern, return_inverse, return_counts):
        if flag_gems.vendor_name == "kunlunxin":
>           torch.manual_seed(0)

test_unique_dim.py:97: 
_ _ _ _ _ _ _ _ _ _ _ _ _ _ _ _ _ _ _ _ _ _ _ _ _ _ _ _ _ _ _ _ _ _ _ _ _ _ _ _ 
/root/miniconda/envs/python310_torch29_cuda/lib/python3.10/site-packages/torch/_compile.py:53: in inner
    return disable_fn(*args, **kwargs)
/root/miniconda/envs/python310_torch29_cuda/lib/python3.10/site-packages/torch/_dynamo/eval_frame.py:1044: in _fn
    return fn(*args, **kwargs)
/root/miniconda/envs/python310_torch29_cuda/lib/python3.10/site-packages/torch/random.py:46: in manual_seed
    torch.cuda.manual_seed_all(seed)
/root/miniconda/envs/python310_torch29_cuda/lib/python3.10/site-packages/torch/cuda/random.py:131: in manual_seed_all
    _lazy_call(cb, seed_all=True)
/root/miniconda/envs/python310_torch29_cuda/lib/python3.10/site-packages/torch/cuda/__init__.py:341: in _lazy_call
    callable()
_ _ _ _ _ _ _ _ _ _ _ _ _ _ _ _ _ _ _ _ _ _ _ _ _ _ _ _ _ _ _ _ _ _ _ _ _ _ _ _ 

    def cb():
        for i in range(device_count()):
            default_generator = torch.cuda.default_generators[i]
>           default_generator.manual_seed(seed)
E           torch.AcceleratorError: CUDA error: unspecified launch failure
E           Search for `cudaErrorLaunchFailure' in https://docs.nvidia.com/cuda/cuda-runtime-api/group__CUDART__TYPES.html for more information.
E           CUDA kernel errors might be asynchronously reported at some other API call, so the stacktrace below might be incorrect.
E           For debugging consider passing CUDA_LAUNCH_BLOCKING=1
E           Compile with `TORCH_USE_CUDA_DSA` to enable device-side assertions.

/root/miniconda/envs/python310_torch29_cuda/lib/python3.10/site-packages/torch/cuda/random.py:129: AcceleratorError
_________ test_unique_dim_int[False-True-few_unique-dtype0-shape12-2] __________

shape = (3, 4, 5, 6), dim = 2, dtype = torch.int16, pattern = 'few_unique'
return_inverse = True, return_counts = False

    @pytest.mark.unique_dim
    @pytest.mark.parametrize("shape, dim", SHAPE_DIM_CASES)
    @pytest.mark.parametrize("dtype", utils.INT_DTYPES)
    @pytest.mark.parametrize("pattern", ["few_unique", "all_unique", "all_duplicate"])
    @pytest.mark.parametrize("return_inverse", [False, True])
    @pytest.mark.parametrize("return_counts", [False, True])
    def test_unique_dim_int(shape, dim, dtype, pattern, return_inverse, return_counts):
        if flag_gems.vendor_name == "kunlunxin":
>           torch.manual_seed(0)

test_unique_dim.py:97: 
_ _ _ _ _ _ _ _ _ _ _ _ _ _ _ _ _ _ _ _ _ _ _ _ _ _ _ _ _ _ _ _ _ _ _ _ _ _ _ _ 
/root/miniconda/envs/python310_torch29_cuda/lib/python3.10/site-packages/torch/_compile.py:53: in inner
    return disable_fn(*args, **kwargs)
/root/miniconda/envs/python310_torch29_cuda/lib/python3.10/site-packages/torch/_dynamo/eval_frame.py:1044: in _fn
    return fn(*args, **kwargs)
/root/miniconda/envs/python310_torch29_cuda/lib/python3.10/site-packages/torch/random.py:46: in manual_seed
    torch.cuda.manual_seed_all(seed)
/root/miniconda/envs/python310_torch29_cuda/lib/python3.10/site-packages/torch/cuda/random.py:131: in manual_seed_all
    _lazy_call(cb, seed_all=True)
/root/miniconda/envs/python310_torch29_cuda/lib/python3.10/site-packages/torch/cuda/__init__.py:341: in _lazy_call
    callable()
_ _ _ _ _ _ _ _ _ _ _ _ _ _ _ _ _ _ _ _ _ _ _ _ _ _ _ _ _ _ _ _ _ _ _ _ _ _ _ _ 

    def cb():
        for i in range(device_count()):
            default_generator = torch.cuda.default_generators[i]
>           default_generator.manual_seed(seed)
E           torch.AcceleratorError: CUDA error: unspecified launch failure
E           Search for `cudaErrorLaunchFailure' in https://docs.nvidia.com/cuda/cuda-runtime-api/group__CUDART__TYPES.html for more information.
E           CUDA kernel errors might be asynchronously reported at some other API call, so the stacktrace below might be incorrect.
E           For debugging consider passing CUDA_LAUNCH_BLOCKING=1
E           Compile with `TORCH_USE_CUDA_DSA` to enable device-side assertions.

/root/miniconda/envs/python310_torch29_cuda/lib/python3.10/site-packages/torch/cuda/random.py:129: AcceleratorError
_________ test_unique_dim_int[False-True-few_unique-dtype0-shape13--1] _________

shape = (3, 4, 5, 6), dim = -1, dtype = torch.int16, pattern = 'few_unique'
return_inverse = True, return_counts = False

    @pytest.mark.unique_dim
    @pytest.mark.parametrize("shape, dim", SHAPE_DIM_CASES)
    @pytest.mark.parametrize("dtype", utils.INT_DTYPES)
    @pytest.mark.parametrize("pattern", ["few_unique", "all_unique", "all_duplicate"])
    @pytest.mark.parametrize("return_inverse", [False, True])
    @pytest.mark.parametrize("return_counts", [False, True])
    def test_unique_dim_int(shape, dim, dtype, pattern, return_inverse, return_counts):
        if flag_gems.vendor_name == "kunlunxin":
>           torch.manual_seed(0)

test_unique_dim.py:97: 
_ _ _ _ _ _ _ _ _ _ _ _ _ _ _ _ _ _ _ _ _ _ _ _ _ _ _ _ _ _ _ _ _ _ _ _ _ _ _ _ 
/root/miniconda/envs/python310_torch29_cuda/lib/python3.10/site-packages/torch/_compile.py:53: in inner
    return disable_fn(*args, **kwargs)
/root/miniconda/envs/python310_torch29_cuda/lib/python3.10/site-packages/torch/_dynamo/eval_frame.py:1044: in _fn
    return fn(*args, **kwargs)
/root/miniconda/envs/python310_torch29_cuda/lib/python3.10/site-packages/torch/random.py:46: in manual_seed
    torch.cuda.manual_seed_all(seed)
/root/miniconda/envs/python310_torch29_cuda/lib/python3.10/site-packages/torch/cuda/random.py:131: in manual_seed_all
    _lazy_call(cb, seed_all=True)
/root/miniconda/envs/python310_torch29_cuda/lib/python3.10/site-packages/torch/cuda/__init__.py:341: in _lazy_call
    callable()
_ _ _ _ _ _ _ _ _ _ _ _ _ _ _ _ _ _ _ _ _ _ _ _ _ _ _ _ _ _ _ _ _ _ _ _ _ _ _ _ 

    def cb():
        for i in range(device_count()):
            default_generator = torch.cuda.default_generators[i]
>           default_generator.manual_seed(seed)
E           torch.AcceleratorError: CUDA error: unspecified launch failure
E           Search for `cudaErrorLaunchFailure' in https://docs.nvidia.com/cuda/cuda-runtime-api/group__CUDART__TYPES.html for more information.
E           CUDA kernel errors might be asynchronously reported at some other API call, so the stacktrace below might be incorrect.
E           For debugging consider passing CUDA_LAUNCH_BLOCKING=1
E           Compile with `TORCH_USE_CUDA_DSA` to enable device-side assertions.

/root/miniconda/envs/python310_torch29_cuda/lib/python3.10/site-packages/torch/cuda/random.py:129: AcceleratorError
__________ test_unique_dim_int[False-True-few_unique-dtype1-shape0-0] __________

shape = (8,), dim = 0, dtype = torch.int32, pattern = 'few_unique'
return_inverse = True, return_counts = False

    @pytest.mark.unique_dim
    @pytest.mark.parametrize("shape, dim", SHAPE_DIM_CASES)
    @pytest.mark.parametrize("dtype", utils.INT_DTYPES)
    @pytest.mark.parametrize("pattern", ["few_unique", "all_unique", "all_duplicate"])
    @pytest.mark.parametrize("return_inverse", [False, True])
    @pytest.mark.parametrize("return_counts", [False, True])
    def test_unique_dim_int(shape, dim, dtype, pattern, return_inverse, return_counts):
        if flag_gems.vendor_name == "kunlunxin":
>           torch.manual_seed(0)

test_unique_dim.py:97: 
_ _ _ _ _ _ _ _ _ _ _ _ _ _ _ _ _ _ _ _ _ _ _ _ _ _ _ _ _ _ _ _ _ _ _ _ _ _ _ _ 
/root/miniconda/envs/python310_torch29_cuda/lib/python3.10/site-packages/torch/_compile.py:53: in inner
    return disable_fn(*args, **kwargs)
/root/miniconda/envs/python310_torch29_cuda/lib/python3.10/site-packages/torch/_dynamo/eval_frame.py:1044: in _fn
    return fn(*args, **kwargs)
/root/miniconda/envs/python310_torch29_cuda/lib/python3.10/site-packages/torch/random.py:46: in manual_seed
    torch.cuda.manual_seed_all(seed)
/root/miniconda/envs/python310_torch29_cuda/lib/python3.10/site-packages/torch/cuda/random.py:131: in manual_seed_all
    _lazy_call(cb, seed_all=True)
/root/miniconda/envs/python310_torch29_cuda/lib/python3.10/site-packages/torch/cuda/__init__.py:341: in _lazy_call
    callable()
_ _ _ _ _ _ _ _ _ _ _ _ _ _ _ _ _ _ _ _ _ _ _ _ _ _ _ _ _ _ _ _ _ _ _ _ _ _ _ _ 

    def cb():
        for i in range(device_count()):
            default_generator = torch.cuda.default_generators[i]
>           default_generator.manual_seed(seed)
E           torch.AcceleratorError: CUDA error: unspecified launch failure
E           Search for `cudaErrorLaunchFailure' in https://docs.nvidia.com/cuda/cuda-runtime-api/group__CUDART__TYPES.html for more information.
E           CUDA kernel errors might be asynchronously reported at some other API call, so the stacktrace below might be incorrect.
E           For debugging consider passing CUDA_LAUNCH_BLOCKING=1
E           Compile with `TORCH_USE_CUDA_DSA` to enable device-side assertions.

/root/miniconda/envs/python310_torch29_cuda/lib/python3.10/site-packages/torch/cuda/random.py:129: AcceleratorError
_________ test_unique_dim_int[False-True-few_unique-dtype1-shape1--1] __________

shape = (8,), dim = -1, dtype = torch.int32, pattern = 'few_unique'
return_inverse = True, return_counts = False

    @pytest.mark.unique_dim
    @pytest.mark.parametrize("shape, dim", SHAPE_DIM_CASES)
    @pytest.mark.parametrize("dtype", utils.INT_DTYPES)
    @pytest.mark.parametrize("pattern", ["few_unique", "all_unique", "all_duplicate"])
    @pytest.mark.parametrize("return_inverse", [False, True])
    @pytest.mark.parametrize("return_counts", [False, True])
    def test_unique_dim_int(shape, dim, dtype, pattern, return_inverse, return_counts):
        if flag_gems.vendor_name == "kunlunxin":
>           torch.manual_seed(0)

test_unique_dim.py:97: 
_ _ _ _ _ _ _ _ _ _ _ _ _ _ _ _ _ _ _ _ _ _ _ _ _ _ _ _ _ _ _ _ _ _ _ _ _ _ _ _ 
/root/miniconda/envs/python310_torch29_cuda/lib/python3.10/site-packages/torch/_compile.py:53: in inner
    return disable_fn(*args, **kwargs)
/root/miniconda/envs/python310_torch29_cuda/lib/python3.10/site-packages/torch/_dynamo/eval_frame.py:1044: in _fn
    return fn(*args, **kwargs)
/root/miniconda/envs/python310_torch29_cuda/lib/python3.10/site-packages/torch/random.py:46: in manual_seed
    torch.cuda.manual_seed_all(seed)
/root/miniconda/envs/python310_torch29_cuda/lib/python3.10/site-packages/torch/cuda/random.py:131: in manual_seed_all
    _lazy_call(cb, seed_all=True)
/root/miniconda/envs/python310_torch29_cuda/lib/python3.10/site-packages/torch/cuda/__init__.py:341: in _lazy_call
    callable()
_ _ _ _ _ _ _ _ _ _ _ _ _ _ _ _ _ _ _ _ _ _ _ _ _ _ _ _ _ _ _ _ _ _ _ _ _ _ _ _ 

    def cb():
        for i in range(device_count()):
            default_generator = torch.cuda.default_generators[i]
>           default_generator.manual_seed(seed)
E           torch.AcceleratorError: CUDA error: unspecified launch failure
E           Search for `cudaErrorLaunchFailure' in https://docs.nvidia.com/cuda/cuda-runtime-api/group__CUDART__TYPES.html for more information.
E           CUDA kernel errors might be asynchronously reported at some other API call, so the stacktrace below might be incorrect.
E           For debugging consider passing CUDA_LAUNCH_BLOCKING=1
E           Compile with `TORCH_USE_CUDA_DSA` to enable device-side assertions.

/root/miniconda/envs/python310_torch29_cuda/lib/python3.10/site-packages/torch/cuda/random.py:129: AcceleratorError
__________ test_unique_dim_int[False-True-few_unique-dtype1-shape2-0] __________

shape = (16, 4), dim = 0, dtype = torch.int32, pattern = 'few_unique'
return_inverse = True, return_counts = False

    @pytest.mark.unique_dim
    @pytest.mark.parametrize("shape, dim", SHAPE_DIM_CASES)
    @pytest.mark.parametrize("dtype", utils.INT_DTYPES)
    @pytest.mark.parametrize("pattern", ["few_unique", "all_unique", "all_duplicate"])
    @pytest.mark.parametrize("return_inverse", [False, True])
    @pytest.mark.parametrize("return_counts", [False, True])
    def test_unique_dim_int(shape, dim, dtype, pattern, return_inverse, return_counts):
        if flag_gems.vendor_name == "kunlunxin":
>           torch.manual_seed(0)

test_unique_dim.py:97: 
_ _ _ _ _ _ _ _ _ _ _ _ _ _ _ _ _ _ _ _ _ _ _ _ _ _ _ _ _ _ _ _ _ _ _ _ _ _ _ _ 
/root/miniconda/envs/python310_torch29_cuda/lib/python3.10/site-packages/torch/_compile.py:53: in inner
    return disable_fn(*args, **kwargs)
/root/miniconda/envs/python310_torch29_cuda/lib/python3.10/site-packages/torch/_dynamo/eval_frame.py:1044: in _fn
    return fn(*args, **kwargs)
/root/miniconda/envs/python310_torch29_cuda/lib/python3.10/site-packages/torch/random.py:46: in manual_seed
    torch.cuda.manual_seed_all(seed)
/root/miniconda/envs/python310_torch29_cuda/lib/python3.10/site-packages/torch/cuda/random.py:131: in manual_seed_all
    _lazy_call(cb, seed_all=True)
/root/miniconda/envs/python310_torch29_cuda/lib/python3.10/site-packages/torch/cuda/__init__.py:341: in _lazy_call
    callable()
_ _ _ _ _ _ _ _ _ _ _ _ _ _ _ _ _ _ _ _ _ _ _ _ _ _ _ _ _ _ _ _ _ _ _ _ _ _ _ _ 

    def cb():
        for i in range(device_count()):
            default_generator = torch.cuda.default_generators[i]
>           default_generator.manual_seed(seed)
E           torch.AcceleratorError: CUDA error: unspecified launch failure
E           Search for `cudaErrorLaunchFailure' in https://docs.nvidia.com/cuda/cuda-runtime-api/group__CUDART__TYPES.html for more information.
E           CUDA kernel errors might be asynchronously reported at some other API call, so the stacktrace below might be incorrect.
E           For debugging consider passing CUDA_LAUNCH_BLOCKING=1
E           Compile with `TORCH_USE_CUDA_DSA` to enable device-side assertions.

/root/miniconda/envs/python310_torch29_cuda/lib/python3.10/site-packages/torch/cuda/random.py:129: AcceleratorError
__________ test_unique_dim_int[False-True-few_unique-dtype1-shape3-1] __________

shape = (16, 4), dim = 1, dtype = torch.int32, pattern = 'few_unique'
return_inverse = True, return_counts = False

    @pytest.mark.unique_dim
    @pytest.mark.parametrize("shape, dim", SHAPE_DIM_CASES)
    @pytest.mark.parametrize("dtype", utils.INT_DTYPES)
    @pytest.mark.parametrize("pattern", ["few_unique", "all_unique", "all_duplicate"])
    @pytest.mark.parametrize("return_inverse", [False, True])
    @pytest.mark.parametrize("return_counts", [False, True])
    def test_unique_dim_int(shape, dim, dtype, pattern, return_inverse, return_counts):
        if flag_gems.vendor_name == "kunlunxin":
>           torch.manual_seed(0)

test_unique_dim.py:97: 
_ _ _ _ _ _ _ _ _ _ _ _ _ _ _ _ _ _ _ _ _ _ _ _ _ _ _ _ _ _ _ _ _ _ _ _ _ _ _ _ 
/root/miniconda/envs/python310_torch29_cuda/lib/python3.10/site-packages/torch/_compile.py:53: in inner
    return disable_fn(*args, **kwargs)
/root/miniconda/envs/python310_torch29_cuda/lib/python3.10/site-packages/torch/_dynamo/eval_frame.py:1044: in _fn
    return fn(*args, **kwargs)
/root/miniconda/envs/python310_torch29_cuda/lib/python3.10/site-packages/torch/random.py:46: in manual_seed
    torch.cuda.manual_seed_all(seed)
/root/miniconda/envs/python310_torch29_cuda/lib/python3.10/site-packages/torch/cuda/random.py:131: in manual_seed_all
    _lazy_call(cb, seed_all=True)
/root/miniconda/envs/python310_torch29_cuda/lib/python3.10/site-packages/torch/cuda/__init__.py:341: in _lazy_call
    callable()
_ _ _ _ _ _ _ _ _ _ _ _ _ _ _ _ _ _ _ _ _ _ _ _ _ _ _ _ _ _ _ _ _ _ _ _ _ _ _ _ 

    def cb():
        for i in range(device_count()):
            default_generator = torch.cuda.default_generators[i]
>           default_generator.manual_seed(seed)
E           torch.AcceleratorError: CUDA error: unspecified launch failure
E           Search for `cudaErrorLaunchFailure' in https://docs.nvidia.com/cuda/cuda-runtime-api/group__CUDART__TYPES.html for more information.
E           CUDA kernel errors might be asynchronously reported at some other API call, so the stacktrace below might be incorrect.
E           For debugging consider passing CUDA_LAUNCH_BLOCKING=1
E           Compile with `TORCH_USE_CUDA_DSA` to enable device-side assertions.

/root/miniconda/envs/python310_torch29_cuda/lib/python3.10/site-packages/torch/cuda/random.py:129: AcceleratorError
_________ test_unique_dim_int[False-True-few_unique-dtype1-shape4--1] __________

shape = (16, 4), dim = -1, dtype = torch.int32, pattern = 'few_unique'
return_inverse = True, return_counts = False

    @pytest.mark.unique_dim
    @pytest.mark.parametrize("shape, dim", SHAPE_DIM_CASES)
    @pytest.mark.parametrize("dtype", utils.INT_DTYPES)
    @pytest.mark.parametrize("pattern", ["few_unique", "all_unique", "all_duplicate"])
    @pytest.mark.parametrize("return_inverse", [False, True])
    @pytest.mark.parametrize("return_counts", [False, True])
    def test_unique_dim_int(shape, dim, dtype, pattern, return_inverse, return_counts):
        if flag_gems.vendor_name == "kunlunxin":
>           torch.manual_seed(0)

test_unique_dim.py:97: 
_ _ _ _ _ _ _ _ _ _ _ _ _ _ _ _ _ _ _ _ _ _ _ _ _ _ _ _ _ _ _ _ _ _ _ _ _ _ _ _ 
/root/miniconda/envs/python310_torch29_cuda/lib/python3.10/site-packages/torch/_compile.py:53: in inner
    return disable_fn(*args, **kwargs)
/root/miniconda/envs/python310_torch29_cuda/lib/python3.10/site-packages/torch/_dynamo/eval_frame.py:1044: in _fn
    return fn(*args, **kwargs)
/root/miniconda/envs/python310_torch29_cuda/lib/python3.10/site-packages/torch/random.py:46: in manual_seed
    torch.cuda.manual_seed_all(seed)
/root/miniconda/envs/python310_torch29_cuda/lib/python3.10/site-packages/torch/cuda/random.py:131: in manual_seed_all
    _lazy_call(cb, seed_all=True)
/root/miniconda/envs/python310_torch29_cuda/lib/python3.10/site-packages/torch/cuda/__init__.py:341: in _lazy_call
    callable()
_ _ _ _ _ _ _ _ _ _ _ _ _ _ _ _ _ _ _ _ _ _ _ _ _ _ _ _ _ _ _ _ _ _ _ _ _ _ _ _ 

    def cb():
        for i in range(device_count()):
            default_generator = torch.cuda.default_generators[i]
>           default_generator.manual_seed(seed)
E           torch.AcceleratorError: CUDA error: unspecified launch failure
E           Search for `cudaErrorLaunchFailure' in https://docs.nvidia.com/cuda/cuda-runtime-api/group__CUDART__TYPES.html for more information.
E           CUDA kernel errors might be asynchronously reported at some other API call, so the stacktrace below might be incorrect.
E           For debugging consider passing CUDA_LAUNCH_BLOCKING=1
E           Compile with `TORCH_USE_CUDA_DSA` to enable device-side assertions.

/root/miniconda/envs/python310_torch29_cuda/lib/python3.10/site-packages/torch/cuda/random.py:129: AcceleratorError
__________ test_unique_dim_int[False-True-few_unique-dtype1-shape5-0] __________

shape = (4, 16), dim = 0, dtype = torch.int32, pattern = 'few_unique'
return_inverse = True, return_counts = False

    @pytest.mark.unique_dim
    @pytest.mark.parametrize("shape, dim", SHAPE_DIM_CASES)
    @pytest.mark.parametrize("dtype", utils.INT_DTYPES)
    @pytest.mark.parametrize("pattern", ["few_unique", "all_unique", "all_duplicate"])
    @pytest.mark.parametrize("return_inverse", [False, True])
    @pytest.mark.parametrize("return_counts", [False, True])
    def test_unique_dim_int(shape, dim, dtype, pattern, return_inverse, return_counts):
        if flag_gems.vendor_name == "kunlunxin":
>           torch.manual_seed(0)

test_unique_dim.py:97: 
_ _ _ _ _ _ _ _ _ _ _ _ _ _ _ _ _ _ _ _ _ _ _ _ _ _ _ _ _ _ _ _ _ _ _ _ _ _ _ _ 
/root/miniconda/envs/python310_torch29_cuda/lib/python3.10/site-packages/torch/_compile.py:53: in inner
    return disable_fn(*args, **kwargs)
/root/miniconda/envs/python310_torch29_cuda/lib/python3.10/site-packages/torch/_dynamo/eval_frame.py:1044: in _fn
    return fn(*args, **kwargs)
/root/miniconda/envs/python310_torch29_cuda/lib/python3.10/site-packages/torch/random.py:46: in manual_seed
    torch.cuda.manual_seed_all(seed)
/root/miniconda/envs/python310_torch29_cuda/lib/python3.10/site-packages/torch/cuda/random.py:131: in manual_seed_all
    _lazy_call(cb, seed_all=True)
/root/miniconda/envs/python310_torch29_cuda/lib/python3.10/site-packages/torch/cuda/__init__.py:341: in _lazy_call
    callable()
_ _ _ _ _ _ _ _ _ _ _ _ _ _ _ _ _ _ _ _ _ _ _ _ _ _ _ _ _ _ _ _ _ _ _ _ _ _ _ _ 

    def cb():
        for i in range(device_count()):
            default_generator = torch.cuda.default_generators[i]
>           default_generator.manual_seed(seed)
E           torch.AcceleratorError: CUDA error: unspecified launch failure
E           Search for `cudaErrorLaunchFailure' in https://docs.nvidia.com/cuda/cuda-runtime-api/group__CUDART__TYPES.html for more information.
E           CUDA kernel errors might be asynchronously reported at some other API call, so the stacktrace below might be incorrect.
E           For debugging consider passing CUDA_LAUNCH_BLOCKING=1
E           Compile with `TORCH_USE_CUDA_DSA` to enable device-side assertions.

/root/miniconda/envs/python310_torch29_cuda/lib/python3.10/site-packages/torch/cuda/random.py:129: AcceleratorError
__________ test_unique_dim_int[False-True-few_unique-dtype1-shape6-0] __________

shape = (32, 32), dim = 0, dtype = torch.int32, pattern = 'few_unique'
return_inverse = True, return_counts = False

    @pytest.mark.unique_dim
    @pytest.mark.parametrize("shape, dim", SHAPE_DIM_CASES)
    @pytest.mark.parametrize("dtype", utils.INT_DTYPES)
    @pytest.mark.parametrize("pattern", ["few_unique", "all_unique", "all_duplicate"])
    @pytest.mark.parametrize("return_inverse", [False, True])
    @pytest.mark.parametrize("return_counts", [False, True])
    def test_unique_dim_int(shape, dim, dtype, pattern, return_inverse, return_counts):
        if flag_gems.vendor_name == "kunlunxin":
>           torch.manual_seed(0)

test_unique_dim.py:97: 
_ _ _ _ _ _ _ _ _ _ _ _ _ _ _ _ _ _ _ _ _ _ _ _ _ _ _ _ _ _ _ _ _ _ _ _ _ _ _ _ 
/root/miniconda/envs/python310_torch29_cuda/lib/python3.10/site-packages/torch/_compile.py:53: in inner
    return disable_fn(*args, **kwargs)
/root/miniconda/envs/python310_torch29_cuda/lib/python3.10/site-packages/torch/_dynamo/eval_frame.py:1044: in _fn
    return fn(*args, **kwargs)
/root/miniconda/envs/python310_torch29_cuda/lib/python3.10/site-packages/torch/random.py:46: in manual_seed
    torch.cuda.manual_seed_all(seed)
/root/miniconda/envs/python310_torch29_cuda/lib/python3.10/site-packages/torch/cuda/random.py:131: in manual_seed_all
    _lazy_call(cb, seed_all=True)
/root/miniconda/envs/python310_torch29_cuda/lib/python3.10/site-packages/torch/cuda/__init__.py:341: in _lazy_call
    callable()
_ _ _ _ _ _ _ _ _ _ _ _ _ _ _ _ _ _ _ _ _ _ _ _ _ _ _ _ _ _ _ _ _ _ _ _ _ _ _ _ 

    def cb():
        for i in range(device_count()):
            default_generator = torch.cuda.default_generators[i]
>           default_generator.manual_seed(seed)
E           torch.AcceleratorError: CUDA error: unspecified launch failure
E           Search for `cudaErrorLaunchFailure' in https://docs.nvidia.com/cuda/cuda-runtime-api/group__CUDART__TYPES.html for more information.
E           CUDA kernel errors might be asynchronously reported at some other API call, so the stacktrace below might be incorrect.
E           For debugging consider passing CUDA_LAUNCH_BLOCKING=1
E           Compile with `TORCH_USE_CUDA_DSA` to enable device-side assertions.

/root/miniconda/envs/python310_torch29_cuda/lib/python3.10/site-packages/torch/cuda/random.py:129: AcceleratorError
__________ test_unique_dim_int[False-True-few_unique-dtype1-shape7-1] __________

shape = (32, 32), dim = 1, dtype = torch.int32, pattern = 'few_unique'
return_inverse = True, return_counts = False

    @pytest.mark.unique_dim
    @pytest.mark.parametrize("shape, dim", SHAPE_DIM_CASES)
    @pytest.mark.parametrize("dtype", utils.INT_DTYPES)
    @pytest.mark.parametrize("pattern", ["few_unique", "all_unique", "all_duplicate"])
    @pytest.mark.parametrize("return_inverse", [False, True])
    @pytest.mark.parametrize("return_counts", [False, True])
    def test_unique_dim_int(shape, dim, dtype, pattern, return_inverse, return_counts):
        if flag_gems.vendor_name == "kunlunxin":
>           torch.manual_seed(0)

test_unique_dim.py:97: 
_ _ _ _ _ _ _ _ _ _ _ _ _ _ _ _ _ _ _ _ _ _ _ _ _ _ _ _ _ _ _ _ _ _ _ _ _ _ _ _ 
/root/miniconda/envs/python310_torch29_cuda/lib/python3.10/site-packages/torch/_compile.py:53: in inner
    return disable_fn(*args, **kwargs)
/root/miniconda/envs/python310_torch29_cuda/lib/python3.10/site-packages/torch/_dynamo/eval_frame.py:1044: in _fn
    return fn(*args, **kwargs)
/root/miniconda/envs/python310_torch29_cuda/lib/python3.10/site-packages/torch/random.py:46: in manual_seed
    torch.cuda.manual_seed_all(seed)
/root/miniconda/envs/python310_torch29_cuda/lib/python3.10/site-packages/torch/cuda/random.py:131: in manual_seed_all
    _lazy_call(cb, seed_all=True)
/root/miniconda/envs/python310_torch29_cuda/lib/python3.10/site-packages/torch/cuda/__init__.py:341: in _lazy_call
    callable()
_ _ _ _ _ _ _ _ _ _ _ _ _ _ _ _ _ _ _ _ _ _ _ _ _ _ _ _ _ _ _ _ _ _ _ _ _ _ _ _ 

    def cb():
        for i in range(device_count()):
            default_generator = torch.cuda.default_generators[i]
>           default_generator.manual_seed(seed)
E           torch.AcceleratorError: CUDA error: unspecified launch failure
E           Search for `cudaErrorLaunchFailure' in https://docs.nvidia.com/cuda/cuda-runtime-api/group__CUDART__TYPES.html for more information.
E           CUDA kernel errors might be asynchronously reported at some other API call, so the stacktrace below might be incorrect.
E           For debugging consider passing CUDA_LAUNCH_BLOCKING=1
E           Compile with `TORCH_USE_CUDA_DSA` to enable device-side assertions.

/root/miniconda/envs/python310_torch29_cuda/lib/python3.10/site-packages/torch/cuda/random.py:129: AcceleratorError
__________ test_unique_dim_int[False-True-few_unique-dtype1-shape8-0] __________

shape = (6, 5, 4), dim = 0, dtype = torch.int32, pattern = 'few_unique'
return_inverse = True, return_counts = False

    @pytest.mark.unique_dim
    @pytest.mark.parametrize("shape, dim", SHAPE_DIM_CASES)
    @pytest.mark.parametrize("dtype", utils.INT_DTYPES)
    @pytest.mark.parametrize("pattern", ["few_unique", "all_unique", "all_duplicate"])
    @pytest.mark.parametrize("return_inverse", [False, True])
    @pytest.mark.parametrize("return_counts", [False, True])
    def test_unique_dim_int(shape, dim, dtype, pattern, return_inverse, return_counts):
        if flag_gems.vendor_name == "kunlunxin":
>           torch.manual_seed(0)

test_unique_dim.py:97: 
_ _ _ _ _ _ _ _ _ _ _ _ _ _ _ _ _ _ _ _ _ _ _ _ _ _ _ _ _ _ _ _ _ _ _ _ _ _ _ _ 
/root/miniconda/envs/python310_torch29_cuda/lib/python3.10/site-packages/torch/_compile.py:53: in inner
    return disable_fn(*args, **kwargs)
/root/miniconda/envs/python310_torch29_cuda/lib/python3.10/site-packages/torch/_dynamo/eval_frame.py:1044: in _fn
    return fn(*args, **kwargs)
/root/miniconda/envs/python310_torch29_cuda/lib/python3.10/site-packages/torch/random.py:46: in manual_seed
    torch.cuda.manual_seed_all(seed)
/root/miniconda/envs/python310_torch29_cuda/lib/python3.10/site-packages/torch/cuda/random.py:131: in manual_seed_all
    _lazy_call(cb, seed_all=True)
/root/miniconda/envs/python310_torch29_cuda/lib/python3.10/site-packages/torch/cuda/__init__.py:341: in _lazy_call
    callable()
_ _ _ _ _ _ _ _ _ _ _ _ _ _ _ _ _ _ _ _ _ _ _ _ _ _ _ _ _ _ _ _ _ _ _ _ _ _ _ _ 

    def cb():
        for i in range(device_count()):
            default_generator = torch.cuda.default_generators[i]
>           default_generator.manual_seed(seed)
E           torch.AcceleratorError: CUDA error: unspecified launch failure
E           Search for `cudaErrorLaunchFailure' in https://docs.nvidia.com/cuda/cuda-runtime-api/group__CUDART__TYPES.html for more information.
E           CUDA kernel errors might be asynchronously reported at some other API call, so the stacktrace below might be incorrect.
E           For debugging consider passing CUDA_LAUNCH_BLOCKING=1
E           Compile with `TORCH_USE_CUDA_DSA` to enable device-side assertions.

/root/miniconda/envs/python310_torch29_cuda/lib/python3.10/site-packages/torch/cuda/random.py:129: AcceleratorError
__________ test_unique_dim_int[False-True-few_unique-dtype1-shape9-1] __________

shape = (6, 5, 4), dim = 1, dtype = torch.int32, pattern = 'few_unique'
return_inverse = True, return_counts = False

    @pytest.mark.unique_dim
    @pytest.mark.parametrize("shape, dim", SHAPE_DIM_CASES)
    @pytest.mark.parametrize("dtype", utils.INT_DTYPES)
    @pytest.mark.parametrize("pattern", ["few_unique", "all_unique", "all_duplicate"])
    @pytest.mark.parametrize("return_inverse", [False, True])
    @pytest.mark.parametrize("return_counts", [False, True])
    def test_unique_dim_int(shape, dim, dtype, pattern, return_inverse, return_counts):
        if flag_gems.vendor_name == "kunlunxin":
>           torch.manual_seed(0)

test_unique_dim.py:97: 
_ _ _ _ _ _ _ _ _ _ _ _ _ _ _ _ _ _ _ _ _ _ _ _ _ _ _ _ _ _ _ _ _ _ _ _ _ _ _ _ 
/root/miniconda/envs/python310_torch29_cuda/lib/python3.10/site-packages/torch/_compile.py:53: in inner
    return disable_fn(*args, **kwargs)
/root/miniconda/envs/python310_torch29_cuda/lib/python3.10/site-packages/torch/_dynamo/eval_frame.py:1044: in _fn
    return fn(*args, **kwargs)
/root/miniconda/envs/python310_torch29_cuda/lib/python3.10/site-packages/torch/random.py:46: in manual_seed
    torch.cuda.manual_seed_all(seed)
/root/miniconda/envs/python310_torch29_cuda/lib/python3.10/site-packages/torch/cuda/random.py:131: in manual_seed_all
    _lazy_call(cb, seed_all=True)
/root/miniconda/envs/python310_torch29_cuda/lib/python3.10/site-packages/torch/cuda/__init__.py:341: in _lazy_call
    callable()
_ _ _ _ _ _ _ _ _ _ _ _ _ _ _ _ _ _ _ _ _ _ _ _ _ _ _ _ _ _ _ _ _ _ _ _ _ _ _ _ 

    def cb():
        for i in range(device_count()):
            default_generator = torch.cuda.default_generators[i]
>           default_generator.manual_seed(seed)
E           torch.AcceleratorError: CUDA error: unspecified launch failure
E           Search for `cudaErrorLaunchFailure' in https://docs.nvidia.com/cuda/cuda-runtime-api/group__CUDART__TYPES.html for more information.
E           CUDA kernel errors might be asynchronously reported at some other API call, so the stacktrace below might be incorrect.
E           For debugging consider passing CUDA_LAUNCH_BLOCKING=1
E           Compile with `TORCH_USE_CUDA_DSA` to enable device-side assertions.

/root/miniconda/envs/python310_torch29_cuda/lib/python3.10/site-packages/torch/cuda/random.py:129: AcceleratorError
_________ test_unique_dim_int[False-True-few_unique-dtype1-shape10-2] __________

shape = (6, 5, 4), dim = 2, dtype = torch.int32, pattern = 'few_unique'
return_inverse = True, return_counts = False

    @pytest.mark.unique_dim
    @pytest.mark.parametrize("shape, dim", SHAPE_DIM_CASES)
    @pytest.mark.parametrize("dtype", utils.INT_DTYPES)
    @pytest.mark.parametrize("pattern", ["few_unique", "all_unique", "all_duplicate"])
    @pytest.mark.parametrize("return_inverse", [False, True])
    @pytest.mark.parametrize("return_counts", [False, True])
    def test_unique_dim_int(shape, dim, dtype, pattern, return_inverse, return_counts):
        if flag_gems.vendor_name == "kunlunxin":
>           torch.manual_seed(0)

test_unique_dim.py:97: 
_ _ _ _ _ _ _ _ _ _ _ _ _ _ _ _ _ _ _ _ _ _ _ _ _ _ _ _ _ _ _ _ _ _ _ _ _ _ _ _ 
/root/miniconda/envs/python310_torch29_cuda/lib/python3.10/site-packages/torch/_compile.py:53: in inner
    return disable_fn(*args, **kwargs)
/root/miniconda/envs/python310_torch29_cuda/lib/python3.10/site-packages/torch/_dynamo/eval_frame.py:1044: in _fn
    return fn(*args, **kwargs)
/root/miniconda/envs/python310_torch29_cuda/lib/python3.10/site-packages/torch/random.py:46: in manual_seed
    torch.cuda.manual_seed_all(seed)
/root/miniconda/envs/python310_torch29_cuda/lib/python3.10/site-packages/torch/cuda/random.py:131: in manual_seed_all
    _lazy_call(cb, seed_all=True)
/root/miniconda/envs/python310_torch29_cuda/lib/python3.10/site-packages/torch/cuda/__init__.py:341: in _lazy_call
    callable()
_ _ _ _ _ _ _ _ _ _ _ _ _ _ _ _ _ _ _ _ _ _ _ _ _ _ _ _ _ _ _ _ _ _ _ _ _ _ _ _ 

    def cb():
        for i in range(device_count()):
            default_generator = torch.cuda.default_generators[i]
>           default_generator.manual_seed(seed)
E           torch.AcceleratorError: CUDA error: unspecified launch failure
E           Search for `cudaErrorLaunchFailure' in https://docs.nvidia.com/cuda/cuda-runtime-api/group__CUDART__TYPES.html for more information.
E           CUDA kernel errors might be asynchronously reported at some other API call, so the stacktrace below might be incorrect.
E           For debugging consider passing CUDA_LAUNCH_BLOCKING=1
E           Compile with `TORCH_USE_CUDA_DSA` to enable device-side assertions.

/root/miniconda/envs/python310_torch29_cuda/lib/python3.10/site-packages/torch/cuda/random.py:129: AcceleratorError
_________ test_unique_dim_int[False-True-few_unique-dtype1-shape11--2] _________

shape = (6, 5, 4), dim = -2, dtype = torch.int32, pattern = 'few_unique'
return_inverse = True, return_counts = False

    @pytest.mark.unique_dim
    @pytest.mark.parametrize("shape, dim", SHAPE_DIM_CASES)
    @pytest.mark.parametrize("dtype", utils.INT_DTYPES)
    @pytest.mark.parametrize("pattern", ["few_unique", "all_unique", "all_duplicate"])
    @pytest.mark.parametrize("return_inverse", [False, True])
    @pytest.mark.parametrize("return_counts", [False, True])
    def test_unique_dim_int(shape, dim, dtype, pattern, return_inverse, return_counts):
        if flag_gems.vendor_name == "kunlunxin":
>           torch.manual_seed(0)

test_unique_dim.py:97: 
_ _ _ _ _ _ _ _ _ _ _ _ _ _ _ _ _ _ _ _ _ _ _ _ _ _ _ _ _ _ _ _ _ _ _ _ _ _ _ _ 
/root/miniconda/envs/python310_torch29_cuda/lib/python3.10/site-packages/torch/_compile.py:53: in inner
    return disable_fn(*args, **kwargs)
/root/miniconda/envs/python310_torch29_cuda/lib/python3.10/site-packages/torch/_dynamo/eval_frame.py:1044: in _fn
    return fn(*args, **kwargs)
/root/miniconda/envs/python310_torch29_cuda/lib/python3.10/site-packages/torch/random.py:46: in manual_seed
    torch.cuda.manual_seed_all(seed)
/root/miniconda/envs/python310_torch29_cuda/lib/python3.10/site-packages/torch/cuda/random.py:131: in manual_seed_all
    _lazy_call(cb, seed_all=True)
/root/miniconda/envs/python310_torch29_cuda/lib/python3.10/site-packages/torch/cuda/__init__.py:341: in _lazy_call
    callable()
_ _ _ _ _ _ _ _ _ _ _ _ _ _ _ _ _ _ _ _ _ _ _ _ _ _ _ _ _ _ _ _ _ _ _ _ _ _ _ _ 

    def cb():
        for i in range(device_count()):
            default_generator = torch.cuda.default_generators[i]
>           default_generator.manual_seed(seed)
E           torch.AcceleratorError: CUDA error: unspecified launch failure
E           Search for `cudaErrorLaunchFailure' in https://docs.nvidia.com/cuda/cuda-runtime-api/group__CUDART__TYPES.html for more information.
E           CUDA kernel errors might be asynchronously reported at some other API call, so the stacktrace below might be incorrect.
E           For debugging consider passing CUDA_LAUNCH_BLOCKING=1
E           Compile with `TORCH_USE_CUDA_DSA` to enable device-side assertions.

/root/miniconda/envs/python310_torch29_cuda/lib/python3.10/site-packages/torch/cuda/random.py:129: AcceleratorError
_________ test_unique_dim_int[False-True-few_unique-dtype1-shape12-2] __________

shape = (3, 4, 5, 6), dim = 2, dtype = torch.int32, pattern = 'few_unique'
return_inverse = True, return_counts = False

    @pytest.mark.unique_dim
    @pytest.mark.parametrize("shape, dim", SHAPE_DIM_CASES)
    @pytest.mark.parametrize("dtype", utils.INT_DTYPES)
    @pytest.mark.parametrize("pattern", ["few_unique", "all_unique", "all_duplicate"])
    @pytest.mark.parametrize("return_inverse", [False, True])
    @pytest.mark.parametrize("return_counts", [False, True])
    def test_unique_dim_int(shape, dim, dtype, pattern, return_inverse, return_counts):
        if flag_gems.vendor_name == "kunlunxin":
>           torch.manual_seed(0)

test_unique_dim.py:97: 
_ _ _ _ _ _ _ _ _ _ _ _ _ _ _ _ _ _ _ _ _ _ _ _ _ _ _ _ _ _ _ _ _ _ _ _ _ _ _ _ 
/root/miniconda/envs/python310_torch29_cuda/lib/python3.10/site-packages/torch/_compile.py:53: in inner
    return disable_fn(*args, **kwargs)
/root/miniconda/envs/python310_torch29_cuda/lib/python3.10/site-packages/torch/_dynamo/eval_frame.py:1044: in _fn
    return fn(*args, **kwargs)
/root/miniconda/envs/python310_torch29_cuda/lib/python3.10/site-packages/torch/random.py:46: in manual_seed
    torch.cuda.manual_seed_all(seed)
/root/miniconda/envs/python310_torch29_cuda/lib/python3.10/site-packages/torch/cuda/random.py:131: in manual_seed_all
    _lazy_call(cb, seed_all=True)
/root/miniconda/envs/python310_torch29_cuda/lib/python3.10/site-packages/torch/cuda/__init__.py:341: in _lazy_call
    callable()
_ _ _ _ _ _ _ _ _ _ _ _ _ _ _ _ _ _ _ _ _ _ _ _ _ _ _ _ _ _ _ _ _ _ _ _ _ _ _ _ 

    def cb():
        for i in range(device_count()):
            default_generator = torch.cuda.default_generators[i]
>           default_generator.manual_seed(seed)
E           torch.AcceleratorError: CUDA error: unspecified launch failure
E           Search for `cudaErrorLaunchFailure' in https://docs.nvidia.com/cuda/cuda-runtime-api/group__CUDART__TYPES.html for more information.
E           CUDA kernel errors might be asynchronously reported at some other API call, so the stacktrace below might be incorrect.
E           For debugging consider passing CUDA_LAUNCH_BLOCKING=1
E           Compile with `TORCH_USE_CUDA_DSA` to enable device-side assertions.

/root/miniconda/envs/python310_torch29_cuda/lib/python3.10/site-packages/torch/cuda/random.py:129: AcceleratorError
_________ test_unique_dim_int[False-True-few_unique-dtype1-shape13--1] _________

shape = (3, 4, 5, 6), dim = -1, dtype = torch.int32, pattern = 'few_unique'
return_inverse = True, return_counts = False

    @pytest.mark.unique_dim
    @pytest.mark.parametrize("shape, dim", SHAPE_DIM_CASES)
    @pytest.mark.parametrize("dtype", utils.INT_DTYPES)
    @pytest.mark.parametrize("pattern", ["few_unique", "all_unique", "all_duplicate"])
    @pytest.mark.parametrize("return_inverse", [False, True])
    @pytest.mark.parametrize("return_counts", [False, True])
    def test_unique_dim_int(shape, dim, dtype, pattern, return_inverse, return_counts):
        if flag_gems.vendor_name == "kunlunxin":
>           torch.manual_seed(0)

test_unique_dim.py:97: 
_ _ _ _ _ _ _ _ _ _ _ _ _ _ _ _ _ _ _ _ _ _ _ _ _ _ _ _ _ _ _ _ _ _ _ _ _ _ _ _ 
/root/miniconda/envs/python310_torch29_cuda/lib/python3.10/site-packages/torch/_compile.py:53: in inner
    return disable_fn(*args, **kwargs)
/root/miniconda/envs/python310_torch29_cuda/lib/python3.10/site-packages/torch/_dynamo/eval_frame.py:1044: in _fn
    return fn(*args, **kwargs)
/root/miniconda/envs/python310_torch29_cuda/lib/python3.10/site-packages/torch/random.py:46: in manual_seed
    torch.cuda.manual_seed_all(seed)
/root/miniconda/envs/python310_torch29_cuda/lib/python3.10/site-packages/torch/cuda/random.py:131: in manual_seed_all
    _lazy_call(cb, seed_all=True)
/root/miniconda/envs/python310_torch29_cuda/lib/python3.10/site-packages/torch/cuda/__init__.py:341: in _lazy_call
    callable()
_ _ _ _ _ _ _ _ _ _ _ _ _ _ _ _ _ _ _ _ _ _ _ _ _ _ _ _ _ _ _ _ _ _ _ _ _ _ _ _ 

    def cb():
        for i in range(device_count()):
            default_generator = torch.cuda.default_generators[i]
>           default_generator.manual_seed(seed)
E           torch.AcceleratorError: CUDA error: unspecified launch failure
E           Search for `cudaErrorLaunchFailure' in https://docs.nvidia.com/cuda/cuda-runtime-api/group__CUDART__TYPES.html for more information.
E           CUDA kernel errors might be asynchronously reported at some other API call, so the stacktrace below might be incorrect.
E           For debugging consider passing CUDA_LAUNCH_BLOCKING=1
E           Compile with `TORCH_USE_CUDA_DSA` to enable device-side assertions.

/root/miniconda/envs/python310_torch29_cuda/lib/python3.10/site-packages/torch/cuda/random.py:129: AcceleratorError
__________ test_unique_dim_int[False-True-all_unique-dtype0-shape0-0] __________

shape = (8,), dim = 0, dtype = torch.int16, pattern = 'all_unique'
return_inverse = True, return_counts = False

    @pytest.mark.unique_dim
    @pytest.mark.parametrize("shape, dim", SHAPE_DIM_CASES)
    @pytest.mark.parametrize("dtype", utils.INT_DTYPES)
    @pytest.mark.parametrize("pattern", ["few_unique", "all_unique", "all_duplicate"])
    @pytest.mark.parametrize("return_inverse", [False, True])
    @pytest.mark.parametrize("return_counts", [False, True])
    def test_unique_dim_int(shape, dim, dtype, pattern, return_inverse, return_counts):
        if flag_gems.vendor_name == "kunlunxin":
>           torch.manual_seed(0)

test_unique_dim.py:97: 
_ _ _ _ _ _ _ _ _ _ _ _ _ _ _ _ _ _ _ _ _ _ _ _ _ _ _ _ _ _ _ _ _ _ _ _ _ _ _ _ 
/root/miniconda/envs/python310_torch29_cuda/lib/python3.10/site-packages/torch/_compile.py:53: in inner
    return disable_fn(*args, **kwargs)
/root/miniconda/envs/python310_torch29_cuda/lib/python3.10/site-packages/torch/_dynamo/eval_frame.py:1044: in _fn
    return fn(*args, **kwargs)
/root/miniconda/envs/python310_torch29_cuda/lib/python3.10/site-packages/torch/random.py:46: in manual_seed
    torch.cuda.manual_seed_all(seed)
/root/miniconda/envs/python310_torch29_cuda/lib/python3.10/site-packages/torch/cuda/random.py:131: in manual_seed_all
    _lazy_call(cb, seed_all=True)
/root/miniconda/envs/python310_torch29_cuda/lib/python3.10/site-packages/torch/cuda/__init__.py:341: in _lazy_call
    callable()
_ _ _ _ _ _ _ _ _ _ _ _ _ _ _ _ _ _ _ _ _ _ _ _ _ _ _ _ _ _ _ _ _ _ _ _ _ _ _ _ 

    def cb():
        for i in range(device_count()):
            default_generator = torch.cuda.default_generators[i]
>           default_generator.manual_seed(seed)
E           torch.AcceleratorError: CUDA error: unspecified launch failure
E           Search for `cudaErrorLaunchFailure' in https://docs.nvidia.com/cuda/cuda-runtime-api/group__CUDART__TYPES.html for more information.
E           CUDA kernel errors might be asynchronously reported at some other API call, so the stacktrace below might be incorrect.
E           For debugging consider passing CUDA_LAUNCH_BLOCKING=1
E           Compile with `TORCH_USE_CUDA_DSA` to enable device-side assertions.

/root/miniconda/envs/python310_torch29_cuda/lib/python3.10/site-packages/torch/cuda/random.py:129: AcceleratorError
_________ test_unique_dim_int[False-True-all_unique-dtype0-shape1--1] __________

shape = (8,), dim = -1, dtype = torch.int16, pattern = 'all_unique'
return_inverse = True, return_counts = False

    @pytest.mark.unique_dim
    @pytest.mark.parametrize("shape, dim", SHAPE_DIM_CASES)
    @pytest.mark.parametrize("dtype", utils.INT_DTYPES)
    @pytest.mark.parametrize("pattern", ["few_unique", "all_unique", "all_duplicate"])
    @pytest.mark.parametrize("return_inverse", [False, True])
    @pytest.mark.parametrize("return_counts", [False, True])
    def test_unique_dim_int(shape, dim, dtype, pattern, return_inverse, return_counts):
        if flag_gems.vendor_name == "kunlunxin":
>           torch.manual_seed(0)

test_unique_dim.py:97: 
_ _ _ _ _ _ _ _ _ _ _ _ _ _ _ _ _ _ _ _ _ _ _ _ _ _ _ _ _ _ _ _ _ _ _ _ _ _ _ _ 
/root/miniconda/envs/python310_torch29_cuda/lib/python3.10/site-packages/torch/_compile.py:53: in inner
    return disable_fn(*args, **kwargs)
/root/miniconda/envs/python310_torch29_cuda/lib/python3.10/site-packages/torch/_dynamo/eval_frame.py:1044: in _fn
    return fn(*args, **kwargs)
/root/miniconda/envs/python310_torch29_cuda/lib/python3.10/site-packages/torch/random.py:46: in manual_seed
    torch.cuda.manual_seed_all(seed)
/root/miniconda/envs/python310_torch29_cuda/lib/python3.10/site-packages/torch/cuda/random.py:131: in manual_seed_all
    _lazy_call(cb, seed_all=True)
/root/miniconda/envs/python310_torch29_cuda/lib/python3.10/site-packages/torch/cuda/__init__.py:341: in _lazy_call
    callable()
_ _ _ _ _ _ _ _ _ _ _ _ _ _ _ _ _ _ _ _ _ _ _ _ _ _ _ _ _ _ _ _ _ _ _ _ _ _ _ _ 

    def cb():
        for i in range(device_count()):
            default_generator = torch.cuda.default_generators[i]
>           default_generator.manual_seed(seed)
E           torch.AcceleratorError: CUDA error: unspecified launch failure
E           Search for `cudaErrorLaunchFailure' in https://docs.nvidia.com/cuda/cuda-runtime-api/group__CUDART__TYPES.html for more information.
E           CUDA kernel errors might be asynchronously reported at some other API call, so the stacktrace below might be incorrect.
E           For debugging consider passing CUDA_LAUNCH_BLOCKING=1
E           Compile with `TORCH_USE_CUDA_DSA` to enable device-side assertions.

/root/miniconda/envs/python310_torch29_cuda/lib/python3.10/site-packages/torch/cuda/random.py:129: AcceleratorError
__________ test_unique_dim_int[False-True-all_unique-dtype0-shape2-0] __________

shape = (16, 4), dim = 0, dtype = torch.int16, pattern = 'all_unique'
return_inverse = True, return_counts = False

    @pytest.mark.unique_dim
    @pytest.mark.parametrize("shape, dim", SHAPE_DIM_CASES)
    @pytest.mark.parametrize("dtype", utils.INT_DTYPES)
    @pytest.mark.parametrize("pattern", ["few_unique", "all_unique", "all_duplicate"])
    @pytest.mark.parametrize("return_inverse", [False, True])
    @pytest.mark.parametrize("return_counts", [False, True])
    def test_unique_dim_int(shape, dim, dtype, pattern, return_inverse, return_counts):
        if flag_gems.vendor_name == "kunlunxin":
>           torch.manual_seed(0)

test_unique_dim.py:97: 
_ _ _ _ _ _ _ _ _ _ _ _ _ _ _ _ _ _ _ _ _ _ _ _ _ _ _ _ _ _ _ _ _ _ _ _ _ _ _ _ 
/root/miniconda/envs/python310_torch29_cuda/lib/python3.10/site-packages/torch/_compile.py:53: in inner
    return disable_fn(*args, **kwargs)
/root/miniconda/envs/python310_torch29_cuda/lib/python3.10/site-packages/torch/_dynamo/eval_frame.py:1044: in _fn
    return fn(*args, **kwargs)
/root/miniconda/envs/python310_torch29_cuda/lib/python3.10/site-packages/torch/random.py:46: in manual_seed
    torch.cuda.manual_seed_all(seed)
/root/miniconda/envs/python310_torch29_cuda/lib/python3.10/site-packages/torch/cuda/random.py:131: in manual_seed_all
    _lazy_call(cb, seed_all=True)
/root/miniconda/envs/python310_torch29_cuda/lib/python3.10/site-packages/torch/cuda/__init__.py:341: in _lazy_call
    callable()
_ _ _ _ _ _ _ _ _ _ _ _ _ _ _ _ _ _ _ _ _ _ _ _ _ _ _ _ _ _ _ _ _ _ _ _ _ _ _ _ 

    def cb():
        for i in range(device_count()):
            default_generator = torch.cuda.default_generators[i]
>           default_generator.manual_seed(seed)
E           torch.AcceleratorError: CUDA error: unspecified launch failure
E           Search for `cudaErrorLaunchFailure' in https://docs.nvidia.com/cuda/cuda-runtime-api/group__CUDART__TYPES.html for more information.
E           CUDA kernel errors might be asynchronously reported at some other API call, so the stacktrace below might be incorrect.
E           For debugging consider passing CUDA_LAUNCH_BLOCKING=1
E           Compile with `TORCH_USE_CUDA_DSA` to enable device-side assertions.

/root/miniconda/envs/python310_torch29_cuda/lib/python3.10/site-packages/torch/cuda/random.py:129: AcceleratorError
__________ test_unique_dim_int[False-True-all_unique-dtype0-shape3-1] __________

shape = (16, 4), dim = 1, dtype = torch.int16, pattern = 'all_unique'
return_inverse = True, return_counts = False

    @pytest.mark.unique_dim
    @pytest.mark.parametrize("shape, dim", SHAPE_DIM_CASES)
    @pytest.mark.parametrize("dtype", utils.INT_DTYPES)
    @pytest.mark.parametrize("pattern", ["few_unique", "all_unique", "all_duplicate"])
    @pytest.mark.parametrize("return_inverse", [False, True])
    @pytest.mark.parametrize("return_counts", [False, True])
    def test_unique_dim_int(shape, dim, dtype, pattern, return_inverse, return_counts):
        if flag_gems.vendor_name == "kunlunxin":
>           torch.manual_seed(0)

test_unique_dim.py:97: 
_ _ _ _ _ _ _ _ _ _ _ _ _ _ _ _ _ _ _ _ _ _ _ _ _ _ _ _ _ _ _ _ _ _ _ _ _ _ _ _ 
/root/miniconda/envs/python310_torch29_cuda/lib/python3.10/site-packages/torch/_compile.py:53: in inner
    return disable_fn(*args, **kwargs)
/root/miniconda/envs/python310_torch29_cuda/lib/python3.10/site-packages/torch/_dynamo/eval_frame.py:1044: in _fn
    return fn(*args, **kwargs)
/root/miniconda/envs/python310_torch29_cuda/lib/python3.10/site-packages/torch/random.py:46: in manual_seed
    torch.cuda.manual_seed_all(seed)
/root/miniconda/envs/python310_torch29_cuda/lib/python3.10/site-packages/torch/cuda/random.py:131: in manual_seed_all
    _lazy_call(cb, seed_all=True)
/root/miniconda/envs/python310_torch29_cuda/lib/python3.10/site-packages/torch/cuda/__init__.py:341: in _lazy_call
    callable()
_ _ _ _ _ _ _ _ _ _ _ _ _ _ _ _ _ _ _ _ _ _ _ _ _ _ _ _ _ _ _ _ _ _ _ _ _ _ _ _ 

    def cb():
        for i in range(device_count()):
            default_generator = torch.cuda.default_generators[i]
>           default_generator.manual_seed(seed)
E           torch.AcceleratorError: CUDA error: unspecified launch failure
E           Search for `cudaErrorLaunchFailure' in https://docs.nvidia.com/cuda/cuda-runtime-api/group__CUDART__TYPES.html for more information.
E           CUDA kernel errors might be asynchronously reported at some other API call, so the stacktrace below might be incorrect.
E           For debugging consider passing CUDA_LAUNCH_BLOCKING=1
E           Compile with `TORCH_USE_CUDA_DSA` to enable device-side assertions.

/root/miniconda/envs/python310_torch29_cuda/lib/python3.10/site-packages/torch/cuda/random.py:129: AcceleratorError
_________ test_unique_dim_int[False-True-all_unique-dtype0-shape4--1] __________

shape = (16, 4), dim = -1, dtype = torch.int16, pattern = 'all_unique'
return_inverse = True, return_counts = False

    @pytest.mark.unique_dim
    @pytest.mark.parametrize("shape, dim", SHAPE_DIM_CASES)
    @pytest.mark.parametrize("dtype", utils.INT_DTYPES)
    @pytest.mark.parametrize("pattern", ["few_unique", "all_unique", "all_duplicate"])
    @pytest.mark.parametrize("return_inverse", [False, True])
    @pytest.mark.parametrize("return_counts", [False, True])
    def test_unique_dim_int(shape, dim, dtype, pattern, return_inverse, return_counts):
        if flag_gems.vendor_name == "kunlunxin":
>           torch.manual_seed(0)

test_unique_dim.py:97: 
_ _ _ _ _ _ _ _ _ _ _ _ _ _ _ _ _ _ _ _ _ _ _ _ _ _ _ _ _ _ _ _ _ _ _ _ _ _ _ _ 
/root/miniconda/envs/python310_torch29_cuda/lib/python3.10/site-packages/torch/_compile.py:53: in inner
    return disable_fn(*args, **kwargs)
/root/miniconda/envs/python310_torch29_cuda/lib/python3.10/site-packages/torch/_dynamo/eval_frame.py:1044: in _fn
    return fn(*args, **kwargs)
/root/miniconda/envs/python310_torch29_cuda/lib/python3.10/site-packages/torch/random.py:46: in manual_seed
    torch.cuda.manual_seed_all(seed)
/root/miniconda/envs/python310_torch29_cuda/lib/python3.10/site-packages/torch/cuda/random.py:131: in manual_seed_all
    _lazy_call(cb, seed_all=True)
/root/miniconda/envs/python310_torch29_cuda/lib/python3.10/site-packages/torch/cuda/__init__.py:341: in _lazy_call
    callable()
_ _ _ _ _ _ _ _ _ _ _ _ _ _ _ _ _ _ _ _ _ _ _ _ _ _ _ _ _ _ _ _ _ _ _ _ _ _ _ _ 

    def cb():
        for i in range(device_count()):
            default_generator = torch.cuda.default_generators[i]
>           default_generator.manual_seed(seed)
E           torch.AcceleratorError: CUDA error: unspecified launch failure
E           Search for `cudaErrorLaunchFailure' in https://docs.nvidia.com/cuda/cuda-runtime-api/group__CUDART__TYPES.html for more information.
E           CUDA kernel errors might be asynchronously reported at some other API call, so the stacktrace below might be incorrect.
E           For debugging consider passing CUDA_LAUNCH_BLOCKING=1
E           Compile with `TORCH_USE_CUDA_DSA` to enable device-side assertions.

/root/miniconda/envs/python310_torch29_cuda/lib/python3.10/site-packages/torch/cuda/random.py:129: AcceleratorError
__________ test_unique_dim_int[False-True-all_unique-dtype0-shape5-0] __________

shape = (4, 16), dim = 0, dtype = torch.int16, pattern = 'all_unique'
return_inverse = True, return_counts = False

    @pytest.mark.unique_dim
    @pytest.mark.parametrize("shape, dim", SHAPE_DIM_CASES)
    @pytest.mark.parametrize("dtype", utils.INT_DTYPES)
    @pytest.mark.parametrize("pattern", ["few_unique", "all_unique", "all_duplicate"])
    @pytest.mark.parametrize("return_inverse", [False, True])
    @pytest.mark.parametrize("return_counts", [False, True])
    def test_unique_dim_int(shape, dim, dtype, pattern, return_inverse, return_counts):
        if flag_gems.vendor_name == "kunlunxin":
>           torch.manual_seed(0)

test_unique_dim.py:97: 
_ _ _ _ _ _ _ _ _ _ _ _ _ _ _ _ _ _ _ _ _ _ _ _ _ _ _ _ _ _ _ _ _ _ _ _ _ _ _ _ 
/root/miniconda/envs/python310_torch29_cuda/lib/python3.10/site-packages/torch/_compile.py:53: in inner
    return disable_fn(*args, **kwargs)
/root/miniconda/envs/python310_torch29_cuda/lib/python3.10/site-packages/torch/_dynamo/eval_frame.py:1044: in _fn
    return fn(*args, **kwargs)
/root/miniconda/envs/python310_torch29_cuda/lib/python3.10/site-packages/torch/random.py:46: in manual_seed
    torch.cuda.manual_seed_all(seed)
/root/miniconda/envs/python310_torch29_cuda/lib/python3.10/site-packages/torch/cuda/random.py:131: in manual_seed_all
    _lazy_call(cb, seed_all=True)
/root/miniconda/envs/python310_torch29_cuda/lib/python3.10/site-packages/torch/cuda/__init__.py:341: in _lazy_call
    callable()
_ _ _ _ _ _ _ _ _ _ _ _ _ _ _ _ _ _ _ _ _ _ _ _ _ _ _ _ _ _ _ _ _ _ _ _ _ _ _ _ 

    def cb():
        for i in range(device_count()):
            default_generator = torch.cuda.default_generators[i]
>           default_generator.manual_seed(seed)
E           torch.AcceleratorError: CUDA error: unspecified launch failure
E           Search for `cudaErrorLaunchFailure' in https://docs.nvidia.com/cuda/cuda-runtime-api/group__CUDART__TYPES.html for more information.
E           CUDA kernel errors might be asynchronously reported at some other API call, so the stacktrace below might be incorrect.
E           For debugging consider passing CUDA_LAUNCH_BLOCKING=1
E           Compile with `TORCH_USE_CUDA_DSA` to enable device-side assertions.

/root/miniconda/envs/python310_torch29_cuda/lib/python3.10/site-packages/torch/cuda/random.py:129: AcceleratorError
__________ test_unique_dim_int[False-True-all_unique-dtype0-shape6-0] __________

shape = (32, 32), dim = 0, dtype = torch.int16, pattern = 'all_unique'
return_inverse = True, return_counts = False

    @pytest.mark.unique_dim
    @pytest.mark.parametrize("shape, dim", SHAPE_DIM_CASES)
    @pytest.mark.parametrize("dtype", utils.INT_DTYPES)
    @pytest.mark.parametrize("pattern", ["few_unique", "all_unique", "all_duplicate"])
    @pytest.mark.parametrize("return_inverse", [False, True])
    @pytest.mark.parametrize("return_counts", [False, True])
    def test_unique_dim_int(shape, dim, dtype, pattern, return_inverse, return_counts):
        if flag_gems.vendor_name == "kunlunxin":
>           torch.manual_seed(0)

test_unique_dim.py:97: 
_ _ _ _ _ _ _ _ _ _ _ _ _ _ _ _ _ _ _ _ _ _ _ _ _ _ _ _ _ _ _ _ _ _ _ _ _ _ _ _ 
/root/miniconda/envs/python310_torch29_cuda/lib/python3.10/site-packages/torch/_compile.py:53: in inner
    return disable_fn(*args, **kwargs)
/root/miniconda/envs/python310_torch29_cuda/lib/python3.10/site-packages/torch/_dynamo/eval_frame.py:1044: in _fn
    return fn(*args, **kwargs)
/root/miniconda/envs/python310_torch29_cuda/lib/python3.10/site-packages/torch/random.py:46: in manual_seed
    torch.cuda.manual_seed_all(seed)
/root/miniconda/envs/python310_torch29_cuda/lib/python3.10/site-packages/torch/cuda/random.py:131: in manual_seed_all
    _lazy_call(cb, seed_all=True)
/root/miniconda/envs/python310_torch29_cuda/lib/python3.10/site-packages/torch/cuda/__init__.py:341: in _lazy_call
    callable()
_ _ _ _ _ _ _ _ _ _ _ _ _ _ _ _ _ _ _ _ _ _ _ _ _ _ _ _ _ _ _ _ _ _ _ _ _ _ _ _ 

    def cb():
        for i in range(device_count()):
            default_generator = torch.cuda.default_generators[i]
>           default_generator.manual_seed(seed)
E           torch.AcceleratorError: CUDA error: unspecified launch failure
E           Search for `cudaErrorLaunchFailure' in https://docs.nvidia.com/cuda/cuda-runtime-api/group__CUDART__TYPES.html for more information.
E           CUDA kernel errors might be asynchronously reported at some other API call, so the stacktrace below might be incorrect.
E           For debugging consider passing CUDA_LAUNCH_BLOCKING=1
E           Compile with `TORCH_USE_CUDA_DSA` to enable device-side assertions.

/root/miniconda/envs/python310_torch29_cuda/lib/python3.10/site-packages/torch/cuda/random.py:129: AcceleratorError
__________ test_unique_dim_int[False-True-all_unique-dtype0-shape7-1] __________

shape = (32, 32), dim = 1, dtype = torch.int16, pattern = 'all_unique'
return_inverse = True, return_counts = False

    @pytest.mark.unique_dim
    @pytest.mark.parametrize("shape, dim", SHAPE_DIM_CASES)
    @pytest.mark.parametrize("dtype", utils.INT_DTYPES)
    @pytest.mark.parametrize("pattern", ["few_unique", "all_unique", "all_duplicate"])
    @pytest.mark.parametrize("return_inverse", [False, True])
    @pytest.mark.parametrize("return_counts", [False, True])
    def test_unique_dim_int(shape, dim, dtype, pattern, return_inverse, return_counts):
        if flag_gems.vendor_name == "kunlunxin":
>           torch.manual_seed(0)

test_unique_dim.py:97: 
_ _ _ _ _ _ _ _ _ _ _ _ _ _ _ _ _ _ _ _ _ _ _ _ _ _ _ _ _ _ _ _ _ _ _ _ _ _ _ _ 
/root/miniconda/envs/python310_torch29_cuda/lib/python3.10/site-packages/torch/_compile.py:53: in inner
    return disable_fn(*args, **kwargs)
/root/miniconda/envs/python310_torch29_cuda/lib/python3.10/site-packages/torch/_dynamo/eval_frame.py:1044: in _fn
    return fn(*args, **kwargs)
/root/miniconda/envs/python310_torch29_cuda/lib/python3.10/site-packages/torch/random.py:46: in manual_seed
    torch.cuda.manual_seed_all(seed)
/root/miniconda/envs/python310_torch29_cuda/lib/python3.10/site-packages/torch/cuda/random.py:131: in manual_seed_all
    _lazy_call(cb, seed_all=True)
/root/miniconda/envs/python310_torch29_cuda/lib/python3.10/site-packages/torch/cuda/__init__.py:341: in _lazy_call
    callable()
_ _ _ _ _ _ _ _ _ _ _ _ _ _ _ _ _ _ _ _ _ _ _ _ _ _ _ _ _ _ _ _ _ _ _ _ _ _ _ _ 

    def cb():
        for i in range(device_count()):
            default_generator = torch.cuda.default_generators[i]
>           default_generator.manual_seed(seed)
E           torch.AcceleratorError: CUDA error: unspecified launch failure
E           Search for `cudaErrorLaunchFailure' in https://docs.nvidia.com/cuda/cuda-runtime-api/group__CUDART__TYPES.html for more information.
E           CUDA kernel errors might be asynchronously reported at some other API call, so the stacktrace below might be incorrect.
E           For debugging consider passing CUDA_LAUNCH_BLOCKING=1
E           Compile with `TORCH_USE_CUDA_DSA` to enable device-side assertions.

/root/miniconda/envs/python310_torch29_cuda/lib/python3.10/site-packages/torch/cuda/random.py:129: AcceleratorError
__________ test_unique_dim_int[False-True-all_unique-dtype0-shape8-0] __________

shape = (6, 5, 4), dim = 0, dtype = torch.int16, pattern = 'all_unique'
return_inverse = True, return_counts = False

    @pytest.mark.unique_dim
    @pytest.mark.parametrize("shape, dim", SHAPE_DIM_CASES)
    @pytest.mark.parametrize("dtype", utils.INT_DTYPES)
    @pytest.mark.parametrize("pattern", ["few_unique", "all_unique", "all_duplicate"])
    @pytest.mark.parametrize("return_inverse", [False, True])
    @pytest.mark.parametrize("return_counts", [False, True])
    def test_unique_dim_int(shape, dim, dtype, pattern, return_inverse, return_counts):
        if flag_gems.vendor_name == "kunlunxin":
>           torch.manual_seed(0)

test_unique_dim.py:97: 
_ _ _ _ _ _ _ _ _ _ _ _ _ _ _ _ _ _ _ _ _ _ _ _ _ _ _ _ _ _ _ _ _ _ _ _ _ _ _ _ 
/root/miniconda/envs/python310_torch29_cuda/lib/python3.10/site-packages/torch/_compile.py:53: in inner
    return disable_fn(*args, **kwargs)
/root/miniconda/envs/python310_torch29_cuda/lib/python3.10/site-packages/torch/_dynamo/eval_frame.py:1044: in _fn
    return fn(*args, **kwargs)
/root/miniconda/envs/python310_torch29_cuda/lib/python3.10/site-packages/torch/random.py:46: in manual_seed
    torch.cuda.manual_seed_all(seed)
/root/miniconda/envs/python310_torch29_cuda/lib/python3.10/site-packages/torch/cuda/random.py:131: in manual_seed_all
    _lazy_call(cb, seed_all=True)
/root/miniconda/envs/python310_torch29_cuda/lib/python3.10/site-packages/torch/cuda/__init__.py:341: in _lazy_call
    callable()
_ _ _ _ _ _ _ _ _ _ _ _ _ _ _ _ _ _ _ _ _ _ _ _ _ _ _ _ _ _ _ _ _ _ _ _ _ _ _ _ 

    def cb():
        for i in range(device_count()):
            default_generator = torch.cuda.default_generators[i]
>           default_generator.manual_seed(seed)
E           torch.AcceleratorError: CUDA error: unspecified launch failure
E           Search for `cudaErrorLaunchFailure' in https://docs.nvidia.com/cuda/cuda-runtime-api/group__CUDART__TYPES.html for more information.
E           CUDA kernel errors might be asynchronously reported at some other API call, so the stacktrace below might be incorrect.
E           For debugging consider passing CUDA_LAUNCH_BLOCKING=1
E           Compile with `TORCH_USE_CUDA_DSA` to enable device-side assertions.

/root/miniconda/envs/python310_torch29_cuda/lib/python3.10/site-packages/torch/cuda/random.py:129: AcceleratorError
__________ test_unique_dim_int[False-True-all_unique-dtype0-shape9-1] __________

shape = (6, 5, 4), dim = 1, dtype = torch.int16, pattern = 'all_unique'
return_inverse = True, return_counts = False

    @pytest.mark.unique_dim
    @pytest.mark.parametrize("shape, dim", SHAPE_DIM_CASES)
    @pytest.mark.parametrize("dtype", utils.INT_DTYPES)
    @pytest.mark.parametrize("pattern", ["few_unique", "all_unique", "all_duplicate"])
    @pytest.mark.parametrize("return_inverse", [False, True])
    @pytest.mark.parametrize("return_counts", [False, True])
    def test_unique_dim_int(shape, dim, dtype, pattern, return_inverse, return_counts):
        if flag_gems.vendor_name == "kunlunxin":
>           torch.manual_seed(0)

test_unique_dim.py:97: 
_ _ _ _ _ _ _ _ _ _ _ _ _ _ _ _ _ _ _ _ _ _ _ _ _ _ _ _ _ _ _ _ _ _ _ _ _ _ _ _ 
/root/miniconda/envs/python310_torch29_cuda/lib/python3.10/site-packages/torch/_compile.py:53: in inner
    return disable_fn(*args, **kwargs)
/root/miniconda/envs/python310_torch29_cuda/lib/python3.10/site-packages/torch/_dynamo/eval_frame.py:1044: in _fn
    return fn(*args, **kwargs)
/root/miniconda/envs/python310_torch29_cuda/lib/python3.10/site-packages/torch/random.py:46: in manual_seed
    torch.cuda.manual_seed_all(seed)
/root/miniconda/envs/python310_torch29_cuda/lib/python3.10/site-packages/torch/cuda/random.py:131: in manual_seed_all
    _lazy_call(cb, seed_all=True)
/root/miniconda/envs/python310_torch29_cuda/lib/python3.10/site-packages/torch/cuda/__init__.py:341: in _lazy_call
    callable()
_ _ _ _ _ _ _ _ _ _ _ _ _ _ _ _ _ _ _ _ _ _ _ _ _ _ _ _ _ _ _ _ _ _ _ _ _ _ _ _ 

    def cb():
        for i in range(device_count()):
            default_generator = torch.cuda.default_generators[i]
>           default_generator.manual_seed(seed)
E           torch.AcceleratorError: CUDA error: unspecified launch failure
E           Search for `cudaErrorLaunchFailure' in https://docs.nvidia.com/cuda/cuda-runtime-api/group__CUDART__TYPES.html for more information.
E           CUDA kernel errors might be asynchronously reported at some other API call, so the stacktrace below might be incorrect.
E           For debugging consider passing CUDA_LAUNCH_BLOCKING=1
E           Compile with `TORCH_USE_CUDA_DSA` to enable device-side assertions.

/root/miniconda/envs/python310_torch29_cuda/lib/python3.10/site-packages/torch/cuda/random.py:129: AcceleratorError
_________ test_unique_dim_int[False-True-all_unique-dtype0-shape10-2] __________

shape = (6, 5, 4), dim = 2, dtype = torch.int16, pattern = 'all_unique'
return_inverse = True, return_counts = False

    @pytest.mark.unique_dim
    @pytest.mark.parametrize("shape, dim", SHAPE_DIM_CASES)
    @pytest.mark.parametrize("dtype", utils.INT_DTYPES)
    @pytest.mark.parametrize("pattern", ["few_unique", "all_unique", "all_duplicate"])
    @pytest.mark.parametrize("return_inverse", [False, True])
    @pytest.mark.parametrize("return_counts", [False, True])
    def test_unique_dim_int(shape, dim, dtype, pattern, return_inverse, return_counts):
        if flag_gems.vendor_name == "kunlunxin":
>           torch.manual_seed(0)

test_unique_dim.py:97: 
_ _ _ _ _ _ _ _ _ _ _ _ _ _ _ _ _ _ _ _ _ _ _ _ _ _ _ _ _ _ _ _ _ _ _ _ _ _ _ _ 
/root/miniconda/envs/python310_torch29_cuda/lib/python3.10/site-packages/torch/_compile.py:53: in inner
    return disable_fn(*args, **kwargs)
/root/miniconda/envs/python310_torch29_cuda/lib/python3.10/site-packages/torch/_dynamo/eval_frame.py:1044: in _fn
    return fn(*args, **kwargs)
/root/miniconda/envs/python310_torch29_cuda/lib/python3.10/site-packages/torch/random.py:46: in manual_seed
    torch.cuda.manual_seed_all(seed)
/root/miniconda/envs/python310_torch29_cuda/lib/python3.10/site-packages/torch/cuda/random.py:131: in manual_seed_all
    _lazy_call(cb, seed_all=True)
/root/miniconda/envs/python310_torch29_cuda/lib/python3.10/site-packages/torch/cuda/__init__.py:341: in _lazy_call
    callable()
_ _ _ _ _ _ _ _ _ _ _ _ _ _ _ _ _ _ _ _ _ _ _ _ _ _ _ _ _ _ _ _ _ _ _ _ _ _ _ _ 

    def cb():
        for i in range(device_count()):
            default_generator = torch.cuda.default_generators[i]
>           default_generator.manual_seed(seed)
E           torch.AcceleratorError: CUDA error: unspecified launch failure
E           Search for `cudaErrorLaunchFailure' in https://docs.nvidia.com/cuda/cuda-runtime-api/group__CUDART__TYPES.html for more information.
E           CUDA kernel errors might be asynchronously reported at some other API call, so the stacktrace below might be incorrect.
E           For debugging consider passing CUDA_LAUNCH_BLOCKING=1
E           Compile with `TORCH_USE_CUDA_DSA` to enable device-side assertions.

/root/miniconda/envs/python310_torch29_cuda/lib/python3.10/site-packages/torch/cuda/random.py:129: AcceleratorError
_________ test_unique_dim_int[False-True-all_unique-dtype0-shape11--2] _________

shape = (6, 5, 4), dim = -2, dtype = torch.int16, pattern = 'all_unique'
return_inverse = True, return_counts = False

    @pytest.mark.unique_dim
    @pytest.mark.parametrize("shape, dim", SHAPE_DIM_CASES)
    @pytest.mark.parametrize("dtype", utils.INT_DTYPES)
    @pytest.mark.parametrize("pattern", ["few_unique", "all_unique", "all_duplicate"])
    @pytest.mark.parametrize("return_inverse", [False, True])
    @pytest.mark.parametrize("return_counts", [False, True])
    def test_unique_dim_int(shape, dim, dtype, pattern, return_inverse, return_counts):
        if flag_gems.vendor_name == "kunlunxin":
>           torch.manual_seed(0)

test_unique_dim.py:97: 
_ _ _ _ _ _ _ _ _ _ _ _ _ _ _ _ _ _ _ _ _ _ _ _ _ _ _ _ _ _ _ _ _ _ _ _ _ _ _ _ 
/root/miniconda/envs/python310_torch29_cuda/lib/python3.10/site-packages/torch/_compile.py:53: in inner
    return disable_fn(*args, **kwargs)
/root/miniconda/envs/python310_torch29_cuda/lib/python3.10/site-packages/torch/_dynamo/eval_frame.py:1044: in _fn
    return fn(*args, **kwargs)
/root/miniconda/envs/python310_torch29_cuda/lib/python3.10/site-packages/torch/random.py:46: in manual_seed
    torch.cuda.manual_seed_all(seed)
/root/miniconda/envs/python310_torch29_cuda/lib/python3.10/site-packages/torch/cuda/random.py:131: in manual_seed_all
    _lazy_call(cb, seed_all=True)
/root/miniconda/envs/python310_torch29_cuda/lib/python3.10/site-packages/torch/cuda/__init__.py:341: in _lazy_call
    callable()
_ _ _ _ _ _ _ _ _ _ _ _ _ _ _ _ _ _ _ _ _ _ _ _ _ _ _ _ _ _ _ _ _ _ _ _ _ _ _ _ 

    def cb():
        for i in range(device_count()):
            default_generator = torch.cuda.default_generators[i]
>           default_generator.manual_seed(seed)
E           torch.AcceleratorError: CUDA error: unspecified launch failure
E           Search for `cudaErrorLaunchFailure' in https://docs.nvidia.com/cuda/cuda-runtime-api/group__CUDART__TYPES.html for more information.
E           CUDA kernel errors might be asynchronously reported at some other API call, so the stacktrace below might be incorrect.
E           For debugging consider passing CUDA_LAUNCH_BLOCKING=1
E           Compile with `TORCH_USE_CUDA_DSA` to enable device-side assertions.

/root/miniconda/envs/python310_torch29_cuda/lib/python3.10/site-packages/torch/cuda/random.py:129: AcceleratorError
_________ test_unique_dim_int[False-True-all_unique-dtype0-shape12-2] __________

shape = (3, 4, 5, 6), dim = 2, dtype = torch.int16, pattern = 'all_unique'
return_inverse = True, return_counts = False

    @pytest.mark.unique_dim
    @pytest.mark.parametrize("shape, dim", SHAPE_DIM_CASES)
    @pytest.mark.parametrize("dtype", utils.INT_DTYPES)
    @pytest.mark.parametrize("pattern", ["few_unique", "all_unique", "all_duplicate"])
    @pytest.mark.parametrize("return_inverse", [False, True])
    @pytest.mark.parametrize("return_counts", [False, True])
    def test_unique_dim_int(shape, dim, dtype, pattern, return_inverse, return_counts):
        if flag_gems.vendor_name == "kunlunxin":
>           torch.manual_seed(0)

test_unique_dim.py:97: 
_ _ _ _ _ _ _ _ _ _ _ _ _ _ _ _ _ _ _ _ _ _ _ _ _ _ _ _ _ _ _ _ _ _ _ _ _ _ _ _ 
/root/miniconda/envs/python310_torch29_cuda/lib/python3.10/site-packages/torch/_compile.py:53: in inner
    return disable_fn(*args, **kwargs)
/root/miniconda/envs/python310_torch29_cuda/lib/python3.10/site-packages/torch/_dynamo/eval_frame.py:1044: in _fn
    return fn(*args, **kwargs)
/root/miniconda/envs/python310_torch29_cuda/lib/python3.10/site-packages/torch/random.py:46: in manual_seed
    torch.cuda.manual_seed_all(seed)
/root/miniconda/envs/python310_torch29_cuda/lib/python3.10/site-packages/torch/cuda/random.py:131: in manual_seed_all
    _lazy_call(cb, seed_all=True)
/root/miniconda/envs/python310_torch29_cuda/lib/python3.10/site-packages/torch/cuda/__init__.py:341: in _lazy_call
    callable()
_ _ _ _ _ _ _ _ _ _ _ _ _ _ _ _ _ _ _ _ _ _ _ _ _ _ _ _ _ _ _ _ _ _ _ _ _ _ _ _ 

    def cb():
        for i in range(device_count()):
            default_generator = torch.cuda.default_generators[i]
>           default_generator.manual_seed(seed)
E           torch.AcceleratorError: CUDA error: unspecified launch failure
E           Search for `cudaErrorLaunchFailure' in https://docs.nvidia.com/cuda/cuda-runtime-api/group__CUDART__TYPES.html for more information.
E           CUDA kernel errors might be asynchronously reported at some other API call, so the stacktrace below might be incorrect.
E           For debugging consider passing CUDA_LAUNCH_BLOCKING=1
E           Compile with `TORCH_USE_CUDA_DSA` to enable device-side assertions.

/root/miniconda/envs/python310_torch29_cuda/lib/python3.10/site-packages/torch/cuda/random.py:129: AcceleratorError
_________ test_unique_dim_int[False-True-all_unique-dtype0-shape13--1] _________

shape = (3, 4, 5, 6), dim = -1, dtype = torch.int16, pattern = 'all_unique'
return_inverse = True, return_counts = False

    @pytest.mark.unique_dim
    @pytest.mark.parametrize("shape, dim", SHAPE_DIM_CASES)
    @pytest.mark.parametrize("dtype", utils.INT_DTYPES)
    @pytest.mark.parametrize("pattern", ["few_unique", "all_unique", "all_duplicate"])
    @pytest.mark.parametrize("return_inverse", [False, True])
    @pytest.mark.parametrize("return_counts", [False, True])
    def test_unique_dim_int(shape, dim, dtype, pattern, return_inverse, return_counts):
        if flag_gems.vendor_name == "kunlunxin":
>           torch.manual_seed(0)

test_unique_dim.py:97: 
_ _ _ _ _ _ _ _ _ _ _ _ _ _ _ _ _ _ _ _ _ _ _ _ _ _ _ _ _ _ _ _ _ _ _ _ _ _ _ _ 
/root/miniconda/envs/python310_torch29_cuda/lib/python3.10/site-packages/torch/_compile.py:53: in inner
    return disable_fn(*args, **kwargs)
/root/miniconda/envs/python310_torch29_cuda/lib/python3.10/site-packages/torch/_dynamo/eval_frame.py:1044: in _fn
    return fn(*args, **kwargs)
/root/miniconda/envs/python310_torch29_cuda/lib/python3.10/site-packages/torch/random.py:46: in manual_seed
    torch.cuda.manual_seed_all(seed)
/root/miniconda/envs/python310_torch29_cuda/lib/python3.10/site-packages/torch/cuda/random.py:131: in manual_seed_all
    _lazy_call(cb, seed_all=True)
/root/miniconda/envs/python310_torch29_cuda/lib/python3.10/site-packages/torch/cuda/__init__.py:341: in _lazy_call
    callable()
_ _ _ _ _ _ _ _ _ _ _ _ _ _ _ _ _ _ _ _ _ _ _ _ _ _ _ _ _ _ _ _ _ _ _ _ _ _ _ _ 

    def cb():
        for i in range(device_count()):
            default_generator = torch.cuda.default_generators[i]
>           default_generator.manual_seed(seed)
E           torch.AcceleratorError: CUDA error: unspecified launch failure
E           Search for `cudaErrorLaunchFailure' in https://docs.nvidia.com/cuda/cuda-runtime-api/group__CUDART__TYPES.html for more information.
E           CUDA kernel errors might be asynchronously reported at some other API call, so the stacktrace below might be incorrect.
E           For debugging consider passing CUDA_LAUNCH_BLOCKING=1
E           Compile with `TORCH_USE_CUDA_DSA` to enable device-side assertions.

/root/miniconda/envs/python310_torch29_cuda/lib/python3.10/site-packages/torch/cuda/random.py:129: AcceleratorError
__________ test_unique_dim_int[False-True-all_unique-dtype1-shape0-0] __________

shape = (8,), dim = 0, dtype = torch.int32, pattern = 'all_unique'
return_inverse = True, return_counts = False

    @pytest.mark.unique_dim
    @pytest.mark.parametrize("shape, dim", SHAPE_DIM_CASES)
    @pytest.mark.parametrize("dtype", utils.INT_DTYPES)
    @pytest.mark.parametrize("pattern", ["few_unique", "all_unique", "all_duplicate"])
    @pytest.mark.parametrize("return_inverse", [False, True])
    @pytest.mark.parametrize("return_counts", [False, True])
    def test_unique_dim_int(shape, dim, dtype, pattern, return_inverse, return_counts):
        if flag_gems.vendor_name == "kunlunxin":
>           torch.manual_seed(0)

test_unique_dim.py:97: 
_ _ _ _ _ _ _ _ _ _ _ _ _ _ _ _ _ _ _ _ _ _ _ _ _ _ _ _ _ _ _ _ _ _ _ _ _ _ _ _ 
/root/miniconda/envs/python310_torch29_cuda/lib/python3.10/site-packages/torch/_compile.py:53: in inner
    return disable_fn(*args, **kwargs)
/root/miniconda/envs/python310_torch29_cuda/lib/python3.10/site-packages/torch/_dynamo/eval_frame.py:1044: in _fn
    return fn(*args, **kwargs)
/root/miniconda/envs/python310_torch29_cuda/lib/python3.10/site-packages/torch/random.py:46: in manual_seed
    torch.cuda.manual_seed_all(seed)
/root/miniconda/envs/python310_torch29_cuda/lib/python3.10/site-packages/torch/cuda/random.py:131: in manual_seed_all
    _lazy_call(cb, seed_all=True)
/root/miniconda/envs/python310_torch29_cuda/lib/python3.10/site-packages/torch/cuda/__init__.py:341: in _lazy_call
    callable()
_ _ _ _ _ _ _ _ _ _ _ _ _ _ _ _ _ _ _ _ _ _ _ _ _ _ _ _ _ _ _ _ _ _ _ _ _ _ _ _ 

    def cb():
        for i in range(device_count()):
            default_generator = torch.cuda.default_generators[i]
>           default_generator.manual_seed(seed)
E           torch.AcceleratorError: CUDA error: unspecified launch failure
E           Search for `cudaErrorLaunchFailure' in https://docs.nvidia.com/cuda/cuda-runtime-api/group__CUDART__TYPES.html for more information.
E           CUDA kernel errors might be asynchronously reported at some other API call, so the stacktrace below might be incorrect.
E           For debugging consider passing CUDA_LAUNCH_BLOCKING=1
E           Compile with `TORCH_USE_CUDA_DSA` to enable device-side assertions.

/root/miniconda/envs/python310_torch29_cuda/lib/python3.10/site-packages/torch/cuda/random.py:129: AcceleratorError
_________ test_unique_dim_int[False-True-all_unique-dtype1-shape1--1] __________

shape = (8,), dim = -1, dtype = torch.int32, pattern = 'all_unique'
return_inverse = True, return_counts = False

    @pytest.mark.unique_dim
    @pytest.mark.parametrize("shape, dim", SHAPE_DIM_CASES)
    @pytest.mark.parametrize("dtype", utils.INT_DTYPES)
    @pytest.mark.parametrize("pattern", ["few_unique", "all_unique", "all_duplicate"])
    @pytest.mark.parametrize("return_inverse", [False, True])
    @pytest.mark.parametrize("return_counts", [False, True])
    def test_unique_dim_int(shape, dim, dtype, pattern, return_inverse, return_counts):
        if flag_gems.vendor_name == "kunlunxin":
>           torch.manual_seed(0)

test_unique_dim.py:97: 
_ _ _ _ _ _ _ _ _ _ _ _ _ _ _ _ _ _ _ _ _ _ _ _ _ _ _ _ _ _ _ _ _ _ _ _ _ _ _ _ 
/root/miniconda/envs/python310_torch29_cuda/lib/python3.10/site-packages/torch/_compile.py:53: in inner
    return disable_fn(*args, **kwargs)
/root/miniconda/envs/python310_torch29_cuda/lib/python3.10/site-packages/torch/_dynamo/eval_frame.py:1044: in _fn
    return fn(*args, **kwargs)
/root/miniconda/envs/python310_torch29_cuda/lib/python3.10/site-packages/torch/random.py:46: in manual_seed
    torch.cuda.manual_seed_all(seed)
/root/miniconda/envs/python310_torch29_cuda/lib/python3.10/site-packages/torch/cuda/random.py:131: in manual_seed_all
    _lazy_call(cb, seed_all=True)
/root/miniconda/envs/python310_torch29_cuda/lib/python3.10/site-packages/torch/cuda/__init__.py:341: in _lazy_call
    callable()
_ _ _ _ _ _ _ _ _ _ _ _ _ _ _ _ _ _ _ _ _ _ _ _ _ _ _ _ _ _ _ _ _ _ _ _ _ _ _ _ 

    def cb():
        for i in range(device_count()):
            default_generator = torch.cuda.default_generators[i]
>           default_generator.manual_seed(seed)
E           torch.AcceleratorError: CUDA error: unspecified launch failure
E           Search for `cudaErrorLaunchFailure' in https://docs.nvidia.com/cuda/cuda-runtime-api/group__CUDART__TYPES.html for more information.
E           CUDA kernel errors might be asynchronously reported at some other API call, so the stacktrace below might be incorrect.
E           For debugging consider passing CUDA_LAUNCH_BLOCKING=1
E           Compile with `TORCH_USE_CUDA_DSA` to enable device-side assertions.

/root/miniconda/envs/python310_torch29_cuda/lib/python3.10/site-packages/torch/cuda/random.py:129: AcceleratorError
__________ test_unique_dim_int[False-True-all_unique-dtype1-shape2-0] __________

shape = (16, 4), dim = 0, dtype = torch.int32, pattern = 'all_unique'
return_inverse = True, return_counts = False

    @pytest.mark.unique_dim
    @pytest.mark.parametrize("shape, dim", SHAPE_DIM_CASES)
    @pytest.mark.parametrize("dtype", utils.INT_DTYPES)
    @pytest.mark.parametrize("pattern", ["few_unique", "all_unique", "all_duplicate"])
    @pytest.mark.parametrize("return_inverse", [False, True])
    @pytest.mark.parametrize("return_counts", [False, True])
    def test_unique_dim_int(shape, dim, dtype, pattern, return_inverse, return_counts):
        if flag_gems.vendor_name == "kunlunxin":
>           torch.manual_seed(0)

test_unique_dim.py:97: 
_ _ _ _ _ _ _ _ _ _ _ _ _ _ _ _ _ _ _ _ _ _ _ _ _ _ _ _ _ _ _ _ _ _ _ _ _ _ _ _ 
/root/miniconda/envs/python310_torch29_cuda/lib/python3.10/site-packages/torch/_compile.py:53: in inner
    return disable_fn(*args, **kwargs)
/root/miniconda/envs/python310_torch29_cuda/lib/python3.10/site-packages/torch/_dynamo/eval_frame.py:1044: in _fn
    return fn(*args, **kwargs)
/root/miniconda/envs/python310_torch29_cuda/lib/python3.10/site-packages/torch/random.py:46: in manual_seed
    torch.cuda.manual_seed_all(seed)
/root/miniconda/envs/python310_torch29_cuda/lib/python3.10/site-packages/torch/cuda/random.py:131: in manual_seed_all
    _lazy_call(cb, seed_all=True)
/root/miniconda/envs/python310_torch29_cuda/lib/python3.10/site-packages/torch/cuda/__init__.py:341: in _lazy_call
    callable()
_ _ _ _ _ _ _ _ _ _ _ _ _ _ _ _ _ _ _ _ _ _ _ _ _ _ _ _ _ _ _ _ _ _ _ _ _ _ _ _ 

    def cb():
        for i in range(device_count()):
            default_generator = torch.cuda.default_generators[i]
>           default_generator.manual_seed(seed)
E           torch.AcceleratorError: CUDA error: unspecified launch failure
E           Search for `cudaErrorLaunchFailure' in https://docs.nvidia.com/cuda/cuda-runtime-api/group__CUDART__TYPES.html for more information.
E           CUDA kernel errors might be asynchronously reported at some other API call, so the stacktrace below might be incorrect.
E           For debugging consider passing CUDA_LAUNCH_BLOCKING=1
E           Compile with `TORCH_USE_CUDA_DSA` to enable device-side assertions.

/root/miniconda/envs/python310_torch29_cuda/lib/python3.10/site-packages/torch/cuda/random.py:129: AcceleratorError
__________ test_unique_dim_int[False-True-all_unique-dtype1-shape3-1] __________

shape = (16, 4), dim = 1, dtype = torch.int32, pattern = 'all_unique'
return_inverse = True, return_counts = False

    @pytest.mark.unique_dim
    @pytest.mark.parametrize("shape, dim", SHAPE_DIM_CASES)
    @pytest.mark.parametrize("dtype", utils.INT_DTYPES)
    @pytest.mark.parametrize("pattern", ["few_unique", "all_unique", "all_duplicate"])
    @pytest.mark.parametrize("return_inverse", [False, True])
    @pytest.mark.parametrize("return_counts", [False, True])
    def test_unique_dim_int(shape, dim, dtype, pattern, return_inverse, return_counts):
        if flag_gems.vendor_name == "kunlunxin":
>           torch.manual_seed(0)

test_unique_dim.py:97: 
_ _ _ _ _ _ _ _ _ _ _ _ _ _ _ _ _ _ _ _ _ _ _ _ _ _ _ _ _ _ _ _ _ _ _ _ _ _ _ _ 
/root/miniconda/envs/python310_torch29_cuda/lib/python3.10/site-packages/torch/_compile.py:53: in inner
    return disable_fn(*args, **kwargs)
/root/miniconda/envs/python310_torch29_cuda/lib/python3.10/site-packages/torch/_dynamo/eval_frame.py:1044: in _fn
    return fn(*args, **kwargs)
/root/miniconda/envs/python310_torch29_cuda/lib/python3.10/site-packages/torch/random.py:46: in manual_seed
    torch.cuda.manual_seed_all(seed)
/root/miniconda/envs/python310_torch29_cuda/lib/python3.10/site-packages/torch/cuda/random.py:131: in manual_seed_all
    _lazy_call(cb, seed_all=True)
/root/miniconda/envs/python310_torch29_cuda/lib/python3.10/site-packages/torch/cuda/__init__.py:341: in _lazy_call
    callable()
_ _ _ _ _ _ _ _ _ _ _ _ _ _ _ _ _ _ _ _ _ _ _ _ _ _ _ _ _ _ _ _ _ _ _ _ _ _ _ _ 

    def cb():
        for i in range(device_count()):
            default_generator = torch.cuda.default_generators[i]
>           default_generator.manual_seed(seed)
E           torch.AcceleratorError: CUDA error: unspecified launch failure
E           Search for `cudaErrorLaunchFailure' in https://docs.nvidia.com/cuda/cuda-runtime-api/group__CUDART__TYPES.html for more information.
E           CUDA kernel errors might be asynchronously reported at some other API call, so the stacktrace below might be incorrect.
E           For debugging consider passing CUDA_LAUNCH_BLOCKING=1
E           Compile with `TORCH_USE_CUDA_DSA` to enable device-side assertions.

/root/miniconda/envs/python310_torch29_cuda/lib/python3.10/site-packages/torch/cuda/random.py:129: AcceleratorError
_________ test_unique_dim_int[False-True-all_unique-dtype1-shape4--1] __________

shape = (16, 4), dim = -1, dtype = torch.int32, pattern = 'all_unique'
return_inverse = True, return_counts = False

    @pytest.mark.unique_dim
    @pytest.mark.parametrize("shape, dim", SHAPE_DIM_CASES)
    @pytest.mark.parametrize("dtype", utils.INT_DTYPES)
    @pytest.mark.parametrize("pattern", ["few_unique", "all_unique", "all_duplicate"])
    @pytest.mark.parametrize("return_inverse", [False, True])
    @pytest.mark.parametrize("return_counts", [False, True])
    def test_unique_dim_int(shape, dim, dtype, pattern, return_inverse, return_counts):
        if flag_gems.vendor_name == "kunlunxin":
>           torch.manual_seed(0)

test_unique_dim.py:97: 
_ _ _ _ _ _ _ _ _ _ _ _ _ _ _ _ _ _ _ _ _ _ _ _ _ _ _ _ _ _ _ _ _ _ _ _ _ _ _ _ 
/root/miniconda/envs/python310_torch29_cuda/lib/python3.10/site-packages/torch/_compile.py:53: in inner
    return disable_fn(*args, **kwargs)
/root/miniconda/envs/python310_torch29_cuda/lib/python3.10/site-packages/torch/_dynamo/eval_frame.py:1044: in _fn
    return fn(*args, **kwargs)
/root/miniconda/envs/python310_torch29_cuda/lib/python3.10/site-packages/torch/random.py:46: in manual_seed
    torch.cuda.manual_seed_all(seed)
/root/miniconda/envs/python310_torch29_cuda/lib/python3.10/site-packages/torch/cuda/random.py:131: in manual_seed_all
    _lazy_call(cb, seed_all=True)
/root/miniconda/envs/python310_torch29_cuda/lib/python3.10/site-packages/torch/cuda/__init__.py:341: in _lazy_call
    callable()
_ _ _ _ _ _ _ _ _ _ _ _ _ _ _ _ _ _ _ _ _ _ _ _ _ _ _ _ _ _ _ _ _ _ _ _ _ _ _ _ 

    def cb():
        for i in range(device_count()):
            default_generator = torch.cuda.default_generators[i]
>           default_generator.manual_seed(seed)
E           torch.AcceleratorError: CUDA error: unspecified launch failure
E           Search for `cudaErrorLaunchFailure' in https://docs.nvidia.com/cuda/cuda-runtime-api/group__CUDART__TYPES.html for more information.
E           CUDA kernel errors might be asynchronously reported at some other API call, so the stacktrace below might be incorrect.
E           For debugging consider passing CUDA_LAUNCH_BLOCKING=1
E           Compile with `TORCH_USE_CUDA_DSA` to enable device-side assertions.

/root/miniconda/envs/python310_torch29_cuda/lib/python3.10/site-packages/torch/cuda/random.py:129: AcceleratorError
__________ test_unique_dim_int[False-True-all_unique-dtype1-shape5-0] __________

shape = (4, 16), dim = 0, dtype = torch.int32, pattern = 'all_unique'
return_inverse = True, return_counts = False

    @pytest.mark.unique_dim
    @pytest.mark.parametrize("shape, dim", SHAPE_DIM_CASES)
    @pytest.mark.parametrize("dtype", utils.INT_DTYPES)
    @pytest.mark.parametrize("pattern", ["few_unique", "all_unique", "all_duplicate"])
    @pytest.mark.parametrize("return_inverse", [False, True])
    @pytest.mark.parametrize("return_counts", [False, True])
    def test_unique_dim_int(shape, dim, dtype, pattern, return_inverse, return_counts):
        if flag_gems.vendor_name == "kunlunxin":
>           torch.manual_seed(0)

test_unique_dim.py:97: 
_ _ _ _ _ _ _ _ _ _ _ _ _ _ _ _ _ _ _ _ _ _ _ _ _ _ _ _ _ _ _ _ _ _ _ _ _ _ _ _ 
/root/miniconda/envs/python310_torch29_cuda/lib/python3.10/site-packages/torch/_compile.py:53: in inner
    return disable_fn(*args, **kwargs)
/root/miniconda/envs/python310_torch29_cuda/lib/python3.10/site-packages/torch/_dynamo/eval_frame.py:1044: in _fn
    return fn(*args, **kwargs)
/root/miniconda/envs/python310_torch29_cuda/lib/python3.10/site-packages/torch/random.py:46: in manual_seed
    torch.cuda.manual_seed_all(seed)
/root/miniconda/envs/python310_torch29_cuda/lib/python3.10/site-packages/torch/cuda/random.py:131: in manual_seed_all
    _lazy_call(cb, seed_all=True)
/root/miniconda/envs/python310_torch29_cuda/lib/python3.10/site-packages/torch/cuda/__init__.py:341: in _lazy_call
    callable()
_ _ _ _ _ _ _ _ _ _ _ _ _ _ _ _ _ _ _ _ _ _ _ _ _ _ _ _ _ _ _ _ _ _ _ _ _ _ _ _ 

    def cb():
        for i in range(device_count()):
            default_generator = torch.cuda.default_generators[i]
>           default_generator.manual_seed(seed)
E           torch.AcceleratorError: CUDA error: unspecified launch failure
E           Search for `cudaErrorLaunchFailure' in https://docs.nvidia.com/cuda/cuda-runtime-api/group__CUDART__TYPES.html for more information.
E           CUDA kernel errors might be asynchronously reported at some other API call, so the stacktrace below might be incorrect.
E           For debugging consider passing CUDA_LAUNCH_BLOCKING=1
E           Compile with `TORCH_USE_CUDA_DSA` to enable device-side assertions.

/root/miniconda/envs/python310_torch29_cuda/lib/python3.10/site-packages/torch/cuda/random.py:129: AcceleratorError
__________ test_unique_dim_int[False-True-all_unique-dtype1-shape6-0] __________

shape = (32, 32), dim = 0, dtype = torch.int32, pattern = 'all_unique'
return_inverse = True, return_counts = False

    @pytest.mark.unique_dim
    @pytest.mark.parametrize("shape, dim", SHAPE_DIM_CASES)
    @pytest.mark.parametrize("dtype", utils.INT_DTYPES)
    @pytest.mark.parametrize("pattern", ["few_unique", "all_unique", "all_duplicate"])
    @pytest.mark.parametrize("return_inverse", [False, True])
    @pytest.mark.parametrize("return_counts", [False, True])
    def test_unique_dim_int(shape, dim, dtype, pattern, return_inverse, return_counts):
        if flag_gems.vendor_name == "kunlunxin":
>           torch.manual_seed(0)

test_unique_dim.py:97: 
_ _ _ _ _ _ _ _ _ _ _ _ _ _ _ _ _ _ _ _ _ _ _ _ _ _ _ _ _ _ _ _ _ _ _ _ _ _ _ _ 
/root/miniconda/envs/python310_torch29_cuda/lib/python3.10/site-packages/torch/_compile.py:53: in inner
    return disable_fn(*args, **kwargs)
/root/miniconda/envs/python310_torch29_cuda/lib/python3.10/site-packages/torch/_dynamo/eval_frame.py:1044: in _fn
    return fn(*args, **kwargs)
/root/miniconda/envs/python310_torch29_cuda/lib/python3.10/site-packages/torch/random.py:46: in manual_seed
    torch.cuda.manual_seed_all(seed)
/root/miniconda/envs/python310_torch29_cuda/lib/python3.10/site-packages/torch/cuda/random.py:131: in manual_seed_all
    _lazy_call(cb, seed_all=True)
/root/miniconda/envs/python310_torch29_cuda/lib/python3.10/site-packages/torch/cuda/__init__.py:341: in _lazy_call
    callable()
_ _ _ _ _ _ _ _ _ _ _ _ _ _ _ _ _ _ _ _ _ _ _ _ _ _ _ _ _ _ _ _ _ _ _ _ _ _ _ _ 

    def cb():
        for i in range(device_count()):
            default_generator = torch.cuda.default_generators[i]
>           default_generator.manual_seed(seed)
E           torch.AcceleratorError: CUDA error: unspecified launch failure
E           Search for `cudaErrorLaunchFailure' in https://docs.nvidia.com/cuda/cuda-runtime-api/group__CUDART__TYPES.html for more information.
E           CUDA kernel errors might be asynchronously reported at some other API call, so the stacktrace below might be incorrect.
E           For debugging consider passing CUDA_LAUNCH_BLOCKING=1
E           Compile with `TORCH_USE_CUDA_DSA` to enable device-side assertions.

/root/miniconda/envs/python310_torch29_cuda/lib/python3.10/site-packages/torch/cuda/random.py:129: AcceleratorError
__________ test_unique_dim_int[False-True-all_unique-dtype1-shape7-1] __________

shape = (32, 32), dim = 1, dtype = torch.int32, pattern = 'all_unique'
return_inverse = True, return_counts = False

    @pytest.mark.unique_dim
    @pytest.mark.parametrize("shape, dim", SHAPE_DIM_CASES)
    @pytest.mark.parametrize("dtype", utils.INT_DTYPES)
    @pytest.mark.parametrize("pattern", ["few_unique", "all_unique", "all_duplicate"])
    @pytest.mark.parametrize("return_inverse", [False, True])
    @pytest.mark.parametrize("return_counts", [False, True])
    def test_unique_dim_int(shape, dim, dtype, pattern, return_inverse, return_counts):
        if flag_gems.vendor_name == "kunlunxin":
>           torch.manual_seed(0)

test_unique_dim.py:97: 
_ _ _ _ _ _ _ _ _ _ _ _ _ _ _ _ _ _ _ _ _ _ _ _ _ _ _ _ _ _ _ _ _ _ _ _ _ _ _ _ 
/root/miniconda/envs/python310_torch29_cuda/lib/python3.10/site-packages/torch/_compile.py:53: in inner
    return disable_fn(*args, **kwargs)
/root/miniconda/envs/python310_torch29_cuda/lib/python3.10/site-packages/torch/_dynamo/eval_frame.py:1044: in _fn
    return fn(*args, **kwargs)
/root/miniconda/envs/python310_torch29_cuda/lib/python3.10/site-packages/torch/random.py:46: in manual_seed
    torch.cuda.manual_seed_all(seed)
/root/miniconda/envs/python310_torch29_cuda/lib/python3.10/site-packages/torch/cuda/random.py:131: in manual_seed_all
    _lazy_call(cb, seed_all=True)
/root/miniconda/envs/python310_torch29_cuda/lib/python3.10/site-packages/torch/cuda/__init__.py:341: in _lazy_call
    callable()
_ _ _ _ _ _ _ _ _ _ _ _ _ _ _ _ _ _ _ _ _ _ _ _ _ _ _ _ _ _ _ _ _ _ _ _ _ _ _ _ 

    def cb():
        for i in range(device_count()):
            default_generator = torch.cuda.default_generators[i]
>           default_generator.manual_seed(seed)
E           torch.AcceleratorError: CUDA error: unspecified launch failure
E           Search for `cudaErrorLaunchFailure' in https://docs.nvidia.com/cuda/cuda-runtime-api/group__CUDART__TYPES.html for more information.
E           CUDA kernel errors might be asynchronously reported at some other API call, so the stacktrace below might be incorrect.
E           For debugging consider passing CUDA_LAUNCH_BLOCKING=1
E           Compile with `TORCH_USE_CUDA_DSA` to enable device-side assertions.

/root/miniconda/envs/python310_torch29_cuda/lib/python3.10/site-packages/torch/cuda/random.py:129: AcceleratorError
__________ test_unique_dim_int[False-True-all_unique-dtype1-shape8-0] __________

shape = (6, 5, 4), dim = 0, dtype = torch.int32, pattern = 'all_unique'
return_inverse = True, return_counts = False

    @pytest.mark.unique_dim
    @pytest.mark.parametrize("shape, dim", SHAPE_DIM_CASES)
    @pytest.mark.parametrize("dtype", utils.INT_DTYPES)
    @pytest.mark.parametrize("pattern", ["few_unique", "all_unique", "all_duplicate"])
    @pytest.mark.parametrize("return_inverse", [False, True])
    @pytest.mark.parametrize("return_counts", [False, True])
    def test_unique_dim_int(shape, dim, dtype, pattern, return_inverse, return_counts):
        if flag_gems.vendor_name == "kunlunxin":
>           torch.manual_seed(0)

test_unique_dim.py:97: 
_ _ _ _ _ _ _ _ _ _ _ _ _ _ _ _ _ _ _ _ _ _ _ _ _ _ _ _ _ _ _ _ _ _ _ _ _ _ _ _ 
/root/miniconda/envs/python310_torch29_cuda/lib/python3.10/site-packages/torch/_compile.py:53: in inner
    return disable_fn(*args, **kwargs)
/root/miniconda/envs/python310_torch29_cuda/lib/python3.10/site-packages/torch/_dynamo/eval_frame.py:1044: in _fn
    return fn(*args, **kwargs)
/root/miniconda/envs/python310_torch29_cuda/lib/python3.10/site-packages/torch/random.py:46: in manual_seed
    torch.cuda.manual_seed_all(seed)
/root/miniconda/envs/python310_torch29_cuda/lib/python3.10/site-packages/torch/cuda/random.py:131: in manual_seed_all
    _lazy_call(cb, seed_all=True)
/root/miniconda/envs/python310_torch29_cuda/lib/python3.10/site-packages/torch/cuda/__init__.py:341: in _lazy_call
    callable()
_ _ _ _ _ _ _ _ _ _ _ _ _ _ _ _ _ _ _ _ _ _ _ _ _ _ _ _ _ _ _ _ _ _ _ _ _ _ _ _ 

    def cb():
        for i in range(device_count()):
            default_generator = torch.cuda.default_generators[i]
>           default_generator.manual_seed(seed)
E           torch.AcceleratorError: CUDA error: unspecified launch failure
E           Search for `cudaErrorLaunchFailure' in https://docs.nvidia.com/cuda/cuda-runtime-api/group__CUDART__TYPES.html for more information.
E           CUDA kernel errors might be asynchronously reported at some other API call, so the stacktrace below might be incorrect.
E           For debugging consider passing CUDA_LAUNCH_BLOCKING=1
E           Compile with `TORCH_USE_CUDA_DSA` to enable device-side assertions.

/root/miniconda/envs/python310_torch29_cuda/lib/python3.10/site-packages/torch/cuda/random.py:129: AcceleratorError
__________ test_unique_dim_int[False-True-all_unique-dtype1-shape9-1] __________

shape = (6, 5, 4), dim = 1, dtype = torch.int32, pattern = 'all_unique'
return_inverse = True, return_counts = False

    @pytest.mark.unique_dim
    @pytest.mark.parametrize("shape, dim", SHAPE_DIM_CASES)
    @pytest.mark.parametrize("dtype", utils.INT_DTYPES)
    @pytest.mark.parametrize("pattern", ["few_unique", "all_unique", "all_duplicate"])
    @pytest.mark.parametrize("return_inverse", [False, True])
    @pytest.mark.parametrize("return_counts", [False, True])
    def test_unique_dim_int(shape, dim, dtype, pattern, return_inverse, return_counts):
        if flag_gems.vendor_name == "kunlunxin":
>           torch.manual_seed(0)

test_unique_dim.py:97: 
_ _ _ _ _ _ _ _ _ _ _ _ _ _ _ _ _ _ _ _ _ _ _ _ _ _ _ _ _ _ _ _ _ _ _ _ _ _ _ _ 
/root/miniconda/envs/python310_torch29_cuda/lib/python3.10/site-packages/torch/_compile.py:53: in inner
    return disable_fn(*args, **kwargs)
/root/miniconda/envs/python310_torch29_cuda/lib/python3.10/site-packages/torch/_dynamo/eval_frame.py:1044: in _fn
    return fn(*args, **kwargs)
/root/miniconda/envs/python310_torch29_cuda/lib/python3.10/site-packages/torch/random.py:46: in manual_seed
    torch.cuda.manual_seed_all(seed)
/root/miniconda/envs/python310_torch29_cuda/lib/python3.10/site-packages/torch/cuda/random.py:131: in manual_seed_all
    _lazy_call(cb, seed_all=True)
/root/miniconda/envs/python310_torch29_cuda/lib/python3.10/site-packages/torch/cuda/__init__.py:341: in _lazy_call
    callable()
_ _ _ _ _ _ _ _ _ _ _ _ _ _ _ _ _ _ _ _ _ _ _ _ _ _ _ _ _ _ _ _ _ _ _ _ _ _ _ _ 

    def cb():
        for i in range(device_count()):
            default_generator = torch.cuda.default_generators[i]
>           default_generator.manual_seed(seed)
E           torch.AcceleratorError: CUDA error: unspecified launch failure
E           Search for `cudaErrorLaunchFailure' in https://docs.nvidia.com/cuda/cuda-runtime-api/group__CUDART__TYPES.html for more information.
E           CUDA kernel errors might be asynchronously reported at some other API call, so the stacktrace below might be incorrect.
E           For debugging consider passing CUDA_LAUNCH_BLOCKING=1
E           Compile with `TORCH_USE_CUDA_DSA` to enable device-side assertions.

/root/miniconda/envs/python310_torch29_cuda/lib/python3.10/site-packages/torch/cuda/random.py:129: AcceleratorError
_________ test_unique_dim_int[False-True-all_unique-dtype1-shape10-2] __________

shape = (6, 5, 4), dim = 2, dtype = torch.int32, pattern = 'all_unique'
return_inverse = True, return_counts = False

    @pytest.mark.unique_dim
    @pytest.mark.parametrize("shape, dim", SHAPE_DIM_CASES)
    @pytest.mark.parametrize("dtype", utils.INT_DTYPES)
    @pytest.mark.parametrize("pattern", ["few_unique", "all_unique", "all_duplicate"])
    @pytest.mark.parametrize("return_inverse", [False, True])
    @pytest.mark.parametrize("return_counts", [False, True])
    def test_unique_dim_int(shape, dim, dtype, pattern, return_inverse, return_counts):
        if flag_gems.vendor_name == "kunlunxin":
>           torch.manual_seed(0)

test_unique_dim.py:97: 
_ _ _ _ _ _ _ _ _ _ _ _ _ _ _ _ _ _ _ _ _ _ _ _ _ _ _ _ _ _ _ _ _ _ _ _ _ _ _ _ 
/root/miniconda/envs/python310_torch29_cuda/lib/python3.10/site-packages/torch/_compile.py:53: in inner
    return disable_fn(*args, **kwargs)
/root/miniconda/envs/python310_torch29_cuda/lib/python3.10/site-packages/torch/_dynamo/eval_frame.py:1044: in _fn
    return fn(*args, **kwargs)
/root/miniconda/envs/python310_torch29_cuda/lib/python3.10/site-packages/torch/random.py:46: in manual_seed
    torch.cuda.manual_seed_all(seed)
/root/miniconda/envs/python310_torch29_cuda/lib/python3.10/site-packages/torch/cuda/random.py:131: in manual_seed_all
    _lazy_call(cb, seed_all=True)
/root/miniconda/envs/python310_torch29_cuda/lib/python3.10/site-packages/torch/cuda/__init__.py:341: in _lazy_call
    callable()
_ _ _ _ _ _ _ _ _ _ _ _ _ _ _ _ _ _ _ _ _ _ _ _ _ _ _ _ _ _ _ _ _ _ _ _ _ _ _ _ 

    def cb():
        for i in range(device_count()):
            default_generator = torch.cuda.default_generators[i]
>           default_generator.manual_seed(seed)
E           torch.AcceleratorError: CUDA error: unspecified launch failure
E           Search for `cudaErrorLaunchFailure' in https://docs.nvidia.com/cuda/cuda-runtime-api/group__CUDART__TYPES.html for more information.
E           CUDA kernel errors might be asynchronously reported at some other API call, so the stacktrace below might be incorrect.
E           For debugging consider passing CUDA_LAUNCH_BLOCKING=1
E           Compile with `TORCH_USE_CUDA_DSA` to enable device-side assertions.

/root/miniconda/envs/python310_torch29_cuda/lib/python3.10/site-packages/torch/cuda/random.py:129: AcceleratorError
_________ test_unique_dim_int[False-True-all_unique-dtype1-shape11--2] _________

shape = (6, 5, 4), dim = -2, dtype = torch.int32, pattern = 'all_unique'
return_inverse = True, return_counts = False

    @pytest.mark.unique_dim
    @pytest.mark.parametrize("shape, dim", SHAPE_DIM_CASES)
    @pytest.mark.parametrize("dtype", utils.INT_DTYPES)
    @pytest.mark.parametrize("pattern", ["few_unique", "all_unique", "all_duplicate"])
    @pytest.mark.parametrize("return_inverse", [False, True])
    @pytest.mark.parametrize("return_counts", [False, True])
    def test_unique_dim_int(shape, dim, dtype, pattern, return_inverse, return_counts):
        if flag_gems.vendor_name == "kunlunxin":
>           torch.manual_seed(0)

test_unique_dim.py:97: 
_ _ _ _ _ _ _ _ _ _ _ _ _ _ _ _ _ _ _ _ _ _ _ _ _ _ _ _ _ _ _ _ _ _ _ _ _ _ _ _ 
/root/miniconda/envs/python310_torch29_cuda/lib/python3.10/site-packages/torch/_compile.py:53: in inner
    return disable_fn(*args, **kwargs)
/root/miniconda/envs/python310_torch29_cuda/lib/python3.10/site-packages/torch/_dynamo/eval_frame.py:1044: in _fn
    return fn(*args, **kwargs)
/root/miniconda/envs/python310_torch29_cuda/lib/python3.10/site-packages/torch/random.py:46: in manual_seed
    torch.cuda.manual_seed_all(seed)
/root/miniconda/envs/python310_torch29_cuda/lib/python3.10/site-packages/torch/cuda/random.py:131: in manual_seed_all
    _lazy_call(cb, seed_all=True)
/root/miniconda/envs/python310_torch29_cuda/lib/python3.10/site-packages/torch/cuda/__init__.py:341: in _lazy_call
    callable()
_ _ _ _ _ _ _ _ _ _ _ _ _ _ _ _ _ _ _ _ _ _ _ _ _ _ _ _ _ _ _ _ _ _ _ _ _ _ _ _ 

    def cb():
        for i in range(device_count()):
            default_generator = torch.cuda.default_generators[i]
>           default_generator.manual_seed(seed)
E           torch.AcceleratorError: CUDA error: unspecified launch failure
E           Search for `cudaErrorLaunchFailure' in https://docs.nvidia.com/cuda/cuda-runtime-api/group__CUDART__TYPES.html for more information.
E           CUDA kernel errors might be asynchronously reported at some other API call, so the stacktrace below might be incorrect.
E           For debugging consider passing CUDA_LAUNCH_BLOCKING=1
E           Compile with `TORCH_USE_CUDA_DSA` to enable device-side assertions.

/root/miniconda/envs/python310_torch29_cuda/lib/python3.10/site-packages/torch/cuda/random.py:129: AcceleratorError
_________ test_unique_dim_int[False-True-all_unique-dtype1-shape12-2] __________

shape = (3, 4, 5, 6), dim = 2, dtype = torch.int32, pattern = 'all_unique'
return_inverse = True, return_counts = False

    @pytest.mark.unique_dim
    @pytest.mark.parametrize("shape, dim", SHAPE_DIM_CASES)
    @pytest.mark.parametrize("dtype", utils.INT_DTYPES)
    @pytest.mark.parametrize("pattern", ["few_unique", "all_unique", "all_duplicate"])
    @pytest.mark.parametrize("return_inverse", [False, True])
    @pytest.mark.parametrize("return_counts", [False, True])
    def test_unique_dim_int(shape, dim, dtype, pattern, return_inverse, return_counts):
        if flag_gems.vendor_name == "kunlunxin":
>           torch.manual_seed(0)

test_unique_dim.py:97: 
_ _ _ _ _ _ _ _ _ _ _ _ _ _ _ _ _ _ _ _ _ _ _ _ _ _ _ _ _ _ _ _ _ _ _ _ _ _ _ _ 
/root/miniconda/envs/python310_torch29_cuda/lib/python3.10/site-packages/torch/_compile.py:53: in inner
    return disable_fn(*args, **kwargs)
/root/miniconda/envs/python310_torch29_cuda/lib/python3.10/site-packages/torch/_dynamo/eval_frame.py:1044: in _fn
    return fn(*args, **kwargs)
/root/miniconda/envs/python310_torch29_cuda/lib/python3.10/site-packages/torch/random.py:46: in manual_seed
    torch.cuda.manual_seed_all(seed)
/root/miniconda/envs/python310_torch29_cuda/lib/python3.10/site-packages/torch/cuda/random.py:131: in manual_seed_all
    _lazy_call(cb, seed_all=True)
/root/miniconda/envs/python310_torch29_cuda/lib/python3.10/site-packages/torch/cuda/__init__.py:341: in _lazy_call
    callable()
_ _ _ _ _ _ _ _ _ _ _ _ _ _ _ _ _ _ _ _ _ _ _ _ _ _ _ _ _ _ _ _ _ _ _ _ _ _ _ _ 

    def cb():
        for i in range(device_count()):
            default_generator = torch.cuda.default_generators[i]
>           default_generator.manual_seed(seed)
E           torch.AcceleratorError: CUDA error: unspecified launch failure
E           Search for `cudaErrorLaunchFailure' in https://docs.nvidia.com/cuda/cuda-runtime-api/group__CUDART__TYPES.html for more information.
E           CUDA kernel errors might be asynchronously reported at some other API call, so the stacktrace below might be incorrect.
E           For debugging consider passing CUDA_LAUNCH_BLOCKING=1
E           Compile with `TORCH_USE_CUDA_DSA` to enable device-side assertions.

/root/miniconda/envs/python310_torch29_cuda/lib/python3.10/site-packages/torch/cuda/random.py:129: AcceleratorError
_________ test_unique_dim_int[False-True-all_unique-dtype1-shape13--1] _________

shape = (3, 4, 5, 6), dim = -1, dtype = torch.int32, pattern = 'all_unique'
return_inverse = True, return_counts = False

    @pytest.mark.unique_dim
    @pytest.mark.parametrize("shape, dim", SHAPE_DIM_CASES)
    @pytest.mark.parametrize("dtype", utils.INT_DTYPES)
    @pytest.mark.parametrize("pattern", ["few_unique", "all_unique", "all_duplicate"])
    @pytest.mark.parametrize("return_inverse", [False, True])
    @pytest.mark.parametrize("return_counts", [False, True])
    def test_unique_dim_int(shape, dim, dtype, pattern, return_inverse, return_counts):
        if flag_gems.vendor_name == "kunlunxin":
>           torch.manual_seed(0)

test_unique_dim.py:97: 
_ _ _ _ _ _ _ _ _ _ _ _ _ _ _ _ _ _ _ _ _ _ _ _ _ _ _ _ _ _ _ _ _ _ _ _ _ _ _ _ 
/root/miniconda/envs/python310_torch29_cuda/lib/python3.10/site-packages/torch/_compile.py:53: in inner
    return disable_fn(*args, **kwargs)
/root/miniconda/envs/python310_torch29_cuda/lib/python3.10/site-packages/torch/_dynamo/eval_frame.py:1044: in _fn
    return fn(*args, **kwargs)
/root/miniconda/envs/python310_torch29_cuda/lib/python3.10/site-packages/torch/random.py:46: in manual_seed
    torch.cuda.manual_seed_all(seed)
/root/miniconda/envs/python310_torch29_cuda/lib/python3.10/site-packages/torch/cuda/random.py:131: in manual_seed_all
    _lazy_call(cb, seed_all=True)
/root/miniconda/envs/python310_torch29_cuda/lib/python3.10/site-packages/torch/cuda/__init__.py:341: in _lazy_call
    callable()
_ _ _ _ _ _ _ _ _ _ _ _ _ _ _ _ _ _ _ _ _ _ _ _ _ _ _ _ _ _ _ _ _ _ _ _ _ _ _ _ 

    def cb():
        for i in range(device_count()):
            default_generator = torch.cuda.default_generators[i]
>           default_generator.manual_seed(seed)
E           torch.AcceleratorError: CUDA error: unspecified launch failure
E           Search for `cudaErrorLaunchFailure' in https://docs.nvidia.com/cuda/cuda-runtime-api/group__CUDART__TYPES.html for more information.
E           CUDA kernel errors might be asynchronously reported at some other API call, so the stacktrace below might be incorrect.
E           For debugging consider passing CUDA_LAUNCH_BLOCKING=1
E           Compile with `TORCH_USE_CUDA_DSA` to enable device-side assertions.

/root/miniconda/envs/python310_torch29_cuda/lib/python3.10/site-packages/torch/cuda/random.py:129: AcceleratorError
________ test_unique_dim_int[False-True-all_duplicate-dtype0-shape0-0] _________

shape = (8,), dim = 0, dtype = torch.int16, pattern = 'all_duplicate'
return_inverse = True, return_counts = False

    @pytest.mark.unique_dim
    @pytest.mark.parametrize("shape, dim", SHAPE_DIM_CASES)
    @pytest.mark.parametrize("dtype", utils.INT_DTYPES)
    @pytest.mark.parametrize("pattern", ["few_unique", "all_unique", "all_duplicate"])
    @pytest.mark.parametrize("return_inverse", [False, True])
    @pytest.mark.parametrize("return_counts", [False, True])
    def test_unique_dim_int(shape, dim, dtype, pattern, return_inverse, return_counts):
        if flag_gems.vendor_name == "kunlunxin":
>           torch.manual_seed(0)

test_unique_dim.py:97: 
_ _ _ _ _ _ _ _ _ _ _ _ _ _ _ _ _ _ _ _ _ _ _ _ _ _ _ _ _ _ _ _ _ _ _ _ _ _ _ _ 
/root/miniconda/envs/python310_torch29_cuda/lib/python3.10/site-packages/torch/_compile.py:53: in inner
    return disable_fn(*args, **kwargs)
/root/miniconda/envs/python310_torch29_cuda/lib/python3.10/site-packages/torch/_dynamo/eval_frame.py:1044: in _fn
    return fn(*args, **kwargs)
/root/miniconda/envs/python310_torch29_cuda/lib/python3.10/site-packages/torch/random.py:46: in manual_seed
    torch.cuda.manual_seed_all(seed)
/root/miniconda/envs/python310_torch29_cuda/lib/python3.10/site-packages/torch/cuda/random.py:131: in manual_seed_all
    _lazy_call(cb, seed_all=True)
/root/miniconda/envs/python310_torch29_cuda/lib/python3.10/site-packages/torch/cuda/__init__.py:341: in _lazy_call
    callable()
_ _ _ _ _ _ _ _ _ _ _ _ _ _ _ _ _ _ _ _ _ _ _ _ _ _ _ _ _ _ _ _ _ _ _ _ _ _ _ _ 

    def cb():
        for i in range(device_count()):
            default_generator = torch.cuda.default_generators[i]
>           default_generator.manual_seed(seed)
E           torch.AcceleratorError: CUDA error: unspecified launch failure
E           Search for `cudaErrorLaunchFailure' in https://docs.nvidia.com/cuda/cuda-runtime-api/group__CUDART__TYPES.html for more information.
E           CUDA kernel errors might be asynchronously reported at some other API call, so the stacktrace below might be incorrect.
E           For debugging consider passing CUDA_LAUNCH_BLOCKING=1
E           Compile with `TORCH_USE_CUDA_DSA` to enable device-side assertions.

/root/miniconda/envs/python310_torch29_cuda/lib/python3.10/site-packages/torch/cuda/random.py:129: AcceleratorError
________ test_unique_dim_int[False-True-all_duplicate-dtype0-shape1--1] ________

shape = (8,), dim = -1, dtype = torch.int16, pattern = 'all_duplicate'
return_inverse = True, return_counts = False

    @pytest.mark.unique_dim
    @pytest.mark.parametrize("shape, dim", SHAPE_DIM_CASES)
    @pytest.mark.parametrize("dtype", utils.INT_DTYPES)
    @pytest.mark.parametrize("pattern", ["few_unique", "all_unique", "all_duplicate"])
    @pytest.mark.parametrize("return_inverse", [False, True])
    @pytest.mark.parametrize("return_counts", [False, True])
    def test_unique_dim_int(shape, dim, dtype, pattern, return_inverse, return_counts):
        if flag_gems.vendor_name == "kunlunxin":
>           torch.manual_seed(0)

test_unique_dim.py:97: 
_ _ _ _ _ _ _ _ _ _ _ _ _ _ _ _ _ _ _ _ _ _ _ _ _ _ _ _ _ _ _ _ _ _ _ _ _ _ _ _ 
/root/miniconda/envs/python310_torch29_cuda/lib/python3.10/site-packages/torch/_compile.py:53: in inner
    return disable_fn(*args, **kwargs)
/root/miniconda/envs/python310_torch29_cuda/lib/python3.10/site-packages/torch/_dynamo/eval_frame.py:1044: in _fn
    return fn(*args, **kwargs)
/root/miniconda/envs/python310_torch29_cuda/lib/python3.10/site-packages/torch/random.py:46: in manual_seed
    torch.cuda.manual_seed_all(seed)
/root/miniconda/envs/python310_torch29_cuda/lib/python3.10/site-packages/torch/cuda/random.py:131: in manual_seed_all
    _lazy_call(cb, seed_all=True)
/root/miniconda/envs/python310_torch29_cuda/lib/python3.10/site-packages/torch/cuda/__init__.py:341: in _lazy_call
    callable()
_ _ _ _ _ _ _ _ _ _ _ _ _ _ _ _ _ _ _ _ _ _ _ _ _ _ _ _ _ _ _ _ _ _ _ _ _ _ _ _ 

    def cb():
        for i in range(device_count()):
            default_generator = torch.cuda.default_generators[i]
>           default_generator.manual_seed(seed)
E           torch.AcceleratorError: CUDA error: unspecified launch failure
E           Search for `cudaErrorLaunchFailure' in https://docs.nvidia.com/cuda/cuda-runtime-api/group__CUDART__TYPES.html for more information.
E           CUDA kernel errors might be asynchronously reported at some other API call, so the stacktrace below might be incorrect.
E           For debugging consider passing CUDA_LAUNCH_BLOCKING=1
E           Compile with `TORCH_USE_CUDA_DSA` to enable device-side assertions.

/root/miniconda/envs/python310_torch29_cuda/lib/python3.10/site-packages/torch/cuda/random.py:129: AcceleratorError
________ test_unique_dim_int[False-True-all_duplicate-dtype0-shape2-0] _________

shape = (16, 4), dim = 0, dtype = torch.int16, pattern = 'all_duplicate'
return_inverse = True, return_counts = False

    @pytest.mark.unique_dim
    @pytest.mark.parametrize("shape, dim", SHAPE_DIM_CASES)
    @pytest.mark.parametrize("dtype", utils.INT_DTYPES)
    @pytest.mark.parametrize("pattern", ["few_unique", "all_unique", "all_duplicate"])
    @pytest.mark.parametrize("return_inverse", [False, True])
    @pytest.mark.parametrize("return_counts", [False, True])
    def test_unique_dim_int(shape, dim, dtype, pattern, return_inverse, return_counts):
        if flag_gems.vendor_name == "kunlunxin":
>           torch.manual_seed(0)

test_unique_dim.py:97: 
_ _ _ _ _ _ _ _ _ _ _ _ _ _ _ _ _ _ _ _ _ _ _ _ _ _ _ _ _ _ _ _ _ _ _ _ _ _ _ _ 
/root/miniconda/envs/python310_torch29_cuda/lib/python3.10/site-packages/torch/_compile.py:53: in inner
    return disable_fn(*args, **kwargs)
/root/miniconda/envs/python310_torch29_cuda/lib/python3.10/site-packages/torch/_dynamo/eval_frame.py:1044: in _fn
    return fn(*args, **kwargs)
/root/miniconda/envs/python310_torch29_cuda/lib/python3.10/site-packages/torch/random.py:46: in manual_seed
    torch.cuda.manual_seed_all(seed)
/root/miniconda/envs/python310_torch29_cuda/lib/python3.10/site-packages/torch/cuda/random.py:131: in manual_seed_all
    _lazy_call(cb, seed_all=True)
/root/miniconda/envs/python310_torch29_cuda/lib/python3.10/site-packages/torch/cuda/__init__.py:341: in _lazy_call
    callable()
_ _ _ _ _ _ _ _ _ _ _ _ _ _ _ _ _ _ _ _ _ _ _ _ _ _ _ _ _ _ _ _ _ _ _ _ _ _ _ _ 

    def cb():
        for i in range(device_count()):
            default_generator = torch.cuda.default_generators[i]
>           default_generator.manual_seed(seed)
E           torch.AcceleratorError: CUDA error: unspecified launch failure
E           Search for `cudaErrorLaunchFailure' in https://docs.nvidia.com/cuda/cuda-runtime-api/group__CUDART__TYPES.html for more information.
E           CUDA kernel errors might be asynchronously reported at some other API call, so the stacktrace below might be incorrect.
E           For debugging consider passing CUDA_LAUNCH_BLOCKING=1
E           Compile with `TORCH_USE_CUDA_DSA` to enable device-side assertions.

/root/miniconda/envs/python310_torch29_cuda/lib/python3.10/site-packages/torch/cuda/random.py:129: AcceleratorError
________ test_unique_dim_int[False-True-all_duplicate-dtype0-shape3-1] _________

shape = (16, 4), dim = 1, dtype = torch.int16, pattern = 'all_duplicate'
return_inverse = True, return_counts = False

    @pytest.mark.unique_dim
    @pytest.mark.parametrize("shape, dim", SHAPE_DIM_CASES)
    @pytest.mark.parametrize("dtype", utils.INT_DTYPES)
    @pytest.mark.parametrize("pattern", ["few_unique", "all_unique", "all_duplicate"])
    @pytest.mark.parametrize("return_inverse", [False, True])
    @pytest.mark.parametrize("return_counts", [False, True])
    def test_unique_dim_int(shape, dim, dtype, pattern, return_inverse, return_counts):
        if flag_gems.vendor_name == "kunlunxin":
>           torch.manual_seed(0)

test_unique_dim.py:97: 
_ _ _ _ _ _ _ _ _ _ _ _ _ _ _ _ _ _ _ _ _ _ _ _ _ _ _ _ _ _ _ _ _ _ _ _ _ _ _ _ 
/root/miniconda/envs/python310_torch29_cuda/lib/python3.10/site-packages/torch/_compile.py:53: in inner
    return disable_fn(*args, **kwargs)
/root/miniconda/envs/python310_torch29_cuda/lib/python3.10/site-packages/torch/_dynamo/eval_frame.py:1044: in _fn
    return fn(*args, **kwargs)
/root/miniconda/envs/python310_torch29_cuda/lib/python3.10/site-packages/torch/random.py:46: in manual_seed
    torch.cuda.manual_seed_all(seed)
/root/miniconda/envs/python310_torch29_cuda/lib/python3.10/site-packages/torch/cuda/random.py:131: in manual_seed_all
    _lazy_call(cb, seed_all=True)
/root/miniconda/envs/python310_torch29_cuda/lib/python3.10/site-packages/torch/cuda/__init__.py:341: in _lazy_call
    callable()
_ _ _ _ _ _ _ _ _ _ _ _ _ _ _ _ _ _ _ _ _ _ _ _ _ _ _ _ _ _ _ _ _ _ _ _ _ _ _ _ 

    def cb():
        for i in range(device_count()):
            default_generator = torch.cuda.default_generators[i]
>           default_generator.manual_seed(seed)
E           torch.AcceleratorError: CUDA error: unspecified launch failure
E           Search for `cudaErrorLaunchFailure' in https://docs.nvidia.com/cuda/cuda-runtime-api/group__CUDART__TYPES.html for more information.
E           CUDA kernel errors might be asynchronously reported at some other API call, so the stacktrace below might be incorrect.
E           For debugging consider passing CUDA_LAUNCH_BLOCKING=1
E           Compile with `TORCH_USE_CUDA_DSA` to enable device-side assertions.

/root/miniconda/envs/python310_torch29_cuda/lib/python3.10/site-packages/torch/cuda/random.py:129: AcceleratorError
________ test_unique_dim_int[False-True-all_duplicate-dtype0-shape4--1] ________

shape = (16, 4), dim = -1, dtype = torch.int16, pattern = 'all_duplicate'
return_inverse = True, return_counts = False

    @pytest.mark.unique_dim
    @pytest.mark.parametrize("shape, dim", SHAPE_DIM_CASES)
    @pytest.mark.parametrize("dtype", utils.INT_DTYPES)
    @pytest.mark.parametrize("pattern", ["few_unique", "all_unique", "all_duplicate"])
    @pytest.mark.parametrize("return_inverse", [False, True])
    @pytest.mark.parametrize("return_counts", [False, True])
    def test_unique_dim_int(shape, dim, dtype, pattern, return_inverse, return_counts):
        if flag_gems.vendor_name == "kunlunxin":
>           torch.manual_seed(0)

test_unique_dim.py:97: 
_ _ _ _ _ _ _ _ _ _ _ _ _ _ _ _ _ _ _ _ _ _ _ _ _ _ _ _ _ _ _ _ _ _ _ _ _ _ _ _ 
/root/miniconda/envs/python310_torch29_cuda/lib/python3.10/site-packages/torch/_compile.py:53: in inner
    return disable_fn(*args, **kwargs)
/root/miniconda/envs/python310_torch29_cuda/lib/python3.10/site-packages/torch/_dynamo/eval_frame.py:1044: in _fn
    return fn(*args, **kwargs)
/root/miniconda/envs/python310_torch29_cuda/lib/python3.10/site-packages/torch/random.py:46: in manual_seed
    torch.cuda.manual_seed_all(seed)
/root/miniconda/envs/python310_torch29_cuda/lib/python3.10/site-packages/torch/cuda/random.py:131: in manual_seed_all
    _lazy_call(cb, seed_all=True)
/root/miniconda/envs/python310_torch29_cuda/lib/python3.10/site-packages/torch/cuda/__init__.py:341: in _lazy_call
    callable()
_ _ _ _ _ _ _ _ _ _ _ _ _ _ _ _ _ _ _ _ _ _ _ _ _ _ _ _ _ _ _ _ _ _ _ _ _ _ _ _ 

    def cb():
        for i in range(device_count()):
            default_generator = torch.cuda.default_generators[i]
>           default_generator.manual_seed(seed)
E           torch.AcceleratorError: CUDA error: unspecified launch failure
E           Search for `cudaErrorLaunchFailure' in https://docs.nvidia.com/cuda/cuda-runtime-api/group__CUDART__TYPES.html for more information.
E           CUDA kernel errors might be asynchronously reported at some other API call, so the stacktrace below might be incorrect.
E           For debugging consider passing CUDA_LAUNCH_BLOCKING=1
E           Compile with `TORCH_USE_CUDA_DSA` to enable device-side assertions.

/root/miniconda/envs/python310_torch29_cuda/lib/python3.10/site-packages/torch/cuda/random.py:129: AcceleratorError
________ test_unique_dim_int[False-True-all_duplicate-dtype0-shape5-0] _________

shape = (4, 16), dim = 0, dtype = torch.int16, pattern = 'all_duplicate'
return_inverse = True, return_counts = False

    @pytest.mark.unique_dim
    @pytest.mark.parametrize("shape, dim", SHAPE_DIM_CASES)
    @pytest.mark.parametrize("dtype", utils.INT_DTYPES)
    @pytest.mark.parametrize("pattern", ["few_unique", "all_unique", "all_duplicate"])
    @pytest.mark.parametrize("return_inverse", [False, True])
    @pytest.mark.parametrize("return_counts", [False, True])
    def test_unique_dim_int(shape, dim, dtype, pattern, return_inverse, return_counts):
        if flag_gems.vendor_name == "kunlunxin":
>           torch.manual_seed(0)

test_unique_dim.py:97: 
_ _ _ _ _ _ _ _ _ _ _ _ _ _ _ _ _ _ _ _ _ _ _ _ _ _ _ _ _ _ _ _ _ _ _ _ _ _ _ _ 
/root/miniconda/envs/python310_torch29_cuda/lib/python3.10/site-packages/torch/_compile.py:53: in inner
    return disable_fn(*args, **kwargs)
/root/miniconda/envs/python310_torch29_cuda/lib/python3.10/site-packages/torch/_dynamo/eval_frame.py:1044: in _fn
    return fn(*args, **kwargs)
/root/miniconda/envs/python310_torch29_cuda/lib/python3.10/site-packages/torch/random.py:46: in manual_seed
    torch.cuda.manual_seed_all(seed)
/root/miniconda/envs/python310_torch29_cuda/lib/python3.10/site-packages/torch/cuda/random.py:131: in manual_seed_all
    _lazy_call(cb, seed_all=True)
/root/miniconda/envs/python310_torch29_cuda/lib/python3.10/site-packages/torch/cuda/__init__.py:341: in _lazy_call
    callable()
_ _ _ _ _ _ _ _ _ _ _ _ _ _ _ _ _ _ _ _ _ _ _ _ _ _ _ _ _ _ _ _ _ _ _ _ _ _ _ _ 

    def cb():
        for i in range(device_count()):
            default_generator = torch.cuda.default_generators[i]
>           default_generator.manual_seed(seed)
E           torch.AcceleratorError: CUDA error: unspecified launch failure
E           Search for `cudaErrorLaunchFailure' in https://docs.nvidia.com/cuda/cuda-runtime-api/group__CUDART__TYPES.html for more information.
E           CUDA kernel errors might be asynchronously reported at some other API call, so the stacktrace below might be incorrect.
E           For debugging consider passing CUDA_LAUNCH_BLOCKING=1
E           Compile with `TORCH_USE_CUDA_DSA` to enable device-side assertions.

/root/miniconda/envs/python310_torch29_cuda/lib/python3.10/site-packages/torch/cuda/random.py:129: AcceleratorError
________ test_unique_dim_int[False-True-all_duplicate-dtype0-shape6-0] _________

shape = (32, 32), dim = 0, dtype = torch.int16, pattern = 'all_duplicate'
return_inverse = True, return_counts = False

    @pytest.mark.unique_dim
    @pytest.mark.parametrize("shape, dim", SHAPE_DIM_CASES)
    @pytest.mark.parametrize("dtype", utils.INT_DTYPES)
    @pytest.mark.parametrize("pattern", ["few_unique", "all_unique", "all_duplicate"])
    @pytest.mark.parametrize("return_inverse", [False, True])
    @pytest.mark.parametrize("return_counts", [False, True])
    def test_unique_dim_int(shape, dim, dtype, pattern, return_inverse, return_counts):
        if flag_gems.vendor_name == "kunlunxin":
>           torch.manual_seed(0)

test_unique_dim.py:97: 
_ _ _ _ _ _ _ _ _ _ _ _ _ _ _ _ _ _ _ _ _ _ _ _ _ _ _ _ _ _ _ _ _ _ _ _ _ _ _ _ 
/root/miniconda/envs/python310_torch29_cuda/lib/python3.10/site-packages/torch/_compile.py:53: in inner
    return disable_fn(*args, **kwargs)
/root/miniconda/envs/python310_torch29_cuda/lib/python3.10/site-packages/torch/_dynamo/eval_frame.py:1044: in _fn
    return fn(*args, **kwargs)
/root/miniconda/envs/python310_torch29_cuda/lib/python3.10/site-packages/torch/random.py:46: in manual_seed
    torch.cuda.manual_seed_all(seed)
/root/miniconda/envs/python310_torch29_cuda/lib/python3.10/site-packages/torch/cuda/random.py:131: in manual_seed_all
    _lazy_call(cb, seed_all=True)
/root/miniconda/envs/python310_torch29_cuda/lib/python3.10/site-packages/torch/cuda/__init__.py:341: in _lazy_call
    callable()
_ _ _ _ _ _ _ _ _ _ _ _ _ _ _ _ _ _ _ _ _ _ _ _ _ _ _ _ _ _ _ _ _ _ _ _ _ _ _ _ 

    def cb():
        for i in range(device_count()):
            default_generator = torch.cuda.default_generators[i]
>           default_generator.manual_seed(seed)
E           torch.AcceleratorError: CUDA error: unspecified launch failure
E           Search for `cudaErrorLaunchFailure' in https://docs.nvidia.com/cuda/cuda-runtime-api/group__CUDART__TYPES.html for more information.
E           CUDA kernel errors might be asynchronously reported at some other API call, so the stacktrace below might be incorrect.
E           For debugging consider passing CUDA_LAUNCH_BLOCKING=1
E           Compile with `TORCH_USE_CUDA_DSA` to enable device-side assertions.

/root/miniconda/envs/python310_torch29_cuda/lib/python3.10/site-packages/torch/cuda/random.py:129: AcceleratorError
________ test_unique_dim_int[False-True-all_duplicate-dtype0-shape7-1] _________

shape = (32, 32), dim = 1, dtype = torch.int16, pattern = 'all_duplicate'
return_inverse = True, return_counts = False

    @pytest.mark.unique_dim
    @pytest.mark.parametrize("shape, dim", SHAPE_DIM_CASES)
    @pytest.mark.parametrize("dtype", utils.INT_DTYPES)
    @pytest.mark.parametrize("pattern", ["few_unique", "all_unique", "all_duplicate"])
    @pytest.mark.parametrize("return_inverse", [False, True])
    @pytest.mark.parametrize("return_counts", [False, True])
    def test_unique_dim_int(shape, dim, dtype, pattern, return_inverse, return_counts):
        if flag_gems.vendor_name == "kunlunxin":
>           torch.manual_seed(0)

test_unique_dim.py:97: 
_ _ _ _ _ _ _ _ _ _ _ _ _ _ _ _ _ _ _ _ _ _ _ _ _ _ _ _ _ _ _ _ _ _ _ _ _ _ _ _ 
/root/miniconda/envs/python310_torch29_cuda/lib/python3.10/site-packages/torch/_compile.py:53: in inner
    return disable_fn(*args, **kwargs)
/root/miniconda/envs/python310_torch29_cuda/lib/python3.10/site-packages/torch/_dynamo/eval_frame.py:1044: in _fn
    return fn(*args, **kwargs)
/root/miniconda/envs/python310_torch29_cuda/lib/python3.10/site-packages/torch/random.py:46: in manual_seed
    torch.cuda.manual_seed_all(seed)
/root/miniconda/envs/python310_torch29_cuda/lib/python3.10/site-packages/torch/cuda/random.py:131: in manual_seed_all
    _lazy_call(cb, seed_all=True)
/root/miniconda/envs/python310_torch29_cuda/lib/python3.10/site-packages/torch/cuda/__init__.py:341: in _lazy_call
    callable()
_ _ _ _ _ _ _ _ _ _ _ _ _ _ _ _ _ _ _ _ _ _ _ _ _ _ _ _ _ _ _ _ _ _ _ _ _ _ _ _ 

    def cb():
        for i in range(device_count()):
            default_generator = torch.cuda.default_generators[i]
>           default_generator.manual_seed(seed)
E           torch.AcceleratorError: CUDA error: unspecified launch failure
E           Search for `cudaErrorLaunchFailure' in https://docs.nvidia.com/cuda/cuda-runtime-api/group__CUDART__TYPES.html for more information.
E           CUDA kernel errors might be asynchronously reported at some other API call, so the stacktrace below might be incorrect.
E           For debugging consider passing CUDA_LAUNCH_BLOCKING=1
E           Compile with `TORCH_USE_CUDA_DSA` to enable device-side assertions.

/root/miniconda/envs/python310_torch29_cuda/lib/python3.10/site-packages/torch/cuda/random.py:129: AcceleratorError
________ test_unique_dim_int[False-True-all_duplicate-dtype0-shape8-0] _________

shape = (6, 5, 4), dim = 0, dtype = torch.int16, pattern = 'all_duplicate'
return_inverse = True, return_counts = False

    @pytest.mark.unique_dim
    @pytest.mark.parametrize("shape, dim", SHAPE_DIM_CASES)
    @pytest.mark.parametrize("dtype", utils.INT_DTYPES)
    @pytest.mark.parametrize("pattern", ["few_unique", "all_unique", "all_duplicate"])
    @pytest.mark.parametrize("return_inverse", [False, True])
    @pytest.mark.parametrize("return_counts", [False, True])
    def test_unique_dim_int(shape, dim, dtype, pattern, return_inverse, return_counts):
        if flag_gems.vendor_name == "kunlunxin":
>           torch.manual_seed(0)

test_unique_dim.py:97: 
_ _ _ _ _ _ _ _ _ _ _ _ _ _ _ _ _ _ _ _ _ _ _ _ _ _ _ _ _ _ _ _ _ _ _ _ _ _ _ _ 
/root/miniconda/envs/python310_torch29_cuda/lib/python3.10/site-packages/torch/_compile.py:53: in inner
    return disable_fn(*args, **kwargs)
/root/miniconda/envs/python310_torch29_cuda/lib/python3.10/site-packages/torch/_dynamo/eval_frame.py:1044: in _fn
    return fn(*args, **kwargs)
/root/miniconda/envs/python310_torch29_cuda/lib/python3.10/site-packages/torch/random.py:46: in manual_seed
    torch.cuda.manual_seed_all(seed)
/root/miniconda/envs/python310_torch29_cuda/lib/python3.10/site-packages/torch/cuda/random.py:131: in manual_seed_all
    _lazy_call(cb, seed_all=True)
/root/miniconda/envs/python310_torch29_cuda/lib/python3.10/site-packages/torch/cuda/__init__.py:341: in _lazy_call
    callable()
_ _ _ _ _ _ _ _ _ _ _ _ _ _ _ _ _ _ _ _ _ _ _ _ _ _ _ _ _ _ _ _ _ _ _ _ _ _ _ _ 

    def cb():
        for i in range(device_count()):
            default_generator = torch.cuda.default_generators[i]
>           default_generator.manual_seed(seed)
E           torch.AcceleratorError: CUDA error: unspecified launch failure
E           Search for `cudaErrorLaunchFailure' in https://docs.nvidia.com/cuda/cuda-runtime-api/group__CUDART__TYPES.html for more information.
E           CUDA kernel errors might be asynchronously reported at some other API call, so the stacktrace below might be incorrect.
E           For debugging consider passing CUDA_LAUNCH_BLOCKING=1
E           Compile with `TORCH_USE_CUDA_DSA` to enable device-side assertions.

/root/miniconda/envs/python310_torch29_cuda/lib/python3.10/site-packages/torch/cuda/random.py:129: AcceleratorError
________ test_unique_dim_int[False-True-all_duplicate-dtype0-shape9-1] _________

shape = (6, 5, 4), dim = 1, dtype = torch.int16, pattern = 'all_duplicate'
return_inverse = True, return_counts = False

    @pytest.mark.unique_dim
    @pytest.mark.parametrize("shape, dim", SHAPE_DIM_CASES)
    @pytest.mark.parametrize("dtype", utils.INT_DTYPES)
    @pytest.mark.parametrize("pattern", ["few_unique", "all_unique", "all_duplicate"])
    @pytest.mark.parametrize("return_inverse", [False, True])
    @pytest.mark.parametrize("return_counts", [False, True])
    def test_unique_dim_int(shape, dim, dtype, pattern, return_inverse, return_counts):
        if flag_gems.vendor_name == "kunlunxin":
>           torch.manual_seed(0)

test_unique_dim.py:97: 
_ _ _ _ _ _ _ _ _ _ _ _ _ _ _ _ _ _ _ _ _ _ _ _ _ _ _ _ _ _ _ _ _ _ _ _ _ _ _ _ 
/root/miniconda/envs/python310_torch29_cuda/lib/python3.10/site-packages/torch/_compile.py:53: in inner
    return disable_fn(*args, **kwargs)
/root/miniconda/envs/python310_torch29_cuda/lib/python3.10/site-packages/torch/_dynamo/eval_frame.py:1044: in _fn
    return fn(*args, **kwargs)
/root/miniconda/envs/python310_torch29_cuda/lib/python3.10/site-packages/torch/random.py:46: in manual_seed
    torch.cuda.manual_seed_all(seed)
/root/miniconda/envs/python310_torch29_cuda/lib/python3.10/site-packages/torch/cuda/random.py:131: in manual_seed_all
    _lazy_call(cb, seed_all=True)
/root/miniconda/envs/python310_torch29_cuda/lib/python3.10/site-packages/torch/cuda/__init__.py:341: in _lazy_call
    callable()
_ _ _ _ _ _ _ _ _ _ _ _ _ _ _ _ _ _ _ _ _ _ _ _ _ _ _ _ _ _ _ _ _ _ _ _ _ _ _ _ 

    def cb():
        for i in range(device_count()):
            default_generator = torch.cuda.default_generators[i]
>           default_generator.manual_seed(seed)
E           torch.AcceleratorError: CUDA error: unspecified launch failure
E           Search for `cudaErrorLaunchFailure' in https://docs.nvidia.com/cuda/cuda-runtime-api/group__CUDART__TYPES.html for more information.
E           CUDA kernel errors might be asynchronously reported at some other API call, so the stacktrace below might be incorrect.
E           For debugging consider passing CUDA_LAUNCH_BLOCKING=1
E           Compile with `TORCH_USE_CUDA_DSA` to enable device-side assertions.

/root/miniconda/envs/python310_torch29_cuda/lib/python3.10/site-packages/torch/cuda/random.py:129: AcceleratorError
________ test_unique_dim_int[False-True-all_duplicate-dtype0-shape10-2] ________

shape = (6, 5, 4), dim = 2, dtype = torch.int16, pattern = 'all_duplicate'
return_inverse = True, return_counts = False

    @pytest.mark.unique_dim
    @pytest.mark.parametrize("shape, dim", SHAPE_DIM_CASES)
    @pytest.mark.parametrize("dtype", utils.INT_DTYPES)
    @pytest.mark.parametrize("pattern", ["few_unique", "all_unique", "all_duplicate"])
    @pytest.mark.parametrize("return_inverse", [False, True])
    @pytest.mark.parametrize("return_counts", [False, True])
    def test_unique_dim_int(shape, dim, dtype, pattern, return_inverse, return_counts):
        if flag_gems.vendor_name == "kunlunxin":
>           torch.manual_seed(0)

test_unique_dim.py:97: 
_ _ _ _ _ _ _ _ _ _ _ _ _ _ _ _ _ _ _ _ _ _ _ _ _ _ _ _ _ _ _ _ _ _ _ _ _ _ _ _ 
/root/miniconda/envs/python310_torch29_cuda/lib/python3.10/site-packages/torch/_compile.py:53: in inner
    return disable_fn(*args, **kwargs)
/root/miniconda/envs/python310_torch29_cuda/lib/python3.10/site-packages/torch/_dynamo/eval_frame.py:1044: in _fn
    return fn(*args, **kwargs)
/root/miniconda/envs/python310_torch29_cuda/lib/python3.10/site-packages/torch/random.py:46: in manual_seed
    torch.cuda.manual_seed_all(seed)
/root/miniconda/envs/python310_torch29_cuda/lib/python3.10/site-packages/torch/cuda/random.py:131: in manual_seed_all
    _lazy_call(cb, seed_all=True)
/root/miniconda/envs/python310_torch29_cuda/lib/python3.10/site-packages/torch/cuda/__init__.py:341: in _lazy_call
    callable()
_ _ _ _ _ _ _ _ _ _ _ _ _ _ _ _ _ _ _ _ _ _ _ _ _ _ _ _ _ _ _ _ _ _ _ _ _ _ _ _ 

    def cb():
        for i in range(device_count()):
            default_generator = torch.cuda.default_generators[i]
>           default_generator.manual_seed(seed)
E           torch.AcceleratorError: CUDA error: unspecified launch failure
E           Search for `cudaErrorLaunchFailure' in https://docs.nvidia.com/cuda/cuda-runtime-api/group__CUDART__TYPES.html for more information.
E           CUDA kernel errors might be asynchronously reported at some other API call, so the stacktrace below might be incorrect.
E           For debugging consider passing CUDA_LAUNCH_BLOCKING=1
E           Compile with `TORCH_USE_CUDA_DSA` to enable device-side assertions.

/root/miniconda/envs/python310_torch29_cuda/lib/python3.10/site-packages/torch/cuda/random.py:129: AcceleratorError
_______ test_unique_dim_int[False-True-all_duplicate-dtype0-shape11--2] ________

shape = (6, 5, 4), dim = -2, dtype = torch.int16, pattern = 'all_duplicate'
return_inverse = True, return_counts = False

    @pytest.mark.unique_dim
    @pytest.mark.parametrize("shape, dim", SHAPE_DIM_CASES)
    @pytest.mark.parametrize("dtype", utils.INT_DTYPES)
    @pytest.mark.parametrize("pattern", ["few_unique", "all_unique", "all_duplicate"])
    @pytest.mark.parametrize("return_inverse", [False, True])
    @pytest.mark.parametrize("return_counts", [False, True])
    def test_unique_dim_int(shape, dim, dtype, pattern, return_inverse, return_counts):
        if flag_gems.vendor_name == "kunlunxin":
>           torch.manual_seed(0)

test_unique_dim.py:97: 
_ _ _ _ _ _ _ _ _ _ _ _ _ _ _ _ _ _ _ _ _ _ _ _ _ _ _ _ _ _ _ _ _ _ _ _ _ _ _ _ 
/root/miniconda/envs/python310_torch29_cuda/lib/python3.10/site-packages/torch/_compile.py:53: in inner
    return disable_fn(*args, **kwargs)
/root/miniconda/envs/python310_torch29_cuda/lib/python3.10/site-packages/torch/_dynamo/eval_frame.py:1044: in _fn
    return fn(*args, **kwargs)
/root/miniconda/envs/python310_torch29_cuda/lib/python3.10/site-packages/torch/random.py:46: in manual_seed
    torch.cuda.manual_seed_all(seed)
/root/miniconda/envs/python310_torch29_cuda/lib/python3.10/site-packages/torch/cuda/random.py:131: in manual_seed_all
    _lazy_call(cb, seed_all=True)
/root/miniconda/envs/python310_torch29_cuda/lib/python3.10/site-packages/torch/cuda/__init__.py:341: in _lazy_call
    callable()
_ _ _ _ _ _ _ _ _ _ _ _ _ _ _ _ _ _ _ _ _ _ _ _ _ _ _ _ _ _ _ _ _ _ _ _ _ _ _ _ 

    def cb():
        for i in range(device_count()):
            default_generator = torch.cuda.default_generators[i]
>           default_generator.manual_seed(seed)
E           torch.AcceleratorError: CUDA error: unspecified launch failure
E           Search for `cudaErrorLaunchFailure' in https://docs.nvidia.com/cuda/cuda-runtime-api/group__CUDART__TYPES.html for more information.
E           CUDA kernel errors might be asynchronously reported at some other API call, so the stacktrace below might be incorrect.
E           For debugging consider passing CUDA_LAUNCH_BLOCKING=1
E           Compile with `TORCH_USE_CUDA_DSA` to enable device-side assertions.

/root/miniconda/envs/python310_torch29_cuda/lib/python3.10/site-packages/torch/cuda/random.py:129: AcceleratorError
________ test_unique_dim_int[False-True-all_duplicate-dtype0-shape12-2] ________

shape = (3, 4, 5, 6), dim = 2, dtype = torch.int16, pattern = 'all_duplicate'
return_inverse = True, return_counts = False

    @pytest.mark.unique_dim
    @pytest.mark.parametrize("shape, dim", SHAPE_DIM_CASES)
    @pytest.mark.parametrize("dtype", utils.INT_DTYPES)
    @pytest.mark.parametrize("pattern", ["few_unique", "all_unique", "all_duplicate"])
    @pytest.mark.parametrize("return_inverse", [False, True])
    @pytest.mark.parametrize("return_counts", [False, True])
    def test_unique_dim_int(shape, dim, dtype, pattern, return_inverse, return_counts):
        if flag_gems.vendor_name == "kunlunxin":
>           torch.manual_seed(0)

test_unique_dim.py:97: 
_ _ _ _ _ _ _ _ _ _ _ _ _ _ _ _ _ _ _ _ _ _ _ _ _ _ _ _ _ _ _ _ _ _ _ _ _ _ _ _ 
/root/miniconda/envs/python310_torch29_cuda/lib/python3.10/site-packages/torch/_compile.py:53: in inner
    return disable_fn(*args, **kwargs)
/root/miniconda/envs/python310_torch29_cuda/lib/python3.10/site-packages/torch/_dynamo/eval_frame.py:1044: in _fn
    return fn(*args, **kwargs)
/root/miniconda/envs/python310_torch29_cuda/lib/python3.10/site-packages/torch/random.py:46: in manual_seed
    torch.cuda.manual_seed_all(seed)
/root/miniconda/envs/python310_torch29_cuda/lib/python3.10/site-packages/torch/cuda/random.py:131: in manual_seed_all
    _lazy_call(cb, seed_all=True)
/root/miniconda/envs/python310_torch29_cuda/lib/python3.10/site-packages/torch/cuda/__init__.py:341: in _lazy_call
    callable()
_ _ _ _ _ _ _ _ _ _ _ _ _ _ _ _ _ _ _ _ _ _ _ _ _ _ _ _ _ _ _ _ _ _ _ _ _ _ _ _ 

    def cb():
        for i in range(device_count()):
            default_generator = torch.cuda.default_generators[i]
>           default_generator.manual_seed(seed)
E           torch.AcceleratorError: CUDA error: unspecified launch failure
E           Search for `cudaErrorLaunchFailure' in https://docs.nvidia.com/cuda/cuda-runtime-api/group__CUDART__TYPES.html for more information.
E           CUDA kernel errors might be asynchronously reported at some other API call, so the stacktrace below might be incorrect.
E           For debugging consider passing CUDA_LAUNCH_BLOCKING=1
E           Compile with `TORCH_USE_CUDA_DSA` to enable device-side assertions.

/root/miniconda/envs/python310_torch29_cuda/lib/python3.10/site-packages/torch/cuda/random.py:129: AcceleratorError
_______ test_unique_dim_int[False-True-all_duplicate-dtype0-shape13--1] ________

shape = (3, 4, 5, 6), dim = -1, dtype = torch.int16, pattern = 'all_duplicate'
return_inverse = True, return_counts = False

    @pytest.mark.unique_dim
    @pytest.mark.parametrize("shape, dim", SHAPE_DIM_CASES)
    @pytest.mark.parametrize("dtype", utils.INT_DTYPES)
    @pytest.mark.parametrize("pattern", ["few_unique", "all_unique", "all_duplicate"])
    @pytest.mark.parametrize("return_inverse", [False, True])
    @pytest.mark.parametrize("return_counts", [False, True])
    def test_unique_dim_int(shape, dim, dtype, pattern, return_inverse, return_counts):
        if flag_gems.vendor_name == "kunlunxin":
>           torch.manual_seed(0)

test_unique_dim.py:97: 
_ _ _ _ _ _ _ _ _ _ _ _ _ _ _ _ _ _ _ _ _ _ _ _ _ _ _ _ _ _ _ _ _ _ _ _ _ _ _ _ 
/root/miniconda/envs/python310_torch29_cuda/lib/python3.10/site-packages/torch/_compile.py:53: in inner
    return disable_fn(*args, **kwargs)
/root/miniconda/envs/python310_torch29_cuda/lib/python3.10/site-packages/torch/_dynamo/eval_frame.py:1044: in _fn
    return fn(*args, **kwargs)
/root/miniconda/envs/python310_torch29_cuda/lib/python3.10/site-packages/torch/random.py:46: in manual_seed
    torch.cuda.manual_seed_all(seed)
/root/miniconda/envs/python310_torch29_cuda/lib/python3.10/site-packages/torch/cuda/random.py:131: in manual_seed_all
    _lazy_call(cb, seed_all=True)
/root/miniconda/envs/python310_torch29_cuda/lib/python3.10/site-packages/torch/cuda/__init__.py:341: in _lazy_call
    callable()
_ _ _ _ _ _ _ _ _ _ _ _ _ _ _ _ _ _ _ _ _ _ _ _ _ _ _ _ _ _ _ _ _ _ _ _ _ _ _ _ 

    def cb():
        for i in range(device_count()):
            default_generator = torch.cuda.default_generators[i]
>           default_generator.manual_seed(seed)
E           torch.AcceleratorError: CUDA error: unspecified launch failure
E           Search for `cudaErrorLaunchFailure' in https://docs.nvidia.com/cuda/cuda-runtime-api/group__CUDART__TYPES.html for more information.
E           CUDA kernel errors might be asynchronously reported at some other API call, so the stacktrace below might be incorrect.
E           For debugging consider passing CUDA_LAUNCH_BLOCKING=1
E           Compile with `TORCH_USE_CUDA_DSA` to enable device-side assertions.

/root/miniconda/envs/python310_torch29_cuda/lib/python3.10/site-packages/torch/cuda/random.py:129: AcceleratorError
________ test_unique_dim_int[False-True-all_duplicate-dtype1-shape0-0] _________

shape = (8,), dim = 0, dtype = torch.int32, pattern = 'all_duplicate'
return_inverse = True, return_counts = False

    @pytest.mark.unique_dim
    @pytest.mark.parametrize("shape, dim", SHAPE_DIM_CASES)
    @pytest.mark.parametrize("dtype", utils.INT_DTYPES)
    @pytest.mark.parametrize("pattern", ["few_unique", "all_unique", "all_duplicate"])
    @pytest.mark.parametrize("return_inverse", [False, True])
    @pytest.mark.parametrize("return_counts", [False, True])
    def test_unique_dim_int(shape, dim, dtype, pattern, return_inverse, return_counts):
        if flag_gems.vendor_name == "kunlunxin":
>           torch.manual_seed(0)

test_unique_dim.py:97: 
_ _ _ _ _ _ _ _ _ _ _ _ _ _ _ _ _ _ _ _ _ _ _ _ _ _ _ _ _ _ _ _ _ _ _ _ _ _ _ _ 
/root/miniconda/envs/python310_torch29_cuda/lib/python3.10/site-packages/torch/_compile.py:53: in inner
    return disable_fn(*args, **kwargs)
/root/miniconda/envs/python310_torch29_cuda/lib/python3.10/site-packages/torch/_dynamo/eval_frame.py:1044: in _fn
    return fn(*args, **kwargs)
/root/miniconda/envs/python310_torch29_cuda/lib/python3.10/site-packages/torch/random.py:46: in manual_seed
    torch.cuda.manual_seed_all(seed)
/root/miniconda/envs/python310_torch29_cuda/lib/python3.10/site-packages/torch/cuda/random.py:131: in manual_seed_all
    _lazy_call(cb, seed_all=True)
/root/miniconda/envs/python310_torch29_cuda/lib/python3.10/site-packages/torch/cuda/__init__.py:341: in _lazy_call
    callable()
_ _ _ _ _ _ _ _ _ _ _ _ _ _ _ _ _ _ _ _ _ _ _ _ _ _ _ _ _ _ _ _ _ _ _ _ _ _ _ _ 

    def cb():
        for i in range(device_count()):
            default_generator = torch.cuda.default_generators[i]
>           default_generator.manual_seed(seed)
E           torch.AcceleratorError: CUDA error: unspecified launch failure
E           Search for `cudaErrorLaunchFailure' in https://docs.nvidia.com/cuda/cuda-runtime-api/group__CUDART__TYPES.html for more information.
E           CUDA kernel errors might be asynchronously reported at some other API call, so the stacktrace below might be incorrect.
E           For debugging consider passing CUDA_LAUNCH_BLOCKING=1
E           Compile with `TORCH_USE_CUDA_DSA` to enable device-side assertions.

/root/miniconda/envs/python310_torch29_cuda/lib/python3.10/site-packages/torch/cuda/random.py:129: AcceleratorError
________ test_unique_dim_int[False-True-all_duplicate-dtype1-shape1--1] ________

shape = (8,), dim = -1, dtype = torch.int32, pattern = 'all_duplicate'
return_inverse = True, return_counts = False

    @pytest.mark.unique_dim
    @pytest.mark.parametrize("shape, dim", SHAPE_DIM_CASES)
    @pytest.mark.parametrize("dtype", utils.INT_DTYPES)
    @pytest.mark.parametrize("pattern", ["few_unique", "all_unique", "all_duplicate"])
    @pytest.mark.parametrize("return_inverse", [False, True])
    @pytest.mark.parametrize("return_counts", [False, True])
    def test_unique_dim_int(shape, dim, dtype, pattern, return_inverse, return_counts):
        if flag_gems.vendor_name == "kunlunxin":
>           torch.manual_seed(0)

test_unique_dim.py:97: 
_ _ _ _ _ _ _ _ _ _ _ _ _ _ _ _ _ _ _ _ _ _ _ _ _ _ _ _ _ _ _ _ _ _ _ _ _ _ _ _ 
/root/miniconda/envs/python310_torch29_cuda/lib/python3.10/site-packages/torch/_compile.py:53: in inner
    return disable_fn(*args, **kwargs)
/root/miniconda/envs/python310_torch29_cuda/lib/python3.10/site-packages/torch/_dynamo/eval_frame.py:1044: in _fn
    return fn(*args, **kwargs)
/root/miniconda/envs/python310_torch29_cuda/lib/python3.10/site-packages/torch/random.py:46: in manual_seed
    torch.cuda.manual_seed_all(seed)
/root/miniconda/envs/python310_torch29_cuda/lib/python3.10/site-packages/torch/cuda/random.py:131: in manual_seed_all
    _lazy_call(cb, seed_all=True)
/root/miniconda/envs/python310_torch29_cuda/lib/python3.10/site-packages/torch/cuda/__init__.py:341: in _lazy_call
    callable()
_ _ _ _ _ _ _ _ _ _ _ _ _ _ _ _ _ _ _ _ _ _ _ _ _ _ _ _ _ _ _ _ _ _ _ _ _ _ _ _ 

    def cb():
        for i in range(device_count()):
            default_generator = torch.cuda.default_generators[i]
>           default_generator.manual_seed(seed)
E           torch.AcceleratorError: CUDA error: unspecified launch failure
E           Search for `cudaErrorLaunchFailure' in https://docs.nvidia.com/cuda/cuda-runtime-api/group__CUDART__TYPES.html for more information.
E           CUDA kernel errors might be asynchronously reported at some other API call, so the stacktrace below might be incorrect.
E           For debugging consider passing CUDA_LAUNCH_BLOCKING=1
E           Compile with `TORCH_USE_CUDA_DSA` to enable device-side assertions.

/root/miniconda/envs/python310_torch29_cuda/lib/python3.10/site-packages/torch/cuda/random.py:129: AcceleratorError
________ test_unique_dim_int[False-True-all_duplicate-dtype1-shape2-0] _________

shape = (16, 4), dim = 0, dtype = torch.int32, pattern = 'all_duplicate'
return_inverse = True, return_counts = False

    @pytest.mark.unique_dim
    @pytest.mark.parametrize("shape, dim", SHAPE_DIM_CASES)
    @pytest.mark.parametrize("dtype", utils.INT_DTYPES)
    @pytest.mark.parametrize("pattern", ["few_unique", "all_unique", "all_duplicate"])
    @pytest.mark.parametrize("return_inverse", [False, True])
    @pytest.mark.parametrize("return_counts", [False, True])
    def test_unique_dim_int(shape, dim, dtype, pattern, return_inverse, return_counts):
        if flag_gems.vendor_name == "kunlunxin":
>           torch.manual_seed(0)

test_unique_dim.py:97: 
_ _ _ _ _ _ _ _ _ _ _ _ _ _ _ _ _ _ _ _ _ _ _ _ _ _ _ _ _ _ _ _ _ _ _ _ _ _ _ _ 
/root/miniconda/envs/python310_torch29_cuda/lib/python3.10/site-packages/torch/_compile.py:53: in inner
    return disable_fn(*args, **kwargs)
/root/miniconda/envs/python310_torch29_cuda/lib/python3.10/site-packages/torch/_dynamo/eval_frame.py:1044: in _fn
    return fn(*args, **kwargs)
/root/miniconda/envs/python310_torch29_cuda/lib/python3.10/site-packages/torch/random.py:46: in manual_seed
    torch.cuda.manual_seed_all(seed)
/root/miniconda/envs/python310_torch29_cuda/lib/python3.10/site-packages/torch/cuda/random.py:131: in manual_seed_all
    _lazy_call(cb, seed_all=True)
/root/miniconda/envs/python310_torch29_cuda/lib/python3.10/site-packages/torch/cuda/__init__.py:341: in _lazy_call
    callable()
_ _ _ _ _ _ _ _ _ _ _ _ _ _ _ _ _ _ _ _ _ _ _ _ _ _ _ _ _ _ _ _ _ _ _ _ _ _ _ _ 

    def cb():
        for i in range(device_count()):
            default_generator = torch.cuda.default_generators[i]
>           default_generator.manual_seed(seed)
E           torch.AcceleratorError: CUDA error: unspecified launch failure
E           Search for `cudaErrorLaunchFailure' in https://docs.nvidia.com/cuda/cuda-runtime-api/group__CUDART__TYPES.html for more information.
E           CUDA kernel errors might be asynchronously reported at some other API call, so the stacktrace below might be incorrect.
E           For debugging consider passing CUDA_LAUNCH_BLOCKING=1
E           Compile with `TORCH_USE_CUDA_DSA` to enable device-side assertions.

/root/miniconda/envs/python310_torch29_cuda/lib/python3.10/site-packages/torch/cuda/random.py:129: AcceleratorError
________ test_unique_dim_int[False-True-all_duplicate-dtype1-shape3-1] _________

shape = (16, 4), dim = 1, dtype = torch.int32, pattern = 'all_duplicate'
return_inverse = True, return_counts = False

    @pytest.mark.unique_dim
    @pytest.mark.parametrize("shape, dim", SHAPE_DIM_CASES)
    @pytest.mark.parametrize("dtype", utils.INT_DTYPES)
    @pytest.mark.parametrize("pattern", ["few_unique", "all_unique", "all_duplicate"])
    @pytest.mark.parametrize("return_inverse", [False, True])
    @pytest.mark.parametrize("return_counts", [False, True])
    def test_unique_dim_int(shape, dim, dtype, pattern, return_inverse, return_counts):
        if flag_gems.vendor_name == "kunlunxin":
>           torch.manual_seed(0)

test_unique_dim.py:97: 
_ _ _ _ _ _ _ _ _ _ _ _ _ _ _ _ _ _ _ _ _ _ _ _ _ _ _ _ _ _ _ _ _ _ _ _ _ _ _ _ 
/root/miniconda/envs/python310_torch29_cuda/lib/python3.10/site-packages/torch/_compile.py:53: in inner
    return disable_fn(*args, **kwargs)
/root/miniconda/envs/python310_torch29_cuda/lib/python3.10/site-packages/torch/_dynamo/eval_frame.py:1044: in _fn
    return fn(*args, **kwargs)
/root/miniconda/envs/python310_torch29_cuda/lib/python3.10/site-packages/torch/random.py:46: in manual_seed
    torch.cuda.manual_seed_all(seed)
/root/miniconda/envs/python310_torch29_cuda/lib/python3.10/site-packages/torch/cuda/random.py:131: in manual_seed_all
    _lazy_call(cb, seed_all=True)
/root/miniconda/envs/python310_torch29_cuda/lib/python3.10/site-packages/torch/cuda/__init__.py:341: in _lazy_call
    callable()
_ _ _ _ _ _ _ _ _ _ _ _ _ _ _ _ _ _ _ _ _ _ _ _ _ _ _ _ _ _ _ _ _ _ _ _ _ _ _ _ 

    def cb():
        for i in range(device_count()):
            default_generator = torch.cuda.default_generators[i]
>           default_generator.manual_seed(seed)
E           torch.AcceleratorError: CUDA error: unspecified launch failure
E           Search for `cudaErrorLaunchFailure' in https://docs.nvidia.com/cuda/cuda-runtime-api/group__CUDART__TYPES.html for more information.
E           CUDA kernel errors might be asynchronously reported at some other API call, so the stacktrace below might be incorrect.
E           For debugging consider passing CUDA_LAUNCH_BLOCKING=1
E           Compile with `TORCH_USE_CUDA_DSA` to enable device-side assertions.

/root/miniconda/envs/python310_torch29_cuda/lib/python3.10/site-packages/torch/cuda/random.py:129: AcceleratorError
________ test_unique_dim_int[False-True-all_duplicate-dtype1-shape4--1] ________

shape = (16, 4), dim = -1, dtype = torch.int32, pattern = 'all_duplicate'
return_inverse = True, return_counts = False

    @pytest.mark.unique_dim
    @pytest.mark.parametrize("shape, dim", SHAPE_DIM_CASES)
    @pytest.mark.parametrize("dtype", utils.INT_DTYPES)
    @pytest.mark.parametrize("pattern", ["few_unique", "all_unique", "all_duplicate"])
    @pytest.mark.parametrize("return_inverse", [False, True])
    @pytest.mark.parametrize("return_counts", [False, True])
    def test_unique_dim_int(shape, dim, dtype, pattern, return_inverse, return_counts):
        if flag_gems.vendor_name == "kunlunxin":
>           torch.manual_seed(0)

test_unique_dim.py:97: 
_ _ _ _ _ _ _ _ _ _ _ _ _ _ _ _ _ _ _ _ _ _ _ _ _ _ _ _ _ _ _ _ _ _ _ _ _ _ _ _ 
/root/miniconda/envs/python310_torch29_cuda/lib/python3.10/site-packages/torch/_compile.py:53: in inner
    return disable_fn(*args, **kwargs)
/root/miniconda/envs/python310_torch29_cuda/lib/python3.10/site-packages/torch/_dynamo/eval_frame.py:1044: in _fn
    return fn(*args, **kwargs)
/root/miniconda/envs/python310_torch29_cuda/lib/python3.10/site-packages/torch/random.py:46: in manual_seed
    torch.cuda.manual_seed_all(seed)
/root/miniconda/envs/python310_torch29_cuda/lib/python3.10/site-packages/torch/cuda/random.py:131: in manual_seed_all
    _lazy_call(cb, seed_all=True)
/root/miniconda/envs/python310_torch29_cuda/lib/python3.10/site-packages/torch/cuda/__init__.py:341: in _lazy_call
    callable()
_ _ _ _ _ _ _ _ _ _ _ _ _ _ _ _ _ _ _ _ _ _ _ _ _ _ _ _ _ _ _ _ _ _ _ _ _ _ _ _ 

    def cb():
        for i in range(device_count()):
            default_generator = torch.cuda.default_generators[i]
>           default_generator.manual_seed(seed)
E           torch.AcceleratorError: CUDA error: unspecified launch failure
E           Search for `cudaErrorLaunchFailure' in https://docs.nvidia.com/cuda/cuda-runtime-api/group__CUDART__TYPES.html for more information.
E           CUDA kernel errors might be asynchronously reported at some other API call, so the stacktrace below might be incorrect.
E           For debugging consider passing CUDA_LAUNCH_BLOCKING=1
E           Compile with `TORCH_USE_CUDA_DSA` to enable device-side assertions.

/root/miniconda/envs/python310_torch29_cuda/lib/python3.10/site-packages/torch/cuda/random.py:129: AcceleratorError
________ test_unique_dim_int[False-True-all_duplicate-dtype1-shape5-0] _________

shape = (4, 16), dim = 0, dtype = torch.int32, pattern = 'all_duplicate'
return_inverse = True, return_counts = False

    @pytest.mark.unique_dim
    @pytest.mark.parametrize("shape, dim", SHAPE_DIM_CASES)
    @pytest.mark.parametrize("dtype", utils.INT_DTYPES)
    @pytest.mark.parametrize("pattern", ["few_unique", "all_unique", "all_duplicate"])
    @pytest.mark.parametrize("return_inverse", [False, True])
    @pytest.mark.parametrize("return_counts", [False, True])
    def test_unique_dim_int(shape, dim, dtype, pattern, return_inverse, return_counts):
        if flag_gems.vendor_name == "kunlunxin":
>           torch.manual_seed(0)

test_unique_dim.py:97: 
_ _ _ _ _ _ _ _ _ _ _ _ _ _ _ _ _ _ _ _ _ _ _ _ _ _ _ _ _ _ _ _ _ _ _ _ _ _ _ _ 
/root/miniconda/envs/python310_torch29_cuda/lib/python3.10/site-packages/torch/_compile.py:53: in inner
    return disable_fn(*args, **kwargs)
/root/miniconda/envs/python310_torch29_cuda/lib/python3.10/site-packages/torch/_dynamo/eval_frame.py:1044: in _fn
    return fn(*args, **kwargs)
/root/miniconda/envs/python310_torch29_cuda/lib/python3.10/site-packages/torch/random.py:46: in manual_seed
    torch.cuda.manual_seed_all(seed)
/root/miniconda/envs/python310_torch29_cuda/lib/python3.10/site-packages/torch/cuda/random.py:131: in manual_seed_all
    _lazy_call(cb, seed_all=True)
/root/miniconda/envs/python310_torch29_cuda/lib/python3.10/site-packages/torch/cuda/__init__.py:341: in _lazy_call
    callable()
_ _ _ _ _ _ _ _ _ _ _ _ _ _ _ _ _ _ _ _ _ _ _ _ _ _ _ _ _ _ _ _ _ _ _ _ _ _ _ _ 

    def cb():
        for i in range(device_count()):
            default_generator = torch.cuda.default_generators[i]
>           default_generator.manual_seed(seed)
E           torch.AcceleratorError: CUDA error: unspecified launch failure
E           Search for `cudaErrorLaunchFailure' in https://docs.nvidia.com/cuda/cuda-runtime-api/group__CUDART__TYPES.html for more information.
E           CUDA kernel errors might be asynchronously reported at some other API call, so the stacktrace below might be incorrect.
E           For debugging consider passing CUDA_LAUNCH_BLOCKING=1
E           Compile with `TORCH_USE_CUDA_DSA` to enable device-side assertions.

/root/miniconda/envs/python310_torch29_cuda/lib/python3.10/site-packages/torch/cuda/random.py:129: AcceleratorError
________ test_unique_dim_int[False-True-all_duplicate-dtype1-shape6-0] _________

shape = (32, 32), dim = 0, dtype = torch.int32, pattern = 'all_duplicate'
return_inverse = True, return_counts = False

    @pytest.mark.unique_dim
    @pytest.mark.parametrize("shape, dim", SHAPE_DIM_CASES)
    @pytest.mark.parametrize("dtype", utils.INT_DTYPES)
    @pytest.mark.parametrize("pattern", ["few_unique", "all_unique", "all_duplicate"])
    @pytest.mark.parametrize("return_inverse", [False, True])
    @pytest.mark.parametrize("return_counts", [False, True])
    def test_unique_dim_int(shape, dim, dtype, pattern, return_inverse, return_counts):
        if flag_gems.vendor_name == "kunlunxin":
>           torch.manual_seed(0)

test_unique_dim.py:97: 
_ _ _ _ _ _ _ _ _ _ _ _ _ _ _ _ _ _ _ _ _ _ _ _ _ _ _ _ _ _ _ _ _ _ _ _ _ _ _ _ 
/root/miniconda/envs/python310_torch29_cuda/lib/python3.10/site-packages/torch/_compile.py:53: in inner
    return disable_fn(*args, **kwargs)
/root/miniconda/envs/python310_torch29_cuda/lib/python3.10/site-packages/torch/_dynamo/eval_frame.py:1044: in _fn
    return fn(*args, **kwargs)
/root/miniconda/envs/python310_torch29_cuda/lib/python3.10/site-packages/torch/random.py:46: in manual_seed
    torch.cuda.manual_seed_all(seed)
/root/miniconda/envs/python310_torch29_cuda/lib/python3.10/site-packages/torch/cuda/random.py:131: in manual_seed_all
    _lazy_call(cb, seed_all=True)
/root/miniconda/envs/python310_torch29_cuda/lib/python3.10/site-packages/torch/cuda/__init__.py:341: in _lazy_call
    callable()
_ _ _ _ _ _ _ _ _ _ _ _ _ _ _ _ _ _ _ _ _ _ _ _ _ _ _ _ _ _ _ _ _ _ _ _ _ _ _ _ 

    def cb():
        for i in range(device_count()):
            default_generator = torch.cuda.default_generators[i]
>           default_generator.manual_seed(seed)
E           torch.AcceleratorError: CUDA error: unspecified launch failure
E           Search for `cudaErrorLaunchFailure' in https://docs.nvidia.com/cuda/cuda-runtime-api/group__CUDART__TYPES.html for more information.
E           CUDA kernel errors might be asynchronously reported at some other API call, so the stacktrace below might be incorrect.
E           For debugging consider passing CUDA_LAUNCH_BLOCKING=1
E           Compile with `TORCH_USE_CUDA_DSA` to enable device-side assertions.

/root/miniconda/envs/python310_torch29_cuda/lib/python3.10/site-packages/torch/cuda/random.py:129: AcceleratorError
________ test_unique_dim_int[False-True-all_duplicate-dtype1-shape7-1] _________

shape = (32, 32), dim = 1, dtype = torch.int32, pattern = 'all_duplicate'
return_inverse = True, return_counts = False

    @pytest.mark.unique_dim
    @pytest.mark.parametrize("shape, dim", SHAPE_DIM_CASES)
    @pytest.mark.parametrize("dtype", utils.INT_DTYPES)
    @pytest.mark.parametrize("pattern", ["few_unique", "all_unique", "all_duplicate"])
    @pytest.mark.parametrize("return_inverse", [False, True])
    @pytest.mark.parametrize("return_counts", [False, True])
    def test_unique_dim_int(shape, dim, dtype, pattern, return_inverse, return_counts):
        if flag_gems.vendor_name == "kunlunxin":
>           torch.manual_seed(0)

test_unique_dim.py:97: 
_ _ _ _ _ _ _ _ _ _ _ _ _ _ _ _ _ _ _ _ _ _ _ _ _ _ _ _ _ _ _ _ _ _ _ _ _ _ _ _ 
/root/miniconda/envs/python310_torch29_cuda/lib/python3.10/site-packages/torch/_compile.py:53: in inner
    return disable_fn(*args, **kwargs)
/root/miniconda/envs/python310_torch29_cuda/lib/python3.10/site-packages/torch/_dynamo/eval_frame.py:1044: in _fn
    return fn(*args, **kwargs)
/root/miniconda/envs/python310_torch29_cuda/lib/python3.10/site-packages/torch/random.py:46: in manual_seed
    torch.cuda.manual_seed_all(seed)
/root/miniconda/envs/python310_torch29_cuda/lib/python3.10/site-packages/torch/cuda/random.py:131: in manual_seed_all
    _lazy_call(cb, seed_all=True)
/root/miniconda/envs/python310_torch29_cuda/lib/python3.10/site-packages/torch/cuda/__init__.py:341: in _lazy_call
    callable()
_ _ _ _ _ _ _ _ _ _ _ _ _ _ _ _ _ _ _ _ _ _ _ _ _ _ _ _ _ _ _ _ _ _ _ _ _ _ _ _ 

    def cb():
        for i in range(device_count()):
            default_generator = torch.cuda.default_generators[i]
>           default_generator.manual_seed(seed)
E           torch.AcceleratorError: CUDA error: unspecified launch failure
E           Search for `cudaErrorLaunchFailure' in https://docs.nvidia.com/cuda/cuda-runtime-api/group__CUDART__TYPES.html for more information.
E           CUDA kernel errors might be asynchronously reported at some other API call, so the stacktrace below might be incorrect.
E           For debugging consider passing CUDA_LAUNCH_BLOCKING=1
E           Compile with `TORCH_USE_CUDA_DSA` to enable device-side assertions.

/root/miniconda/envs/python310_torch29_cuda/lib/python3.10/site-packages/torch/cuda/random.py:129: AcceleratorError
________ test_unique_dim_int[False-True-all_duplicate-dtype1-shape8-0] _________

shape = (6, 5, 4), dim = 0, dtype = torch.int32, pattern = 'all_duplicate'
return_inverse = True, return_counts = False

    @pytest.mark.unique_dim
    @pytest.mark.parametrize("shape, dim", SHAPE_DIM_CASES)
    @pytest.mark.parametrize("dtype", utils.INT_DTYPES)
    @pytest.mark.parametrize("pattern", ["few_unique", "all_unique", "all_duplicate"])
    @pytest.mark.parametrize("return_inverse", [False, True])
    @pytest.mark.parametrize("return_counts", [False, True])
    def test_unique_dim_int(shape, dim, dtype, pattern, return_inverse, return_counts):
        if flag_gems.vendor_name == "kunlunxin":
>           torch.manual_seed(0)

test_unique_dim.py:97: 
_ _ _ _ _ _ _ _ _ _ _ _ _ _ _ _ _ _ _ _ _ _ _ _ _ _ _ _ _ _ _ _ _ _ _ _ _ _ _ _ 
/root/miniconda/envs/python310_torch29_cuda/lib/python3.10/site-packages/torch/_compile.py:53: in inner
    return disable_fn(*args, **kwargs)
/root/miniconda/envs/python310_torch29_cuda/lib/python3.10/site-packages/torch/_dynamo/eval_frame.py:1044: in _fn
    return fn(*args, **kwargs)
/root/miniconda/envs/python310_torch29_cuda/lib/python3.10/site-packages/torch/random.py:46: in manual_seed
    torch.cuda.manual_seed_all(seed)
/root/miniconda/envs/python310_torch29_cuda/lib/python3.10/site-packages/torch/cuda/random.py:131: in manual_seed_all
    _lazy_call(cb, seed_all=True)
/root/miniconda/envs/python310_torch29_cuda/lib/python3.10/site-packages/torch/cuda/__init__.py:341: in _lazy_call
    callable()
_ _ _ _ _ _ _ _ _ _ _ _ _ _ _ _ _ _ _ _ _ _ _ _ _ _ _ _ _ _ _ _ _ _ _ _ _ _ _ _ 

    def cb():
        for i in range(device_count()):
            default_generator = torch.cuda.default_generators[i]
>           default_generator.manual_seed(seed)
E           torch.AcceleratorError: CUDA error: unspecified launch failure
E           Search for `cudaErrorLaunchFailure' in https://docs.nvidia.com/cuda/cuda-runtime-api/group__CUDART__TYPES.html for more information.
E           CUDA kernel errors might be asynchronously reported at some other API call, so the stacktrace below might be incorrect.
E           For debugging consider passing CUDA_LAUNCH_BLOCKING=1
E           Compile with `TORCH_USE_CUDA_DSA` to enable device-side assertions.

/root/miniconda/envs/python310_torch29_cuda/lib/python3.10/site-packages/torch/cuda/random.py:129: AcceleratorError
________ test_unique_dim_int[False-True-all_duplicate-dtype1-shape9-1] _________

shape = (6, 5, 4), dim = 1, dtype = torch.int32, pattern = 'all_duplicate'
return_inverse = True, return_counts = False

    @pytest.mark.unique_dim
    @pytest.mark.parametrize("shape, dim", SHAPE_DIM_CASES)
    @pytest.mark.parametrize("dtype", utils.INT_DTYPES)
    @pytest.mark.parametrize("pattern", ["few_unique", "all_unique", "all_duplicate"])
    @pytest.mark.parametrize("return_inverse", [False, True])
    @pytest.mark.parametrize("return_counts", [False, True])
    def test_unique_dim_int(shape, dim, dtype, pattern, return_inverse, return_counts):
        if flag_gems.vendor_name == "kunlunxin":
>           torch.manual_seed(0)

test_unique_dim.py:97: 
_ _ _ _ _ _ _ _ _ _ _ _ _ _ _ _ _ _ _ _ _ _ _ _ _ _ _ _ _ _ _ _ _ _ _ _ _ _ _ _ 
/root/miniconda/envs/python310_torch29_cuda/lib/python3.10/site-packages/torch/_compile.py:53: in inner
    return disable_fn(*args, **kwargs)
/root/miniconda/envs/python310_torch29_cuda/lib/python3.10/site-packages/torch/_dynamo/eval_frame.py:1044: in _fn
    return fn(*args, **kwargs)
/root/miniconda/envs/python310_torch29_cuda/lib/python3.10/site-packages/torch/random.py:46: in manual_seed
    torch.cuda.manual_seed_all(seed)
/root/miniconda/envs/python310_torch29_cuda/lib/python3.10/site-packages/torch/cuda/random.py:131: in manual_seed_all
    _lazy_call(cb, seed_all=True)
/root/miniconda/envs/python310_torch29_cuda/lib/python3.10/site-packages/torch/cuda/__init__.py:341: in _lazy_call
    callable()
_ _ _ _ _ _ _ _ _ _ _ _ _ _ _ _ _ _ _ _ _ _ _ _ _ _ _ _ _ _ _ _ _ _ _ _ _ _ _ _ 

    def cb():
        for i in range(device_count()):
            default_generator = torch.cuda.default_generators[i]
>           default_generator.manual_seed(seed)
E           torch.AcceleratorError: CUDA error: unspecified launch failure
E           Search for `cudaErrorLaunchFailure' in https://docs.nvidia.com/cuda/cuda-runtime-api/group__CUDART__TYPES.html for more information.
E           CUDA kernel errors might be asynchronously reported at some other API call, so the stacktrace below might be incorrect.
E           For debugging consider passing CUDA_LAUNCH_BLOCKING=1
E           Compile with `TORCH_USE_CUDA_DSA` to enable device-side assertions.

/root/miniconda/envs/python310_torch29_cuda/lib/python3.10/site-packages/torch/cuda/random.py:129: AcceleratorError
________ test_unique_dim_int[False-True-all_duplicate-dtype1-shape10-2] ________

shape = (6, 5, 4), dim = 2, dtype = torch.int32, pattern = 'all_duplicate'
return_inverse = True, return_counts = False

    @pytest.mark.unique_dim
    @pytest.mark.parametrize("shape, dim", SHAPE_DIM_CASES)
    @pytest.mark.parametrize("dtype", utils.INT_DTYPES)
    @pytest.mark.parametrize("pattern", ["few_unique", "all_unique", "all_duplicate"])
    @pytest.mark.parametrize("return_inverse", [False, True])
    @pytest.mark.parametrize("return_counts", [False, True])
    def test_unique_dim_int(shape, dim, dtype, pattern, return_inverse, return_counts):
        if flag_gems.vendor_name == "kunlunxin":
>           torch.manual_seed(0)

test_unique_dim.py:97: 
_ _ _ _ _ _ _ _ _ _ _ _ _ _ _ _ _ _ _ _ _ _ _ _ _ _ _ _ _ _ _ _ _ _ _ _ _ _ _ _ 
/root/miniconda/envs/python310_torch29_cuda/lib/python3.10/site-packages/torch/_compile.py:53: in inner
    return disable_fn(*args, **kwargs)
/root/miniconda/envs/python310_torch29_cuda/lib/python3.10/site-packages/torch/_dynamo/eval_frame.py:1044: in _fn
    return fn(*args, **kwargs)
/root/miniconda/envs/python310_torch29_cuda/lib/python3.10/site-packages/torch/random.py:46: in manual_seed
    torch.cuda.manual_seed_all(seed)
/root/miniconda/envs/python310_torch29_cuda/lib/python3.10/site-packages/torch/cuda/random.py:131: in manual_seed_all
    _lazy_call(cb, seed_all=True)
/root/miniconda/envs/python310_torch29_cuda/lib/python3.10/site-packages/torch/cuda/__init__.py:341: in _lazy_call
    callable()
_ _ _ _ _ _ _ _ _ _ _ _ _ _ _ _ _ _ _ _ _ _ _ _ _ _ _ _ _ _ _ _ _ _ _ _ _ _ _ _ 

    def cb():
        for i in range(device_count()):
            default_generator = torch.cuda.default_generators[i]
>           default_generator.manual_seed(seed)
E           torch.AcceleratorError: CUDA error: unspecified launch failure
E           Search for `cudaErrorLaunchFailure' in https://docs.nvidia.com/cuda/cuda-runtime-api/group__CUDART__TYPES.html for more information.
E           CUDA kernel errors might be asynchronously reported at some other API call, so the stacktrace below might be incorrect.
E           For debugging consider passing CUDA_LAUNCH_BLOCKING=1
E           Compile with `TORCH_USE_CUDA_DSA` to enable device-side assertions.

/root/miniconda/envs/python310_torch29_cuda/lib/python3.10/site-packages/torch/cuda/random.py:129: AcceleratorError
_______ test_unique_dim_int[False-True-all_duplicate-dtype1-shape11--2] ________

shape = (6, 5, 4), dim = -2, dtype = torch.int32, pattern = 'all_duplicate'
return_inverse = True, return_counts = False

    @pytest.mark.unique_dim
    @pytest.mark.parametrize("shape, dim", SHAPE_DIM_CASES)
    @pytest.mark.parametrize("dtype", utils.INT_DTYPES)
    @pytest.mark.parametrize("pattern", ["few_unique", "all_unique", "all_duplicate"])
    @pytest.mark.parametrize("return_inverse", [False, True])
    @pytest.mark.parametrize("return_counts", [False, True])
    def test_unique_dim_int(shape, dim, dtype, pattern, return_inverse, return_counts):
        if flag_gems.vendor_name == "kunlunxin":
>           torch.manual_seed(0)

test_unique_dim.py:97: 
_ _ _ _ _ _ _ _ _ _ _ _ _ _ _ _ _ _ _ _ _ _ _ _ _ _ _ _ _ _ _ _ _ _ _ _ _ _ _ _ 
/root/miniconda/envs/python310_torch29_cuda/lib/python3.10/site-packages/torch/_compile.py:53: in inner
    return disable_fn(*args, **kwargs)
/root/miniconda/envs/python310_torch29_cuda/lib/python3.10/site-packages/torch/_dynamo/eval_frame.py:1044: in _fn
    return fn(*args, **kwargs)
/root/miniconda/envs/python310_torch29_cuda/lib/python3.10/site-packages/torch/random.py:46: in manual_seed
    torch.cuda.manual_seed_all(seed)
/root/miniconda/envs/python310_torch29_cuda/lib/python3.10/site-packages/torch/cuda/random.py:131: in manual_seed_all
    _lazy_call(cb, seed_all=True)
/root/miniconda/envs/python310_torch29_cuda/lib/python3.10/site-packages/torch/cuda/__init__.py:341: in _lazy_call
    callable()
_ _ _ _ _ _ _ _ _ _ _ _ _ _ _ _ _ _ _ _ _ _ _ _ _ _ _ _ _ _ _ _ _ _ _ _ _ _ _ _ 

    def cb():
        for i in range(device_count()):
            default_generator = torch.cuda.default_generators[i]
>           default_generator.manual_seed(seed)
E           torch.AcceleratorError: CUDA error: unspecified launch failure
E           Search for `cudaErrorLaunchFailure' in https://docs.nvidia.com/cuda/cuda-runtime-api/group__CUDART__TYPES.html for more information.
E           CUDA kernel errors might be asynchronously reported at some other API call, so the stacktrace below might be incorrect.
E           For debugging consider passing CUDA_LAUNCH_BLOCKING=1
E           Compile with `TORCH_USE_CUDA_DSA` to enable device-side assertions.

/root/miniconda/envs/python310_torch29_cuda/lib/python3.10/site-packages/torch/cuda/random.py:129: AcceleratorError
________ test_unique_dim_int[False-True-all_duplicate-dtype1-shape12-2] ________

shape = (3, 4, 5, 6), dim = 2, dtype = torch.int32, pattern = 'all_duplicate'
return_inverse = True, return_counts = False

    @pytest.mark.unique_dim
    @pytest.mark.parametrize("shape, dim", SHAPE_DIM_CASES)
    @pytest.mark.parametrize("dtype", utils.INT_DTYPES)
    @pytest.mark.parametrize("pattern", ["few_unique", "all_unique", "all_duplicate"])
    @pytest.mark.parametrize("return_inverse", [False, True])
    @pytest.mark.parametrize("return_counts", [False, True])
    def test_unique_dim_int(shape, dim, dtype, pattern, return_inverse, return_counts):
        if flag_gems.vendor_name == "kunlunxin":
>           torch.manual_seed(0)

test_unique_dim.py:97: 
_ _ _ _ _ _ _ _ _ _ _ _ _ _ _ _ _ _ _ _ _ _ _ _ _ _ _ _ _ _ _ _ _ _ _ _ _ _ _ _ 
/root/miniconda/envs/python310_torch29_cuda/lib/python3.10/site-packages/torch/_compile.py:53: in inner
    return disable_fn(*args, **kwargs)
/root/miniconda/envs/python310_torch29_cuda/lib/python3.10/site-packages/torch/_dynamo/eval_frame.py:1044: in _fn
    return fn(*args, **kwargs)
/root/miniconda/envs/python310_torch29_cuda/lib/python3.10/site-packages/torch/random.py:46: in manual_seed
    torch.cuda.manual_seed_all(seed)
/root/miniconda/envs/python310_torch29_cuda/lib/python3.10/site-packages/torch/cuda/random.py:131: in manual_seed_all
    _lazy_call(cb, seed_all=True)
/root/miniconda/envs/python310_torch29_cuda/lib/python3.10/site-packages/torch/cuda/__init__.py:341: in _lazy_call
    callable()
_ _ _ _ _ _ _ _ _ _ _ _ _ _ _ _ _ _ _ _ _ _ _ _ _ _ _ _ _ _ _ _ _ _ _ _ _ _ _ _ 

    def cb():
        for i in range(device_count()):
            default_generator = torch.cuda.default_generators[i]
>           default_generator.manual_seed(seed)
E           torch.AcceleratorError: CUDA error: unspecified launch failure
E           Search for `cudaErrorLaunchFailure' in https://docs.nvidia.com/cuda/cuda-runtime-api/group__CUDART__TYPES.html for more information.
E           CUDA kernel errors might be asynchronously reported at some other API call, so the stacktrace below might be incorrect.
E           For debugging consider passing CUDA_LAUNCH_BLOCKING=1
E           Compile with `TORCH_USE_CUDA_DSA` to enable device-side assertions.

/root/miniconda/envs/python310_torch29_cuda/lib/python3.10/site-packages/torch/cuda/random.py:129: AcceleratorError
_______ test_unique_dim_int[False-True-all_duplicate-dtype1-shape13--1] ________

shape = (3, 4, 5, 6), dim = -1, dtype = torch.int32, pattern = 'all_duplicate'
return_inverse = True, return_counts = False

    @pytest.mark.unique_dim
    @pytest.mark.parametrize("shape, dim", SHAPE_DIM_CASES)
    @pytest.mark.parametrize("dtype", utils.INT_DTYPES)
    @pytest.mark.parametrize("pattern", ["few_unique", "all_unique", "all_duplicate"])
    @pytest.mark.parametrize("return_inverse", [False, True])
    @pytest.mark.parametrize("return_counts", [False, True])
    def test_unique_dim_int(shape, dim, dtype, pattern, return_inverse, return_counts):
        if flag_gems.vendor_name == "kunlunxin":
>           torch.manual_seed(0)

test_unique_dim.py:97: 
_ _ _ _ _ _ _ _ _ _ _ _ _ _ _ _ _ _ _ _ _ _ _ _ _ _ _ _ _ _ _ _ _ _ _ _ _ _ _ _ 
/root/miniconda/envs/python310_torch29_cuda/lib/python3.10/site-packages/torch/_compile.py:53: in inner
    return disable_fn(*args, **kwargs)
/root/miniconda/envs/python310_torch29_cuda/lib/python3.10/site-packages/torch/_dynamo/eval_frame.py:1044: in _fn
    return fn(*args, **kwargs)
/root/miniconda/envs/python310_torch29_cuda/lib/python3.10/site-packages/torch/random.py:46: in manual_seed
    torch.cuda.manual_seed_all(seed)
/root/miniconda/envs/python310_torch29_cuda/lib/python3.10/site-packages/torch/cuda/random.py:131: in manual_seed_all
    _lazy_call(cb, seed_all=True)
/root/miniconda/envs/python310_torch29_cuda/lib/python3.10/site-packages/torch/cuda/__init__.py:341: in _lazy_call
    callable()
_ _ _ _ _ _ _ _ _ _ _ _ _ _ _ _ _ _ _ _ _ _ _ _ _ _ _ _ _ _ _ _ _ _ _ _ _ _ _ _ 

    def cb():
        for i in range(device_count()):
            default_generator = torch.cuda.default_generators[i]
>           default_generator.manual_seed(seed)
E           torch.AcceleratorError: CUDA error: unspecified launch failure
E           Search for `cudaErrorLaunchFailure' in https://docs.nvidia.com/cuda/cuda-runtime-api/group__CUDART__TYPES.html for more information.
E           CUDA kernel errors might be asynchronously reported at some other API call, so the stacktrace below might be incorrect.
E           For debugging consider passing CUDA_LAUNCH_BLOCKING=1
E           Compile with `TORCH_USE_CUDA_DSA` to enable device-side assertions.

/root/miniconda/envs/python310_torch29_cuda/lib/python3.10/site-packages/torch/cuda/random.py:129: AcceleratorError
__________ test_unique_dim_int[True-False-few_unique-dtype0-shape0-0] __________

shape = (8,), dim = 0, dtype = torch.int16, pattern = 'few_unique'
return_inverse = False, return_counts = True

    @pytest.mark.unique_dim
    @pytest.mark.parametrize("shape, dim", SHAPE_DIM_CASES)
    @pytest.mark.parametrize("dtype", utils.INT_DTYPES)
    @pytest.mark.parametrize("pattern", ["few_unique", "all_unique", "all_duplicate"])
    @pytest.mark.parametrize("return_inverse", [False, True])
    @pytest.mark.parametrize("return_counts", [False, True])
    def test_unique_dim_int(shape, dim, dtype, pattern, return_inverse, return_counts):
        if flag_gems.vendor_name == "kunlunxin":
>           torch.manual_seed(0)

test_unique_dim.py:97: 
_ _ _ _ _ _ _ _ _ _ _ _ _ _ _ _ _ _ _ _ _ _ _ _ _ _ _ _ _ _ _ _ _ _ _ _ _ _ _ _ 
/root/miniconda/envs/python310_torch29_cuda/lib/python3.10/site-packages/torch/_compile.py:53: in inner
    return disable_fn(*args, **kwargs)
/root/miniconda/envs/python310_torch29_cuda/lib/python3.10/site-packages/torch/_dynamo/eval_frame.py:1044: in _fn
    return fn(*args, **kwargs)
/root/miniconda/envs/python310_torch29_cuda/lib/python3.10/site-packages/torch/random.py:46: in manual_seed
    torch.cuda.manual_seed_all(seed)
/root/miniconda/envs/python310_torch29_cuda/lib/python3.10/site-packages/torch/cuda/random.py:131: in manual_seed_all
    _lazy_call(cb, seed_all=True)
/root/miniconda/envs/python310_torch29_cuda/lib/python3.10/site-packages/torch/cuda/__init__.py:341: in _lazy_call
    callable()
_ _ _ _ _ _ _ _ _ _ _ _ _ _ _ _ _ _ _ _ _ _ _ _ _ _ _ _ _ _ _ _ _ _ _ _ _ _ _ _ 

    def cb():
        for i in range(device_count()):
            default_generator = torch.cuda.default_generators[i]
>           default_generator.manual_seed(seed)
E           torch.AcceleratorError: CUDA error: unspecified launch failure
E           Search for `cudaErrorLaunchFailure' in https://docs.nvidia.com/cuda/cuda-runtime-api/group__CUDART__TYPES.html for more information.
E           CUDA kernel errors might be asynchronously reported at some other API call, so the stacktrace below might be incorrect.
E           For debugging consider passing CUDA_LAUNCH_BLOCKING=1
E           Compile with `TORCH_USE_CUDA_DSA` to enable device-side assertions.

/root/miniconda/envs/python310_torch29_cuda/lib/python3.10/site-packages/torch/cuda/random.py:129: AcceleratorError
_________ test_unique_dim_int[True-False-few_unique-dtype0-shape1--1] __________

shape = (8,), dim = -1, dtype = torch.int16, pattern = 'few_unique'
return_inverse = False, return_counts = True

    @pytest.mark.unique_dim
    @pytest.mark.parametrize("shape, dim", SHAPE_DIM_CASES)
    @pytest.mark.parametrize("dtype", utils.INT_DTYPES)
    @pytest.mark.parametrize("pattern", ["few_unique", "all_unique", "all_duplicate"])
    @pytest.mark.parametrize("return_inverse", [False, True])
    @pytest.mark.parametrize("return_counts", [False, True])
    def test_unique_dim_int(shape, dim, dtype, pattern, return_inverse, return_counts):
        if flag_gems.vendor_name == "kunlunxin":
>           torch.manual_seed(0)

test_unique_dim.py:97: 
_ _ _ _ _ _ _ _ _ _ _ _ _ _ _ _ _ _ _ _ _ _ _ _ _ _ _ _ _ _ _ _ _ _ _ _ _ _ _ _ 
/root/miniconda/envs/python310_torch29_cuda/lib/python3.10/site-packages/torch/_compile.py:53: in inner
    return disable_fn(*args, **kwargs)
/root/miniconda/envs/python310_torch29_cuda/lib/python3.10/site-packages/torch/_dynamo/eval_frame.py:1044: in _fn
    return fn(*args, **kwargs)
/root/miniconda/envs/python310_torch29_cuda/lib/python3.10/site-packages/torch/random.py:46: in manual_seed
    torch.cuda.manual_seed_all(seed)
/root/miniconda/envs/python310_torch29_cuda/lib/python3.10/site-packages/torch/cuda/random.py:131: in manual_seed_all
    _lazy_call(cb, seed_all=True)
/root/miniconda/envs/python310_torch29_cuda/lib/python3.10/site-packages/torch/cuda/__init__.py:341: in _lazy_call
    callable()
_ _ _ _ _ _ _ _ _ _ _ _ _ _ _ _ _ _ _ _ _ _ _ _ _ _ _ _ _ _ _ _ _ _ _ _ _ _ _ _ 

    def cb():
        for i in range(device_count()):
            default_generator = torch.cuda.default_generators[i]
>           default_generator.manual_seed(seed)
E           torch.AcceleratorError: CUDA error: unspecified launch failure
E           Search for `cudaErrorLaunchFailure' in https://docs.nvidia.com/cuda/cuda-runtime-api/group__CUDART__TYPES.html for more information.
E           CUDA kernel errors might be asynchronously reported at some other API call, so the stacktrace below might be incorrect.
E           For debugging consider passing CUDA_LAUNCH_BLOCKING=1
E           Compile with `TORCH_USE_CUDA_DSA` to enable device-side assertions.

/root/miniconda/envs/python310_torch29_cuda/lib/python3.10/site-packages/torch/cuda/random.py:129: AcceleratorError
__________ test_unique_dim_int[True-False-few_unique-dtype0-shape2-0] __________

shape = (16, 4), dim = 0, dtype = torch.int16, pattern = 'few_unique'
return_inverse = False, return_counts = True

    @pytest.mark.unique_dim
    @pytest.mark.parametrize("shape, dim", SHAPE_DIM_CASES)
    @pytest.mark.parametrize("dtype", utils.INT_DTYPES)
    @pytest.mark.parametrize("pattern", ["few_unique", "all_unique", "all_duplicate"])
    @pytest.mark.parametrize("return_inverse", [False, True])
    @pytest.mark.parametrize("return_counts", [False, True])
    def test_unique_dim_int(shape, dim, dtype, pattern, return_inverse, return_counts):
        if flag_gems.vendor_name == "kunlunxin":
>           torch.manual_seed(0)

test_unique_dim.py:97: 
_ _ _ _ _ _ _ _ _ _ _ _ _ _ _ _ _ _ _ _ _ _ _ _ _ _ _ _ _ _ _ _ _ _ _ _ _ _ _ _ 
/root/miniconda/envs/python310_torch29_cuda/lib/python3.10/site-packages/torch/_compile.py:53: in inner
    return disable_fn(*args, **kwargs)
/root/miniconda/envs/python310_torch29_cuda/lib/python3.10/site-packages/torch/_dynamo/eval_frame.py:1044: in _fn
    return fn(*args, **kwargs)
/root/miniconda/envs/python310_torch29_cuda/lib/python3.10/site-packages/torch/random.py:46: in manual_seed
    torch.cuda.manual_seed_all(seed)
/root/miniconda/envs/python310_torch29_cuda/lib/python3.10/site-packages/torch/cuda/random.py:131: in manual_seed_all
    _lazy_call(cb, seed_all=True)
/root/miniconda/envs/python310_torch29_cuda/lib/python3.10/site-packages/torch/cuda/__init__.py:341: in _lazy_call
    callable()
_ _ _ _ _ _ _ _ _ _ _ _ _ _ _ _ _ _ _ _ _ _ _ _ _ _ _ _ _ _ _ _ _ _ _ _ _ _ _ _ 

    def cb():
        for i in range(device_count()):
            default_generator = torch.cuda.default_generators[i]
>           default_generator.manual_seed(seed)
E           torch.AcceleratorError: CUDA error: unspecified launch failure
E           Search for `cudaErrorLaunchFailure' in https://docs.nvidia.com/cuda/cuda-runtime-api/group__CUDART__TYPES.html for more information.
E           CUDA kernel errors might be asynchronously reported at some other API call, so the stacktrace below might be incorrect.
E           For debugging consider passing CUDA_LAUNCH_BLOCKING=1
E           Compile with `TORCH_USE_CUDA_DSA` to enable device-side assertions.

/root/miniconda/envs/python310_torch29_cuda/lib/python3.10/site-packages/torch/cuda/random.py:129: AcceleratorError
__________ test_unique_dim_int[True-False-few_unique-dtype0-shape3-1] __________

shape = (16, 4), dim = 1, dtype = torch.int16, pattern = 'few_unique'
return_inverse = False, return_counts = True

    @pytest.mark.unique_dim
    @pytest.mark.parametrize("shape, dim", SHAPE_DIM_CASES)
    @pytest.mark.parametrize("dtype", utils.INT_DTYPES)
    @pytest.mark.parametrize("pattern", ["few_unique", "all_unique", "all_duplicate"])
    @pytest.mark.parametrize("return_inverse", [False, True])
    @pytest.mark.parametrize("return_counts", [False, True])
    def test_unique_dim_int(shape, dim, dtype, pattern, return_inverse, return_counts):
        if flag_gems.vendor_name == "kunlunxin":
>           torch.manual_seed(0)

test_unique_dim.py:97: 
_ _ _ _ _ _ _ _ _ _ _ _ _ _ _ _ _ _ _ _ _ _ _ _ _ _ _ _ _ _ _ _ _ _ _ _ _ _ _ _ 
/root/miniconda/envs/python310_torch29_cuda/lib/python3.10/site-packages/torch/_compile.py:53: in inner
    return disable_fn(*args, **kwargs)
/root/miniconda/envs/python310_torch29_cuda/lib/python3.10/site-packages/torch/_dynamo/eval_frame.py:1044: in _fn
    return fn(*args, **kwargs)
/root/miniconda/envs/python310_torch29_cuda/lib/python3.10/site-packages/torch/random.py:46: in manual_seed
    torch.cuda.manual_seed_all(seed)
/root/miniconda/envs/python310_torch29_cuda/lib/python3.10/site-packages/torch/cuda/random.py:131: in manual_seed_all
    _lazy_call(cb, seed_all=True)
/root/miniconda/envs/python310_torch29_cuda/lib/python3.10/site-packages/torch/cuda/__init__.py:341: in _lazy_call
    callable()
_ _ _ _ _ _ _ _ _ _ _ _ _ _ _ _ _ _ _ _ _ _ _ _ _ _ _ _ _ _ _ _ _ _ _ _ _ _ _ _ 

    def cb():
        for i in range(device_count()):
            default_generator = torch.cuda.default_generators[i]
>           default_generator.manual_seed(seed)
E           torch.AcceleratorError: CUDA error: unspecified launch failure
E           Search for `cudaErrorLaunchFailure' in https://docs.nvidia.com/cuda/cuda-runtime-api/group__CUDART__TYPES.html for more information.
E           CUDA kernel errors might be asynchronously reported at some other API call, so the stacktrace below might be incorrect.
E           For debugging consider passing CUDA_LAUNCH_BLOCKING=1
E           Compile with `TORCH_USE_CUDA_DSA` to enable device-side assertions.

/root/miniconda/envs/python310_torch29_cuda/lib/python3.10/site-packages/torch/cuda/random.py:129: AcceleratorError
_________ test_unique_dim_int[True-False-few_unique-dtype0-shape4--1] __________

shape = (16, 4), dim = -1, dtype = torch.int16, pattern = 'few_unique'
return_inverse = False, return_counts = True

    @pytest.mark.unique_dim
    @pytest.mark.parametrize("shape, dim", SHAPE_DIM_CASES)
    @pytest.mark.parametrize("dtype", utils.INT_DTYPES)
    @pytest.mark.parametrize("pattern", ["few_unique", "all_unique", "all_duplicate"])
    @pytest.mark.parametrize("return_inverse", [False, True])
    @pytest.mark.parametrize("return_counts", [False, True])
    def test_unique_dim_int(shape, dim, dtype, pattern, return_inverse, return_counts):
        if flag_gems.vendor_name == "kunlunxin":
>           torch.manual_seed(0)

test_unique_dim.py:97: 
_ _ _ _ _ _ _ _ _ _ _ _ _ _ _ _ _ _ _ _ _ _ _ _ _ _ _ _ _ _ _ _ _ _ _ _ _ _ _ _ 
/root/miniconda/envs/python310_torch29_cuda/lib/python3.10/site-packages/torch/_compile.py:53: in inner
    return disable_fn(*args, **kwargs)
/root/miniconda/envs/python310_torch29_cuda/lib/python3.10/site-packages/torch/_dynamo/eval_frame.py:1044: in _fn
    return fn(*args, **kwargs)
/root/miniconda/envs/python310_torch29_cuda/lib/python3.10/site-packages/torch/random.py:46: in manual_seed
    torch.cuda.manual_seed_all(seed)
/root/miniconda/envs/python310_torch29_cuda/lib/python3.10/site-packages/torch/cuda/random.py:131: in manual_seed_all
    _lazy_call(cb, seed_all=True)
/root/miniconda/envs/python310_torch29_cuda/lib/python3.10/site-packages/torch/cuda/__init__.py:341: in _lazy_call
    callable()
_ _ _ _ _ _ _ _ _ _ _ _ _ _ _ _ _ _ _ _ _ _ _ _ _ _ _ _ _ _ _ _ _ _ _ _ _ _ _ _ 

    def cb():
        for i in range(device_count()):
            default_generator = torch.cuda.default_generators[i]
>           default_generator.manual_seed(seed)
E           torch.AcceleratorError: CUDA error: unspecified launch failure
E           Search for `cudaErrorLaunchFailure' in https://docs.nvidia.com/cuda/cuda-runtime-api/group__CUDART__TYPES.html for more information.
E           CUDA kernel errors might be asynchronously reported at some other API call, so the stacktrace below might be incorrect.
E           For debugging consider passing CUDA_LAUNCH_BLOCKING=1
E           Compile with `TORCH_USE_CUDA_DSA` to enable device-side assertions.

/root/miniconda/envs/python310_torch29_cuda/lib/python3.10/site-packages/torch/cuda/random.py:129: AcceleratorError
__________ test_unique_dim_int[True-False-few_unique-dtype0-shape5-0] __________

shape = (4, 16), dim = 0, dtype = torch.int16, pattern = 'few_unique'
return_inverse = False, return_counts = True

    @pytest.mark.unique_dim
    @pytest.mark.parametrize("shape, dim", SHAPE_DIM_CASES)
    @pytest.mark.parametrize("dtype", utils.INT_DTYPES)
    @pytest.mark.parametrize("pattern", ["few_unique", "all_unique", "all_duplicate"])
    @pytest.mark.parametrize("return_inverse", [False, True])
    @pytest.mark.parametrize("return_counts", [False, True])
    def test_unique_dim_int(shape, dim, dtype, pattern, return_inverse, return_counts):
        if flag_gems.vendor_name == "kunlunxin":
>           torch.manual_seed(0)

test_unique_dim.py:97: 
_ _ _ _ _ _ _ _ _ _ _ _ _ _ _ _ _ _ _ _ _ _ _ _ _ _ _ _ _ _ _ _ _ _ _ _ _ _ _ _ 
/root/miniconda/envs/python310_torch29_cuda/lib/python3.10/site-packages/torch/_compile.py:53: in inner
    return disable_fn(*args, **kwargs)
/root/miniconda/envs/python310_torch29_cuda/lib/python3.10/site-packages/torch/_dynamo/eval_frame.py:1044: in _fn
    return fn(*args, **kwargs)
/root/miniconda/envs/python310_torch29_cuda/lib/python3.10/site-packages/torch/random.py:46: in manual_seed
    torch.cuda.manual_seed_all(seed)
/root/miniconda/envs/python310_torch29_cuda/lib/python3.10/site-packages/torch/cuda/random.py:131: in manual_seed_all
    _lazy_call(cb, seed_all=True)
/root/miniconda/envs/python310_torch29_cuda/lib/python3.10/site-packages/torch/cuda/__init__.py:341: in _lazy_call
    callable()
_ _ _ _ _ _ _ _ _ _ _ _ _ _ _ _ _ _ _ _ _ _ _ _ _ _ _ _ _ _ _ _ _ _ _ _ _ _ _ _ 

    def cb():
        for i in range(device_count()):
            default_generator = torch.cuda.default_generators[i]
>           default_generator.manual_seed(seed)
E           torch.AcceleratorError: CUDA error: unspecified launch failure
E           Search for `cudaErrorLaunchFailure' in https://docs.nvidia.com/cuda/cuda-runtime-api/group__CUDART__TYPES.html for more information.
E           CUDA kernel errors might be asynchronously reported at some other API call, so the stacktrace below might be incorrect.
E           For debugging consider passing CUDA_LAUNCH_BLOCKING=1
E           Compile with `TORCH_USE_CUDA_DSA` to enable device-side assertions.

/root/miniconda/envs/python310_torch29_cuda/lib/python3.10/site-packages/torch/cuda/random.py:129: AcceleratorError
__________ test_unique_dim_int[True-False-few_unique-dtype0-shape6-0] __________

shape = (32, 32), dim = 0, dtype = torch.int16, pattern = 'few_unique'
return_inverse = False, return_counts = True

    @pytest.mark.unique_dim
    @pytest.mark.parametrize("shape, dim", SHAPE_DIM_CASES)
    @pytest.mark.parametrize("dtype", utils.INT_DTYPES)
    @pytest.mark.parametrize("pattern", ["few_unique", "all_unique", "all_duplicate"])
    @pytest.mark.parametrize("return_inverse", [False, True])
    @pytest.mark.parametrize("return_counts", [False, True])
    def test_unique_dim_int(shape, dim, dtype, pattern, return_inverse, return_counts):
        if flag_gems.vendor_name == "kunlunxin":
>           torch.manual_seed(0)

test_unique_dim.py:97: 
_ _ _ _ _ _ _ _ _ _ _ _ _ _ _ _ _ _ _ _ _ _ _ _ _ _ _ _ _ _ _ _ _ _ _ _ _ _ _ _ 
/root/miniconda/envs/python310_torch29_cuda/lib/python3.10/site-packages/torch/_compile.py:53: in inner
    return disable_fn(*args, **kwargs)
/root/miniconda/envs/python310_torch29_cuda/lib/python3.10/site-packages/torch/_dynamo/eval_frame.py:1044: in _fn
    return fn(*args, **kwargs)
/root/miniconda/envs/python310_torch29_cuda/lib/python3.10/site-packages/torch/random.py:46: in manual_seed
    torch.cuda.manual_seed_all(seed)
/root/miniconda/envs/python310_torch29_cuda/lib/python3.10/site-packages/torch/cuda/random.py:131: in manual_seed_all
    _lazy_call(cb, seed_all=True)
/root/miniconda/envs/python310_torch29_cuda/lib/python3.10/site-packages/torch/cuda/__init__.py:341: in _lazy_call
    callable()
_ _ _ _ _ _ _ _ _ _ _ _ _ _ _ _ _ _ _ _ _ _ _ _ _ _ _ _ _ _ _ _ _ _ _ _ _ _ _ _ 

    def cb():
        for i in range(device_count()):
            default_generator = torch.cuda.default_generators[i]
>           default_generator.manual_seed(seed)
E           torch.AcceleratorError: CUDA error: unspecified launch failure
E           Search for `cudaErrorLaunchFailure' in https://docs.nvidia.com/cuda/cuda-runtime-api/group__CUDART__TYPES.html for more information.
E           CUDA kernel errors might be asynchronously reported at some other API call, so the stacktrace below might be incorrect.
E           For debugging consider passing CUDA_LAUNCH_BLOCKING=1
E           Compile with `TORCH_USE_CUDA_DSA` to enable device-side assertions.

/root/miniconda/envs/python310_torch29_cuda/lib/python3.10/site-packages/torch/cuda/random.py:129: AcceleratorError
__________ test_unique_dim_int[True-False-few_unique-dtype0-shape7-1] __________

shape = (32, 32), dim = 1, dtype = torch.int16, pattern = 'few_unique'
return_inverse = False, return_counts = True

    @pytest.mark.unique_dim
    @pytest.mark.parametrize("shape, dim", SHAPE_DIM_CASES)
    @pytest.mark.parametrize("dtype", utils.INT_DTYPES)
    @pytest.mark.parametrize("pattern", ["few_unique", "all_unique", "all_duplicate"])
    @pytest.mark.parametrize("return_inverse", [False, True])
    @pytest.mark.parametrize("return_counts", [False, True])
    def test_unique_dim_int(shape, dim, dtype, pattern, return_inverse, return_counts):
        if flag_gems.vendor_name == "kunlunxin":
>           torch.manual_seed(0)

test_unique_dim.py:97: 
_ _ _ _ _ _ _ _ _ _ _ _ _ _ _ _ _ _ _ _ _ _ _ _ _ _ _ _ _ _ _ _ _ _ _ _ _ _ _ _ 
/root/miniconda/envs/python310_torch29_cuda/lib/python3.10/site-packages/torch/_compile.py:53: in inner
    return disable_fn(*args, **kwargs)
/root/miniconda/envs/python310_torch29_cuda/lib/python3.10/site-packages/torch/_dynamo/eval_frame.py:1044: in _fn
    return fn(*args, **kwargs)
/root/miniconda/envs/python310_torch29_cuda/lib/python3.10/site-packages/torch/random.py:46: in manual_seed
    torch.cuda.manual_seed_all(seed)
/root/miniconda/envs/python310_torch29_cuda/lib/python3.10/site-packages/torch/cuda/random.py:131: in manual_seed_all
    _lazy_call(cb, seed_all=True)
/root/miniconda/envs/python310_torch29_cuda/lib/python3.10/site-packages/torch/cuda/__init__.py:341: in _lazy_call
    callable()
_ _ _ _ _ _ _ _ _ _ _ _ _ _ _ _ _ _ _ _ _ _ _ _ _ _ _ _ _ _ _ _ _ _ _ _ _ _ _ _ 

    def cb():
        for i in range(device_count()):
            default_generator = torch.cuda.default_generators[i]
>           default_generator.manual_seed(seed)
E           torch.AcceleratorError: CUDA error: unspecified launch failure
E           Search for `cudaErrorLaunchFailure' in https://docs.nvidia.com/cuda/cuda-runtime-api/group__CUDART__TYPES.html for more information.
E           CUDA kernel errors might be asynchronously reported at some other API call, so the stacktrace below might be incorrect.
E           For debugging consider passing CUDA_LAUNCH_BLOCKING=1
E           Compile with `TORCH_USE_CUDA_DSA` to enable device-side assertions.

/root/miniconda/envs/python310_torch29_cuda/lib/python3.10/site-packages/torch/cuda/random.py:129: AcceleratorError
__________ test_unique_dim_int[True-False-few_unique-dtype0-shape8-0] __________

shape = (6, 5, 4), dim = 0, dtype = torch.int16, pattern = 'few_unique'
return_inverse = False, return_counts = True

    @pytest.mark.unique_dim
    @pytest.mark.parametrize("shape, dim", SHAPE_DIM_CASES)
    @pytest.mark.parametrize("dtype", utils.INT_DTYPES)
    @pytest.mark.parametrize("pattern", ["few_unique", "all_unique", "all_duplicate"])
    @pytest.mark.parametrize("return_inverse", [False, True])
    @pytest.mark.parametrize("return_counts", [False, True])
    def test_unique_dim_int(shape, dim, dtype, pattern, return_inverse, return_counts):
        if flag_gems.vendor_name == "kunlunxin":
>           torch.manual_seed(0)

test_unique_dim.py:97: 
_ _ _ _ _ _ _ _ _ _ _ _ _ _ _ _ _ _ _ _ _ _ _ _ _ _ _ _ _ _ _ _ _ _ _ _ _ _ _ _ 
/root/miniconda/envs/python310_torch29_cuda/lib/python3.10/site-packages/torch/_compile.py:53: in inner
    return disable_fn(*args, **kwargs)
/root/miniconda/envs/python310_torch29_cuda/lib/python3.10/site-packages/torch/_dynamo/eval_frame.py:1044: in _fn
    return fn(*args, **kwargs)
/root/miniconda/envs/python310_torch29_cuda/lib/python3.10/site-packages/torch/random.py:46: in manual_seed
    torch.cuda.manual_seed_all(seed)
/root/miniconda/envs/python310_torch29_cuda/lib/python3.10/site-packages/torch/cuda/random.py:131: in manual_seed_all
    _lazy_call(cb, seed_all=True)
/root/miniconda/envs/python310_torch29_cuda/lib/python3.10/site-packages/torch/cuda/__init__.py:341: in _lazy_call
    callable()
_ _ _ _ _ _ _ _ _ _ _ _ _ _ _ _ _ _ _ _ _ _ _ _ _ _ _ _ _ _ _ _ _ _ _ _ _ _ _ _ 

    def cb():
        for i in range(device_count()):
            default_generator = torch.cuda.default_generators[i]
>           default_generator.manual_seed(seed)
E           torch.AcceleratorError: CUDA error: unspecified launch failure
E           Search for `cudaErrorLaunchFailure' in https://docs.nvidia.com/cuda/cuda-runtime-api/group__CUDART__TYPES.html for more information.
E           CUDA kernel errors might be asynchronously reported at some other API call, so the stacktrace below might be incorrect.
E           For debugging consider passing CUDA_LAUNCH_BLOCKING=1
E           Compile with `TORCH_USE_CUDA_DSA` to enable device-side assertions.

/root/miniconda/envs/python310_torch29_cuda/lib/python3.10/site-packages/torch/cuda/random.py:129: AcceleratorError
__________ test_unique_dim_int[True-False-few_unique-dtype0-shape9-1] __________

shape = (6, 5, 4), dim = 1, dtype = torch.int16, pattern = 'few_unique'
return_inverse = False, return_counts = True

    @pytest.mark.unique_dim
    @pytest.mark.parametrize("shape, dim", SHAPE_DIM_CASES)
    @pytest.mark.parametrize("dtype", utils.INT_DTYPES)
    @pytest.mark.parametrize("pattern", ["few_unique", "all_unique", "all_duplicate"])
    @pytest.mark.parametrize("return_inverse", [False, True])
    @pytest.mark.parametrize("return_counts", [False, True])
    def test_unique_dim_int(shape, dim, dtype, pattern, return_inverse, return_counts):
        if flag_gems.vendor_name == "kunlunxin":
>           torch.manual_seed(0)

test_unique_dim.py:97: 
_ _ _ _ _ _ _ _ _ _ _ _ _ _ _ _ _ _ _ _ _ _ _ _ _ _ _ _ _ _ _ _ _ _ _ _ _ _ _ _ 
/root/miniconda/envs/python310_torch29_cuda/lib/python3.10/site-packages/torch/_compile.py:53: in inner
    return disable_fn(*args, **kwargs)
/root/miniconda/envs/python310_torch29_cuda/lib/python3.10/site-packages/torch/_dynamo/eval_frame.py:1044: in _fn
    return fn(*args, **kwargs)
/root/miniconda/envs/python310_torch29_cuda/lib/python3.10/site-packages/torch/random.py:46: in manual_seed
    torch.cuda.manual_seed_all(seed)
/root/miniconda/envs/python310_torch29_cuda/lib/python3.10/site-packages/torch/cuda/random.py:131: in manual_seed_all
    _lazy_call(cb, seed_all=True)
/root/miniconda/envs/python310_torch29_cuda/lib/python3.10/site-packages/torch/cuda/__init__.py:341: in _lazy_call
    callable()
_ _ _ _ _ _ _ _ _ _ _ _ _ _ _ _ _ _ _ _ _ _ _ _ _ _ _ _ _ _ _ _ _ _ _ _ _ _ _ _ 

    def cb():
        for i in range(device_count()):
            default_generator = torch.cuda.default_generators[i]
>           default_generator.manual_seed(seed)
E           torch.AcceleratorError: CUDA error: unspecified launch failure
E           Search for `cudaErrorLaunchFailure' in https://docs.nvidia.com/cuda/cuda-runtime-api/group__CUDART__TYPES.html for more information.
E           CUDA kernel errors might be asynchronously reported at some other API call, so the stacktrace below might be incorrect.
E           For debugging consider passing CUDA_LAUNCH_BLOCKING=1
E           Compile with `TORCH_USE_CUDA_DSA` to enable device-side assertions.

/root/miniconda/envs/python310_torch29_cuda/lib/python3.10/site-packages/torch/cuda/random.py:129: AcceleratorError
_________ test_unique_dim_int[True-False-few_unique-dtype0-shape10-2] __________

shape = (6, 5, 4), dim = 2, dtype = torch.int16, pattern = 'few_unique'
return_inverse = False, return_counts = True

    @pytest.mark.unique_dim
    @pytest.mark.parametrize("shape, dim", SHAPE_DIM_CASES)
    @pytest.mark.parametrize("dtype", utils.INT_DTYPES)
    @pytest.mark.parametrize("pattern", ["few_unique", "all_unique", "all_duplicate"])
    @pytest.mark.parametrize("return_inverse", [False, True])
    @pytest.mark.parametrize("return_counts", [False, True])
    def test_unique_dim_int(shape, dim, dtype, pattern, return_inverse, return_counts):
        if flag_gems.vendor_name == "kunlunxin":
>           torch.manual_seed(0)

test_unique_dim.py:97: 
_ _ _ _ _ _ _ _ _ _ _ _ _ _ _ _ _ _ _ _ _ _ _ _ _ _ _ _ _ _ _ _ _ _ _ _ _ _ _ _ 
/root/miniconda/envs/python310_torch29_cuda/lib/python3.10/site-packages/torch/_compile.py:53: in inner
    return disable_fn(*args, **kwargs)
/root/miniconda/envs/python310_torch29_cuda/lib/python3.10/site-packages/torch/_dynamo/eval_frame.py:1044: in _fn
    return fn(*args, **kwargs)
/root/miniconda/envs/python310_torch29_cuda/lib/python3.10/site-packages/torch/random.py:46: in manual_seed
    torch.cuda.manual_seed_all(seed)
/root/miniconda/envs/python310_torch29_cuda/lib/python3.10/site-packages/torch/cuda/random.py:131: in manual_seed_all
    _lazy_call(cb, seed_all=True)
/root/miniconda/envs/python310_torch29_cuda/lib/python3.10/site-packages/torch/cuda/__init__.py:341: in _lazy_call
    callable()
_ _ _ _ _ _ _ _ _ _ _ _ _ _ _ _ _ _ _ _ _ _ _ _ _ _ _ _ _ _ _ _ _ _ _ _ _ _ _ _ 

    def cb():
        for i in range(device_count()):
            default_generator = torch.cuda.default_generators[i]
>           default_generator.manual_seed(seed)
E           torch.AcceleratorError: CUDA error: unspecified launch failure
E           Search for `cudaErrorLaunchFailure' in https://docs.nvidia.com/cuda/cuda-runtime-api/group__CUDART__TYPES.html for more information.
E           CUDA kernel errors might be asynchronously reported at some other API call, so the stacktrace below might be incorrect.
E           For debugging consider passing CUDA_LAUNCH_BLOCKING=1
E           Compile with `TORCH_USE_CUDA_DSA` to enable device-side assertions.

/root/miniconda/envs/python310_torch29_cuda/lib/python3.10/site-packages/torch/cuda/random.py:129: AcceleratorError
_________ test_unique_dim_int[True-False-few_unique-dtype0-shape11--2] _________

shape = (6, 5, 4), dim = -2, dtype = torch.int16, pattern = 'few_unique'
return_inverse = False, return_counts = True

    @pytest.mark.unique_dim
    @pytest.mark.parametrize("shape, dim", SHAPE_DIM_CASES)
    @pytest.mark.parametrize("dtype", utils.INT_DTYPES)
    @pytest.mark.parametrize("pattern", ["few_unique", "all_unique", "all_duplicate"])
    @pytest.mark.parametrize("return_inverse", [False, True])
    @pytest.mark.parametrize("return_counts", [False, True])
    def test_unique_dim_int(shape, dim, dtype, pattern, return_inverse, return_counts):
        if flag_gems.vendor_name == "kunlunxin":
>           torch.manual_seed(0)

test_unique_dim.py:97: 
_ _ _ _ _ _ _ _ _ _ _ _ _ _ _ _ _ _ _ _ _ _ _ _ _ _ _ _ _ _ _ _ _ _ _ _ _ _ _ _ 
/root/miniconda/envs/python310_torch29_cuda/lib/python3.10/site-packages/torch/_compile.py:53: in inner
    return disable_fn(*args, **kwargs)
/root/miniconda/envs/python310_torch29_cuda/lib/python3.10/site-packages/torch/_dynamo/eval_frame.py:1044: in _fn
    return fn(*args, **kwargs)
/root/miniconda/envs/python310_torch29_cuda/lib/python3.10/site-packages/torch/random.py:46: in manual_seed
    torch.cuda.manual_seed_all(seed)
/root/miniconda/envs/python310_torch29_cuda/lib/python3.10/site-packages/torch/cuda/random.py:131: in manual_seed_all
    _lazy_call(cb, seed_all=True)
/root/miniconda/envs/python310_torch29_cuda/lib/python3.10/site-packages/torch/cuda/__init__.py:341: in _lazy_call
    callable()
_ _ _ _ _ _ _ _ _ _ _ _ _ _ _ _ _ _ _ _ _ _ _ _ _ _ _ _ _ _ _ _ _ _ _ _ _ _ _ _ 

    def cb():
        for i in range(device_count()):
            default_generator = torch.cuda.default_generators[i]
>           default_generator.manual_seed(seed)
E           torch.AcceleratorError: CUDA error: unspecified launch failure
E           Search for `cudaErrorLaunchFailure' in https://docs.nvidia.com/cuda/cuda-runtime-api/group__CUDART__TYPES.html for more information.
E           CUDA kernel errors might be asynchronously reported at some other API call, so the stacktrace below might be incorrect.
E           For debugging consider passing CUDA_LAUNCH_BLOCKING=1
E           Compile with `TORCH_USE_CUDA_DSA` to enable device-side assertions.

/root/miniconda/envs/python310_torch29_cuda/lib/python3.10/site-packages/torch/cuda/random.py:129: AcceleratorError
_________ test_unique_dim_int[True-False-few_unique-dtype0-shape12-2] __________

shape = (3, 4, 5, 6), dim = 2, dtype = torch.int16, pattern = 'few_unique'
return_inverse = False, return_counts = True

    @pytest.mark.unique_dim
    @pytest.mark.parametrize("shape, dim", SHAPE_DIM_CASES)
    @pytest.mark.parametrize("dtype", utils.INT_DTYPES)
    @pytest.mark.parametrize("pattern", ["few_unique", "all_unique", "all_duplicate"])
    @pytest.mark.parametrize("return_inverse", [False, True])
    @pytest.mark.parametrize("return_counts", [False, True])
    def test_unique_dim_int(shape, dim, dtype, pattern, return_inverse, return_counts):
        if flag_gems.vendor_name == "kunlunxin":
>           torch.manual_seed(0)

test_unique_dim.py:97: 
_ _ _ _ _ _ _ _ _ _ _ _ _ _ _ _ _ _ _ _ _ _ _ _ _ _ _ _ _ _ _ _ _ _ _ _ _ _ _ _ 
/root/miniconda/envs/python310_torch29_cuda/lib/python3.10/site-packages/torch/_compile.py:53: in inner
    return disable_fn(*args, **kwargs)
/root/miniconda/envs/python310_torch29_cuda/lib/python3.10/site-packages/torch/_dynamo/eval_frame.py:1044: in _fn
    return fn(*args, **kwargs)
/root/miniconda/envs/python310_torch29_cuda/lib/python3.10/site-packages/torch/random.py:46: in manual_seed
    torch.cuda.manual_seed_all(seed)
/root/miniconda/envs/python310_torch29_cuda/lib/python3.10/site-packages/torch/cuda/random.py:131: in manual_seed_all
    _lazy_call(cb, seed_all=True)
/root/miniconda/envs/python310_torch29_cuda/lib/python3.10/site-packages/torch/cuda/__init__.py:341: in _lazy_call
    callable()
_ _ _ _ _ _ _ _ _ _ _ _ _ _ _ _ _ _ _ _ _ _ _ _ _ _ _ _ _ _ _ _ _ _ _ _ _ _ _ _ 

    def cb():
        for i in range(device_count()):
            default_generator = torch.cuda.default_generators[i]
>           default_generator.manual_seed(seed)
E           torch.AcceleratorError: CUDA error: unspecified launch failure
E           Search for `cudaErrorLaunchFailure' in https://docs.nvidia.com/cuda/cuda-runtime-api/group__CUDART__TYPES.html for more information.
E           CUDA kernel errors might be asynchronously reported at some other API call, so the stacktrace below might be incorrect.
E           For debugging consider passing CUDA_LAUNCH_BLOCKING=1
E           Compile with `TORCH_USE_CUDA_DSA` to enable device-side assertions.

/root/miniconda/envs/python310_torch29_cuda/lib/python3.10/site-packages/torch/cuda/random.py:129: AcceleratorError
_________ test_unique_dim_int[True-False-few_unique-dtype0-shape13--1] _________

shape = (3, 4, 5, 6), dim = -1, dtype = torch.int16, pattern = 'few_unique'
return_inverse = False, return_counts = True

    @pytest.mark.unique_dim
    @pytest.mark.parametrize("shape, dim", SHAPE_DIM_CASES)
    @pytest.mark.parametrize("dtype", utils.INT_DTYPES)
    @pytest.mark.parametrize("pattern", ["few_unique", "all_unique", "all_duplicate"])
    @pytest.mark.parametrize("return_inverse", [False, True])
    @pytest.mark.parametrize("return_counts", [False, True])
    def test_unique_dim_int(shape, dim, dtype, pattern, return_inverse, return_counts):
        if flag_gems.vendor_name == "kunlunxin":
>           torch.manual_seed(0)

test_unique_dim.py:97: 
_ _ _ _ _ _ _ _ _ _ _ _ _ _ _ _ _ _ _ _ _ _ _ _ _ _ _ _ _ _ _ _ _ _ _ _ _ _ _ _ 
/root/miniconda/envs/python310_torch29_cuda/lib/python3.10/site-packages/torch/_compile.py:53: in inner
    return disable_fn(*args, **kwargs)
/root/miniconda/envs/python310_torch29_cuda/lib/python3.10/site-packages/torch/_dynamo/eval_frame.py:1044: in _fn
    return fn(*args, **kwargs)
/root/miniconda/envs/python310_torch29_cuda/lib/python3.10/site-packages/torch/random.py:46: in manual_seed
    torch.cuda.manual_seed_all(seed)
/root/miniconda/envs/python310_torch29_cuda/lib/python3.10/site-packages/torch/cuda/random.py:131: in manual_seed_all
    _lazy_call(cb, seed_all=True)
/root/miniconda/envs/python310_torch29_cuda/lib/python3.10/site-packages/torch/cuda/__init__.py:341: in _lazy_call
    callable()
_ _ _ _ _ _ _ _ _ _ _ _ _ _ _ _ _ _ _ _ _ _ _ _ _ _ _ _ _ _ _ _ _ _ _ _ _ _ _ _ 

    def cb():
        for i in range(device_count()):
            default_generator = torch.cuda.default_generators[i]
>           default_generator.manual_seed(seed)
E           torch.AcceleratorError: CUDA error: unspecified launch failure
E           Search for `cudaErrorLaunchFailure' in https://docs.nvidia.com/cuda/cuda-runtime-api/group__CUDART__TYPES.html for more information.
E           CUDA kernel errors might be asynchronously reported at some other API call, so the stacktrace below might be incorrect.
E           For debugging consider passing CUDA_LAUNCH_BLOCKING=1
E           Compile with `TORCH_USE_CUDA_DSA` to enable device-side assertions.

/root/miniconda/envs/python310_torch29_cuda/lib/python3.10/site-packages/torch/cuda/random.py:129: AcceleratorError
__________ test_unique_dim_int[True-False-few_unique-dtype1-shape0-0] __________

shape = (8,), dim = 0, dtype = torch.int32, pattern = 'few_unique'
return_inverse = False, return_counts = True

    @pytest.mark.unique_dim
    @pytest.mark.parametrize("shape, dim", SHAPE_DIM_CASES)
    @pytest.mark.parametrize("dtype", utils.INT_DTYPES)
    @pytest.mark.parametrize("pattern", ["few_unique", "all_unique", "all_duplicate"])
    @pytest.mark.parametrize("return_inverse", [False, True])
    @pytest.mark.parametrize("return_counts", [False, True])
    def test_unique_dim_int(shape, dim, dtype, pattern, return_inverse, return_counts):
        if flag_gems.vendor_name == "kunlunxin":
>           torch.manual_seed(0)

test_unique_dim.py:97: 
_ _ _ _ _ _ _ _ _ _ _ _ _ _ _ _ _ _ _ _ _ _ _ _ _ _ _ _ _ _ _ _ _ _ _ _ _ _ _ _ 
/root/miniconda/envs/python310_torch29_cuda/lib/python3.10/site-packages/torch/_compile.py:53: in inner
    return disable_fn(*args, **kwargs)
/root/miniconda/envs/python310_torch29_cuda/lib/python3.10/site-packages/torch/_dynamo/eval_frame.py:1044: in _fn
    return fn(*args, **kwargs)
/root/miniconda/envs/python310_torch29_cuda/lib/python3.10/site-packages/torch/random.py:46: in manual_seed
    torch.cuda.manual_seed_all(seed)
/root/miniconda/envs/python310_torch29_cuda/lib/python3.10/site-packages/torch/cuda/random.py:131: in manual_seed_all
    _lazy_call(cb, seed_all=True)
/root/miniconda/envs/python310_torch29_cuda/lib/python3.10/site-packages/torch/cuda/__init__.py:341: in _lazy_call
    callable()
_ _ _ _ _ _ _ _ _ _ _ _ _ _ _ _ _ _ _ _ _ _ _ _ _ _ _ _ _ _ _ _ _ _ _ _ _ _ _ _ 

    def cb():
        for i in range(device_count()):
            default_generator = torch.cuda.default_generators[i]
>           default_generator.manual_seed(seed)
E           torch.AcceleratorError: CUDA error: unspecified launch failure
E           Search for `cudaErrorLaunchFailure' in https://docs.nvidia.com/cuda/cuda-runtime-api/group__CUDART__TYPES.html for more information.
E           CUDA kernel errors might be asynchronously reported at some other API call, so the stacktrace below might be incorrect.
E           For debugging consider passing CUDA_LAUNCH_BLOCKING=1
E           Compile with `TORCH_USE_CUDA_DSA` to enable device-side assertions.

/root/miniconda/envs/python310_torch29_cuda/lib/python3.10/site-packages/torch/cuda/random.py:129: AcceleratorError
_________ test_unique_dim_int[True-False-few_unique-dtype1-shape1--1] __________

shape = (8,), dim = -1, dtype = torch.int32, pattern = 'few_unique'
return_inverse = False, return_counts = True

    @pytest.mark.unique_dim
    @pytest.mark.parametrize("shape, dim", SHAPE_DIM_CASES)
    @pytest.mark.parametrize("dtype", utils.INT_DTYPES)
    @pytest.mark.parametrize("pattern", ["few_unique", "all_unique", "all_duplicate"])
    @pytest.mark.parametrize("return_inverse", [False, True])
    @pytest.mark.parametrize("return_counts", [False, True])
    def test_unique_dim_int(shape, dim, dtype, pattern, return_inverse, return_counts):
        if flag_gems.vendor_name == "kunlunxin":
>           torch.manual_seed(0)

test_unique_dim.py:97: 
_ _ _ _ _ _ _ _ _ _ _ _ _ _ _ _ _ _ _ _ _ _ _ _ _ _ _ _ _ _ _ _ _ _ _ _ _ _ _ _ 
/root/miniconda/envs/python310_torch29_cuda/lib/python3.10/site-packages/torch/_compile.py:53: in inner
    return disable_fn(*args, **kwargs)
/root/miniconda/envs/python310_torch29_cuda/lib/python3.10/site-packages/torch/_dynamo/eval_frame.py:1044: in _fn
    return fn(*args, **kwargs)
/root/miniconda/envs/python310_torch29_cuda/lib/python3.10/site-packages/torch/random.py:46: in manual_seed
    torch.cuda.manual_seed_all(seed)
/root/miniconda/envs/python310_torch29_cuda/lib/python3.10/site-packages/torch/cuda/random.py:131: in manual_seed_all
    _lazy_call(cb, seed_all=True)
/root/miniconda/envs/python310_torch29_cuda/lib/python3.10/site-packages/torch/cuda/__init__.py:341: in _lazy_call
    callable()
_ _ _ _ _ _ _ _ _ _ _ _ _ _ _ _ _ _ _ _ _ _ _ _ _ _ _ _ _ _ _ _ _ _ _ _ _ _ _ _ 

    def cb():
        for i in range(device_count()):
            default_generator = torch.cuda.default_generators[i]
>           default_generator.manual_seed(seed)
E           torch.AcceleratorError: CUDA error: unspecified launch failure
E           Search for `cudaErrorLaunchFailure' in https://docs.nvidia.com/cuda/cuda-runtime-api/group__CUDART__TYPES.html for more information.
E           CUDA kernel errors might be asynchronously reported at some other API call, so the stacktrace below might be incorrect.
E           For debugging consider passing CUDA_LAUNCH_BLOCKING=1
E           Compile with `TORCH_USE_CUDA_DSA` to enable device-side assertions.

/root/miniconda/envs/python310_torch29_cuda/lib/python3.10/site-packages/torch/cuda/random.py:129: AcceleratorError
__________ test_unique_dim_int[True-False-few_unique-dtype1-shape2-0] __________

shape = (16, 4), dim = 0, dtype = torch.int32, pattern = 'few_unique'
return_inverse = False, return_counts = True

    @pytest.mark.unique_dim
    @pytest.mark.parametrize("shape, dim", SHAPE_DIM_CASES)
    @pytest.mark.parametrize("dtype", utils.INT_DTYPES)
    @pytest.mark.parametrize("pattern", ["few_unique", "all_unique", "all_duplicate"])
    @pytest.mark.parametrize("return_inverse", [False, True])
    @pytest.mark.parametrize("return_counts", [False, True])
    def test_unique_dim_int(shape, dim, dtype, pattern, return_inverse, return_counts):
        if flag_gems.vendor_name == "kunlunxin":
>           torch.manual_seed(0)

test_unique_dim.py:97: 
_ _ _ _ _ _ _ _ _ _ _ _ _ _ _ _ _ _ _ _ _ _ _ _ _ _ _ _ _ _ _ _ _ _ _ _ _ _ _ _ 
/root/miniconda/envs/python310_torch29_cuda/lib/python3.10/site-packages/torch/_compile.py:53: in inner
    return disable_fn(*args, **kwargs)
/root/miniconda/envs/python310_torch29_cuda/lib/python3.10/site-packages/torch/_dynamo/eval_frame.py:1044: in _fn
    return fn(*args, **kwargs)
/root/miniconda/envs/python310_torch29_cuda/lib/python3.10/site-packages/torch/random.py:46: in manual_seed
    torch.cuda.manual_seed_all(seed)
/root/miniconda/envs/python310_torch29_cuda/lib/python3.10/site-packages/torch/cuda/random.py:131: in manual_seed_all
    _lazy_call(cb, seed_all=True)
/root/miniconda/envs/python310_torch29_cuda/lib/python3.10/site-packages/torch/cuda/__init__.py:341: in _lazy_call
    callable()
_ _ _ _ _ _ _ _ _ _ _ _ _ _ _ _ _ _ _ _ _ _ _ _ _ _ _ _ _ _ _ _ _ _ _ _ _ _ _ _ 

    def cb():
        for i in range(device_count()):
            default_generator = torch.cuda.default_generators[i]
>           default_generator.manual_seed(seed)
E           torch.AcceleratorError: CUDA error: unspecified launch failure
E           Search for `cudaErrorLaunchFailure' in https://docs.nvidia.com/cuda/cuda-runtime-api/group__CUDART__TYPES.html for more information.
E           CUDA kernel errors might be asynchronously reported at some other API call, so the stacktrace below might be incorrect.
E           For debugging consider passing CUDA_LAUNCH_BLOCKING=1
E           Compile with `TORCH_USE_CUDA_DSA` to enable device-side assertions.

/root/miniconda/envs/python310_torch29_cuda/lib/python3.10/site-packages/torch/cuda/random.py:129: AcceleratorError
__________ test_unique_dim_int[True-False-few_unique-dtype1-shape3-1] __________

shape = (16, 4), dim = 1, dtype = torch.int32, pattern = 'few_unique'
return_inverse = False, return_counts = True

    @pytest.mark.unique_dim
    @pytest.mark.parametrize("shape, dim", SHAPE_DIM_CASES)
    @pytest.mark.parametrize("dtype", utils.INT_DTYPES)
    @pytest.mark.parametrize("pattern", ["few_unique", "all_unique", "all_duplicate"])
    @pytest.mark.parametrize("return_inverse", [False, True])
    @pytest.mark.parametrize("return_counts", [False, True])
    def test_unique_dim_int(shape, dim, dtype, pattern, return_inverse, return_counts):
        if flag_gems.vendor_name == "kunlunxin":
>           torch.manual_seed(0)

test_unique_dim.py:97: 
_ _ _ _ _ _ _ _ _ _ _ _ _ _ _ _ _ _ _ _ _ _ _ _ _ _ _ _ _ _ _ _ _ _ _ _ _ _ _ _ 
/root/miniconda/envs/python310_torch29_cuda/lib/python3.10/site-packages/torch/_compile.py:53: in inner
    return disable_fn(*args, **kwargs)
/root/miniconda/envs/python310_torch29_cuda/lib/python3.10/site-packages/torch/_dynamo/eval_frame.py:1044: in _fn
    return fn(*args, **kwargs)
/root/miniconda/envs/python310_torch29_cuda/lib/python3.10/site-packages/torch/random.py:46: in manual_seed
    torch.cuda.manual_seed_all(seed)
/root/miniconda/envs/python310_torch29_cuda/lib/python3.10/site-packages/torch/cuda/random.py:131: in manual_seed_all
    _lazy_call(cb, seed_all=True)
/root/miniconda/envs/python310_torch29_cuda/lib/python3.10/site-packages/torch/cuda/__init__.py:341: in _lazy_call
    callable()
_ _ _ _ _ _ _ _ _ _ _ _ _ _ _ _ _ _ _ _ _ _ _ _ _ _ _ _ _ _ _ _ _ _ _ _ _ _ _ _ 

    def cb():
        for i in range(device_count()):
            default_generator = torch.cuda.default_generators[i]
>           default_generator.manual_seed(seed)
E           torch.AcceleratorError: CUDA error: unspecified launch failure
E           Search for `cudaErrorLaunchFailure' in https://docs.nvidia.com/cuda/cuda-runtime-api/group__CUDART__TYPES.html for more information.
E           CUDA kernel errors might be asynchronously reported at some other API call, so the stacktrace below might be incorrect.
E           For debugging consider passing CUDA_LAUNCH_BLOCKING=1
E           Compile with `TORCH_USE_CUDA_DSA` to enable device-side assertions.

/root/miniconda/envs/python310_torch29_cuda/lib/python3.10/site-packages/torch/cuda/random.py:129: AcceleratorError
_________ test_unique_dim_int[True-False-few_unique-dtype1-shape4--1] __________

shape = (16, 4), dim = -1, dtype = torch.int32, pattern = 'few_unique'
return_inverse = False, return_counts = True

    @pytest.mark.unique_dim
    @pytest.mark.parametrize("shape, dim", SHAPE_DIM_CASES)
    @pytest.mark.parametrize("dtype", utils.INT_DTYPES)
    @pytest.mark.parametrize("pattern", ["few_unique", "all_unique", "all_duplicate"])
    @pytest.mark.parametrize("return_inverse", [False, True])
    @pytest.mark.parametrize("return_counts", [False, True])
    def test_unique_dim_int(shape, dim, dtype, pattern, return_inverse, return_counts):
        if flag_gems.vendor_name == "kunlunxin":
>           torch.manual_seed(0)

test_unique_dim.py:97: 
_ _ _ _ _ _ _ _ _ _ _ _ _ _ _ _ _ _ _ _ _ _ _ _ _ _ _ _ _ _ _ _ _ _ _ _ _ _ _ _ 
/root/miniconda/envs/python310_torch29_cuda/lib/python3.10/site-packages/torch/_compile.py:53: in inner
    return disable_fn(*args, **kwargs)
/root/miniconda/envs/python310_torch29_cuda/lib/python3.10/site-packages/torch/_dynamo/eval_frame.py:1044: in _fn
    return fn(*args, **kwargs)
/root/miniconda/envs/python310_torch29_cuda/lib/python3.10/site-packages/torch/random.py:46: in manual_seed
    torch.cuda.manual_seed_all(seed)
/root/miniconda/envs/python310_torch29_cuda/lib/python3.10/site-packages/torch/cuda/random.py:131: in manual_seed_all
    _lazy_call(cb, seed_all=True)
/root/miniconda/envs/python310_torch29_cuda/lib/python3.10/site-packages/torch/cuda/__init__.py:341: in _lazy_call
    callable()
_ _ _ _ _ _ _ _ _ _ _ _ _ _ _ _ _ _ _ _ _ _ _ _ _ _ _ _ _ _ _ _ _ _ _ _ _ _ _ _ 

    def cb():
        for i in range(device_count()):
            default_generator = torch.cuda.default_generators[i]
>           default_generator.manual_seed(seed)
E           torch.AcceleratorError: CUDA error: unspecified launch failure
E           Search for `cudaErrorLaunchFailure' in https://docs.nvidia.com/cuda/cuda-runtime-api/group__CUDART__TYPES.html for more information.
E           CUDA kernel errors might be asynchronously reported at some other API call, so the stacktrace below might be incorrect.
E           For debugging consider passing CUDA_LAUNCH_BLOCKING=1
E           Compile with `TORCH_USE_CUDA_DSA` to enable device-side assertions.

/root/miniconda/envs/python310_torch29_cuda/lib/python3.10/site-packages/torch/cuda/random.py:129: AcceleratorError
__________ test_unique_dim_int[True-False-few_unique-dtype1-shape5-0] __________

shape = (4, 16), dim = 0, dtype = torch.int32, pattern = 'few_unique'
return_inverse = False, return_counts = True

    @pytest.mark.unique_dim
    @pytest.mark.parametrize("shape, dim", SHAPE_DIM_CASES)
    @pytest.mark.parametrize("dtype", utils.INT_DTYPES)
    @pytest.mark.parametrize("pattern", ["few_unique", "all_unique", "all_duplicate"])
    @pytest.mark.parametrize("return_inverse", [False, True])
    @pytest.mark.parametrize("return_counts", [False, True])
    def test_unique_dim_int(shape, dim, dtype, pattern, return_inverse, return_counts):
        if flag_gems.vendor_name == "kunlunxin":
>           torch.manual_seed(0)

test_unique_dim.py:97: 
_ _ _ _ _ _ _ _ _ _ _ _ _ _ _ _ _ _ _ _ _ _ _ _ _ _ _ _ _ _ _ _ _ _ _ _ _ _ _ _ 
/root/miniconda/envs/python310_torch29_cuda/lib/python3.10/site-packages/torch/_compile.py:53: in inner
    return disable_fn(*args, **kwargs)
/root/miniconda/envs/python310_torch29_cuda/lib/python3.10/site-packages/torch/_dynamo/eval_frame.py:1044: in _fn
    return fn(*args, **kwargs)
/root/miniconda/envs/python310_torch29_cuda/lib/python3.10/site-packages/torch/random.py:46: in manual_seed
    torch.cuda.manual_seed_all(seed)
/root/miniconda/envs/python310_torch29_cuda/lib/python3.10/site-packages/torch/cuda/random.py:131: in manual_seed_all
    _lazy_call(cb, seed_all=True)
/root/miniconda/envs/python310_torch29_cuda/lib/python3.10/site-packages/torch/cuda/__init__.py:341: in _lazy_call
    callable()
_ _ _ _ _ _ _ _ _ _ _ _ _ _ _ _ _ _ _ _ _ _ _ _ _ _ _ _ _ _ _ _ _ _ _ _ _ _ _ _ 

    def cb():
        for i in range(device_count()):
            default_generator = torch.cuda.default_generators[i]
>           default_generator.manual_seed(seed)
E           torch.AcceleratorError: CUDA error: unspecified launch failure
E           Search for `cudaErrorLaunchFailure' in https://docs.nvidia.com/cuda/cuda-runtime-api/group__CUDART__TYPES.html for more information.
E           CUDA kernel errors might be asynchronously reported at some other API call, so the stacktrace below might be incorrect.
E           For debugging consider passing CUDA_LAUNCH_BLOCKING=1
E           Compile with `TORCH_USE_CUDA_DSA` to enable device-side assertions.

/root/miniconda/envs/python310_torch29_cuda/lib/python3.10/site-packages/torch/cuda/random.py:129: AcceleratorError
__________ test_unique_dim_int[True-False-few_unique-dtype1-shape6-0] __________

shape = (32, 32), dim = 0, dtype = torch.int32, pattern = 'few_unique'
return_inverse = False, return_counts = True

    @pytest.mark.unique_dim
    @pytest.mark.parametrize("shape, dim", SHAPE_DIM_CASES)
    @pytest.mark.parametrize("dtype", utils.INT_DTYPES)
    @pytest.mark.parametrize("pattern", ["few_unique", "all_unique", "all_duplicate"])
    @pytest.mark.parametrize("return_inverse", [False, True])
    @pytest.mark.parametrize("return_counts", [False, True])
    def test_unique_dim_int(shape, dim, dtype, pattern, return_inverse, return_counts):
        if flag_gems.vendor_name == "kunlunxin":
>           torch.manual_seed(0)

test_unique_dim.py:97: 
_ _ _ _ _ _ _ _ _ _ _ _ _ _ _ _ _ _ _ _ _ _ _ _ _ _ _ _ _ _ _ _ _ _ _ _ _ _ _ _ 
/root/miniconda/envs/python310_torch29_cuda/lib/python3.10/site-packages/torch/_compile.py:53: in inner
    return disable_fn(*args, **kwargs)
/root/miniconda/envs/python310_torch29_cuda/lib/python3.10/site-packages/torch/_dynamo/eval_frame.py:1044: in _fn
    return fn(*args, **kwargs)
/root/miniconda/envs/python310_torch29_cuda/lib/python3.10/site-packages/torch/random.py:46: in manual_seed
    torch.cuda.manual_seed_all(seed)
/root/miniconda/envs/python310_torch29_cuda/lib/python3.10/site-packages/torch/cuda/random.py:131: in manual_seed_all
    _lazy_call(cb, seed_all=True)
/root/miniconda/envs/python310_torch29_cuda/lib/python3.10/site-packages/torch/cuda/__init__.py:341: in _lazy_call
    callable()
_ _ _ _ _ _ _ _ _ _ _ _ _ _ _ _ _ _ _ _ _ _ _ _ _ _ _ _ _ _ _ _ _ _ _ _ _ _ _ _ 

    def cb():
        for i in range(device_count()):
            default_generator = torch.cuda.default_generators[i]
>           default_generator.manual_seed(seed)
E           torch.AcceleratorError: CUDA error: unspecified launch failure
E           Search for `cudaErrorLaunchFailure' in https://docs.nvidia.com/cuda/cuda-runtime-api/group__CUDART__TYPES.html for more information.
E           CUDA kernel errors might be asynchronously reported at some other API call, so the stacktrace below might be incorrect.
E           For debugging consider passing CUDA_LAUNCH_BLOCKING=1
E           Compile with `TORCH_USE_CUDA_DSA` to enable device-side assertions.

/root/miniconda/envs/python310_torch29_cuda/lib/python3.10/site-packages/torch/cuda/random.py:129: AcceleratorError
__________ test_unique_dim_int[True-False-few_unique-dtype1-shape7-1] __________

shape = (32, 32), dim = 1, dtype = torch.int32, pattern = 'few_unique'
return_inverse = False, return_counts = True

    @pytest.mark.unique_dim
    @pytest.mark.parametrize("shape, dim", SHAPE_DIM_CASES)
    @pytest.mark.parametrize("dtype", utils.INT_DTYPES)
    @pytest.mark.parametrize("pattern", ["few_unique", "all_unique", "all_duplicate"])
    @pytest.mark.parametrize("return_inverse", [False, True])
    @pytest.mark.parametrize("return_counts", [False, True])
    def test_unique_dim_int(shape, dim, dtype, pattern, return_inverse, return_counts):
        if flag_gems.vendor_name == "kunlunxin":
>           torch.manual_seed(0)

test_unique_dim.py:97: 
_ _ _ _ _ _ _ _ _ _ _ _ _ _ _ _ _ _ _ _ _ _ _ _ _ _ _ _ _ _ _ _ _ _ _ _ _ _ _ _ 
/root/miniconda/envs/python310_torch29_cuda/lib/python3.10/site-packages/torch/_compile.py:53: in inner
    return disable_fn(*args, **kwargs)
/root/miniconda/envs/python310_torch29_cuda/lib/python3.10/site-packages/torch/_dynamo/eval_frame.py:1044: in _fn
    return fn(*args, **kwargs)
/root/miniconda/envs/python310_torch29_cuda/lib/python3.10/site-packages/torch/random.py:46: in manual_seed
    torch.cuda.manual_seed_all(seed)
/root/miniconda/envs/python310_torch29_cuda/lib/python3.10/site-packages/torch/cuda/random.py:131: in manual_seed_all
    _lazy_call(cb, seed_all=True)
/root/miniconda/envs/python310_torch29_cuda/lib/python3.10/site-packages/torch/cuda/__init__.py:341: in _lazy_call
    callable()
_ _ _ _ _ _ _ _ _ _ _ _ _ _ _ _ _ _ _ _ _ _ _ _ _ _ _ _ _ _ _ _ _ _ _ _ _ _ _ _ 

    def cb():
        for i in range(device_count()):
            default_generator = torch.cuda.default_generators[i]
>           default_generator.manual_seed(seed)
E           torch.AcceleratorError: CUDA error: unspecified launch failure
E           Search for `cudaErrorLaunchFailure' in https://docs.nvidia.com/cuda/cuda-runtime-api/group__CUDART__TYPES.html for more information.
E           CUDA kernel errors might be asynchronously reported at some other API call, so the stacktrace below might be incorrect.
E           For debugging consider passing CUDA_LAUNCH_BLOCKING=1
E           Compile with `TORCH_USE_CUDA_DSA` to enable device-side assertions.

/root/miniconda/envs/python310_torch29_cuda/lib/python3.10/site-packages/torch/cuda/random.py:129: AcceleratorError
__________ test_unique_dim_int[True-False-few_unique-dtype1-shape8-0] __________

shape = (6, 5, 4), dim = 0, dtype = torch.int32, pattern = 'few_unique'
return_inverse = False, return_counts = True

    @pytest.mark.unique_dim
    @pytest.mark.parametrize("shape, dim", SHAPE_DIM_CASES)
    @pytest.mark.parametrize("dtype", utils.INT_DTYPES)
    @pytest.mark.parametrize("pattern", ["few_unique", "all_unique", "all_duplicate"])
    @pytest.mark.parametrize("return_inverse", [False, True])
    @pytest.mark.parametrize("return_counts", [False, True])
    def test_unique_dim_int(shape, dim, dtype, pattern, return_inverse, return_counts):
        if flag_gems.vendor_name == "kunlunxin":
>           torch.manual_seed(0)

test_unique_dim.py:97: 
_ _ _ _ _ _ _ _ _ _ _ _ _ _ _ _ _ _ _ _ _ _ _ _ _ _ _ _ _ _ _ _ _ _ _ _ _ _ _ _ 
/root/miniconda/envs/python310_torch29_cuda/lib/python3.10/site-packages/torch/_compile.py:53: in inner
    return disable_fn(*args, **kwargs)
/root/miniconda/envs/python310_torch29_cuda/lib/python3.10/site-packages/torch/_dynamo/eval_frame.py:1044: in _fn
    return fn(*args, **kwargs)
/root/miniconda/envs/python310_torch29_cuda/lib/python3.10/site-packages/torch/random.py:46: in manual_seed
    torch.cuda.manual_seed_all(seed)
/root/miniconda/envs/python310_torch29_cuda/lib/python3.10/site-packages/torch/cuda/random.py:131: in manual_seed_all
    _lazy_call(cb, seed_all=True)
/root/miniconda/envs/python310_torch29_cuda/lib/python3.10/site-packages/torch/cuda/__init__.py:341: in _lazy_call
    callable()
_ _ _ _ _ _ _ _ _ _ _ _ _ _ _ _ _ _ _ _ _ _ _ _ _ _ _ _ _ _ _ _ _ _ _ _ _ _ _ _ 

    def cb():
        for i in range(device_count()):
            default_generator = torch.cuda.default_generators[i]
>           default_generator.manual_seed(seed)
E           torch.AcceleratorError: CUDA error: unspecified launch failure
E           Search for `cudaErrorLaunchFailure' in https://docs.nvidia.com/cuda/cuda-runtime-api/group__CUDART__TYPES.html for more information.
E           CUDA kernel errors might be asynchronously reported at some other API call, so the stacktrace below might be incorrect.
E           For debugging consider passing CUDA_LAUNCH_BLOCKING=1
E           Compile with `TORCH_USE_CUDA_DSA` to enable device-side assertions.

/root/miniconda/envs/python310_torch29_cuda/lib/python3.10/site-packages/torch/cuda/random.py:129: AcceleratorError
__________ test_unique_dim_int[True-False-few_unique-dtype1-shape9-1] __________

shape = (6, 5, 4), dim = 1, dtype = torch.int32, pattern = 'few_unique'
return_inverse = False, return_counts = True

    @pytest.mark.unique_dim
    @pytest.mark.parametrize("shape, dim", SHAPE_DIM_CASES)
    @pytest.mark.parametrize("dtype", utils.INT_DTYPES)
    @pytest.mark.parametrize("pattern", ["few_unique", "all_unique", "all_duplicate"])
    @pytest.mark.parametrize("return_inverse", [False, True])
    @pytest.mark.parametrize("return_counts", [False, True])
    def test_unique_dim_int(shape, dim, dtype, pattern, return_inverse, return_counts):
        if flag_gems.vendor_name == "kunlunxin":
>           torch.manual_seed(0)

test_unique_dim.py:97: 
_ _ _ _ _ _ _ _ _ _ _ _ _ _ _ _ _ _ _ _ _ _ _ _ _ _ _ _ _ _ _ _ _ _ _ _ _ _ _ _ 
/root/miniconda/envs/python310_torch29_cuda/lib/python3.10/site-packages/torch/_compile.py:53: in inner
    return disable_fn(*args, **kwargs)
/root/miniconda/envs/python310_torch29_cuda/lib/python3.10/site-packages/torch/_dynamo/eval_frame.py:1044: in _fn
    return fn(*args, **kwargs)
/root/miniconda/envs/python310_torch29_cuda/lib/python3.10/site-packages/torch/random.py:46: in manual_seed
    torch.cuda.manual_seed_all(seed)
/root/miniconda/envs/python310_torch29_cuda/lib/python3.10/site-packages/torch/cuda/random.py:131: in manual_seed_all
    _lazy_call(cb, seed_all=True)
/root/miniconda/envs/python310_torch29_cuda/lib/python3.10/site-packages/torch/cuda/__init__.py:341: in _lazy_call
    callable()
_ _ _ _ _ _ _ _ _ _ _ _ _ _ _ _ _ _ _ _ _ _ _ _ _ _ _ _ _ _ _ _ _ _ _ _ _ _ _ _ 

    def cb():
        for i in range(device_count()):
            default_generator = torch.cuda.default_generators[i]
>           default_generator.manual_seed(seed)
E           torch.AcceleratorError: CUDA error: unspecified launch failure
E           Search for `cudaErrorLaunchFailure' in https://docs.nvidia.com/cuda/cuda-runtime-api/group__CUDART__TYPES.html for more information.
E           CUDA kernel errors might be asynchronously reported at some other API call, so the stacktrace below might be incorrect.
E           For debugging consider passing CUDA_LAUNCH_BLOCKING=1
E           Compile with `TORCH_USE_CUDA_DSA` to enable device-side assertions.

/root/miniconda/envs/python310_torch29_cuda/lib/python3.10/site-packages/torch/cuda/random.py:129: AcceleratorError
_________ test_unique_dim_int[True-False-few_unique-dtype1-shape10-2] __________

shape = (6, 5, 4), dim = 2, dtype = torch.int32, pattern = 'few_unique'
return_inverse = False, return_counts = True

    @pytest.mark.unique_dim
    @pytest.mark.parametrize("shape, dim", SHAPE_DIM_CASES)
    @pytest.mark.parametrize("dtype", utils.INT_DTYPES)
    @pytest.mark.parametrize("pattern", ["few_unique", "all_unique", "all_duplicate"])
    @pytest.mark.parametrize("return_inverse", [False, True])
    @pytest.mark.parametrize("return_counts", [False, True])
    def test_unique_dim_int(shape, dim, dtype, pattern, return_inverse, return_counts):
        if flag_gems.vendor_name == "kunlunxin":
>           torch.manual_seed(0)

test_unique_dim.py:97: 
_ _ _ _ _ _ _ _ _ _ _ _ _ _ _ _ _ _ _ _ _ _ _ _ _ _ _ _ _ _ _ _ _ _ _ _ _ _ _ _ 
/root/miniconda/envs/python310_torch29_cuda/lib/python3.10/site-packages/torch/_compile.py:53: in inner
    return disable_fn(*args, **kwargs)
/root/miniconda/envs/python310_torch29_cuda/lib/python3.10/site-packages/torch/_dynamo/eval_frame.py:1044: in _fn
    return fn(*args, **kwargs)
/root/miniconda/envs/python310_torch29_cuda/lib/python3.10/site-packages/torch/random.py:46: in manual_seed
    torch.cuda.manual_seed_all(seed)
/root/miniconda/envs/python310_torch29_cuda/lib/python3.10/site-packages/torch/cuda/random.py:131: in manual_seed_all
    _lazy_call(cb, seed_all=True)
/root/miniconda/envs/python310_torch29_cuda/lib/python3.10/site-packages/torch/cuda/__init__.py:341: in _lazy_call
    callable()
_ _ _ _ _ _ _ _ _ _ _ _ _ _ _ _ _ _ _ _ _ _ _ _ _ _ _ _ _ _ _ _ _ _ _ _ _ _ _ _ 

    def cb():
        for i in range(device_count()):
            default_generator = torch.cuda.default_generators[i]
>           default_generator.manual_seed(seed)
E           torch.AcceleratorError: CUDA error: unspecified launch failure
E           Search for `cudaErrorLaunchFailure' in https://docs.nvidia.com/cuda/cuda-runtime-api/group__CUDART__TYPES.html for more information.
E           CUDA kernel errors might be asynchronously reported at some other API call, so the stacktrace below might be incorrect.
E           For debugging consider passing CUDA_LAUNCH_BLOCKING=1
E           Compile with `TORCH_USE_CUDA_DSA` to enable device-side assertions.

/root/miniconda/envs/python310_torch29_cuda/lib/python3.10/site-packages/torch/cuda/random.py:129: AcceleratorError
_________ test_unique_dim_int[True-False-few_unique-dtype1-shape11--2] _________

shape = (6, 5, 4), dim = -2, dtype = torch.int32, pattern = 'few_unique'
return_inverse = False, return_counts = True

    @pytest.mark.unique_dim
    @pytest.mark.parametrize("shape, dim", SHAPE_DIM_CASES)
    @pytest.mark.parametrize("dtype", utils.INT_DTYPES)
    @pytest.mark.parametrize("pattern", ["few_unique", "all_unique", "all_duplicate"])
    @pytest.mark.parametrize("return_inverse", [False, True])
    @pytest.mark.parametrize("return_counts", [False, True])
    def test_unique_dim_int(shape, dim, dtype, pattern, return_inverse, return_counts):
        if flag_gems.vendor_name == "kunlunxin":
>           torch.manual_seed(0)

test_unique_dim.py:97: 
_ _ _ _ _ _ _ _ _ _ _ _ _ _ _ _ _ _ _ _ _ _ _ _ _ _ _ _ _ _ _ _ _ _ _ _ _ _ _ _ 
/root/miniconda/envs/python310_torch29_cuda/lib/python3.10/site-packages/torch/_compile.py:53: in inner
    return disable_fn(*args, **kwargs)
/root/miniconda/envs/python310_torch29_cuda/lib/python3.10/site-packages/torch/_dynamo/eval_frame.py:1044: in _fn
    return fn(*args, **kwargs)
/root/miniconda/envs/python310_torch29_cuda/lib/python3.10/site-packages/torch/random.py:46: in manual_seed
    torch.cuda.manual_seed_all(seed)
/root/miniconda/envs/python310_torch29_cuda/lib/python3.10/site-packages/torch/cuda/random.py:131: in manual_seed_all
    _lazy_call(cb, seed_all=True)
/root/miniconda/envs/python310_torch29_cuda/lib/python3.10/site-packages/torch/cuda/__init__.py:341: in _lazy_call
    callable()
_ _ _ _ _ _ _ _ _ _ _ _ _ _ _ _ _ _ _ _ _ _ _ _ _ _ _ _ _ _ _ _ _ _ _ _ _ _ _ _ 

    def cb():
        for i in range(device_count()):
            default_generator = torch.cuda.default_generators[i]
>           default_generator.manual_seed(seed)
E           torch.AcceleratorError: CUDA error: unspecified launch failure
E           Search for `cudaErrorLaunchFailure' in https://docs.nvidia.com/cuda/cuda-runtime-api/group__CUDART__TYPES.html for more information.
E           CUDA kernel errors might be asynchronously reported at some other API call, so the stacktrace below might be incorrect.
E           For debugging consider passing CUDA_LAUNCH_BLOCKING=1
E           Compile with `TORCH_USE_CUDA_DSA` to enable device-side assertions.

/root/miniconda/envs/python310_torch29_cuda/lib/python3.10/site-packages/torch/cuda/random.py:129: AcceleratorError
_________ test_unique_dim_int[True-False-few_unique-dtype1-shape12-2] __________

shape = (3, 4, 5, 6), dim = 2, dtype = torch.int32, pattern = 'few_unique'
return_inverse = False, return_counts = True

    @pytest.mark.unique_dim
    @pytest.mark.parametrize("shape, dim", SHAPE_DIM_CASES)
    @pytest.mark.parametrize("dtype", utils.INT_DTYPES)
    @pytest.mark.parametrize("pattern", ["few_unique", "all_unique", "all_duplicate"])
    @pytest.mark.parametrize("return_inverse", [False, True])
    @pytest.mark.parametrize("return_counts", [False, True])
    def test_unique_dim_int(shape, dim, dtype, pattern, return_inverse, return_counts):
        if flag_gems.vendor_name == "kunlunxin":
>           torch.manual_seed(0)

test_unique_dim.py:97: 
_ _ _ _ _ _ _ _ _ _ _ _ _ _ _ _ _ _ _ _ _ _ _ _ _ _ _ _ _ _ _ _ _ _ _ _ _ _ _ _ 
/root/miniconda/envs/python310_torch29_cuda/lib/python3.10/site-packages/torch/_compile.py:53: in inner
    return disable_fn(*args, **kwargs)
/root/miniconda/envs/python310_torch29_cuda/lib/python3.10/site-packages/torch/_dynamo/eval_frame.py:1044: in _fn
    return fn(*args, **kwargs)
/root/miniconda/envs/python310_torch29_cuda/lib/python3.10/site-packages/torch/random.py:46: in manual_seed
    torch.cuda.manual_seed_all(seed)
/root/miniconda/envs/python310_torch29_cuda/lib/python3.10/site-packages/torch/cuda/random.py:131: in manual_seed_all
    _lazy_call(cb, seed_all=True)
/root/miniconda/envs/python310_torch29_cuda/lib/python3.10/site-packages/torch/cuda/__init__.py:341: in _lazy_call
    callable()
_ _ _ _ _ _ _ _ _ _ _ _ _ _ _ _ _ _ _ _ _ _ _ _ _ _ _ _ _ _ _ _ _ _ _ _ _ _ _ _ 

    def cb():
        for i in range(device_count()):
            default_generator = torch.cuda.default_generators[i]
>           default_generator.manual_seed(seed)
E           torch.AcceleratorError: CUDA error: unspecified launch failure
E           Search for `cudaErrorLaunchFailure' in https://docs.nvidia.com/cuda/cuda-runtime-api/group__CUDART__TYPES.html for more information.
E           CUDA kernel errors might be asynchronously reported at some other API call, so the stacktrace below might be incorrect.
E           For debugging consider passing CUDA_LAUNCH_BLOCKING=1
E           Compile with `TORCH_USE_CUDA_DSA` to enable device-side assertions.

/root/miniconda/envs/python310_torch29_cuda/lib/python3.10/site-packages/torch/cuda/random.py:129: AcceleratorError
_________ test_unique_dim_int[True-False-few_unique-dtype1-shape13--1] _________

shape = (3, 4, 5, 6), dim = -1, dtype = torch.int32, pattern = 'few_unique'
return_inverse = False, return_counts = True

    @pytest.mark.unique_dim
    @pytest.mark.parametrize("shape, dim", SHAPE_DIM_CASES)
    @pytest.mark.parametrize("dtype", utils.INT_DTYPES)
    @pytest.mark.parametrize("pattern", ["few_unique", "all_unique", "all_duplicate"])
    @pytest.mark.parametrize("return_inverse", [False, True])
    @pytest.mark.parametrize("return_counts", [False, True])
    def test_unique_dim_int(shape, dim, dtype, pattern, return_inverse, return_counts):
        if flag_gems.vendor_name == "kunlunxin":
>           torch.manual_seed(0)

test_unique_dim.py:97: 
_ _ _ _ _ _ _ _ _ _ _ _ _ _ _ _ _ _ _ _ _ _ _ _ _ _ _ _ _ _ _ _ _ _ _ _ _ _ _ _ 
/root/miniconda/envs/python310_torch29_cuda/lib/python3.10/site-packages/torch/_compile.py:53: in inner
    return disable_fn(*args, **kwargs)
/root/miniconda/envs/python310_torch29_cuda/lib/python3.10/site-packages/torch/_dynamo/eval_frame.py:1044: in _fn
    return fn(*args, **kwargs)
/root/miniconda/envs/python310_torch29_cuda/lib/python3.10/site-packages/torch/random.py:46: in manual_seed
    torch.cuda.manual_seed_all(seed)
/root/miniconda/envs/python310_torch29_cuda/lib/python3.10/site-packages/torch/cuda/random.py:131: in manual_seed_all
    _lazy_call(cb, seed_all=True)
/root/miniconda/envs/python310_torch29_cuda/lib/python3.10/site-packages/torch/cuda/__init__.py:341: in _lazy_call
    callable()
_ _ _ _ _ _ _ _ _ _ _ _ _ _ _ _ _ _ _ _ _ _ _ _ _ _ _ _ _ _ _ _ _ _ _ _ _ _ _ _ 

    def cb():
        for i in range(device_count()):
            default_generator = torch.cuda.default_generators[i]
>           default_generator.manual_seed(seed)
E           torch.AcceleratorError: CUDA error: unspecified launch failure
E           Search for `cudaErrorLaunchFailure' in https://docs.nvidia.com/cuda/cuda-runtime-api/group__CUDART__TYPES.html for more information.
E           CUDA kernel errors might be asynchronously reported at some other API call, so the stacktrace below might be incorrect.
E           For debugging consider passing CUDA_LAUNCH_BLOCKING=1
E           Compile with `TORCH_USE_CUDA_DSA` to enable device-side assertions.

/root/miniconda/envs/python310_torch29_cuda/lib/python3.10/site-packages/torch/cuda/random.py:129: AcceleratorError
__________ test_unique_dim_int[True-False-all_unique-dtype0-shape0-0] __________

shape = (8,), dim = 0, dtype = torch.int16, pattern = 'all_unique'
return_inverse = False, return_counts = True

    @pytest.mark.unique_dim
    @pytest.mark.parametrize("shape, dim", SHAPE_DIM_CASES)
    @pytest.mark.parametrize("dtype", utils.INT_DTYPES)
    @pytest.mark.parametrize("pattern", ["few_unique", "all_unique", "all_duplicate"])
    @pytest.mark.parametrize("return_inverse", [False, True])
    @pytest.mark.parametrize("return_counts", [False, True])
    def test_unique_dim_int(shape, dim, dtype, pattern, return_inverse, return_counts):
        if flag_gems.vendor_name == "kunlunxin":
>           torch.manual_seed(0)

test_unique_dim.py:97: 
_ _ _ _ _ _ _ _ _ _ _ _ _ _ _ _ _ _ _ _ _ _ _ _ _ _ _ _ _ _ _ _ _ _ _ _ _ _ _ _ 
/root/miniconda/envs/python310_torch29_cuda/lib/python3.10/site-packages/torch/_compile.py:53: in inner
    return disable_fn(*args, **kwargs)
/root/miniconda/envs/python310_torch29_cuda/lib/python3.10/site-packages/torch/_dynamo/eval_frame.py:1044: in _fn
    return fn(*args, **kwargs)
/root/miniconda/envs/python310_torch29_cuda/lib/python3.10/site-packages/torch/random.py:46: in manual_seed
    torch.cuda.manual_seed_all(seed)
/root/miniconda/envs/python310_torch29_cuda/lib/python3.10/site-packages/torch/cuda/random.py:131: in manual_seed_all
    _lazy_call(cb, seed_all=True)
/root/miniconda/envs/python310_torch29_cuda/lib/python3.10/site-packages/torch/cuda/__init__.py:341: in _lazy_call
    callable()
_ _ _ _ _ _ _ _ _ _ _ _ _ _ _ _ _ _ _ _ _ _ _ _ _ _ _ _ _ _ _ _ _ _ _ _ _ _ _ _ 

    def cb():
        for i in range(device_count()):
            default_generator = torch.cuda.default_generators[i]
>           default_generator.manual_seed(seed)
E           torch.AcceleratorError: CUDA error: unspecified launch failure
E           Search for `cudaErrorLaunchFailure' in https://docs.nvidia.com/cuda/cuda-runtime-api/group__CUDART__TYPES.html for more information.
E           CUDA kernel errors might be asynchronously reported at some other API call, so the stacktrace below might be incorrect.
E           For debugging consider passing CUDA_LAUNCH_BLOCKING=1
E           Compile with `TORCH_USE_CUDA_DSA` to enable device-side assertions.

/root/miniconda/envs/python310_torch29_cuda/lib/python3.10/site-packages/torch/cuda/random.py:129: AcceleratorError
_________ test_unique_dim_int[True-False-all_unique-dtype0-shape1--1] __________

shape = (8,), dim = -1, dtype = torch.int16, pattern = 'all_unique'
return_inverse = False, return_counts = True

    @pytest.mark.unique_dim
    @pytest.mark.parametrize("shape, dim", SHAPE_DIM_CASES)
    @pytest.mark.parametrize("dtype", utils.INT_DTYPES)
    @pytest.mark.parametrize("pattern", ["few_unique", "all_unique", "all_duplicate"])
    @pytest.mark.parametrize("return_inverse", [False, True])
    @pytest.mark.parametrize("return_counts", [False, True])
    def test_unique_dim_int(shape, dim, dtype, pattern, return_inverse, return_counts):
        if flag_gems.vendor_name == "kunlunxin":
>           torch.manual_seed(0)

test_unique_dim.py:97: 
_ _ _ _ _ _ _ _ _ _ _ _ _ _ _ _ _ _ _ _ _ _ _ _ _ _ _ _ _ _ _ _ _ _ _ _ _ _ _ _ 
/root/miniconda/envs/python310_torch29_cuda/lib/python3.10/site-packages/torch/_compile.py:53: in inner
    return disable_fn(*args, **kwargs)
/root/miniconda/envs/python310_torch29_cuda/lib/python3.10/site-packages/torch/_dynamo/eval_frame.py:1044: in _fn
    return fn(*args, **kwargs)
/root/miniconda/envs/python310_torch29_cuda/lib/python3.10/site-packages/torch/random.py:46: in manual_seed
    torch.cuda.manual_seed_all(seed)
/root/miniconda/envs/python310_torch29_cuda/lib/python3.10/site-packages/torch/cuda/random.py:131: in manual_seed_all
    _lazy_call(cb, seed_all=True)
/root/miniconda/envs/python310_torch29_cuda/lib/python3.10/site-packages/torch/cuda/__init__.py:341: in _lazy_call
    callable()
_ _ _ _ _ _ _ _ _ _ _ _ _ _ _ _ _ _ _ _ _ _ _ _ _ _ _ _ _ _ _ _ _ _ _ _ _ _ _ _ 

    def cb():
        for i in range(device_count()):
            default_generator = torch.cuda.default_generators[i]
>           default_generator.manual_seed(seed)
E           torch.AcceleratorError: CUDA error: unspecified launch failure
E           Search for `cudaErrorLaunchFailure' in https://docs.nvidia.com/cuda/cuda-runtime-api/group__CUDART__TYPES.html for more information.
E           CUDA kernel errors might be asynchronously reported at some other API call, so the stacktrace below might be incorrect.
E           For debugging consider passing CUDA_LAUNCH_BLOCKING=1
E           Compile with `TORCH_USE_CUDA_DSA` to enable device-side assertions.

/root/miniconda/envs/python310_torch29_cuda/lib/python3.10/site-packages/torch/cuda/random.py:129: AcceleratorError
__________ test_unique_dim_int[True-False-all_unique-dtype0-shape2-0] __________

shape = (16, 4), dim = 0, dtype = torch.int16, pattern = 'all_unique'
return_inverse = False, return_counts = True

    @pytest.mark.unique_dim
    @pytest.mark.parametrize("shape, dim", SHAPE_DIM_CASES)
    @pytest.mark.parametrize("dtype", utils.INT_DTYPES)
    @pytest.mark.parametrize("pattern", ["few_unique", "all_unique", "all_duplicate"])
    @pytest.mark.parametrize("return_inverse", [False, True])
    @pytest.mark.parametrize("return_counts", [False, True])
    def test_unique_dim_int(shape, dim, dtype, pattern, return_inverse, return_counts):
        if flag_gems.vendor_name == "kunlunxin":
>           torch.manual_seed(0)

test_unique_dim.py:97: 
_ _ _ _ _ _ _ _ _ _ _ _ _ _ _ _ _ _ _ _ _ _ _ _ _ _ _ _ _ _ _ _ _ _ _ _ _ _ _ _ 
/root/miniconda/envs/python310_torch29_cuda/lib/python3.10/site-packages/torch/_compile.py:53: in inner
    return disable_fn(*args, **kwargs)
/root/miniconda/envs/python310_torch29_cuda/lib/python3.10/site-packages/torch/_dynamo/eval_frame.py:1044: in _fn
    return fn(*args, **kwargs)
/root/miniconda/envs/python310_torch29_cuda/lib/python3.10/site-packages/torch/random.py:46: in manual_seed
    torch.cuda.manual_seed_all(seed)
/root/miniconda/envs/python310_torch29_cuda/lib/python3.10/site-packages/torch/cuda/random.py:131: in manual_seed_all
    _lazy_call(cb, seed_all=True)
/root/miniconda/envs/python310_torch29_cuda/lib/python3.10/site-packages/torch/cuda/__init__.py:341: in _lazy_call
    callable()
_ _ _ _ _ _ _ _ _ _ _ _ _ _ _ _ _ _ _ _ _ _ _ _ _ _ _ _ _ _ _ _ _ _ _ _ _ _ _ _ 

    def cb():
        for i in range(device_count()):
            default_generator = torch.cuda.default_generators[i]
>           default_generator.manual_seed(seed)
E           torch.AcceleratorError: CUDA error: unspecified launch failure
E           Search for `cudaErrorLaunchFailure' in https://docs.nvidia.com/cuda/cuda-runtime-api/group__CUDART__TYPES.html for more information.
E           CUDA kernel errors might be asynchronously reported at some other API call, so the stacktrace below might be incorrect.
E           For debugging consider passing CUDA_LAUNCH_BLOCKING=1
E           Compile with `TORCH_USE_CUDA_DSA` to enable device-side assertions.

/root/miniconda/envs/python310_torch29_cuda/lib/python3.10/site-packages/torch/cuda/random.py:129: AcceleratorError
__________ test_unique_dim_int[True-False-all_unique-dtype0-shape3-1] __________

shape = (16, 4), dim = 1, dtype = torch.int16, pattern = 'all_unique'
return_inverse = False, return_counts = True

    @pytest.mark.unique_dim
    @pytest.mark.parametrize("shape, dim", SHAPE_DIM_CASES)
    @pytest.mark.parametrize("dtype", utils.INT_DTYPES)
    @pytest.mark.parametrize("pattern", ["few_unique", "all_unique", "all_duplicate"])
    @pytest.mark.parametrize("return_inverse", [False, True])
    @pytest.mark.parametrize("return_counts", [False, True])
    def test_unique_dim_int(shape, dim, dtype, pattern, return_inverse, return_counts):
        if flag_gems.vendor_name == "kunlunxin":
>           torch.manual_seed(0)

test_unique_dim.py:97: 
_ _ _ _ _ _ _ _ _ _ _ _ _ _ _ _ _ _ _ _ _ _ _ _ _ _ _ _ _ _ _ _ _ _ _ _ _ _ _ _ 
/root/miniconda/envs/python310_torch29_cuda/lib/python3.10/site-packages/torch/_compile.py:53: in inner
    return disable_fn(*args, **kwargs)
/root/miniconda/envs/python310_torch29_cuda/lib/python3.10/site-packages/torch/_dynamo/eval_frame.py:1044: in _fn
    return fn(*args, **kwargs)
/root/miniconda/envs/python310_torch29_cuda/lib/python3.10/site-packages/torch/random.py:46: in manual_seed
    torch.cuda.manual_seed_all(seed)
/root/miniconda/envs/python310_torch29_cuda/lib/python3.10/site-packages/torch/cuda/random.py:131: in manual_seed_all
    _lazy_call(cb, seed_all=True)
/root/miniconda/envs/python310_torch29_cuda/lib/python3.10/site-packages/torch/cuda/__init__.py:341: in _lazy_call
    callable()
_ _ _ _ _ _ _ _ _ _ _ _ _ _ _ _ _ _ _ _ _ _ _ _ _ _ _ _ _ _ _ _ _ _ _ _ _ _ _ _ 

    def cb():
        for i in range(device_count()):
            default_generator = torch.cuda.default_generators[i]
>           default_generator.manual_seed(seed)
E           torch.AcceleratorError: CUDA error: unspecified launch failure
E           Search for `cudaErrorLaunchFailure' in https://docs.nvidia.com/cuda/cuda-runtime-api/group__CUDART__TYPES.html for more information.
E           CUDA kernel errors might be asynchronously reported at some other API call, so the stacktrace below might be incorrect.
E           For debugging consider passing CUDA_LAUNCH_BLOCKING=1
E           Compile with `TORCH_USE_CUDA_DSA` to enable device-side assertions.

/root/miniconda/envs/python310_torch29_cuda/lib/python3.10/site-packages/torch/cuda/random.py:129: AcceleratorError
_________ test_unique_dim_int[True-False-all_unique-dtype0-shape4--1] __________

shape = (16, 4), dim = -1, dtype = torch.int16, pattern = 'all_unique'
return_inverse = False, return_counts = True

    @pytest.mark.unique_dim
    @pytest.mark.parametrize("shape, dim", SHAPE_DIM_CASES)
    @pytest.mark.parametrize("dtype", utils.INT_DTYPES)
    @pytest.mark.parametrize("pattern", ["few_unique", "all_unique", "all_duplicate"])
    @pytest.mark.parametrize("return_inverse", [False, True])
    @pytest.mark.parametrize("return_counts", [False, True])
    def test_unique_dim_int(shape, dim, dtype, pattern, return_inverse, return_counts):
        if flag_gems.vendor_name == "kunlunxin":
>           torch.manual_seed(0)

test_unique_dim.py:97: 
_ _ _ _ _ _ _ _ _ _ _ _ _ _ _ _ _ _ _ _ _ _ _ _ _ _ _ _ _ _ _ _ _ _ _ _ _ _ _ _ 
/root/miniconda/envs/python310_torch29_cuda/lib/python3.10/site-packages/torch/_compile.py:53: in inner
    return disable_fn(*args, **kwargs)
/root/miniconda/envs/python310_torch29_cuda/lib/python3.10/site-packages/torch/_dynamo/eval_frame.py:1044: in _fn
    return fn(*args, **kwargs)
/root/miniconda/envs/python310_torch29_cuda/lib/python3.10/site-packages/torch/random.py:46: in manual_seed
    torch.cuda.manual_seed_all(seed)
/root/miniconda/envs/python310_torch29_cuda/lib/python3.10/site-packages/torch/cuda/random.py:131: in manual_seed_all
    _lazy_call(cb, seed_all=True)
/root/miniconda/envs/python310_torch29_cuda/lib/python3.10/site-packages/torch/cuda/__init__.py:341: in _lazy_call
    callable()
_ _ _ _ _ _ _ _ _ _ _ _ _ _ _ _ _ _ _ _ _ _ _ _ _ _ _ _ _ _ _ _ _ _ _ _ _ _ _ _ 

    def cb():
        for i in range(device_count()):
            default_generator = torch.cuda.default_generators[i]
>           default_generator.manual_seed(seed)
E           torch.AcceleratorError: CUDA error: unspecified launch failure
E           Search for `cudaErrorLaunchFailure' in https://docs.nvidia.com/cuda/cuda-runtime-api/group__CUDART__TYPES.html for more information.
E           CUDA kernel errors might be asynchronously reported at some other API call, so the stacktrace below might be incorrect.
E           For debugging consider passing CUDA_LAUNCH_BLOCKING=1
E           Compile with `TORCH_USE_CUDA_DSA` to enable device-side assertions.

/root/miniconda/envs/python310_torch29_cuda/lib/python3.10/site-packages/torch/cuda/random.py:129: AcceleratorError
__________ test_unique_dim_int[True-False-all_unique-dtype0-shape5-0] __________

shape = (4, 16), dim = 0, dtype = torch.int16, pattern = 'all_unique'
return_inverse = False, return_counts = True

    @pytest.mark.unique_dim
    @pytest.mark.parametrize("shape, dim", SHAPE_DIM_CASES)
    @pytest.mark.parametrize("dtype", utils.INT_DTYPES)
    @pytest.mark.parametrize("pattern", ["few_unique", "all_unique", "all_duplicate"])
    @pytest.mark.parametrize("return_inverse", [False, True])
    @pytest.mark.parametrize("return_counts", [False, True])
    def test_unique_dim_int(shape, dim, dtype, pattern, return_inverse, return_counts):
        if flag_gems.vendor_name == "kunlunxin":
>           torch.manual_seed(0)

test_unique_dim.py:97: 
_ _ _ _ _ _ _ _ _ _ _ _ _ _ _ _ _ _ _ _ _ _ _ _ _ _ _ _ _ _ _ _ _ _ _ _ _ _ _ _ 
/root/miniconda/envs/python310_torch29_cuda/lib/python3.10/site-packages/torch/_compile.py:53: in inner
    return disable_fn(*args, **kwargs)
/root/miniconda/envs/python310_torch29_cuda/lib/python3.10/site-packages/torch/_dynamo/eval_frame.py:1044: in _fn
    return fn(*args, **kwargs)
/root/miniconda/envs/python310_torch29_cuda/lib/python3.10/site-packages/torch/random.py:46: in manual_seed
    torch.cuda.manual_seed_all(seed)
/root/miniconda/envs/python310_torch29_cuda/lib/python3.10/site-packages/torch/cuda/random.py:131: in manual_seed_all
    _lazy_call(cb, seed_all=True)
/root/miniconda/envs/python310_torch29_cuda/lib/python3.10/site-packages/torch/cuda/__init__.py:341: in _lazy_call
    callable()
_ _ _ _ _ _ _ _ _ _ _ _ _ _ _ _ _ _ _ _ _ _ _ _ _ _ _ _ _ _ _ _ _ _ _ _ _ _ _ _ 

    def cb():
        for i in range(device_count()):
            default_generator = torch.cuda.default_generators[i]
>           default_generator.manual_seed(seed)
E           torch.AcceleratorError: CUDA error: unspecified launch failure
E           Search for `cudaErrorLaunchFailure' in https://docs.nvidia.com/cuda/cuda-runtime-api/group__CUDART__TYPES.html for more information.
E           CUDA kernel errors might be asynchronously reported at some other API call, so the stacktrace below might be incorrect.
E           For debugging consider passing CUDA_LAUNCH_BLOCKING=1
E           Compile with `TORCH_USE_CUDA_DSA` to enable device-side assertions.

/root/miniconda/envs/python310_torch29_cuda/lib/python3.10/site-packages/torch/cuda/random.py:129: AcceleratorError
__________ test_unique_dim_int[True-False-all_unique-dtype0-shape6-0] __________

shape = (32, 32), dim = 0, dtype = torch.int16, pattern = 'all_unique'
return_inverse = False, return_counts = True

    @pytest.mark.unique_dim
    @pytest.mark.parametrize("shape, dim", SHAPE_DIM_CASES)
    @pytest.mark.parametrize("dtype", utils.INT_DTYPES)
    @pytest.mark.parametrize("pattern", ["few_unique", "all_unique", "all_duplicate"])
    @pytest.mark.parametrize("return_inverse", [False, True])
    @pytest.mark.parametrize("return_counts", [False, True])
    def test_unique_dim_int(shape, dim, dtype, pattern, return_inverse, return_counts):
        if flag_gems.vendor_name == "kunlunxin":
>           torch.manual_seed(0)

test_unique_dim.py:97: 
_ _ _ _ _ _ _ _ _ _ _ _ _ _ _ _ _ _ _ _ _ _ _ _ _ _ _ _ _ _ _ _ _ _ _ _ _ _ _ _ 
/root/miniconda/envs/python310_torch29_cuda/lib/python3.10/site-packages/torch/_compile.py:53: in inner
    return disable_fn(*args, **kwargs)
/root/miniconda/envs/python310_torch29_cuda/lib/python3.10/site-packages/torch/_dynamo/eval_frame.py:1044: in _fn
    return fn(*args, **kwargs)
/root/miniconda/envs/python310_torch29_cuda/lib/python3.10/site-packages/torch/random.py:46: in manual_seed
    torch.cuda.manual_seed_all(seed)
/root/miniconda/envs/python310_torch29_cuda/lib/python3.10/site-packages/torch/cuda/random.py:131: in manual_seed_all
    _lazy_call(cb, seed_all=True)
/root/miniconda/envs/python310_torch29_cuda/lib/python3.10/site-packages/torch/cuda/__init__.py:341: in _lazy_call
    callable()
_ _ _ _ _ _ _ _ _ _ _ _ _ _ _ _ _ _ _ _ _ _ _ _ _ _ _ _ _ _ _ _ _ _ _ _ _ _ _ _ 

    def cb():
        for i in range(device_count()):
            default_generator = torch.cuda.default_generators[i]
>           default_generator.manual_seed(seed)
E           torch.AcceleratorError: CUDA error: unspecified launch failure
E           Search for `cudaErrorLaunchFailure' in https://docs.nvidia.com/cuda/cuda-runtime-api/group__CUDART__TYPES.html for more information.
E           CUDA kernel errors might be asynchronously reported at some other API call, so the stacktrace below might be incorrect.
E           For debugging consider passing CUDA_LAUNCH_BLOCKING=1
E           Compile with `TORCH_USE_CUDA_DSA` to enable device-side assertions.

/root/miniconda/envs/python310_torch29_cuda/lib/python3.10/site-packages/torch/cuda/random.py:129: AcceleratorError
__________ test_unique_dim_int[True-False-all_unique-dtype0-shape7-1] __________

shape = (32, 32), dim = 1, dtype = torch.int16, pattern = 'all_unique'
return_inverse = False, return_counts = True

    @pytest.mark.unique_dim
    @pytest.mark.parametrize("shape, dim", SHAPE_DIM_CASES)
    @pytest.mark.parametrize("dtype", utils.INT_DTYPES)
    @pytest.mark.parametrize("pattern", ["few_unique", "all_unique", "all_duplicate"])
    @pytest.mark.parametrize("return_inverse", [False, True])
    @pytest.mark.parametrize("return_counts", [False, True])
    def test_unique_dim_int(shape, dim, dtype, pattern, return_inverse, return_counts):
        if flag_gems.vendor_name == "kunlunxin":
>           torch.manual_seed(0)

test_unique_dim.py:97: 
_ _ _ _ _ _ _ _ _ _ _ _ _ _ _ _ _ _ _ _ _ _ _ _ _ _ _ _ _ _ _ _ _ _ _ _ _ _ _ _ 
/root/miniconda/envs/python310_torch29_cuda/lib/python3.10/site-packages/torch/_compile.py:53: in inner
    return disable_fn(*args, **kwargs)
/root/miniconda/envs/python310_torch29_cuda/lib/python3.10/site-packages/torch/_dynamo/eval_frame.py:1044: in _fn
    return fn(*args, **kwargs)
/root/miniconda/envs/python310_torch29_cuda/lib/python3.10/site-packages/torch/random.py:46: in manual_seed
    torch.cuda.manual_seed_all(seed)
/root/miniconda/envs/python310_torch29_cuda/lib/python3.10/site-packages/torch/cuda/random.py:131: in manual_seed_all
    _lazy_call(cb, seed_all=True)
/root/miniconda/envs/python310_torch29_cuda/lib/python3.10/site-packages/torch/cuda/__init__.py:341: in _lazy_call
    callable()
_ _ _ _ _ _ _ _ _ _ _ _ _ _ _ _ _ _ _ _ _ _ _ _ _ _ _ _ _ _ _ _ _ _ _ _ _ _ _ _ 

    def cb():
        for i in range(device_count()):
            default_generator = torch.cuda.default_generators[i]
>           default_generator.manual_seed(seed)
E           torch.AcceleratorError: CUDA error: unspecified launch failure
E           Search for `cudaErrorLaunchFailure' in https://docs.nvidia.com/cuda/cuda-runtime-api/group__CUDART__TYPES.html for more information.
E           CUDA kernel errors might be asynchronously reported at some other API call, so the stacktrace below might be incorrect.
E           For debugging consider passing CUDA_LAUNCH_BLOCKING=1
E           Compile with `TORCH_USE_CUDA_DSA` to enable device-side assertions.

/root/miniconda/envs/python310_torch29_cuda/lib/python3.10/site-packages/torch/cuda/random.py:129: AcceleratorError
__________ test_unique_dim_int[True-False-all_unique-dtype0-shape8-0] __________

shape = (6, 5, 4), dim = 0, dtype = torch.int16, pattern = 'all_unique'
return_inverse = False, return_counts = True

    @pytest.mark.unique_dim
    @pytest.mark.parametrize("shape, dim", SHAPE_DIM_CASES)
    @pytest.mark.parametrize("dtype", utils.INT_DTYPES)
    @pytest.mark.parametrize("pattern", ["few_unique", "all_unique", "all_duplicate"])
    @pytest.mark.parametrize("return_inverse", [False, True])
    @pytest.mark.parametrize("return_counts", [False, True])
    def test_unique_dim_int(shape, dim, dtype, pattern, return_inverse, return_counts):
        if flag_gems.vendor_name == "kunlunxin":
>           torch.manual_seed(0)

test_unique_dim.py:97: 
_ _ _ _ _ _ _ _ _ _ _ _ _ _ _ _ _ _ _ _ _ _ _ _ _ _ _ _ _ _ _ _ _ _ _ _ _ _ _ _ 
/root/miniconda/envs/python310_torch29_cuda/lib/python3.10/site-packages/torch/_compile.py:53: in inner
    return disable_fn(*args, **kwargs)
/root/miniconda/envs/python310_torch29_cuda/lib/python3.10/site-packages/torch/_dynamo/eval_frame.py:1044: in _fn
    return fn(*args, **kwargs)
/root/miniconda/envs/python310_torch29_cuda/lib/python3.10/site-packages/torch/random.py:46: in manual_seed
    torch.cuda.manual_seed_all(seed)
/root/miniconda/envs/python310_torch29_cuda/lib/python3.10/site-packages/torch/cuda/random.py:131: in manual_seed_all
    _lazy_call(cb, seed_all=True)
/root/miniconda/envs/python310_torch29_cuda/lib/python3.10/site-packages/torch/cuda/__init__.py:341: in _lazy_call
    callable()
_ _ _ _ _ _ _ _ _ _ _ _ _ _ _ _ _ _ _ _ _ _ _ _ _ _ _ _ _ _ _ _ _ _ _ _ _ _ _ _ 

    def cb():
        for i in range(device_count()):
            default_generator = torch.cuda.default_generators[i]
>           default_generator.manual_seed(seed)
E           torch.AcceleratorError: CUDA error: unspecified launch failure
E           Search for `cudaErrorLaunchFailure' in https://docs.nvidia.com/cuda/cuda-runtime-api/group__CUDART__TYPES.html for more information.
E           CUDA kernel errors might be asynchronously reported at some other API call, so the stacktrace below might be incorrect.
E           For debugging consider passing CUDA_LAUNCH_BLOCKING=1
E           Compile with `TORCH_USE_CUDA_DSA` to enable device-side assertions.

/root/miniconda/envs/python310_torch29_cuda/lib/python3.10/site-packages/torch/cuda/random.py:129: AcceleratorError
__________ test_unique_dim_int[True-False-all_unique-dtype0-shape9-1] __________

shape = (6, 5, 4), dim = 1, dtype = torch.int16, pattern = 'all_unique'
return_inverse = False, return_counts = True

    @pytest.mark.unique_dim
    @pytest.mark.parametrize("shape, dim", SHAPE_DIM_CASES)
    @pytest.mark.parametrize("dtype", utils.INT_DTYPES)
    @pytest.mark.parametrize("pattern", ["few_unique", "all_unique", "all_duplicate"])
    @pytest.mark.parametrize("return_inverse", [False, True])
    @pytest.mark.parametrize("return_counts", [False, True])
    def test_unique_dim_int(shape, dim, dtype, pattern, return_inverse, return_counts):
        if flag_gems.vendor_name == "kunlunxin":
>           torch.manual_seed(0)

test_unique_dim.py:97: 
_ _ _ _ _ _ _ _ _ _ _ _ _ _ _ _ _ _ _ _ _ _ _ _ _ _ _ _ _ _ _ _ _ _ _ _ _ _ _ _ 
/root/miniconda/envs/python310_torch29_cuda/lib/python3.10/site-packages/torch/_compile.py:53: in inner
    return disable_fn(*args, **kwargs)
/root/miniconda/envs/python310_torch29_cuda/lib/python3.10/site-packages/torch/_dynamo/eval_frame.py:1044: in _fn
    return fn(*args, **kwargs)
/root/miniconda/envs/python310_torch29_cuda/lib/python3.10/site-packages/torch/random.py:46: in manual_seed
    torch.cuda.manual_seed_all(seed)
/root/miniconda/envs/python310_torch29_cuda/lib/python3.10/site-packages/torch/cuda/random.py:131: in manual_seed_all
    _lazy_call(cb, seed_all=True)
/root/miniconda/envs/python310_torch29_cuda/lib/python3.10/site-packages/torch/cuda/__init__.py:341: in _lazy_call
    callable()
_ _ _ _ _ _ _ _ _ _ _ _ _ _ _ _ _ _ _ _ _ _ _ _ _ _ _ _ _ _ _ _ _ _ _ _ _ _ _ _ 

    def cb():
        for i in range(device_count()):
            default_generator = torch.cuda.default_generators[i]
>           default_generator.manual_seed(seed)
E           torch.AcceleratorError: CUDA error: unspecified launch failure
E           Search for `cudaErrorLaunchFailure' in https://docs.nvidia.com/cuda/cuda-runtime-api/group__CUDART__TYPES.html for more information.
E           CUDA kernel errors might be asynchronously reported at some other API call, so the stacktrace below might be incorrect.
E           For debugging consider passing CUDA_LAUNCH_BLOCKING=1
E           Compile with `TORCH_USE_CUDA_DSA` to enable device-side assertions.

/root/miniconda/envs/python310_torch29_cuda/lib/python3.10/site-packages/torch/cuda/random.py:129: AcceleratorError
_________ test_unique_dim_int[True-False-all_unique-dtype0-shape10-2] __________

shape = (6, 5, 4), dim = 2, dtype = torch.int16, pattern = 'all_unique'
return_inverse = False, return_counts = True

    @pytest.mark.unique_dim
    @pytest.mark.parametrize("shape, dim", SHAPE_DIM_CASES)
    @pytest.mark.parametrize("dtype", utils.INT_DTYPES)
    @pytest.mark.parametrize("pattern", ["few_unique", "all_unique", "all_duplicate"])
    @pytest.mark.parametrize("return_inverse", [False, True])
    @pytest.mark.parametrize("return_counts", [False, True])
    def test_unique_dim_int(shape, dim, dtype, pattern, return_inverse, return_counts):
        if flag_gems.vendor_name == "kunlunxin":
>           torch.manual_seed(0)

test_unique_dim.py:97: 
_ _ _ _ _ _ _ _ _ _ _ _ _ _ _ _ _ _ _ _ _ _ _ _ _ _ _ _ _ _ _ _ _ _ _ _ _ _ _ _ 
/root/miniconda/envs/python310_torch29_cuda/lib/python3.10/site-packages/torch/_compile.py:53: in inner
    return disable_fn(*args, **kwargs)
/root/miniconda/envs/python310_torch29_cuda/lib/python3.10/site-packages/torch/_dynamo/eval_frame.py:1044: in _fn
    return fn(*args, **kwargs)
/root/miniconda/envs/python310_torch29_cuda/lib/python3.10/site-packages/torch/random.py:46: in manual_seed
    torch.cuda.manual_seed_all(seed)
/root/miniconda/envs/python310_torch29_cuda/lib/python3.10/site-packages/torch/cuda/random.py:131: in manual_seed_all
    _lazy_call(cb, seed_all=True)
/root/miniconda/envs/python310_torch29_cuda/lib/python3.10/site-packages/torch/cuda/__init__.py:341: in _lazy_call
    callable()
_ _ _ _ _ _ _ _ _ _ _ _ _ _ _ _ _ _ _ _ _ _ _ _ _ _ _ _ _ _ _ _ _ _ _ _ _ _ _ _ 

    def cb():
        for i in range(device_count()):
            default_generator = torch.cuda.default_generators[i]
>           default_generator.manual_seed(seed)
E           torch.AcceleratorError: CUDA error: unspecified launch failure
E           Search for `cudaErrorLaunchFailure' in https://docs.nvidia.com/cuda/cuda-runtime-api/group__CUDART__TYPES.html for more information.
E           CUDA kernel errors might be asynchronously reported at some other API call, so the stacktrace below might be incorrect.
E           For debugging consider passing CUDA_LAUNCH_BLOCKING=1
E           Compile with `TORCH_USE_CUDA_DSA` to enable device-side assertions.

/root/miniconda/envs/python310_torch29_cuda/lib/python3.10/site-packages/torch/cuda/random.py:129: AcceleratorError
_________ test_unique_dim_int[True-False-all_unique-dtype0-shape11--2] _________

shape = (6, 5, 4), dim = -2, dtype = torch.int16, pattern = 'all_unique'
return_inverse = False, return_counts = True

    @pytest.mark.unique_dim
    @pytest.mark.parametrize("shape, dim", SHAPE_DIM_CASES)
    @pytest.mark.parametrize("dtype", utils.INT_DTYPES)
    @pytest.mark.parametrize("pattern", ["few_unique", "all_unique", "all_duplicate"])
    @pytest.mark.parametrize("return_inverse", [False, True])
    @pytest.mark.parametrize("return_counts", [False, True])
    def test_unique_dim_int(shape, dim, dtype, pattern, return_inverse, return_counts):
        if flag_gems.vendor_name == "kunlunxin":
>           torch.manual_seed(0)

test_unique_dim.py:97: 
_ _ _ _ _ _ _ _ _ _ _ _ _ _ _ _ _ _ _ _ _ _ _ _ _ _ _ _ _ _ _ _ _ _ _ _ _ _ _ _ 
/root/miniconda/envs/python310_torch29_cuda/lib/python3.10/site-packages/torch/_compile.py:53: in inner
    return disable_fn(*args, **kwargs)
/root/miniconda/envs/python310_torch29_cuda/lib/python3.10/site-packages/torch/_dynamo/eval_frame.py:1044: in _fn
    return fn(*args, **kwargs)
/root/miniconda/envs/python310_torch29_cuda/lib/python3.10/site-packages/torch/random.py:46: in manual_seed
    torch.cuda.manual_seed_all(seed)
/root/miniconda/envs/python310_torch29_cuda/lib/python3.10/site-packages/torch/cuda/random.py:131: in manual_seed_all
    _lazy_call(cb, seed_all=True)
/root/miniconda/envs/python310_torch29_cuda/lib/python3.10/site-packages/torch/cuda/__init__.py:341: in _lazy_call
    callable()
_ _ _ _ _ _ _ _ _ _ _ _ _ _ _ _ _ _ _ _ _ _ _ _ _ _ _ _ _ _ _ _ _ _ _ _ _ _ _ _ 

    def cb():
        for i in range(device_count()):
            default_generator = torch.cuda.default_generators[i]
>           default_generator.manual_seed(seed)
E           torch.AcceleratorError: CUDA error: unspecified launch failure
E           Search for `cudaErrorLaunchFailure' in https://docs.nvidia.com/cuda/cuda-runtime-api/group__CUDART__TYPES.html for more information.
E           CUDA kernel errors might be asynchronously reported at some other API call, so the stacktrace below might be incorrect.
E           For debugging consider passing CUDA_LAUNCH_BLOCKING=1
E           Compile with `TORCH_USE_CUDA_DSA` to enable device-side assertions.

/root/miniconda/envs/python310_torch29_cuda/lib/python3.10/site-packages/torch/cuda/random.py:129: AcceleratorError
_________ test_unique_dim_int[True-False-all_unique-dtype0-shape12-2] __________

shape = (3, 4, 5, 6), dim = 2, dtype = torch.int16, pattern = 'all_unique'
return_inverse = False, return_counts = True

    @pytest.mark.unique_dim
    @pytest.mark.parametrize("shape, dim", SHAPE_DIM_CASES)
    @pytest.mark.parametrize("dtype", utils.INT_DTYPES)
    @pytest.mark.parametrize("pattern", ["few_unique", "all_unique", "all_duplicate"])
    @pytest.mark.parametrize("return_inverse", [False, True])
    @pytest.mark.parametrize("return_counts", [False, True])
    def test_unique_dim_int(shape, dim, dtype, pattern, return_inverse, return_counts):
        if flag_gems.vendor_name == "kunlunxin":
>           torch.manual_seed(0)

test_unique_dim.py:97: 
_ _ _ _ _ _ _ _ _ _ _ _ _ _ _ _ _ _ _ _ _ _ _ _ _ _ _ _ _ _ _ _ _ _ _ _ _ _ _ _ 
/root/miniconda/envs/python310_torch29_cuda/lib/python3.10/site-packages/torch/_compile.py:53: in inner
    return disable_fn(*args, **kwargs)
/root/miniconda/envs/python310_torch29_cuda/lib/python3.10/site-packages/torch/_dynamo/eval_frame.py:1044: in _fn
    return fn(*args, **kwargs)
/root/miniconda/envs/python310_torch29_cuda/lib/python3.10/site-packages/torch/random.py:46: in manual_seed
    torch.cuda.manual_seed_all(seed)
/root/miniconda/envs/python310_torch29_cuda/lib/python3.10/site-packages/torch/cuda/random.py:131: in manual_seed_all
    _lazy_call(cb, seed_all=True)
/root/miniconda/envs/python310_torch29_cuda/lib/python3.10/site-packages/torch/cuda/__init__.py:341: in _lazy_call
    callable()
_ _ _ _ _ _ _ _ _ _ _ _ _ _ _ _ _ _ _ _ _ _ _ _ _ _ _ _ _ _ _ _ _ _ _ _ _ _ _ _ 

    def cb():
        for i in range(device_count()):
            default_generator = torch.cuda.default_generators[i]
>           default_generator.manual_seed(seed)
E           torch.AcceleratorError: CUDA error: unspecified launch failure
E           Search for `cudaErrorLaunchFailure' in https://docs.nvidia.com/cuda/cuda-runtime-api/group__CUDART__TYPES.html for more information.
E           CUDA kernel errors might be asynchronously reported at some other API call, so the stacktrace below might be incorrect.
E           For debugging consider passing CUDA_LAUNCH_BLOCKING=1
E           Compile with `TORCH_USE_CUDA_DSA` to enable device-side assertions.

/root/miniconda/envs/python310_torch29_cuda/lib/python3.10/site-packages/torch/cuda/random.py:129: AcceleratorError
_________ test_unique_dim_int[True-False-all_unique-dtype0-shape13--1] _________

shape = (3, 4, 5, 6), dim = -1, dtype = torch.int16, pattern = 'all_unique'
return_inverse = False, return_counts = True

    @pytest.mark.unique_dim
    @pytest.mark.parametrize("shape, dim", SHAPE_DIM_CASES)
    @pytest.mark.parametrize("dtype", utils.INT_DTYPES)
    @pytest.mark.parametrize("pattern", ["few_unique", "all_unique", "all_duplicate"])
    @pytest.mark.parametrize("return_inverse", [False, True])
    @pytest.mark.parametrize("return_counts", [False, True])
    def test_unique_dim_int(shape, dim, dtype, pattern, return_inverse, return_counts):
        if flag_gems.vendor_name == "kunlunxin":
>           torch.manual_seed(0)

test_unique_dim.py:97: 
_ _ _ _ _ _ _ _ _ _ _ _ _ _ _ _ _ _ _ _ _ _ _ _ _ _ _ _ _ _ _ _ _ _ _ _ _ _ _ _ 
/root/miniconda/envs/python310_torch29_cuda/lib/python3.10/site-packages/torch/_compile.py:53: in inner
    return disable_fn(*args, **kwargs)
/root/miniconda/envs/python310_torch29_cuda/lib/python3.10/site-packages/torch/_dynamo/eval_frame.py:1044: in _fn
    return fn(*args, **kwargs)
/root/miniconda/envs/python310_torch29_cuda/lib/python3.10/site-packages/torch/random.py:46: in manual_seed
    torch.cuda.manual_seed_all(seed)
/root/miniconda/envs/python310_torch29_cuda/lib/python3.10/site-packages/torch/cuda/random.py:131: in manual_seed_all
    _lazy_call(cb, seed_all=True)
/root/miniconda/envs/python310_torch29_cuda/lib/python3.10/site-packages/torch/cuda/__init__.py:341: in _lazy_call
    callable()
_ _ _ _ _ _ _ _ _ _ _ _ _ _ _ _ _ _ _ _ _ _ _ _ _ _ _ _ _ _ _ _ _ _ _ _ _ _ _ _ 

    def cb():
        for i in range(device_count()):
            default_generator = torch.cuda.default_generators[i]
>           default_generator.manual_seed(seed)
E           torch.AcceleratorError: CUDA error: unspecified launch failure
E           Search for `cudaErrorLaunchFailure' in https://docs.nvidia.com/cuda/cuda-runtime-api/group__CUDART__TYPES.html for more information.
E           CUDA kernel errors might be asynchronously reported at some other API call, so the stacktrace below might be incorrect.
E           For debugging consider passing CUDA_LAUNCH_BLOCKING=1
E           Compile with `TORCH_USE_CUDA_DSA` to enable device-side assertions.

/root/miniconda/envs/python310_torch29_cuda/lib/python3.10/site-packages/torch/cuda/random.py:129: AcceleratorError
__________ test_unique_dim_int[True-False-all_unique-dtype1-shape0-0] __________

shape = (8,), dim = 0, dtype = torch.int32, pattern = 'all_unique'
return_inverse = False, return_counts = True

    @pytest.mark.unique_dim
    @pytest.mark.parametrize("shape, dim", SHAPE_DIM_CASES)
    @pytest.mark.parametrize("dtype", utils.INT_DTYPES)
    @pytest.mark.parametrize("pattern", ["few_unique", "all_unique", "all_duplicate"])
    @pytest.mark.parametrize("return_inverse", [False, True])
    @pytest.mark.parametrize("return_counts", [False, True])
    def test_unique_dim_int(shape, dim, dtype, pattern, return_inverse, return_counts):
        if flag_gems.vendor_name == "kunlunxin":
>           torch.manual_seed(0)

test_unique_dim.py:97: 
_ _ _ _ _ _ _ _ _ _ _ _ _ _ _ _ _ _ _ _ _ _ _ _ _ _ _ _ _ _ _ _ _ _ _ _ _ _ _ _ 
/root/miniconda/envs/python310_torch29_cuda/lib/python3.10/site-packages/torch/_compile.py:53: in inner
    return disable_fn(*args, **kwargs)
/root/miniconda/envs/python310_torch29_cuda/lib/python3.10/site-packages/torch/_dynamo/eval_frame.py:1044: in _fn
    return fn(*args, **kwargs)
/root/miniconda/envs/python310_torch29_cuda/lib/python3.10/site-packages/torch/random.py:46: in manual_seed
    torch.cuda.manual_seed_all(seed)
/root/miniconda/envs/python310_torch29_cuda/lib/python3.10/site-packages/torch/cuda/random.py:131: in manual_seed_all
    _lazy_call(cb, seed_all=True)
/root/miniconda/envs/python310_torch29_cuda/lib/python3.10/site-packages/torch/cuda/__init__.py:341: in _lazy_call
    callable()
_ _ _ _ _ _ _ _ _ _ _ _ _ _ _ _ _ _ _ _ _ _ _ _ _ _ _ _ _ _ _ _ _ _ _ _ _ _ _ _ 

    def cb():
        for i in range(device_count()):
            default_generator = torch.cuda.default_generators[i]
>           default_generator.manual_seed(seed)
E           torch.AcceleratorError: CUDA error: unspecified launch failure
E           Search for `cudaErrorLaunchFailure' in https://docs.nvidia.com/cuda/cuda-runtime-api/group__CUDART__TYPES.html for more information.
E           CUDA kernel errors might be asynchronously reported at some other API call, so the stacktrace below might be incorrect.
E           For debugging consider passing CUDA_LAUNCH_BLOCKING=1
E           Compile with `TORCH_USE_CUDA_DSA` to enable device-side assertions.

/root/miniconda/envs/python310_torch29_cuda/lib/python3.10/site-packages/torch/cuda/random.py:129: AcceleratorError
_________ test_unique_dim_int[True-False-all_unique-dtype1-shape1--1] __________

shape = (8,), dim = -1, dtype = torch.int32, pattern = 'all_unique'
return_inverse = False, return_counts = True

    @pytest.mark.unique_dim
    @pytest.mark.parametrize("shape, dim", SHAPE_DIM_CASES)
    @pytest.mark.parametrize("dtype", utils.INT_DTYPES)
    @pytest.mark.parametrize("pattern", ["few_unique", "all_unique", "all_duplicate"])
    @pytest.mark.parametrize("return_inverse", [False, True])
    @pytest.mark.parametrize("return_counts", [False, True])
    def test_unique_dim_int(shape, dim, dtype, pattern, return_inverse, return_counts):
        if flag_gems.vendor_name == "kunlunxin":
>           torch.manual_seed(0)

test_unique_dim.py:97: 
_ _ _ _ _ _ _ _ _ _ _ _ _ _ _ _ _ _ _ _ _ _ _ _ _ _ _ _ _ _ _ _ _ _ _ _ _ _ _ _ 
/root/miniconda/envs/python310_torch29_cuda/lib/python3.10/site-packages/torch/_compile.py:53: in inner
    return disable_fn(*args, **kwargs)
/root/miniconda/envs/python310_torch29_cuda/lib/python3.10/site-packages/torch/_dynamo/eval_frame.py:1044: in _fn
    return fn(*args, **kwargs)
/root/miniconda/envs/python310_torch29_cuda/lib/python3.10/site-packages/torch/random.py:46: in manual_seed
    torch.cuda.manual_seed_all(seed)
/root/miniconda/envs/python310_torch29_cuda/lib/python3.10/site-packages/torch/cuda/random.py:131: in manual_seed_all
    _lazy_call(cb, seed_all=True)
/root/miniconda/envs/python310_torch29_cuda/lib/python3.10/site-packages/torch/cuda/__init__.py:341: in _lazy_call
    callable()
_ _ _ _ _ _ _ _ _ _ _ _ _ _ _ _ _ _ _ _ _ _ _ _ _ _ _ _ _ _ _ _ _ _ _ _ _ _ _ _ 

    def cb():
        for i in range(device_count()):
            default_generator = torch.cuda.default_generators[i]
>           default_generator.manual_seed(seed)
E           torch.AcceleratorError: CUDA error: unspecified launch failure
E           Search for `cudaErrorLaunchFailure' in https://docs.nvidia.com/cuda/cuda-runtime-api/group__CUDART__TYPES.html for more information.
E           CUDA kernel errors might be asynchronously reported at some other API call, so the stacktrace below might be incorrect.
E           For debugging consider passing CUDA_LAUNCH_BLOCKING=1
E           Compile with `TORCH_USE_CUDA_DSA` to enable device-side assertions.

/root/miniconda/envs/python310_torch29_cuda/lib/python3.10/site-packages/torch/cuda/random.py:129: AcceleratorError
__________ test_unique_dim_int[True-False-all_unique-dtype1-shape2-0] __________

shape = (16, 4), dim = 0, dtype = torch.int32, pattern = 'all_unique'
return_inverse = False, return_counts = True

    @pytest.mark.unique_dim
    @pytest.mark.parametrize("shape, dim", SHAPE_DIM_CASES)
    @pytest.mark.parametrize("dtype", utils.INT_DTYPES)
    @pytest.mark.parametrize("pattern", ["few_unique", "all_unique", "all_duplicate"])
    @pytest.mark.parametrize("return_inverse", [False, True])
    @pytest.mark.parametrize("return_counts", [False, True])
    def test_unique_dim_int(shape, dim, dtype, pattern, return_inverse, return_counts):
        if flag_gems.vendor_name == "kunlunxin":
>           torch.manual_seed(0)

test_unique_dim.py:97: 
_ _ _ _ _ _ _ _ _ _ _ _ _ _ _ _ _ _ _ _ _ _ _ _ _ _ _ _ _ _ _ _ _ _ _ _ _ _ _ _ 
/root/miniconda/envs/python310_torch29_cuda/lib/python3.10/site-packages/torch/_compile.py:53: in inner
    return disable_fn(*args, **kwargs)
/root/miniconda/envs/python310_torch29_cuda/lib/python3.10/site-packages/torch/_dynamo/eval_frame.py:1044: in _fn
    return fn(*args, **kwargs)
/root/miniconda/envs/python310_torch29_cuda/lib/python3.10/site-packages/torch/random.py:46: in manual_seed
    torch.cuda.manual_seed_all(seed)
/root/miniconda/envs/python310_torch29_cuda/lib/python3.10/site-packages/torch/cuda/random.py:131: in manual_seed_all
    _lazy_call(cb, seed_all=True)
/root/miniconda/envs/python310_torch29_cuda/lib/python3.10/site-packages/torch/cuda/__init__.py:341: in _lazy_call
    callable()
_ _ _ _ _ _ _ _ _ _ _ _ _ _ _ _ _ _ _ _ _ _ _ _ _ _ _ _ _ _ _ _ _ _ _ _ _ _ _ _ 

    def cb():
        for i in range(device_count()):
            default_generator = torch.cuda.default_generators[i]
>           default_generator.manual_seed(seed)
E           torch.AcceleratorError: CUDA error: unspecified launch failure
E           Search for `cudaErrorLaunchFailure' in https://docs.nvidia.com/cuda/cuda-runtime-api/group__CUDART__TYPES.html for more information.
E           CUDA kernel errors might be asynchronously reported at some other API call, so the stacktrace below might be incorrect.
E           For debugging consider passing CUDA_LAUNCH_BLOCKING=1
E           Compile with `TORCH_USE_CUDA_DSA` to enable device-side assertions.

/root/miniconda/envs/python310_torch29_cuda/lib/python3.10/site-packages/torch/cuda/random.py:129: AcceleratorError
__________ test_unique_dim_int[True-False-all_unique-dtype1-shape3-1] __________

shape = (16, 4), dim = 1, dtype = torch.int32, pattern = 'all_unique'
return_inverse = False, return_counts = True

    @pytest.mark.unique_dim
    @pytest.mark.parametrize("shape, dim", SHAPE_DIM_CASES)
    @pytest.mark.parametrize("dtype", utils.INT_DTYPES)
    @pytest.mark.parametrize("pattern", ["few_unique", "all_unique", "all_duplicate"])
    @pytest.mark.parametrize("return_inverse", [False, True])
    @pytest.mark.parametrize("return_counts", [False, True])
    def test_unique_dim_int(shape, dim, dtype, pattern, return_inverse, return_counts):
        if flag_gems.vendor_name == "kunlunxin":
>           torch.manual_seed(0)

test_unique_dim.py:97: 
_ _ _ _ _ _ _ _ _ _ _ _ _ _ _ _ _ _ _ _ _ _ _ _ _ _ _ _ _ _ _ _ _ _ _ _ _ _ _ _ 
/root/miniconda/envs/python310_torch29_cuda/lib/python3.10/site-packages/torch/_compile.py:53: in inner
    return disable_fn(*args, **kwargs)
/root/miniconda/envs/python310_torch29_cuda/lib/python3.10/site-packages/torch/_dynamo/eval_frame.py:1044: in _fn
    return fn(*args, **kwargs)
/root/miniconda/envs/python310_torch29_cuda/lib/python3.10/site-packages/torch/random.py:46: in manual_seed
    torch.cuda.manual_seed_all(seed)
/root/miniconda/envs/python310_torch29_cuda/lib/python3.10/site-packages/torch/cuda/random.py:131: in manual_seed_all
    _lazy_call(cb, seed_all=True)
/root/miniconda/envs/python310_torch29_cuda/lib/python3.10/site-packages/torch/cuda/__init__.py:341: in _lazy_call
    callable()
_ _ _ _ _ _ _ _ _ _ _ _ _ _ _ _ _ _ _ _ _ _ _ _ _ _ _ _ _ _ _ _ _ _ _ _ _ _ _ _ 

    def cb():
        for i in range(device_count()):
            default_generator = torch.cuda.default_generators[i]
>           default_generator.manual_seed(seed)
E           torch.AcceleratorError: CUDA error: unspecified launch failure
E           Search for `cudaErrorLaunchFailure' in https://docs.nvidia.com/cuda/cuda-runtime-api/group__CUDART__TYPES.html for more information.
E           CUDA kernel errors might be asynchronously reported at some other API call, so the stacktrace below might be incorrect.
E           For debugging consider passing CUDA_LAUNCH_BLOCKING=1
E           Compile with `TORCH_USE_CUDA_DSA` to enable device-side assertions.

/root/miniconda/envs/python310_torch29_cuda/lib/python3.10/site-packages/torch/cuda/random.py:129: AcceleratorError
_________ test_unique_dim_int[True-False-all_unique-dtype1-shape4--1] __________

shape = (16, 4), dim = -1, dtype = torch.int32, pattern = 'all_unique'
return_inverse = False, return_counts = True

    @pytest.mark.unique_dim
    @pytest.mark.parametrize("shape, dim", SHAPE_DIM_CASES)
    @pytest.mark.parametrize("dtype", utils.INT_DTYPES)
    @pytest.mark.parametrize("pattern", ["few_unique", "all_unique", "all_duplicate"])
    @pytest.mark.parametrize("return_inverse", [False, True])
    @pytest.mark.parametrize("return_counts", [False, True])
    def test_unique_dim_int(shape, dim, dtype, pattern, return_inverse, return_counts):
        if flag_gems.vendor_name == "kunlunxin":
>           torch.manual_seed(0)

test_unique_dim.py:97: 
_ _ _ _ _ _ _ _ _ _ _ _ _ _ _ _ _ _ _ _ _ _ _ _ _ _ _ _ _ _ _ _ _ _ _ _ _ _ _ _ 
/root/miniconda/envs/python310_torch29_cuda/lib/python3.10/site-packages/torch/_compile.py:53: in inner
    return disable_fn(*args, **kwargs)
/root/miniconda/envs/python310_torch29_cuda/lib/python3.10/site-packages/torch/_dynamo/eval_frame.py:1044: in _fn
    return fn(*args, **kwargs)
/root/miniconda/envs/python310_torch29_cuda/lib/python3.10/site-packages/torch/random.py:46: in manual_seed
    torch.cuda.manual_seed_all(seed)
/root/miniconda/envs/python310_torch29_cuda/lib/python3.10/site-packages/torch/cuda/random.py:131: in manual_seed_all
    _lazy_call(cb, seed_all=True)
/root/miniconda/envs/python310_torch29_cuda/lib/python3.10/site-packages/torch/cuda/__init__.py:341: in _lazy_call
    callable()
_ _ _ _ _ _ _ _ _ _ _ _ _ _ _ _ _ _ _ _ _ _ _ _ _ _ _ _ _ _ _ _ _ _ _ _ _ _ _ _ 

    def cb():
        for i in range(device_count()):
            default_generator = torch.cuda.default_generators[i]
>           default_generator.manual_seed(seed)
E           torch.AcceleratorError: CUDA error: unspecified launch failure
E           Search for `cudaErrorLaunchFailure' in https://docs.nvidia.com/cuda/cuda-runtime-api/group__CUDART__TYPES.html for more information.
E           CUDA kernel errors might be asynchronously reported at some other API call, so the stacktrace below might be incorrect.
E           For debugging consider passing CUDA_LAUNCH_BLOCKING=1
E           Compile with `TORCH_USE_CUDA_DSA` to enable device-side assertions.

/root/miniconda/envs/python310_torch29_cuda/lib/python3.10/site-packages/torch/cuda/random.py:129: AcceleratorError
__________ test_unique_dim_int[True-False-all_unique-dtype1-shape5-0] __________

shape = (4, 16), dim = 0, dtype = torch.int32, pattern = 'all_unique'
return_inverse = False, return_counts = True

    @pytest.mark.unique_dim
    @pytest.mark.parametrize("shape, dim", SHAPE_DIM_CASES)
    @pytest.mark.parametrize("dtype", utils.INT_DTYPES)
    @pytest.mark.parametrize("pattern", ["few_unique", "all_unique", "all_duplicate"])
    @pytest.mark.parametrize("return_inverse", [False, True])
    @pytest.mark.parametrize("return_counts", [False, True])
    def test_unique_dim_int(shape, dim, dtype, pattern, return_inverse, return_counts):
        if flag_gems.vendor_name == "kunlunxin":
>           torch.manual_seed(0)

test_unique_dim.py:97: 
_ _ _ _ _ _ _ _ _ _ _ _ _ _ _ _ _ _ _ _ _ _ _ _ _ _ _ _ _ _ _ _ _ _ _ _ _ _ _ _ 
/root/miniconda/envs/python310_torch29_cuda/lib/python3.10/site-packages/torch/_compile.py:53: in inner
    return disable_fn(*args, **kwargs)
/root/miniconda/envs/python310_torch29_cuda/lib/python3.10/site-packages/torch/_dynamo/eval_frame.py:1044: in _fn
    return fn(*args, **kwargs)
/root/miniconda/envs/python310_torch29_cuda/lib/python3.10/site-packages/torch/random.py:46: in manual_seed
    torch.cuda.manual_seed_all(seed)
/root/miniconda/envs/python310_torch29_cuda/lib/python3.10/site-packages/torch/cuda/random.py:131: in manual_seed_all
    _lazy_call(cb, seed_all=True)
/root/miniconda/envs/python310_torch29_cuda/lib/python3.10/site-packages/torch/cuda/__init__.py:341: in _lazy_call
    callable()
_ _ _ _ _ _ _ _ _ _ _ _ _ _ _ _ _ _ _ _ _ _ _ _ _ _ _ _ _ _ _ _ _ _ _ _ _ _ _ _ 

    def cb():
        for i in range(device_count()):
            default_generator = torch.cuda.default_generators[i]
>           default_generator.manual_seed(seed)
E           torch.AcceleratorError: CUDA error: unspecified launch failure
E           Search for `cudaErrorLaunchFailure' in https://docs.nvidia.com/cuda/cuda-runtime-api/group__CUDART__TYPES.html for more information.
E           CUDA kernel errors might be asynchronously reported at some other API call, so the stacktrace below might be incorrect.
E           For debugging consider passing CUDA_LAUNCH_BLOCKING=1
E           Compile with `TORCH_USE_CUDA_DSA` to enable device-side assertions.

/root/miniconda/envs/python310_torch29_cuda/lib/python3.10/site-packages/torch/cuda/random.py:129: AcceleratorError
__________ test_unique_dim_int[True-False-all_unique-dtype1-shape6-0] __________

shape = (32, 32), dim = 0, dtype = torch.int32, pattern = 'all_unique'
return_inverse = False, return_counts = True

    @pytest.mark.unique_dim
    @pytest.mark.parametrize("shape, dim", SHAPE_DIM_CASES)
    @pytest.mark.parametrize("dtype", utils.INT_DTYPES)
    @pytest.mark.parametrize("pattern", ["few_unique", "all_unique", "all_duplicate"])
    @pytest.mark.parametrize("return_inverse", [False, True])
    @pytest.mark.parametrize("return_counts", [False, True])
    def test_unique_dim_int(shape, dim, dtype, pattern, return_inverse, return_counts):
        if flag_gems.vendor_name == "kunlunxin":
>           torch.manual_seed(0)

test_unique_dim.py:97: 
_ _ _ _ _ _ _ _ _ _ _ _ _ _ _ _ _ _ _ _ _ _ _ _ _ _ _ _ _ _ _ _ _ _ _ _ _ _ _ _ 
/root/miniconda/envs/python310_torch29_cuda/lib/python3.10/site-packages/torch/_compile.py:53: in inner
    return disable_fn(*args, **kwargs)
/root/miniconda/envs/python310_torch29_cuda/lib/python3.10/site-packages/torch/_dynamo/eval_frame.py:1044: in _fn
    return fn(*args, **kwargs)
/root/miniconda/envs/python310_torch29_cuda/lib/python3.10/site-packages/torch/random.py:46: in manual_seed
    torch.cuda.manual_seed_all(seed)
/root/miniconda/envs/python310_torch29_cuda/lib/python3.10/site-packages/torch/cuda/random.py:131: in manual_seed_all
    _lazy_call(cb, seed_all=True)
/root/miniconda/envs/python310_torch29_cuda/lib/python3.10/site-packages/torch/cuda/__init__.py:341: in _lazy_call
    callable()
_ _ _ _ _ _ _ _ _ _ _ _ _ _ _ _ _ _ _ _ _ _ _ _ _ _ _ _ _ _ _ _ _ _ _ _ _ _ _ _ 

    def cb():
        for i in range(device_count()):
            default_generator = torch.cuda.default_generators[i]
>           default_generator.manual_seed(seed)
E           torch.AcceleratorError: CUDA error: unspecified launch failure
E           Search for `cudaErrorLaunchFailure' in https://docs.nvidia.com/cuda/cuda-runtime-api/group__CUDART__TYPES.html for more information.
E           CUDA kernel errors might be asynchronously reported at some other API call, so the stacktrace below might be incorrect.
E           For debugging consider passing CUDA_LAUNCH_BLOCKING=1
E           Compile with `TORCH_USE_CUDA_DSA` to enable device-side assertions.

/root/miniconda/envs/python310_torch29_cuda/lib/python3.10/site-packages/torch/cuda/random.py:129: AcceleratorError
__________ test_unique_dim_int[True-False-all_unique-dtype1-shape7-1] __________

shape = (32, 32), dim = 1, dtype = torch.int32, pattern = 'all_unique'
return_inverse = False, return_counts = True

    @pytest.mark.unique_dim
    @pytest.mark.parametrize("shape, dim", SHAPE_DIM_CASES)
    @pytest.mark.parametrize("dtype", utils.INT_DTYPES)
    @pytest.mark.parametrize("pattern", ["few_unique", "all_unique", "all_duplicate"])
    @pytest.mark.parametrize("return_inverse", [False, True])
    @pytest.mark.parametrize("return_counts", [False, True])
    def test_unique_dim_int(shape, dim, dtype, pattern, return_inverse, return_counts):
        if flag_gems.vendor_name == "kunlunxin":
>           torch.manual_seed(0)

test_unique_dim.py:97: 
_ _ _ _ _ _ _ _ _ _ _ _ _ _ _ _ _ _ _ _ _ _ _ _ _ _ _ _ _ _ _ _ _ _ _ _ _ _ _ _ 
/root/miniconda/envs/python310_torch29_cuda/lib/python3.10/site-packages/torch/_compile.py:53: in inner
    return disable_fn(*args, **kwargs)
/root/miniconda/envs/python310_torch29_cuda/lib/python3.10/site-packages/torch/_dynamo/eval_frame.py:1044: in _fn
    return fn(*args, **kwargs)
/root/miniconda/envs/python310_torch29_cuda/lib/python3.10/site-packages/torch/random.py:46: in manual_seed
    torch.cuda.manual_seed_all(seed)
/root/miniconda/envs/python310_torch29_cuda/lib/python3.10/site-packages/torch/cuda/random.py:131: in manual_seed_all
    _lazy_call(cb, seed_all=True)
/root/miniconda/envs/python310_torch29_cuda/lib/python3.10/site-packages/torch/cuda/__init__.py:341: in _lazy_call
    callable()
_ _ _ _ _ _ _ _ _ _ _ _ _ _ _ _ _ _ _ _ _ _ _ _ _ _ _ _ _ _ _ _ _ _ _ _ _ _ _ _ 

    def cb():
        for i in range(device_count()):
            default_generator = torch.cuda.default_generators[i]
>           default_generator.manual_seed(seed)
E           torch.AcceleratorError: CUDA error: unspecified launch failure
E           Search for `cudaErrorLaunchFailure' in https://docs.nvidia.com/cuda/cuda-runtime-api/group__CUDART__TYPES.html for more information.
E           CUDA kernel errors might be asynchronously reported at some other API call, so the stacktrace below might be incorrect.
E           For debugging consider passing CUDA_LAUNCH_BLOCKING=1
E           Compile with `TORCH_USE_CUDA_DSA` to enable device-side assertions.

/root/miniconda/envs/python310_torch29_cuda/lib/python3.10/site-packages/torch/cuda/random.py:129: AcceleratorError
__________ test_unique_dim_int[True-False-all_unique-dtype1-shape8-0] __________

shape = (6, 5, 4), dim = 0, dtype = torch.int32, pattern = 'all_unique'
return_inverse = False, return_counts = True

    @pytest.mark.unique_dim
    @pytest.mark.parametrize("shape, dim", SHAPE_DIM_CASES)
    @pytest.mark.parametrize("dtype", utils.INT_DTYPES)
    @pytest.mark.parametrize("pattern", ["few_unique", "all_unique", "all_duplicate"])
    @pytest.mark.parametrize("return_inverse", [False, True])
    @pytest.mark.parametrize("return_counts", [False, True])
    def test_unique_dim_int(shape, dim, dtype, pattern, return_inverse, return_counts):
        if flag_gems.vendor_name == "kunlunxin":
>           torch.manual_seed(0)

test_unique_dim.py:97: 
_ _ _ _ _ _ _ _ _ _ _ _ _ _ _ _ _ _ _ _ _ _ _ _ _ _ _ _ _ _ _ _ _ _ _ _ _ _ _ _ 
/root/miniconda/envs/python310_torch29_cuda/lib/python3.10/site-packages/torch/_compile.py:53: in inner
    return disable_fn(*args, **kwargs)
/root/miniconda/envs/python310_torch29_cuda/lib/python3.10/site-packages/torch/_dynamo/eval_frame.py:1044: in _fn
    return fn(*args, **kwargs)
/root/miniconda/envs/python310_torch29_cuda/lib/python3.10/site-packages/torch/random.py:46: in manual_seed
    torch.cuda.manual_seed_all(seed)
/root/miniconda/envs/python310_torch29_cuda/lib/python3.10/site-packages/torch/cuda/random.py:131: in manual_seed_all
    _lazy_call(cb, seed_all=True)
/root/miniconda/envs/python310_torch29_cuda/lib/python3.10/site-packages/torch/cuda/__init__.py:341: in _lazy_call
    callable()
_ _ _ _ _ _ _ _ _ _ _ _ _ _ _ _ _ _ _ _ _ _ _ _ _ _ _ _ _ _ _ _ _ _ _ _ _ _ _ _ 

    def cb():
        for i in range(device_count()):
            default_generator = torch.cuda.default_generators[i]
>           default_generator.manual_seed(seed)
E           torch.AcceleratorError: CUDA error: unspecified launch failure
E           Search for `cudaErrorLaunchFailure' in https://docs.nvidia.com/cuda/cuda-runtime-api/group__CUDART__TYPES.html for more information.
E           CUDA kernel errors might be asynchronously reported at some other API call, so the stacktrace below might be incorrect.
E           For debugging consider passing CUDA_LAUNCH_BLOCKING=1
E           Compile with `TORCH_USE_CUDA_DSA` to enable device-side assertions.

/root/miniconda/envs/python310_torch29_cuda/lib/python3.10/site-packages/torch/cuda/random.py:129: AcceleratorError
__________ test_unique_dim_int[True-False-all_unique-dtype1-shape9-1] __________

shape = (6, 5, 4), dim = 1, dtype = torch.int32, pattern = 'all_unique'
return_inverse = False, return_counts = True

    @pytest.mark.unique_dim
    @pytest.mark.parametrize("shape, dim", SHAPE_DIM_CASES)
    @pytest.mark.parametrize("dtype", utils.INT_DTYPES)
    @pytest.mark.parametrize("pattern", ["few_unique", "all_unique", "all_duplicate"])
    @pytest.mark.parametrize("return_inverse", [False, True])
    @pytest.mark.parametrize("return_counts", [False, True])
    def test_unique_dim_int(shape, dim, dtype, pattern, return_inverse, return_counts):
        if flag_gems.vendor_name == "kunlunxin":
>           torch.manual_seed(0)

test_unique_dim.py:97: 
_ _ _ _ _ _ _ _ _ _ _ _ _ _ _ _ _ _ _ _ _ _ _ _ _ _ _ _ _ _ _ _ _ _ _ _ _ _ _ _ 
/root/miniconda/envs/python310_torch29_cuda/lib/python3.10/site-packages/torch/_compile.py:53: in inner
    return disable_fn(*args, **kwargs)
/root/miniconda/envs/python310_torch29_cuda/lib/python3.10/site-packages/torch/_dynamo/eval_frame.py:1044: in _fn
    return fn(*args, **kwargs)
/root/miniconda/envs/python310_torch29_cuda/lib/python3.10/site-packages/torch/random.py:46: in manual_seed
    torch.cuda.manual_seed_all(seed)
/root/miniconda/envs/python310_torch29_cuda/lib/python3.10/site-packages/torch/cuda/random.py:131: in manual_seed_all
    _lazy_call(cb, seed_all=True)
/root/miniconda/envs/python310_torch29_cuda/lib/python3.10/site-packages/torch/cuda/__init__.py:341: in _lazy_call
    callable()
_ _ _ _ _ _ _ _ _ _ _ _ _ _ _ _ _ _ _ _ _ _ _ _ _ _ _ _ _ _ _ _ _ _ _ _ _ _ _ _ 

    def cb():
        for i in range(device_count()):
            default_generator = torch.cuda.default_generators[i]
>           default_generator.manual_seed(seed)
E           torch.AcceleratorError: CUDA error: unspecified launch failure
E           Search for `cudaErrorLaunchFailure' in https://docs.nvidia.com/cuda/cuda-runtime-api/group__CUDART__TYPES.html for more information.
E           CUDA kernel errors might be asynchronously reported at some other API call, so the stacktrace below might be incorrect.
E           For debugging consider passing CUDA_LAUNCH_BLOCKING=1
E           Compile with `TORCH_USE_CUDA_DSA` to enable device-side assertions.

/root/miniconda/envs/python310_torch29_cuda/lib/python3.10/site-packages/torch/cuda/random.py:129: AcceleratorError
_________ test_unique_dim_int[True-False-all_unique-dtype1-shape10-2] __________

shape = (6, 5, 4), dim = 2, dtype = torch.int32, pattern = 'all_unique'
return_inverse = False, return_counts = True

    @pytest.mark.unique_dim
    @pytest.mark.parametrize("shape, dim", SHAPE_DIM_CASES)
    @pytest.mark.parametrize("dtype", utils.INT_DTYPES)
    @pytest.mark.parametrize("pattern", ["few_unique", "all_unique", "all_duplicate"])
    @pytest.mark.parametrize("return_inverse", [False, True])
    @pytest.mark.parametrize("return_counts", [False, True])
    def test_unique_dim_int(shape, dim, dtype, pattern, return_inverse, return_counts):
        if flag_gems.vendor_name == "kunlunxin":
>           torch.manual_seed(0)

test_unique_dim.py:97: 
_ _ _ _ _ _ _ _ _ _ _ _ _ _ _ _ _ _ _ _ _ _ _ _ _ _ _ _ _ _ _ _ _ _ _ _ _ _ _ _ 
/root/miniconda/envs/python310_torch29_cuda/lib/python3.10/site-packages/torch/_compile.py:53: in inner
    return disable_fn(*args, **kwargs)
/root/miniconda/envs/python310_torch29_cuda/lib/python3.10/site-packages/torch/_dynamo/eval_frame.py:1044: in _fn
    return fn(*args, **kwargs)
/root/miniconda/envs/python310_torch29_cuda/lib/python3.10/site-packages/torch/random.py:46: in manual_seed
    torch.cuda.manual_seed_all(seed)
/root/miniconda/envs/python310_torch29_cuda/lib/python3.10/site-packages/torch/cuda/random.py:131: in manual_seed_all
    _lazy_call(cb, seed_all=True)
/root/miniconda/envs/python310_torch29_cuda/lib/python3.10/site-packages/torch/cuda/__init__.py:341: in _lazy_call
    callable()
_ _ _ _ _ _ _ _ _ _ _ _ _ _ _ _ _ _ _ _ _ _ _ _ _ _ _ _ _ _ _ _ _ _ _ _ _ _ _ _ 

    def cb():
        for i in range(device_count()):
            default_generator = torch.cuda.default_generators[i]
>           default_generator.manual_seed(seed)
E           torch.AcceleratorError: CUDA error: unspecified launch failure
E           Search for `cudaErrorLaunchFailure' in https://docs.nvidia.com/cuda/cuda-runtime-api/group__CUDART__TYPES.html for more information.
E           CUDA kernel errors might be asynchronously reported at some other API call, so the stacktrace below might be incorrect.
E           For debugging consider passing CUDA_LAUNCH_BLOCKING=1
E           Compile with `TORCH_USE_CUDA_DSA` to enable device-side assertions.

/root/miniconda/envs/python310_torch29_cuda/lib/python3.10/site-packages/torch/cuda/random.py:129: AcceleratorError
_________ test_unique_dim_int[True-False-all_unique-dtype1-shape11--2] _________

shape = (6, 5, 4), dim = -2, dtype = torch.int32, pattern = 'all_unique'
return_inverse = False, return_counts = True

    @pytest.mark.unique_dim
    @pytest.mark.parametrize("shape, dim", SHAPE_DIM_CASES)
    @pytest.mark.parametrize("dtype", utils.INT_DTYPES)
    @pytest.mark.parametrize("pattern", ["few_unique", "all_unique", "all_duplicate"])
    @pytest.mark.parametrize("return_inverse", [False, True])
    @pytest.mark.parametrize("return_counts", [False, True])
    def test_unique_dim_int(shape, dim, dtype, pattern, return_inverse, return_counts):
        if flag_gems.vendor_name == "kunlunxin":
>           torch.manual_seed(0)

test_unique_dim.py:97: 
_ _ _ _ _ _ _ _ _ _ _ _ _ _ _ _ _ _ _ _ _ _ _ _ _ _ _ _ _ _ _ _ _ _ _ _ _ _ _ _ 
/root/miniconda/envs/python310_torch29_cuda/lib/python3.10/site-packages/torch/_compile.py:53: in inner
    return disable_fn(*args, **kwargs)
/root/miniconda/envs/python310_torch29_cuda/lib/python3.10/site-packages/torch/_dynamo/eval_frame.py:1044: in _fn
    return fn(*args, **kwargs)
/root/miniconda/envs/python310_torch29_cuda/lib/python3.10/site-packages/torch/random.py:46: in manual_seed
    torch.cuda.manual_seed_all(seed)
/root/miniconda/envs/python310_torch29_cuda/lib/python3.10/site-packages/torch/cuda/random.py:131: in manual_seed_all
    _lazy_call(cb, seed_all=True)
/root/miniconda/envs/python310_torch29_cuda/lib/python3.10/site-packages/torch/cuda/__init__.py:341: in _lazy_call
    callable()
_ _ _ _ _ _ _ _ _ _ _ _ _ _ _ _ _ _ _ _ _ _ _ _ _ _ _ _ _ _ _ _ _ _ _ _ _ _ _ _ 

    def cb():
        for i in range(device_count()):
            default_generator = torch.cuda.default_generators[i]
>           default_generator.manual_seed(seed)
E           torch.AcceleratorError: CUDA error: unspecified launch failure
E           Search for `cudaErrorLaunchFailure' in https://docs.nvidia.com/cuda/cuda-runtime-api/group__CUDART__TYPES.html for more information.
E           CUDA kernel errors might be asynchronously reported at some other API call, so the stacktrace below might be incorrect.
E           For debugging consider passing CUDA_LAUNCH_BLOCKING=1
E           Compile with `TORCH_USE_CUDA_DSA` to enable device-side assertions.

/root/miniconda/envs/python310_torch29_cuda/lib/python3.10/site-packages/torch/cuda/random.py:129: AcceleratorError
_________ test_unique_dim_int[True-False-all_unique-dtype1-shape12-2] __________

shape = (3, 4, 5, 6), dim = 2, dtype = torch.int32, pattern = 'all_unique'
return_inverse = False, return_counts = True

    @pytest.mark.unique_dim
    @pytest.mark.parametrize("shape, dim", SHAPE_DIM_CASES)
    @pytest.mark.parametrize("dtype", utils.INT_DTYPES)
    @pytest.mark.parametrize("pattern", ["few_unique", "all_unique", "all_duplicate"])
    @pytest.mark.parametrize("return_inverse", [False, True])
    @pytest.mark.parametrize("return_counts", [False, True])
    def test_unique_dim_int(shape, dim, dtype, pattern, return_inverse, return_counts):
        if flag_gems.vendor_name == "kunlunxin":
>           torch.manual_seed(0)

test_unique_dim.py:97: 
_ _ _ _ _ _ _ _ _ _ _ _ _ _ _ _ _ _ _ _ _ _ _ _ _ _ _ _ _ _ _ _ _ _ _ _ _ _ _ _ 
/root/miniconda/envs/python310_torch29_cuda/lib/python3.10/site-packages/torch/_compile.py:53: in inner
    return disable_fn(*args, **kwargs)
/root/miniconda/envs/python310_torch29_cuda/lib/python3.10/site-packages/torch/_dynamo/eval_frame.py:1044: in _fn
    return fn(*args, **kwargs)
/root/miniconda/envs/python310_torch29_cuda/lib/python3.10/site-packages/torch/random.py:46: in manual_seed
    torch.cuda.manual_seed_all(seed)
/root/miniconda/envs/python310_torch29_cuda/lib/python3.10/site-packages/torch/cuda/random.py:131: in manual_seed_all
    _lazy_call(cb, seed_all=True)
/root/miniconda/envs/python310_torch29_cuda/lib/python3.10/site-packages/torch/cuda/__init__.py:341: in _lazy_call
    callable()
_ _ _ _ _ _ _ _ _ _ _ _ _ _ _ _ _ _ _ _ _ _ _ _ _ _ _ _ _ _ _ _ _ _ _ _ _ _ _ _ 

    def cb():
        for i in range(device_count()):
            default_generator = torch.cuda.default_generators[i]
>           default_generator.manual_seed(seed)
E           torch.AcceleratorError: CUDA error: unspecified launch failure
E           Search for `cudaErrorLaunchFailure' in https://docs.nvidia.com/cuda/cuda-runtime-api/group__CUDART__TYPES.html for more information.
E           CUDA kernel errors might be asynchronously reported at some other API call, so the stacktrace below might be incorrect.
E           For debugging consider passing CUDA_LAUNCH_BLOCKING=1
E           Compile with `TORCH_USE_CUDA_DSA` to enable device-side assertions.

/root/miniconda/envs/python310_torch29_cuda/lib/python3.10/site-packages/torch/cuda/random.py:129: AcceleratorError
_________ test_unique_dim_int[True-False-all_unique-dtype1-shape13--1] _________

shape = (3, 4, 5, 6), dim = -1, dtype = torch.int32, pattern = 'all_unique'
return_inverse = False, return_counts = True

    @pytest.mark.unique_dim
    @pytest.mark.parametrize("shape, dim", SHAPE_DIM_CASES)
    @pytest.mark.parametrize("dtype", utils.INT_DTYPES)
    @pytest.mark.parametrize("pattern", ["few_unique", "all_unique", "all_duplicate"])
    @pytest.mark.parametrize("return_inverse", [False, True])
    @pytest.mark.parametrize("return_counts", [False, True])
    def test_unique_dim_int(shape, dim, dtype, pattern, return_inverse, return_counts):
        if flag_gems.vendor_name == "kunlunxin":
>           torch.manual_seed(0)

test_unique_dim.py:97: 
_ _ _ _ _ _ _ _ _ _ _ _ _ _ _ _ _ _ _ _ _ _ _ _ _ _ _ _ _ _ _ _ _ _ _ _ _ _ _ _ 
/root/miniconda/envs/python310_torch29_cuda/lib/python3.10/site-packages/torch/_compile.py:53: in inner
    return disable_fn(*args, **kwargs)
/root/miniconda/envs/python310_torch29_cuda/lib/python3.10/site-packages/torch/_dynamo/eval_frame.py:1044: in _fn
    return fn(*args, **kwargs)
/root/miniconda/envs/python310_torch29_cuda/lib/python3.10/site-packages/torch/random.py:46: in manual_seed
    torch.cuda.manual_seed_all(seed)
/root/miniconda/envs/python310_torch29_cuda/lib/python3.10/site-packages/torch/cuda/random.py:131: in manual_seed_all
    _lazy_call(cb, seed_all=True)
/root/miniconda/envs/python310_torch29_cuda/lib/python3.10/site-packages/torch/cuda/__init__.py:341: in _lazy_call
    callable()
_ _ _ _ _ _ _ _ _ _ _ _ _ _ _ _ _ _ _ _ _ _ _ _ _ _ _ _ _ _ _ _ _ _ _ _ _ _ _ _ 

    def cb():
        for i in range(device_count()):
            default_generator = torch.cuda.default_generators[i]
>           default_generator.manual_seed(seed)
E           torch.AcceleratorError: CUDA error: unspecified launch failure
E           Search for `cudaErrorLaunchFailure' in https://docs.nvidia.com/cuda/cuda-runtime-api/group__CUDART__TYPES.html for more information.
E           CUDA kernel errors might be asynchronously reported at some other API call, so the stacktrace below might be incorrect.
E           For debugging consider passing CUDA_LAUNCH_BLOCKING=1
E           Compile with `TORCH_USE_CUDA_DSA` to enable device-side assertions.

/root/miniconda/envs/python310_torch29_cuda/lib/python3.10/site-packages/torch/cuda/random.py:129: AcceleratorError
________ test_unique_dim_int[True-False-all_duplicate-dtype0-shape0-0] _________

shape = (8,), dim = 0, dtype = torch.int16, pattern = 'all_duplicate'
return_inverse = False, return_counts = True

    @pytest.mark.unique_dim
    @pytest.mark.parametrize("shape, dim", SHAPE_DIM_CASES)
    @pytest.mark.parametrize("dtype", utils.INT_DTYPES)
    @pytest.mark.parametrize("pattern", ["few_unique", "all_unique", "all_duplicate"])
    @pytest.mark.parametrize("return_inverse", [False, True])
    @pytest.mark.parametrize("return_counts", [False, True])
    def test_unique_dim_int(shape, dim, dtype, pattern, return_inverse, return_counts):
        if flag_gems.vendor_name == "kunlunxin":
>           torch.manual_seed(0)

test_unique_dim.py:97: 
_ _ _ _ _ _ _ _ _ _ _ _ _ _ _ _ _ _ _ _ _ _ _ _ _ _ _ _ _ _ _ _ _ _ _ _ _ _ _ _ 
/root/miniconda/envs/python310_torch29_cuda/lib/python3.10/site-packages/torch/_compile.py:53: in inner
    return disable_fn(*args, **kwargs)
/root/miniconda/envs/python310_torch29_cuda/lib/python3.10/site-packages/torch/_dynamo/eval_frame.py:1044: in _fn
    return fn(*args, **kwargs)
/root/miniconda/envs/python310_torch29_cuda/lib/python3.10/site-packages/torch/random.py:46: in manual_seed
    torch.cuda.manual_seed_all(seed)
/root/miniconda/envs/python310_torch29_cuda/lib/python3.10/site-packages/torch/cuda/random.py:131: in manual_seed_all
    _lazy_call(cb, seed_all=True)
/root/miniconda/envs/python310_torch29_cuda/lib/python3.10/site-packages/torch/cuda/__init__.py:341: in _lazy_call
    callable()
_ _ _ _ _ _ _ _ _ _ _ _ _ _ _ _ _ _ _ _ _ _ _ _ _ _ _ _ _ _ _ _ _ _ _ _ _ _ _ _ 

    def cb():
        for i in range(device_count()):
            default_generator = torch.cuda.default_generators[i]
>           default_generator.manual_seed(seed)
E           torch.AcceleratorError: CUDA error: unspecified launch failure
E           Search for `cudaErrorLaunchFailure' in https://docs.nvidia.com/cuda/cuda-runtime-api/group__CUDART__TYPES.html for more information.
E           CUDA kernel errors might be asynchronously reported at some other API call, so the stacktrace below might be incorrect.
E           For debugging consider passing CUDA_LAUNCH_BLOCKING=1
E           Compile with `TORCH_USE_CUDA_DSA` to enable device-side assertions.

/root/miniconda/envs/python310_torch29_cuda/lib/python3.10/site-packages/torch/cuda/random.py:129: AcceleratorError
________ test_unique_dim_int[True-False-all_duplicate-dtype0-shape1--1] ________

shape = (8,), dim = -1, dtype = torch.int16, pattern = 'all_duplicate'
return_inverse = False, return_counts = True

    @pytest.mark.unique_dim
    @pytest.mark.parametrize("shape, dim", SHAPE_DIM_CASES)
    @pytest.mark.parametrize("dtype", utils.INT_DTYPES)
    @pytest.mark.parametrize("pattern", ["few_unique", "all_unique", "all_duplicate"])
    @pytest.mark.parametrize("return_inverse", [False, True])
    @pytest.mark.parametrize("return_counts", [False, True])
    def test_unique_dim_int(shape, dim, dtype, pattern, return_inverse, return_counts):
        if flag_gems.vendor_name == "kunlunxin":
>           torch.manual_seed(0)

test_unique_dim.py:97: 
_ _ _ _ _ _ _ _ _ _ _ _ _ _ _ _ _ _ _ _ _ _ _ _ _ _ _ _ _ _ _ _ _ _ _ _ _ _ _ _ 
/root/miniconda/envs/python310_torch29_cuda/lib/python3.10/site-packages/torch/_compile.py:53: in inner
    return disable_fn(*args, **kwargs)
/root/miniconda/envs/python310_torch29_cuda/lib/python3.10/site-packages/torch/_dynamo/eval_frame.py:1044: in _fn
    return fn(*args, **kwargs)
/root/miniconda/envs/python310_torch29_cuda/lib/python3.10/site-packages/torch/random.py:46: in manual_seed
    torch.cuda.manual_seed_all(seed)
/root/miniconda/envs/python310_torch29_cuda/lib/python3.10/site-packages/torch/cuda/random.py:131: in manual_seed_all
    _lazy_call(cb, seed_all=True)
/root/miniconda/envs/python310_torch29_cuda/lib/python3.10/site-packages/torch/cuda/__init__.py:341: in _lazy_call
    callable()
_ _ _ _ _ _ _ _ _ _ _ _ _ _ _ _ _ _ _ _ _ _ _ _ _ _ _ _ _ _ _ _ _ _ _ _ _ _ _ _ 

    def cb():
        for i in range(device_count()):
            default_generator = torch.cuda.default_generators[i]
>           default_generator.manual_seed(seed)
E           torch.AcceleratorError: CUDA error: unspecified launch failure
E           Search for `cudaErrorLaunchFailure' in https://docs.nvidia.com/cuda/cuda-runtime-api/group__CUDART__TYPES.html for more information.
E           CUDA kernel errors might be asynchronously reported at some other API call, so the stacktrace below might be incorrect.
E           For debugging consider passing CUDA_LAUNCH_BLOCKING=1
E           Compile with `TORCH_USE_CUDA_DSA` to enable device-side assertions.

/root/miniconda/envs/python310_torch29_cuda/lib/python3.10/site-packages/torch/cuda/random.py:129: AcceleratorError
________ test_unique_dim_int[True-False-all_duplicate-dtype0-shape2-0] _________

shape = (16, 4), dim = 0, dtype = torch.int16, pattern = 'all_duplicate'
return_inverse = False, return_counts = True

    @pytest.mark.unique_dim
    @pytest.mark.parametrize("shape, dim", SHAPE_DIM_CASES)
    @pytest.mark.parametrize("dtype", utils.INT_DTYPES)
    @pytest.mark.parametrize("pattern", ["few_unique", "all_unique", "all_duplicate"])
    @pytest.mark.parametrize("return_inverse", [False, True])
    @pytest.mark.parametrize("return_counts", [False, True])
    def test_unique_dim_int(shape, dim, dtype, pattern, return_inverse, return_counts):
        if flag_gems.vendor_name == "kunlunxin":
>           torch.manual_seed(0)

test_unique_dim.py:97: 
_ _ _ _ _ _ _ _ _ _ _ _ _ _ _ _ _ _ _ _ _ _ _ _ _ _ _ _ _ _ _ _ _ _ _ _ _ _ _ _ 
/root/miniconda/envs/python310_torch29_cuda/lib/python3.10/site-packages/torch/_compile.py:53: in inner
    return disable_fn(*args, **kwargs)
/root/miniconda/envs/python310_torch29_cuda/lib/python3.10/site-packages/torch/_dynamo/eval_frame.py:1044: in _fn
    return fn(*args, **kwargs)
/root/miniconda/envs/python310_torch29_cuda/lib/python3.10/site-packages/torch/random.py:46: in manual_seed
    torch.cuda.manual_seed_all(seed)
/root/miniconda/envs/python310_torch29_cuda/lib/python3.10/site-packages/torch/cuda/random.py:131: in manual_seed_all
    _lazy_call(cb, seed_all=True)
/root/miniconda/envs/python310_torch29_cuda/lib/python3.10/site-packages/torch/cuda/__init__.py:341: in _lazy_call
    callable()
_ _ _ _ _ _ _ _ _ _ _ _ _ _ _ _ _ _ _ _ _ _ _ _ _ _ _ _ _ _ _ _ _ _ _ _ _ _ _ _ 

    def cb():
        for i in range(device_count()):
            default_generator = torch.cuda.default_generators[i]
>           default_generator.manual_seed(seed)
E           torch.AcceleratorError: CUDA error: unspecified launch failure
E           Search for `cudaErrorLaunchFailure' in https://docs.nvidia.com/cuda/cuda-runtime-api/group__CUDART__TYPES.html for more information.
E           CUDA kernel errors might be asynchronously reported at some other API call, so the stacktrace below might be incorrect.
E           For debugging consider passing CUDA_LAUNCH_BLOCKING=1
E           Compile with `TORCH_USE_CUDA_DSA` to enable device-side assertions.

/root/miniconda/envs/python310_torch29_cuda/lib/python3.10/site-packages/torch/cuda/random.py:129: AcceleratorError
________ test_unique_dim_int[True-False-all_duplicate-dtype0-shape3-1] _________

shape = (16, 4), dim = 1, dtype = torch.int16, pattern = 'all_duplicate'
return_inverse = False, return_counts = True

    @pytest.mark.unique_dim
    @pytest.mark.parametrize("shape, dim", SHAPE_DIM_CASES)
    @pytest.mark.parametrize("dtype", utils.INT_DTYPES)
    @pytest.mark.parametrize("pattern", ["few_unique", "all_unique", "all_duplicate"])
    @pytest.mark.parametrize("return_inverse", [False, True])
    @pytest.mark.parametrize("return_counts", [False, True])
    def test_unique_dim_int(shape, dim, dtype, pattern, return_inverse, return_counts):
        if flag_gems.vendor_name == "kunlunxin":
>           torch.manual_seed(0)

test_unique_dim.py:97: 
_ _ _ _ _ _ _ _ _ _ _ _ _ _ _ _ _ _ _ _ _ _ _ _ _ _ _ _ _ _ _ _ _ _ _ _ _ _ _ _ 
/root/miniconda/envs/python310_torch29_cuda/lib/python3.10/site-packages/torch/_compile.py:53: in inner
    return disable_fn(*args, **kwargs)
/root/miniconda/envs/python310_torch29_cuda/lib/python3.10/site-packages/torch/_dynamo/eval_frame.py:1044: in _fn
    return fn(*args, **kwargs)
/root/miniconda/envs/python310_torch29_cuda/lib/python3.10/site-packages/torch/random.py:46: in manual_seed
    torch.cuda.manual_seed_all(seed)
/root/miniconda/envs/python310_torch29_cuda/lib/python3.10/site-packages/torch/cuda/random.py:131: in manual_seed_all
    _lazy_call(cb, seed_all=True)
/root/miniconda/envs/python310_torch29_cuda/lib/python3.10/site-packages/torch/cuda/__init__.py:341: in _lazy_call
    callable()
_ _ _ _ _ _ _ _ _ _ _ _ _ _ _ _ _ _ _ _ _ _ _ _ _ _ _ _ _ _ _ _ _ _ _ _ _ _ _ _ 

    def cb():
        for i in range(device_count()):
            default_generator = torch.cuda.default_generators[i]
>           default_generator.manual_seed(seed)
E           torch.AcceleratorError: CUDA error: unspecified launch failure
E           Search for `cudaErrorLaunchFailure' in https://docs.nvidia.com/cuda/cuda-runtime-api/group__CUDART__TYPES.html for more information.
E           CUDA kernel errors might be asynchronously reported at some other API call, so the stacktrace below might be incorrect.
E           For debugging consider passing CUDA_LAUNCH_BLOCKING=1
E           Compile with `TORCH_USE_CUDA_DSA` to enable device-side assertions.

/root/miniconda/envs/python310_torch29_cuda/lib/python3.10/site-packages/torch/cuda/random.py:129: AcceleratorError
________ test_unique_dim_int[True-False-all_duplicate-dtype0-shape4--1] ________

shape = (16, 4), dim = -1, dtype = torch.int16, pattern = 'all_duplicate'
return_inverse = False, return_counts = True

    @pytest.mark.unique_dim
    @pytest.mark.parametrize("shape, dim", SHAPE_DIM_CASES)
    @pytest.mark.parametrize("dtype", utils.INT_DTYPES)
    @pytest.mark.parametrize("pattern", ["few_unique", "all_unique", "all_duplicate"])
    @pytest.mark.parametrize("return_inverse", [False, True])
    @pytest.mark.parametrize("return_counts", [False, True])
    def test_unique_dim_int(shape, dim, dtype, pattern, return_inverse, return_counts):
        if flag_gems.vendor_name == "kunlunxin":
>           torch.manual_seed(0)

test_unique_dim.py:97: 
_ _ _ _ _ _ _ _ _ _ _ _ _ _ _ _ _ _ _ _ _ _ _ _ _ _ _ _ _ _ _ _ _ _ _ _ _ _ _ _ 
/root/miniconda/envs/python310_torch29_cuda/lib/python3.10/site-packages/torch/_compile.py:53: in inner
    return disable_fn(*args, **kwargs)
/root/miniconda/envs/python310_torch29_cuda/lib/python3.10/site-packages/torch/_dynamo/eval_frame.py:1044: in _fn
    return fn(*args, **kwargs)
/root/miniconda/envs/python310_torch29_cuda/lib/python3.10/site-packages/torch/random.py:46: in manual_seed
    torch.cuda.manual_seed_all(seed)
/root/miniconda/envs/python310_torch29_cuda/lib/python3.10/site-packages/torch/cuda/random.py:131: in manual_seed_all
    _lazy_call(cb, seed_all=True)
/root/miniconda/envs/python310_torch29_cuda/lib/python3.10/site-packages/torch/cuda/__init__.py:341: in _lazy_call
    callable()
_ _ _ _ _ _ _ _ _ _ _ _ _ _ _ _ _ _ _ _ _ _ _ _ _ _ _ _ _ _ _ _ _ _ _ _ _ _ _ _ 

    def cb():
        for i in range(device_count()):
            default_generator = torch.cuda.default_generators[i]
>           default_generator.manual_seed(seed)
E           torch.AcceleratorError: CUDA error: unspecified launch failure
E           Search for `cudaErrorLaunchFailure' in https://docs.nvidia.com/cuda/cuda-runtime-api/group__CUDART__TYPES.html for more information.
E           CUDA kernel errors might be asynchronously reported at some other API call, so the stacktrace below might be incorrect.
E           For debugging consider passing CUDA_LAUNCH_BLOCKING=1
E           Compile with `TORCH_USE_CUDA_DSA` to enable device-side assertions.

/root/miniconda/envs/python310_torch29_cuda/lib/python3.10/site-packages/torch/cuda/random.py:129: AcceleratorError
________ test_unique_dim_int[True-False-all_duplicate-dtype0-shape5-0] _________

shape = (4, 16), dim = 0, dtype = torch.int16, pattern = 'all_duplicate'
return_inverse = False, return_counts = True

    @pytest.mark.unique_dim
    @pytest.mark.parametrize("shape, dim", SHAPE_DIM_CASES)
    @pytest.mark.parametrize("dtype", utils.INT_DTYPES)
    @pytest.mark.parametrize("pattern", ["few_unique", "all_unique", "all_duplicate"])
    @pytest.mark.parametrize("return_inverse", [False, True])
    @pytest.mark.parametrize("return_counts", [False, True])
    def test_unique_dim_int(shape, dim, dtype, pattern, return_inverse, return_counts):
        if flag_gems.vendor_name == "kunlunxin":
>           torch.manual_seed(0)

test_unique_dim.py:97: 
_ _ _ _ _ _ _ _ _ _ _ _ _ _ _ _ _ _ _ _ _ _ _ _ _ _ _ _ _ _ _ _ _ _ _ _ _ _ _ _ 
/root/miniconda/envs/python310_torch29_cuda/lib/python3.10/site-packages/torch/_compile.py:53: in inner
    return disable_fn(*args, **kwargs)
/root/miniconda/envs/python310_torch29_cuda/lib/python3.10/site-packages/torch/_dynamo/eval_frame.py:1044: in _fn
    return fn(*args, **kwargs)
/root/miniconda/envs/python310_torch29_cuda/lib/python3.10/site-packages/torch/random.py:46: in manual_seed
    torch.cuda.manual_seed_all(seed)
/root/miniconda/envs/python310_torch29_cuda/lib/python3.10/site-packages/torch/cuda/random.py:131: in manual_seed_all
    _lazy_call(cb, seed_all=True)
/root/miniconda/envs/python310_torch29_cuda/lib/python3.10/site-packages/torch/cuda/__init__.py:341: in _lazy_call
    callable()
_ _ _ _ _ _ _ _ _ _ _ _ _ _ _ _ _ _ _ _ _ _ _ _ _ _ _ _ _ _ _ _ _ _ _ _ _ _ _ _ 

    def cb():
        for i in range(device_count()):
            default_generator = torch.cuda.default_generators[i]
>           default_generator.manual_seed(seed)
E           torch.AcceleratorError: CUDA error: unspecified launch failure
E           Search for `cudaErrorLaunchFailure' in https://docs.nvidia.com/cuda/cuda-runtime-api/group__CUDART__TYPES.html for more information.
E           CUDA kernel errors might be asynchronously reported at some other API call, so the stacktrace below might be incorrect.
E           For debugging consider passing CUDA_LAUNCH_BLOCKING=1
E           Compile with `TORCH_USE_CUDA_DSA` to enable device-side assertions.

/root/miniconda/envs/python310_torch29_cuda/lib/python3.10/site-packages/torch/cuda/random.py:129: AcceleratorError
________ test_unique_dim_int[True-False-all_duplicate-dtype0-shape6-0] _________

shape = (32, 32), dim = 0, dtype = torch.int16, pattern = 'all_duplicate'
return_inverse = False, return_counts = True

    @pytest.mark.unique_dim
    @pytest.mark.parametrize("shape, dim", SHAPE_DIM_CASES)
    @pytest.mark.parametrize("dtype", utils.INT_DTYPES)
    @pytest.mark.parametrize("pattern", ["few_unique", "all_unique", "all_duplicate"])
    @pytest.mark.parametrize("return_inverse", [False, True])
    @pytest.mark.parametrize("return_counts", [False, True])
    def test_unique_dim_int(shape, dim, dtype, pattern, return_inverse, return_counts):
        if flag_gems.vendor_name == "kunlunxin":
>           torch.manual_seed(0)

test_unique_dim.py:97: 
_ _ _ _ _ _ _ _ _ _ _ _ _ _ _ _ _ _ _ _ _ _ _ _ _ _ _ _ _ _ _ _ _ _ _ _ _ _ _ _ 
/root/miniconda/envs/python310_torch29_cuda/lib/python3.10/site-packages/torch/_compile.py:53: in inner
    return disable_fn(*args, **kwargs)
/root/miniconda/envs/python310_torch29_cuda/lib/python3.10/site-packages/torch/_dynamo/eval_frame.py:1044: in _fn
    return fn(*args, **kwargs)
/root/miniconda/envs/python310_torch29_cuda/lib/python3.10/site-packages/torch/random.py:46: in manual_seed
    torch.cuda.manual_seed_all(seed)
/root/miniconda/envs/python310_torch29_cuda/lib/python3.10/site-packages/torch/cuda/random.py:131: in manual_seed_all
    _lazy_call(cb, seed_all=True)
/root/miniconda/envs/python310_torch29_cuda/lib/python3.10/site-packages/torch/cuda/__init__.py:341: in _lazy_call
    callable()
_ _ _ _ _ _ _ _ _ _ _ _ _ _ _ _ _ _ _ _ _ _ _ _ _ _ _ _ _ _ _ _ _ _ _ _ _ _ _ _ 

    def cb():
        for i in range(device_count()):
            default_generator = torch.cuda.default_generators[i]
>           default_generator.manual_seed(seed)
E           torch.AcceleratorError: CUDA error: unspecified launch failure
E           Search for `cudaErrorLaunchFailure' in https://docs.nvidia.com/cuda/cuda-runtime-api/group__CUDART__TYPES.html for more information.
E           CUDA kernel errors might be asynchronously reported at some other API call, so the stacktrace below might be incorrect.
E           For debugging consider passing CUDA_LAUNCH_BLOCKING=1
E           Compile with `TORCH_USE_CUDA_DSA` to enable device-side assertions.

/root/miniconda/envs/python310_torch29_cuda/lib/python3.10/site-packages/torch/cuda/random.py:129: AcceleratorError
________ test_unique_dim_int[True-False-all_duplicate-dtype0-shape7-1] _________

shape = (32, 32), dim = 1, dtype = torch.int16, pattern = 'all_duplicate'
return_inverse = False, return_counts = True

    @pytest.mark.unique_dim
    @pytest.mark.parametrize("shape, dim", SHAPE_DIM_CASES)
    @pytest.mark.parametrize("dtype", utils.INT_DTYPES)
    @pytest.mark.parametrize("pattern", ["few_unique", "all_unique", "all_duplicate"])
    @pytest.mark.parametrize("return_inverse", [False, True])
    @pytest.mark.parametrize("return_counts", [False, True])
    def test_unique_dim_int(shape, dim, dtype, pattern, return_inverse, return_counts):
        if flag_gems.vendor_name == "kunlunxin":
>           torch.manual_seed(0)

test_unique_dim.py:97: 
_ _ _ _ _ _ _ _ _ _ _ _ _ _ _ _ _ _ _ _ _ _ _ _ _ _ _ _ _ _ _ _ _ _ _ _ _ _ _ _ 
/root/miniconda/envs/python310_torch29_cuda/lib/python3.10/site-packages/torch/_compile.py:53: in inner
    return disable_fn(*args, **kwargs)
/root/miniconda/envs/python310_torch29_cuda/lib/python3.10/site-packages/torch/_dynamo/eval_frame.py:1044: in _fn
    return fn(*args, **kwargs)
/root/miniconda/envs/python310_torch29_cuda/lib/python3.10/site-packages/torch/random.py:46: in manual_seed
    torch.cuda.manual_seed_all(seed)
/root/miniconda/envs/python310_torch29_cuda/lib/python3.10/site-packages/torch/cuda/random.py:131: in manual_seed_all
    _lazy_call(cb, seed_all=True)
/root/miniconda/envs/python310_torch29_cuda/lib/python3.10/site-packages/torch/cuda/__init__.py:341: in _lazy_call
    callable()
_ _ _ _ _ _ _ _ _ _ _ _ _ _ _ _ _ _ _ _ _ _ _ _ _ _ _ _ _ _ _ _ _ _ _ _ _ _ _ _ 

    def cb():
        for i in range(device_count()):
            default_generator = torch.cuda.default_generators[i]
>           default_generator.manual_seed(seed)
E           torch.AcceleratorError: CUDA error: unspecified launch failure
E           Search for `cudaErrorLaunchFailure' in https://docs.nvidia.com/cuda/cuda-runtime-api/group__CUDART__TYPES.html for more information.
E           CUDA kernel errors might be asynchronously reported at some other API call, so the stacktrace below might be incorrect.
E           For debugging consider passing CUDA_LAUNCH_BLOCKING=1
E           Compile with `TORCH_USE_CUDA_DSA` to enable device-side assertions.

/root/miniconda/envs/python310_torch29_cuda/lib/python3.10/site-packages/torch/cuda/random.py:129: AcceleratorError
________ test_unique_dim_int[True-False-all_duplicate-dtype0-shape8-0] _________

shape = (6, 5, 4), dim = 0, dtype = torch.int16, pattern = 'all_duplicate'
return_inverse = False, return_counts = True

    @pytest.mark.unique_dim
    @pytest.mark.parametrize("shape, dim", SHAPE_DIM_CASES)
    @pytest.mark.parametrize("dtype", utils.INT_DTYPES)
    @pytest.mark.parametrize("pattern", ["few_unique", "all_unique", "all_duplicate"])
    @pytest.mark.parametrize("return_inverse", [False, True])
    @pytest.mark.parametrize("return_counts", [False, True])
    def test_unique_dim_int(shape, dim, dtype, pattern, return_inverse, return_counts):
        if flag_gems.vendor_name == "kunlunxin":
>           torch.manual_seed(0)

test_unique_dim.py:97: 
_ _ _ _ _ _ _ _ _ _ _ _ _ _ _ _ _ _ _ _ _ _ _ _ _ _ _ _ _ _ _ _ _ _ _ _ _ _ _ _ 
/root/miniconda/envs/python310_torch29_cuda/lib/python3.10/site-packages/torch/_compile.py:53: in inner
    return disable_fn(*args, **kwargs)
/root/miniconda/envs/python310_torch29_cuda/lib/python3.10/site-packages/torch/_dynamo/eval_frame.py:1044: in _fn
    return fn(*args, **kwargs)
/root/miniconda/envs/python310_torch29_cuda/lib/python3.10/site-packages/torch/random.py:46: in manual_seed
    torch.cuda.manual_seed_all(seed)
/root/miniconda/envs/python310_torch29_cuda/lib/python3.10/site-packages/torch/cuda/random.py:131: in manual_seed_all
    _lazy_call(cb, seed_all=True)
/root/miniconda/envs/python310_torch29_cuda/lib/python3.10/site-packages/torch/cuda/__init__.py:341: in _lazy_call
    callable()
_ _ _ _ _ _ _ _ _ _ _ _ _ _ _ _ _ _ _ _ _ _ _ _ _ _ _ _ _ _ _ _ _ _ _ _ _ _ _ _ 

    def cb():
        for i in range(device_count()):
            default_generator = torch.cuda.default_generators[i]
>           default_generator.manual_seed(seed)
E           torch.AcceleratorError: CUDA error: unspecified launch failure
E           Search for `cudaErrorLaunchFailure' in https://docs.nvidia.com/cuda/cuda-runtime-api/group__CUDART__TYPES.html for more information.
E           CUDA kernel errors might be asynchronously reported at some other API call, so the stacktrace below might be incorrect.
E           For debugging consider passing CUDA_LAUNCH_BLOCKING=1
E           Compile with `TORCH_USE_CUDA_DSA` to enable device-side assertions.

/root/miniconda/envs/python310_torch29_cuda/lib/python3.10/site-packages/torch/cuda/random.py:129: AcceleratorError
________ test_unique_dim_int[True-False-all_duplicate-dtype0-shape9-1] _________

shape = (6, 5, 4), dim = 1, dtype = torch.int16, pattern = 'all_duplicate'
return_inverse = False, return_counts = True

    @pytest.mark.unique_dim
    @pytest.mark.parametrize("shape, dim", SHAPE_DIM_CASES)
    @pytest.mark.parametrize("dtype", utils.INT_DTYPES)
    @pytest.mark.parametrize("pattern", ["few_unique", "all_unique", "all_duplicate"])
    @pytest.mark.parametrize("return_inverse", [False, True])
    @pytest.mark.parametrize("return_counts", [False, True])
    def test_unique_dim_int(shape, dim, dtype, pattern, return_inverse, return_counts):
        if flag_gems.vendor_name == "kunlunxin":
>           torch.manual_seed(0)

test_unique_dim.py:97: 
_ _ _ _ _ _ _ _ _ _ _ _ _ _ _ _ _ _ _ _ _ _ _ _ _ _ _ _ _ _ _ _ _ _ _ _ _ _ _ _ 
/root/miniconda/envs/python310_torch29_cuda/lib/python3.10/site-packages/torch/_compile.py:53: in inner
    return disable_fn(*args, **kwargs)
/root/miniconda/envs/python310_torch29_cuda/lib/python3.10/site-packages/torch/_dynamo/eval_frame.py:1044: in _fn
    return fn(*args, **kwargs)
/root/miniconda/envs/python310_torch29_cuda/lib/python3.10/site-packages/torch/random.py:46: in manual_seed
    torch.cuda.manual_seed_all(seed)
/root/miniconda/envs/python310_torch29_cuda/lib/python3.10/site-packages/torch/cuda/random.py:131: in manual_seed_all
    _lazy_call(cb, seed_all=True)
/root/miniconda/envs/python310_torch29_cuda/lib/python3.10/site-packages/torch/cuda/__init__.py:341: in _lazy_call
    callable()
_ _ _ _ _ _ _ _ _ _ _ _ _ _ _ _ _ _ _ _ _ _ _ _ _ _ _ _ _ _ _ _ _ _ _ _ _ _ _ _ 

    def cb():
        for i in range(device_count()):
            default_generator = torch.cuda.default_generators[i]
>           default_generator.manual_seed(seed)
E           torch.AcceleratorError: CUDA error: unspecified launch failure
E           Search for `cudaErrorLaunchFailure' in https://docs.nvidia.com/cuda/cuda-runtime-api/group__CUDART__TYPES.html for more information.
E           CUDA kernel errors might be asynchronously reported at some other API call, so the stacktrace below might be incorrect.
E           For debugging consider passing CUDA_LAUNCH_BLOCKING=1
E           Compile with `TORCH_USE_CUDA_DSA` to enable device-side assertions.

/root/miniconda/envs/python310_torch29_cuda/lib/python3.10/site-packages/torch/cuda/random.py:129: AcceleratorError
________ test_unique_dim_int[True-False-all_duplicate-dtype0-shape10-2] ________

shape = (6, 5, 4), dim = 2, dtype = torch.int16, pattern = 'all_duplicate'
return_inverse = False, return_counts = True

    @pytest.mark.unique_dim
    @pytest.mark.parametrize("shape, dim", SHAPE_DIM_CASES)
    @pytest.mark.parametrize("dtype", utils.INT_DTYPES)
    @pytest.mark.parametrize("pattern", ["few_unique", "all_unique", "all_duplicate"])
    @pytest.mark.parametrize("return_inverse", [False, True])
    @pytest.mark.parametrize("return_counts", [False, True])
    def test_unique_dim_int(shape, dim, dtype, pattern, return_inverse, return_counts):
        if flag_gems.vendor_name == "kunlunxin":
>           torch.manual_seed(0)

test_unique_dim.py:97: 
_ _ _ _ _ _ _ _ _ _ _ _ _ _ _ _ _ _ _ _ _ _ _ _ _ _ _ _ _ _ _ _ _ _ _ _ _ _ _ _ 
/root/miniconda/envs/python310_torch29_cuda/lib/python3.10/site-packages/torch/_compile.py:53: in inner
    return disable_fn(*args, **kwargs)
/root/miniconda/envs/python310_torch29_cuda/lib/python3.10/site-packages/torch/_dynamo/eval_frame.py:1044: in _fn
    return fn(*args, **kwargs)
/root/miniconda/envs/python310_torch29_cuda/lib/python3.10/site-packages/torch/random.py:46: in manual_seed
    torch.cuda.manual_seed_all(seed)
/root/miniconda/envs/python310_torch29_cuda/lib/python3.10/site-packages/torch/cuda/random.py:131: in manual_seed_all
    _lazy_call(cb, seed_all=True)
/root/miniconda/envs/python310_torch29_cuda/lib/python3.10/site-packages/torch/cuda/__init__.py:341: in _lazy_call
    callable()
_ _ _ _ _ _ _ _ _ _ _ _ _ _ _ _ _ _ _ _ _ _ _ _ _ _ _ _ _ _ _ _ _ _ _ _ _ _ _ _ 

    def cb():
        for i in range(device_count()):
            default_generator = torch.cuda.default_generators[i]
>           default_generator.manual_seed(seed)
E           torch.AcceleratorError: CUDA error: unspecified launch failure
E           Search for `cudaErrorLaunchFailure' in https://docs.nvidia.com/cuda/cuda-runtime-api/group__CUDART__TYPES.html for more information.
E           CUDA kernel errors might be asynchronously reported at some other API call, so the stacktrace below might be incorrect.
E           For debugging consider passing CUDA_LAUNCH_BLOCKING=1
E           Compile with `TORCH_USE_CUDA_DSA` to enable device-side assertions.

/root/miniconda/envs/python310_torch29_cuda/lib/python3.10/site-packages/torch/cuda/random.py:129: AcceleratorError
_______ test_unique_dim_int[True-False-all_duplicate-dtype0-shape11--2] ________

shape = (6, 5, 4), dim = -2, dtype = torch.int16, pattern = 'all_duplicate'
return_inverse = False, return_counts = True

    @pytest.mark.unique_dim
    @pytest.mark.parametrize("shape, dim", SHAPE_DIM_CASES)
    @pytest.mark.parametrize("dtype", utils.INT_DTYPES)
    @pytest.mark.parametrize("pattern", ["few_unique", "all_unique", "all_duplicate"])
    @pytest.mark.parametrize("return_inverse", [False, True])
    @pytest.mark.parametrize("return_counts", [False, True])
    def test_unique_dim_int(shape, dim, dtype, pattern, return_inverse, return_counts):
        if flag_gems.vendor_name == "kunlunxin":
>           torch.manual_seed(0)

test_unique_dim.py:97: 
_ _ _ _ _ _ _ _ _ _ _ _ _ _ _ _ _ _ _ _ _ _ _ _ _ _ _ _ _ _ _ _ _ _ _ _ _ _ _ _ 
/root/miniconda/envs/python310_torch29_cuda/lib/python3.10/site-packages/torch/_compile.py:53: in inner
    return disable_fn(*args, **kwargs)
/root/miniconda/envs/python310_torch29_cuda/lib/python3.10/site-packages/torch/_dynamo/eval_frame.py:1044: in _fn
    return fn(*args, **kwargs)
/root/miniconda/envs/python310_torch29_cuda/lib/python3.10/site-packages/torch/random.py:46: in manual_seed
    torch.cuda.manual_seed_all(seed)
/root/miniconda/envs/python310_torch29_cuda/lib/python3.10/site-packages/torch/cuda/random.py:131: in manual_seed_all
    _lazy_call(cb, seed_all=True)
/root/miniconda/envs/python310_torch29_cuda/lib/python3.10/site-packages/torch/cuda/__init__.py:341: in _lazy_call
    callable()
_ _ _ _ _ _ _ _ _ _ _ _ _ _ _ _ _ _ _ _ _ _ _ _ _ _ _ _ _ _ _ _ _ _ _ _ _ _ _ _ 

    def cb():
        for i in range(device_count()):
            default_generator = torch.cuda.default_generators[i]
>           default_generator.manual_seed(seed)
E           torch.AcceleratorError: CUDA error: unspecified launch failure
E           Search for `cudaErrorLaunchFailure' in https://docs.nvidia.com/cuda/cuda-runtime-api/group__CUDART__TYPES.html for more information.
E           CUDA kernel errors might be asynchronously reported at some other API call, so the stacktrace below might be incorrect.
E           For debugging consider passing CUDA_LAUNCH_BLOCKING=1
E           Compile with `TORCH_USE_CUDA_DSA` to enable device-side assertions.

/root/miniconda/envs/python310_torch29_cuda/lib/python3.10/site-packages/torch/cuda/random.py:129: AcceleratorError
________ test_unique_dim_int[True-False-all_duplicate-dtype0-shape12-2] ________

shape = (3, 4, 5, 6), dim = 2, dtype = torch.int16, pattern = 'all_duplicate'
return_inverse = False, return_counts = True

    @pytest.mark.unique_dim
    @pytest.mark.parametrize("shape, dim", SHAPE_DIM_CASES)
    @pytest.mark.parametrize("dtype", utils.INT_DTYPES)
    @pytest.mark.parametrize("pattern", ["few_unique", "all_unique", "all_duplicate"])
    @pytest.mark.parametrize("return_inverse", [False, True])
    @pytest.mark.parametrize("return_counts", [False, True])
    def test_unique_dim_int(shape, dim, dtype, pattern, return_inverse, return_counts):
        if flag_gems.vendor_name == "kunlunxin":
>           torch.manual_seed(0)

test_unique_dim.py:97: 
_ _ _ _ _ _ _ _ _ _ _ _ _ _ _ _ _ _ _ _ _ _ _ _ _ _ _ _ _ _ _ _ _ _ _ _ _ _ _ _ 
/root/miniconda/envs/python310_torch29_cuda/lib/python3.10/site-packages/torch/_compile.py:53: in inner
    return disable_fn(*args, **kwargs)
/root/miniconda/envs/python310_torch29_cuda/lib/python3.10/site-packages/torch/_dynamo/eval_frame.py:1044: in _fn
    return fn(*args, **kwargs)
/root/miniconda/envs/python310_torch29_cuda/lib/python3.10/site-packages/torch/random.py:46: in manual_seed
    torch.cuda.manual_seed_all(seed)
/root/miniconda/envs/python310_torch29_cuda/lib/python3.10/site-packages/torch/cuda/random.py:131: in manual_seed_all
    _lazy_call(cb, seed_all=True)
/root/miniconda/envs/python310_torch29_cuda/lib/python3.10/site-packages/torch/cuda/__init__.py:341: in _lazy_call
    callable()
_ _ _ _ _ _ _ _ _ _ _ _ _ _ _ _ _ _ _ _ _ _ _ _ _ _ _ _ _ _ _ _ _ _ _ _ _ _ _ _ 

    def cb():
        for i in range(device_count()):
            default_generator = torch.cuda.default_generators[i]
>           default_generator.manual_seed(seed)
E           torch.AcceleratorError: CUDA error: unspecified launch failure
E           Search for `cudaErrorLaunchFailure' in https://docs.nvidia.com/cuda/cuda-runtime-api/group__CUDART__TYPES.html for more information.
E           CUDA kernel errors might be asynchronously reported at some other API call, so the stacktrace below might be incorrect.
E           For debugging consider passing CUDA_LAUNCH_BLOCKING=1
E           Compile with `TORCH_USE_CUDA_DSA` to enable device-side assertions.

/root/miniconda/envs/python310_torch29_cuda/lib/python3.10/site-packages/torch/cuda/random.py:129: AcceleratorError
_______ test_unique_dim_int[True-False-all_duplicate-dtype0-shape13--1] ________

shape = (3, 4, 5, 6), dim = -1, dtype = torch.int16, pattern = 'all_duplicate'
return_inverse = False, return_counts = True

    @pytest.mark.unique_dim
    @pytest.mark.parametrize("shape, dim", SHAPE_DIM_CASES)
    @pytest.mark.parametrize("dtype", utils.INT_DTYPES)
    @pytest.mark.parametrize("pattern", ["few_unique", "all_unique", "all_duplicate"])
    @pytest.mark.parametrize("return_inverse", [False, True])
    @pytest.mark.parametrize("return_counts", [False, True])
    def test_unique_dim_int(shape, dim, dtype, pattern, return_inverse, return_counts):
        if flag_gems.vendor_name == "kunlunxin":
>           torch.manual_seed(0)

test_unique_dim.py:97: 
_ _ _ _ _ _ _ _ _ _ _ _ _ _ _ _ _ _ _ _ _ _ _ _ _ _ _ _ _ _ _ _ _ _ _ _ _ _ _ _ 
/root/miniconda/envs/python310_torch29_cuda/lib/python3.10/site-packages/torch/_compile.py:53: in inner
    return disable_fn(*args, **kwargs)
/root/miniconda/envs/python310_torch29_cuda/lib/python3.10/site-packages/torch/_dynamo/eval_frame.py:1044: in _fn
    return fn(*args, **kwargs)
/root/miniconda/envs/python310_torch29_cuda/lib/python3.10/site-packages/torch/random.py:46: in manual_seed
    torch.cuda.manual_seed_all(seed)
/root/miniconda/envs/python310_torch29_cuda/lib/python3.10/site-packages/torch/cuda/random.py:131: in manual_seed_all
    _lazy_call(cb, seed_all=True)
/root/miniconda/envs/python310_torch29_cuda/lib/python3.10/site-packages/torch/cuda/__init__.py:341: in _lazy_call
    callable()
_ _ _ _ _ _ _ _ _ _ _ _ _ _ _ _ _ _ _ _ _ _ _ _ _ _ _ _ _ _ _ _ _ _ _ _ _ _ _ _ 

    def cb():
        for i in range(device_count()):
            default_generator = torch.cuda.default_generators[i]
>           default_generator.manual_seed(seed)
E           torch.AcceleratorError: CUDA error: unspecified launch failure
E           Search for `cudaErrorLaunchFailure' in https://docs.nvidia.com/cuda/cuda-runtime-api/group__CUDART__TYPES.html for more information.
E           CUDA kernel errors might be asynchronously reported at some other API call, so the stacktrace below might be incorrect.
E           For debugging consider passing CUDA_LAUNCH_BLOCKING=1
E           Compile with `TORCH_USE_CUDA_DSA` to enable device-side assertions.

/root/miniconda/envs/python310_torch29_cuda/lib/python3.10/site-packages/torch/cuda/random.py:129: AcceleratorError
________ test_unique_dim_int[True-False-all_duplicate-dtype1-shape0-0] _________

shape = (8,), dim = 0, dtype = torch.int32, pattern = 'all_duplicate'
return_inverse = False, return_counts = True

    @pytest.mark.unique_dim
    @pytest.mark.parametrize("shape, dim", SHAPE_DIM_CASES)
    @pytest.mark.parametrize("dtype", utils.INT_DTYPES)
    @pytest.mark.parametrize("pattern", ["few_unique", "all_unique", "all_duplicate"])
    @pytest.mark.parametrize("return_inverse", [False, True])
    @pytest.mark.parametrize("return_counts", [False, True])
    def test_unique_dim_int(shape, dim, dtype, pattern, return_inverse, return_counts):
        if flag_gems.vendor_name == "kunlunxin":
>           torch.manual_seed(0)

test_unique_dim.py:97: 
_ _ _ _ _ _ _ _ _ _ _ _ _ _ _ _ _ _ _ _ _ _ _ _ _ _ _ _ _ _ _ _ _ _ _ _ _ _ _ _ 
/root/miniconda/envs/python310_torch29_cuda/lib/python3.10/site-packages/torch/_compile.py:53: in inner
    return disable_fn(*args, **kwargs)
/root/miniconda/envs/python310_torch29_cuda/lib/python3.10/site-packages/torch/_dynamo/eval_frame.py:1044: in _fn
    return fn(*args, **kwargs)
/root/miniconda/envs/python310_torch29_cuda/lib/python3.10/site-packages/torch/random.py:46: in manual_seed
    torch.cuda.manual_seed_all(seed)
/root/miniconda/envs/python310_torch29_cuda/lib/python3.10/site-packages/torch/cuda/random.py:131: in manual_seed_all
    _lazy_call(cb, seed_all=True)
/root/miniconda/envs/python310_torch29_cuda/lib/python3.10/site-packages/torch/cuda/__init__.py:341: in _lazy_call
    callable()
_ _ _ _ _ _ _ _ _ _ _ _ _ _ _ _ _ _ _ _ _ _ _ _ _ _ _ _ _ _ _ _ _ _ _ _ _ _ _ _ 

    def cb():
        for i in range(device_count()):
            default_generator = torch.cuda.default_generators[i]
>           default_generator.manual_seed(seed)
E           torch.AcceleratorError: CUDA error: unspecified launch failure
E           Search for `cudaErrorLaunchFailure' in https://docs.nvidia.com/cuda/cuda-runtime-api/group__CUDART__TYPES.html for more information.
E           CUDA kernel errors might be asynchronously reported at some other API call, so the stacktrace below might be incorrect.
E           For debugging consider passing CUDA_LAUNCH_BLOCKING=1
E           Compile with `TORCH_USE_CUDA_DSA` to enable device-side assertions.

/root/miniconda/envs/python310_torch29_cuda/lib/python3.10/site-packages/torch/cuda/random.py:129: AcceleratorError
________ test_unique_dim_int[True-False-all_duplicate-dtype1-shape1--1] ________

shape = (8,), dim = -1, dtype = torch.int32, pattern = 'all_duplicate'
return_inverse = False, return_counts = True

    @pytest.mark.unique_dim
    @pytest.mark.parametrize("shape, dim", SHAPE_DIM_CASES)
    @pytest.mark.parametrize("dtype", utils.INT_DTYPES)
    @pytest.mark.parametrize("pattern", ["few_unique", "all_unique", "all_duplicate"])
    @pytest.mark.parametrize("return_inverse", [False, True])
    @pytest.mark.parametrize("return_counts", [False, True])
    def test_unique_dim_int(shape, dim, dtype, pattern, return_inverse, return_counts):
        if flag_gems.vendor_name == "kunlunxin":
>           torch.manual_seed(0)

test_unique_dim.py:97: 
_ _ _ _ _ _ _ _ _ _ _ _ _ _ _ _ _ _ _ _ _ _ _ _ _ _ _ _ _ _ _ _ _ _ _ _ _ _ _ _ 
/root/miniconda/envs/python310_torch29_cuda/lib/python3.10/site-packages/torch/_compile.py:53: in inner
    return disable_fn(*args, **kwargs)
/root/miniconda/envs/python310_torch29_cuda/lib/python3.10/site-packages/torch/_dynamo/eval_frame.py:1044: in _fn
    return fn(*args, **kwargs)
/root/miniconda/envs/python310_torch29_cuda/lib/python3.10/site-packages/torch/random.py:46: in manual_seed
    torch.cuda.manual_seed_all(seed)
/root/miniconda/envs/python310_torch29_cuda/lib/python3.10/site-packages/torch/cuda/random.py:131: in manual_seed_all
    _lazy_call(cb, seed_all=True)
/root/miniconda/envs/python310_torch29_cuda/lib/python3.10/site-packages/torch/cuda/__init__.py:341: in _lazy_call
    callable()
_ _ _ _ _ _ _ _ _ _ _ _ _ _ _ _ _ _ _ _ _ _ _ _ _ _ _ _ _ _ _ _ _ _ _ _ _ _ _ _ 

    def cb():
        for i in range(device_count()):
            default_generator = torch.cuda.default_generators[i]
>           default_generator.manual_seed(seed)
E           torch.AcceleratorError: CUDA error: unspecified launch failure
E           Search for `cudaErrorLaunchFailure' in https://docs.nvidia.com/cuda/cuda-runtime-api/group__CUDART__TYPES.html for more information.
E           CUDA kernel errors might be asynchronously reported at some other API call, so the stacktrace below might be incorrect.
E           For debugging consider passing CUDA_LAUNCH_BLOCKING=1
E           Compile with `TORCH_USE_CUDA_DSA` to enable device-side assertions.

/root/miniconda/envs/python310_torch29_cuda/lib/python3.10/site-packages/torch/cuda/random.py:129: AcceleratorError
________ test_unique_dim_int[True-False-all_duplicate-dtype1-shape2-0] _________

shape = (16, 4), dim = 0, dtype = torch.int32, pattern = 'all_duplicate'
return_inverse = False, return_counts = True

    @pytest.mark.unique_dim
    @pytest.mark.parametrize("shape, dim", SHAPE_DIM_CASES)
    @pytest.mark.parametrize("dtype", utils.INT_DTYPES)
    @pytest.mark.parametrize("pattern", ["few_unique", "all_unique", "all_duplicate"])
    @pytest.mark.parametrize("return_inverse", [False, True])
    @pytest.mark.parametrize("return_counts", [False, True])
    def test_unique_dim_int(shape, dim, dtype, pattern, return_inverse, return_counts):
        if flag_gems.vendor_name == "kunlunxin":
>           torch.manual_seed(0)

test_unique_dim.py:97: 
_ _ _ _ _ _ _ _ _ _ _ _ _ _ _ _ _ _ _ _ _ _ _ _ _ _ _ _ _ _ _ _ _ _ _ _ _ _ _ _ 
/root/miniconda/envs/python310_torch29_cuda/lib/python3.10/site-packages/torch/_compile.py:53: in inner
    return disable_fn(*args, **kwargs)
/root/miniconda/envs/python310_torch29_cuda/lib/python3.10/site-packages/torch/_dynamo/eval_frame.py:1044: in _fn
    return fn(*args, **kwargs)
/root/miniconda/envs/python310_torch29_cuda/lib/python3.10/site-packages/torch/random.py:46: in manual_seed
    torch.cuda.manual_seed_all(seed)
/root/miniconda/envs/python310_torch29_cuda/lib/python3.10/site-packages/torch/cuda/random.py:131: in manual_seed_all
    _lazy_call(cb, seed_all=True)
/root/miniconda/envs/python310_torch29_cuda/lib/python3.10/site-packages/torch/cuda/__init__.py:341: in _lazy_call
    callable()
_ _ _ _ _ _ _ _ _ _ _ _ _ _ _ _ _ _ _ _ _ _ _ _ _ _ _ _ _ _ _ _ _ _ _ _ _ _ _ _ 

    def cb():
        for i in range(device_count()):
            default_generator = torch.cuda.default_generators[i]
>           default_generator.manual_seed(seed)
E           torch.AcceleratorError: CUDA error: unspecified launch failure
E           Search for `cudaErrorLaunchFailure' in https://docs.nvidia.com/cuda/cuda-runtime-api/group__CUDART__TYPES.html for more information.
E           CUDA kernel errors might be asynchronously reported at some other API call, so the stacktrace below might be incorrect.
E           For debugging consider passing CUDA_LAUNCH_BLOCKING=1
E           Compile with `TORCH_USE_CUDA_DSA` to enable device-side assertions.

/root/miniconda/envs/python310_torch29_cuda/lib/python3.10/site-packages/torch/cuda/random.py:129: AcceleratorError
________ test_unique_dim_int[True-False-all_duplicate-dtype1-shape3-1] _________

shape = (16, 4), dim = 1, dtype = torch.int32, pattern = 'all_duplicate'
return_inverse = False, return_counts = True

    @pytest.mark.unique_dim
    @pytest.mark.parametrize("shape, dim", SHAPE_DIM_CASES)
    @pytest.mark.parametrize("dtype", utils.INT_DTYPES)
    @pytest.mark.parametrize("pattern", ["few_unique", "all_unique", "all_duplicate"])
    @pytest.mark.parametrize("return_inverse", [False, True])
    @pytest.mark.parametrize("return_counts", [False, True])
    def test_unique_dim_int(shape, dim, dtype, pattern, return_inverse, return_counts):
        if flag_gems.vendor_name == "kunlunxin":
>           torch.manual_seed(0)

test_unique_dim.py:97: 
_ _ _ _ _ _ _ _ _ _ _ _ _ _ _ _ _ _ _ _ _ _ _ _ _ _ _ _ _ _ _ _ _ _ _ _ _ _ _ _ 
/root/miniconda/envs/python310_torch29_cuda/lib/python3.10/site-packages/torch/_compile.py:53: in inner
    return disable_fn(*args, **kwargs)
/root/miniconda/envs/python310_torch29_cuda/lib/python3.10/site-packages/torch/_dynamo/eval_frame.py:1044: in _fn
    return fn(*args, **kwargs)
/root/miniconda/envs/python310_torch29_cuda/lib/python3.10/site-packages/torch/random.py:46: in manual_seed
    torch.cuda.manual_seed_all(seed)
/root/miniconda/envs/python310_torch29_cuda/lib/python3.10/site-packages/torch/cuda/random.py:131: in manual_seed_all
    _lazy_call(cb, seed_all=True)
/root/miniconda/envs/python310_torch29_cuda/lib/python3.10/site-packages/torch/cuda/__init__.py:341: in _lazy_call
    callable()
_ _ _ _ _ _ _ _ _ _ _ _ _ _ _ _ _ _ _ _ _ _ _ _ _ _ _ _ _ _ _ _ _ _ _ _ _ _ _ _ 

    def cb():
        for i in range(device_count()):
            default_generator = torch.cuda.default_generators[i]
>           default_generator.manual_seed(seed)
E           torch.AcceleratorError: CUDA error: unspecified launch failure
E           Search for `cudaErrorLaunchFailure' in https://docs.nvidia.com/cuda/cuda-runtime-api/group__CUDART__TYPES.html for more information.
E           CUDA kernel errors might be asynchronously reported at some other API call, so the stacktrace below might be incorrect.
E           For debugging consider passing CUDA_LAUNCH_BLOCKING=1
E           Compile with `TORCH_USE_CUDA_DSA` to enable device-side assertions.

/root/miniconda/envs/python310_torch29_cuda/lib/python3.10/site-packages/torch/cuda/random.py:129: AcceleratorError
________ test_unique_dim_int[True-False-all_duplicate-dtype1-shape4--1] ________

shape = (16, 4), dim = -1, dtype = torch.int32, pattern = 'all_duplicate'
return_inverse = False, return_counts = True

    @pytest.mark.unique_dim
    @pytest.mark.parametrize("shape, dim", SHAPE_DIM_CASES)
    @pytest.mark.parametrize("dtype", utils.INT_DTYPES)
    @pytest.mark.parametrize("pattern", ["few_unique", "all_unique", "all_duplicate"])
    @pytest.mark.parametrize("return_inverse", [False, True])
    @pytest.mark.parametrize("return_counts", [False, True])
    def test_unique_dim_int(shape, dim, dtype, pattern, return_inverse, return_counts):
        if flag_gems.vendor_name == "kunlunxin":
>           torch.manual_seed(0)

test_unique_dim.py:97: 
_ _ _ _ _ _ _ _ _ _ _ _ _ _ _ _ _ _ _ _ _ _ _ _ _ _ _ _ _ _ _ _ _ _ _ _ _ _ _ _ 
/root/miniconda/envs/python310_torch29_cuda/lib/python3.10/site-packages/torch/_compile.py:53: in inner
    return disable_fn(*args, **kwargs)
/root/miniconda/envs/python310_torch29_cuda/lib/python3.10/site-packages/torch/_dynamo/eval_frame.py:1044: in _fn
    return fn(*args, **kwargs)
/root/miniconda/envs/python310_torch29_cuda/lib/python3.10/site-packages/torch/random.py:46: in manual_seed
    torch.cuda.manual_seed_all(seed)
/root/miniconda/envs/python310_torch29_cuda/lib/python3.10/site-packages/torch/cuda/random.py:131: in manual_seed_all
    _lazy_call(cb, seed_all=True)
/root/miniconda/envs/python310_torch29_cuda/lib/python3.10/site-packages/torch/cuda/__init__.py:341: in _lazy_call
    callable()
_ _ _ _ _ _ _ _ _ _ _ _ _ _ _ _ _ _ _ _ _ _ _ _ _ _ _ _ _ _ _ _ _ _ _ _ _ _ _ _ 

    def cb():
        for i in range(device_count()):
            default_generator = torch.cuda.default_generators[i]
>           default_generator.manual_seed(seed)
E           torch.AcceleratorError: CUDA error: unspecified launch failure
E           Search for `cudaErrorLaunchFailure' in https://docs.nvidia.com/cuda/cuda-runtime-api/group__CUDART__TYPES.html for more information.
E           CUDA kernel errors might be asynchronously reported at some other API call, so the stacktrace below might be incorrect.
E           For debugging consider passing CUDA_LAUNCH_BLOCKING=1
E           Compile with `TORCH_USE_CUDA_DSA` to enable device-side assertions.

/root/miniconda/envs/python310_torch29_cuda/lib/python3.10/site-packages/torch/cuda/random.py:129: AcceleratorError
________ test_unique_dim_int[True-False-all_duplicate-dtype1-shape5-0] _________

shape = (4, 16), dim = 0, dtype = torch.int32, pattern = 'all_duplicate'
return_inverse = False, return_counts = True

    @pytest.mark.unique_dim
    @pytest.mark.parametrize("shape, dim", SHAPE_DIM_CASES)
    @pytest.mark.parametrize("dtype", utils.INT_DTYPES)
    @pytest.mark.parametrize("pattern", ["few_unique", "all_unique", "all_duplicate"])
    @pytest.mark.parametrize("return_inverse", [False, True])
    @pytest.mark.parametrize("return_counts", [False, True])
    def test_unique_dim_int(shape, dim, dtype, pattern, return_inverse, return_counts):
        if flag_gems.vendor_name == "kunlunxin":
>           torch.manual_seed(0)

test_unique_dim.py:97: 
_ _ _ _ _ _ _ _ _ _ _ _ _ _ _ _ _ _ _ _ _ _ _ _ _ _ _ _ _ _ _ _ _ _ _ _ _ _ _ _ 
/root/miniconda/envs/python310_torch29_cuda/lib/python3.10/site-packages/torch/_compile.py:53: in inner
    return disable_fn(*args, **kwargs)
/root/miniconda/envs/python310_torch29_cuda/lib/python3.10/site-packages/torch/_dynamo/eval_frame.py:1044: in _fn
    return fn(*args, **kwargs)
/root/miniconda/envs/python310_torch29_cuda/lib/python3.10/site-packages/torch/random.py:46: in manual_seed
    torch.cuda.manual_seed_all(seed)
/root/miniconda/envs/python310_torch29_cuda/lib/python3.10/site-packages/torch/cuda/random.py:131: in manual_seed_all
    _lazy_call(cb, seed_all=True)
/root/miniconda/envs/python310_torch29_cuda/lib/python3.10/site-packages/torch/cuda/__init__.py:341: in _lazy_call
    callable()
_ _ _ _ _ _ _ _ _ _ _ _ _ _ _ _ _ _ _ _ _ _ _ _ _ _ _ _ _ _ _ _ _ _ _ _ _ _ _ _ 

    def cb():
        for i in range(device_count()):
            default_generator = torch.cuda.default_generators[i]
>           default_generator.manual_seed(seed)
E           torch.AcceleratorError: CUDA error: unspecified launch failure
E           Search for `cudaErrorLaunchFailure' in https://docs.nvidia.com/cuda/cuda-runtime-api/group__CUDART__TYPES.html for more information.
E           CUDA kernel errors might be asynchronously reported at some other API call, so the stacktrace below might be incorrect.
E           For debugging consider passing CUDA_LAUNCH_BLOCKING=1
E           Compile with `TORCH_USE_CUDA_DSA` to enable device-side assertions.

/root/miniconda/envs/python310_torch29_cuda/lib/python3.10/site-packages/torch/cuda/random.py:129: AcceleratorError
________ test_unique_dim_int[True-False-all_duplicate-dtype1-shape6-0] _________

shape = (32, 32), dim = 0, dtype = torch.int32, pattern = 'all_duplicate'
return_inverse = False, return_counts = True

    @pytest.mark.unique_dim
    @pytest.mark.parametrize("shape, dim", SHAPE_DIM_CASES)
    @pytest.mark.parametrize("dtype", utils.INT_DTYPES)
    @pytest.mark.parametrize("pattern", ["few_unique", "all_unique", "all_duplicate"])
    @pytest.mark.parametrize("return_inverse", [False, True])
    @pytest.mark.parametrize("return_counts", [False, True])
    def test_unique_dim_int(shape, dim, dtype, pattern, return_inverse, return_counts):
        if flag_gems.vendor_name == "kunlunxin":
>           torch.manual_seed(0)

test_unique_dim.py:97: 
_ _ _ _ _ _ _ _ _ _ _ _ _ _ _ _ _ _ _ _ _ _ _ _ _ _ _ _ _ _ _ _ _ _ _ _ _ _ _ _ 
/root/miniconda/envs/python310_torch29_cuda/lib/python3.10/site-packages/torch/_compile.py:53: in inner
    return disable_fn(*args, **kwargs)
/root/miniconda/envs/python310_torch29_cuda/lib/python3.10/site-packages/torch/_dynamo/eval_frame.py:1044: in _fn
    return fn(*args, **kwargs)
/root/miniconda/envs/python310_torch29_cuda/lib/python3.10/site-packages/torch/random.py:46: in manual_seed
    torch.cuda.manual_seed_all(seed)
/root/miniconda/envs/python310_torch29_cuda/lib/python3.10/site-packages/torch/cuda/random.py:131: in manual_seed_all
    _lazy_call(cb, seed_all=True)
/root/miniconda/envs/python310_torch29_cuda/lib/python3.10/site-packages/torch/cuda/__init__.py:341: in _lazy_call
    callable()
_ _ _ _ _ _ _ _ _ _ _ _ _ _ _ _ _ _ _ _ _ _ _ _ _ _ _ _ _ _ _ _ _ _ _ _ _ _ _ _ 

    def cb():
        for i in range(device_count()):
            default_generator = torch.cuda.default_generators[i]
>           default_generator.manual_seed(seed)
E           torch.AcceleratorError: CUDA error: unspecified launch failure
E           Search for `cudaErrorLaunchFailure' in https://docs.nvidia.com/cuda/cuda-runtime-api/group__CUDART__TYPES.html for more information.
E           CUDA kernel errors might be asynchronously reported at some other API call, so the stacktrace below might be incorrect.
E           For debugging consider passing CUDA_LAUNCH_BLOCKING=1
E           Compile with `TORCH_USE_CUDA_DSA` to enable device-side assertions.

/root/miniconda/envs/python310_torch29_cuda/lib/python3.10/site-packages/torch/cuda/random.py:129: AcceleratorError
________ test_unique_dim_int[True-False-all_duplicate-dtype1-shape7-1] _________

shape = (32, 32), dim = 1, dtype = torch.int32, pattern = 'all_duplicate'
return_inverse = False, return_counts = True

    @pytest.mark.unique_dim
    @pytest.mark.parametrize("shape, dim", SHAPE_DIM_CASES)
    @pytest.mark.parametrize("dtype", utils.INT_DTYPES)
    @pytest.mark.parametrize("pattern", ["few_unique", "all_unique", "all_duplicate"])
    @pytest.mark.parametrize("return_inverse", [False, True])
    @pytest.mark.parametrize("return_counts", [False, True])
    def test_unique_dim_int(shape, dim, dtype, pattern, return_inverse, return_counts):
        if flag_gems.vendor_name == "kunlunxin":
>           torch.manual_seed(0)

test_unique_dim.py:97: 
_ _ _ _ _ _ _ _ _ _ _ _ _ _ _ _ _ _ _ _ _ _ _ _ _ _ _ _ _ _ _ _ _ _ _ _ _ _ _ _ 
/root/miniconda/envs/python310_torch29_cuda/lib/python3.10/site-packages/torch/_compile.py:53: in inner
    return disable_fn(*args, **kwargs)
/root/miniconda/envs/python310_torch29_cuda/lib/python3.10/site-packages/torch/_dynamo/eval_frame.py:1044: in _fn
    return fn(*args, **kwargs)
/root/miniconda/envs/python310_torch29_cuda/lib/python3.10/site-packages/torch/random.py:46: in manual_seed
    torch.cuda.manual_seed_all(seed)
/root/miniconda/envs/python310_torch29_cuda/lib/python3.10/site-packages/torch/cuda/random.py:131: in manual_seed_all
    _lazy_call(cb, seed_all=True)
/root/miniconda/envs/python310_torch29_cuda/lib/python3.10/site-packages/torch/cuda/__init__.py:341: in _lazy_call
    callable()
_ _ _ _ _ _ _ _ _ _ _ _ _ _ _ _ _ _ _ _ _ _ _ _ _ _ _ _ _ _ _ _ _ _ _ _ _ _ _ _ 

    def cb():
        for i in range(device_count()):
            default_generator = torch.cuda.default_generators[i]
>           default_generator.manual_seed(seed)
E           torch.AcceleratorError: CUDA error: unspecified launch failure
E           Search for `cudaErrorLaunchFailure' in https://docs.nvidia.com/cuda/cuda-runtime-api/group__CUDART__TYPES.html for more information.
E           CUDA kernel errors might be asynchronously reported at some other API call, so the stacktrace below might be incorrect.
E           For debugging consider passing CUDA_LAUNCH_BLOCKING=1
E           Compile with `TORCH_USE_CUDA_DSA` to enable device-side assertions.

/root/miniconda/envs/python310_torch29_cuda/lib/python3.10/site-packages/torch/cuda/random.py:129: AcceleratorError
________ test_unique_dim_int[True-False-all_duplicate-dtype1-shape8-0] _________

shape = (6, 5, 4), dim = 0, dtype = torch.int32, pattern = 'all_duplicate'
return_inverse = False, return_counts = True

    @pytest.mark.unique_dim
    @pytest.mark.parametrize("shape, dim", SHAPE_DIM_CASES)
    @pytest.mark.parametrize("dtype", utils.INT_DTYPES)
    @pytest.mark.parametrize("pattern", ["few_unique", "all_unique", "all_duplicate"])
    @pytest.mark.parametrize("return_inverse", [False, True])
    @pytest.mark.parametrize("return_counts", [False, True])
    def test_unique_dim_int(shape, dim, dtype, pattern, return_inverse, return_counts):
        if flag_gems.vendor_name == "kunlunxin":
>           torch.manual_seed(0)

test_unique_dim.py:97: 
_ _ _ _ _ _ _ _ _ _ _ _ _ _ _ _ _ _ _ _ _ _ _ _ _ _ _ _ _ _ _ _ _ _ _ _ _ _ _ _ 
/root/miniconda/envs/python310_torch29_cuda/lib/python3.10/site-packages/torch/_compile.py:53: in inner
    return disable_fn(*args, **kwargs)
/root/miniconda/envs/python310_torch29_cuda/lib/python3.10/site-packages/torch/_dynamo/eval_frame.py:1044: in _fn
    return fn(*args, **kwargs)
/root/miniconda/envs/python310_torch29_cuda/lib/python3.10/site-packages/torch/random.py:46: in manual_seed
    torch.cuda.manual_seed_all(seed)
/root/miniconda/envs/python310_torch29_cuda/lib/python3.10/site-packages/torch/cuda/random.py:131: in manual_seed_all
    _lazy_call(cb, seed_all=True)
/root/miniconda/envs/python310_torch29_cuda/lib/python3.10/site-packages/torch/cuda/__init__.py:341: in _lazy_call
    callable()
_ _ _ _ _ _ _ _ _ _ _ _ _ _ _ _ _ _ _ _ _ _ _ _ _ _ _ _ _ _ _ _ _ _ _ _ _ _ _ _ 

    def cb():
        for i in range(device_count()):
            default_generator = torch.cuda.default_generators[i]
>           default_generator.manual_seed(seed)
E           torch.AcceleratorError: CUDA error: unspecified launch failure
E           Search for `cudaErrorLaunchFailure' in https://docs.nvidia.com/cuda/cuda-runtime-api/group__CUDART__TYPES.html for more information.
E           CUDA kernel errors might be asynchronously reported at some other API call, so the stacktrace below might be incorrect.
E           For debugging consider passing CUDA_LAUNCH_BLOCKING=1
E           Compile with `TORCH_USE_CUDA_DSA` to enable device-side assertions.

/root/miniconda/envs/python310_torch29_cuda/lib/python3.10/site-packages/torch/cuda/random.py:129: AcceleratorError
________ test_unique_dim_int[True-False-all_duplicate-dtype1-shape9-1] _________

shape = (6, 5, 4), dim = 1, dtype = torch.int32, pattern = 'all_duplicate'
return_inverse = False, return_counts = True

    @pytest.mark.unique_dim
    @pytest.mark.parametrize("shape, dim", SHAPE_DIM_CASES)
    @pytest.mark.parametrize("dtype", utils.INT_DTYPES)
    @pytest.mark.parametrize("pattern", ["few_unique", "all_unique", "all_duplicate"])
    @pytest.mark.parametrize("return_inverse", [False, True])
    @pytest.mark.parametrize("return_counts", [False, True])
    def test_unique_dim_int(shape, dim, dtype, pattern, return_inverse, return_counts):
        if flag_gems.vendor_name == "kunlunxin":
>           torch.manual_seed(0)

test_unique_dim.py:97: 
_ _ _ _ _ _ _ _ _ _ _ _ _ _ _ _ _ _ _ _ _ _ _ _ _ _ _ _ _ _ _ _ _ _ _ _ _ _ _ _ 
/root/miniconda/envs/python310_torch29_cuda/lib/python3.10/site-packages/torch/_compile.py:53: in inner
    return disable_fn(*args, **kwargs)
/root/miniconda/envs/python310_torch29_cuda/lib/python3.10/site-packages/torch/_dynamo/eval_frame.py:1044: in _fn
    return fn(*args, **kwargs)
/root/miniconda/envs/python310_torch29_cuda/lib/python3.10/site-packages/torch/random.py:46: in manual_seed
    torch.cuda.manual_seed_all(seed)
/root/miniconda/envs/python310_torch29_cuda/lib/python3.10/site-packages/torch/cuda/random.py:131: in manual_seed_all
    _lazy_call(cb, seed_all=True)
/root/miniconda/envs/python310_torch29_cuda/lib/python3.10/site-packages/torch/cuda/__init__.py:341: in _lazy_call
    callable()
_ _ _ _ _ _ _ _ _ _ _ _ _ _ _ _ _ _ _ _ _ _ _ _ _ _ _ _ _ _ _ _ _ _ _ _ _ _ _ _ 

    def cb():
        for i in range(device_count()):
            default_generator = torch.cuda.default_generators[i]
>           default_generator.manual_seed(seed)
E           torch.AcceleratorError: CUDA error: unspecified launch failure
E           Search for `cudaErrorLaunchFailure' in https://docs.nvidia.com/cuda/cuda-runtime-api/group__CUDART__TYPES.html for more information.
E           CUDA kernel errors might be asynchronously reported at some other API call, so the stacktrace below might be incorrect.
E           For debugging consider passing CUDA_LAUNCH_BLOCKING=1
E           Compile with `TORCH_USE_CUDA_DSA` to enable device-side assertions.

/root/miniconda/envs/python310_torch29_cuda/lib/python3.10/site-packages/torch/cuda/random.py:129: AcceleratorError
________ test_unique_dim_int[True-False-all_duplicate-dtype1-shape10-2] ________

shape = (6, 5, 4), dim = 2, dtype = torch.int32, pattern = 'all_duplicate'
return_inverse = False, return_counts = True

    @pytest.mark.unique_dim
    @pytest.mark.parametrize("shape, dim", SHAPE_DIM_CASES)
    @pytest.mark.parametrize("dtype", utils.INT_DTYPES)
    @pytest.mark.parametrize("pattern", ["few_unique", "all_unique", "all_duplicate"])
    @pytest.mark.parametrize("return_inverse", [False, True])
    @pytest.mark.parametrize("return_counts", [False, True])
    def test_unique_dim_int(shape, dim, dtype, pattern, return_inverse, return_counts):
        if flag_gems.vendor_name == "kunlunxin":
>           torch.manual_seed(0)

test_unique_dim.py:97: 
_ _ _ _ _ _ _ _ _ _ _ _ _ _ _ _ _ _ _ _ _ _ _ _ _ _ _ _ _ _ _ _ _ _ _ _ _ _ _ _ 
/root/miniconda/envs/python310_torch29_cuda/lib/python3.10/site-packages/torch/_compile.py:53: in inner
    return disable_fn(*args, **kwargs)
/root/miniconda/envs/python310_torch29_cuda/lib/python3.10/site-packages/torch/_dynamo/eval_frame.py:1044: in _fn
    return fn(*args, **kwargs)
/root/miniconda/envs/python310_torch29_cuda/lib/python3.10/site-packages/torch/random.py:46: in manual_seed
    torch.cuda.manual_seed_all(seed)
/root/miniconda/envs/python310_torch29_cuda/lib/python3.10/site-packages/torch/cuda/random.py:131: in manual_seed_all
    _lazy_call(cb, seed_all=True)
/root/miniconda/envs/python310_torch29_cuda/lib/python3.10/site-packages/torch/cuda/__init__.py:341: in _lazy_call
    callable()
_ _ _ _ _ _ _ _ _ _ _ _ _ _ _ _ _ _ _ _ _ _ _ _ _ _ _ _ _ _ _ _ _ _ _ _ _ _ _ _ 

    def cb():
        for i in range(device_count()):
            default_generator = torch.cuda.default_generators[i]
>           default_generator.manual_seed(seed)
E           torch.AcceleratorError: CUDA error: unspecified launch failure
E           Search for `cudaErrorLaunchFailure' in https://docs.nvidia.com/cuda/cuda-runtime-api/group__CUDART__TYPES.html for more information.
E           CUDA kernel errors might be asynchronously reported at some other API call, so the stacktrace below might be incorrect.
E           For debugging consider passing CUDA_LAUNCH_BLOCKING=1
E           Compile with `TORCH_USE_CUDA_DSA` to enable device-side assertions.

/root/miniconda/envs/python310_torch29_cuda/lib/python3.10/site-packages/torch/cuda/random.py:129: AcceleratorError
_______ test_unique_dim_int[True-False-all_duplicate-dtype1-shape11--2] ________

shape = (6, 5, 4), dim = -2, dtype = torch.int32, pattern = 'all_duplicate'
return_inverse = False, return_counts = True

    @pytest.mark.unique_dim
    @pytest.mark.parametrize("shape, dim", SHAPE_DIM_CASES)
    @pytest.mark.parametrize("dtype", utils.INT_DTYPES)
    @pytest.mark.parametrize("pattern", ["few_unique", "all_unique", "all_duplicate"])
    @pytest.mark.parametrize("return_inverse", [False, True])
    @pytest.mark.parametrize("return_counts", [False, True])
    def test_unique_dim_int(shape, dim, dtype, pattern, return_inverse, return_counts):
        if flag_gems.vendor_name == "kunlunxin":
>           torch.manual_seed(0)

test_unique_dim.py:97: 
_ _ _ _ _ _ _ _ _ _ _ _ _ _ _ _ _ _ _ _ _ _ _ _ _ _ _ _ _ _ _ _ _ _ _ _ _ _ _ _ 
/root/miniconda/envs/python310_torch29_cuda/lib/python3.10/site-packages/torch/_compile.py:53: in inner
    return disable_fn(*args, **kwargs)
/root/miniconda/envs/python310_torch29_cuda/lib/python3.10/site-packages/torch/_dynamo/eval_frame.py:1044: in _fn
    return fn(*args, **kwargs)
/root/miniconda/envs/python310_torch29_cuda/lib/python3.10/site-packages/torch/random.py:46: in manual_seed
    torch.cuda.manual_seed_all(seed)
/root/miniconda/envs/python310_torch29_cuda/lib/python3.10/site-packages/torch/cuda/random.py:131: in manual_seed_all
    _lazy_call(cb, seed_all=True)
/root/miniconda/envs/python310_torch29_cuda/lib/python3.10/site-packages/torch/cuda/__init__.py:341: in _lazy_call
    callable()
_ _ _ _ _ _ _ _ _ _ _ _ _ _ _ _ _ _ _ _ _ _ _ _ _ _ _ _ _ _ _ _ _ _ _ _ _ _ _ _ 

    def cb():
        for i in range(device_count()):
            default_generator = torch.cuda.default_generators[i]
>           default_generator.manual_seed(seed)
E           torch.AcceleratorError: CUDA error: unspecified launch failure
E           Search for `cudaErrorLaunchFailure' in https://docs.nvidia.com/cuda/cuda-runtime-api/group__CUDART__TYPES.html for more information.
E           CUDA kernel errors might be asynchronously reported at some other API call, so the stacktrace below might be incorrect.
E           For debugging consider passing CUDA_LAUNCH_BLOCKING=1
E           Compile with `TORCH_USE_CUDA_DSA` to enable device-side assertions.

/root/miniconda/envs/python310_torch29_cuda/lib/python3.10/site-packages/torch/cuda/random.py:129: AcceleratorError
________ test_unique_dim_int[True-False-all_duplicate-dtype1-shape12-2] ________

shape = (3, 4, 5, 6), dim = 2, dtype = torch.int32, pattern = 'all_duplicate'
return_inverse = False, return_counts = True

    @pytest.mark.unique_dim
    @pytest.mark.parametrize("shape, dim", SHAPE_DIM_CASES)
    @pytest.mark.parametrize("dtype", utils.INT_DTYPES)
    @pytest.mark.parametrize("pattern", ["few_unique", "all_unique", "all_duplicate"])
    @pytest.mark.parametrize("return_inverse", [False, True])
    @pytest.mark.parametrize("return_counts", [False, True])
    def test_unique_dim_int(shape, dim, dtype, pattern, return_inverse, return_counts):
        if flag_gems.vendor_name == "kunlunxin":
>           torch.manual_seed(0)

test_unique_dim.py:97: 
_ _ _ _ _ _ _ _ _ _ _ _ _ _ _ _ _ _ _ _ _ _ _ _ _ _ _ _ _ _ _ _ _ _ _ _ _ _ _ _ 
/root/miniconda/envs/python310_torch29_cuda/lib/python3.10/site-packages/torch/_compile.py:53: in inner
    return disable_fn(*args, **kwargs)
/root/miniconda/envs/python310_torch29_cuda/lib/python3.10/site-packages/torch/_dynamo/eval_frame.py:1044: in _fn
    return fn(*args, **kwargs)
/root/miniconda/envs/python310_torch29_cuda/lib/python3.10/site-packages/torch/random.py:46: in manual_seed
    torch.cuda.manual_seed_all(seed)
/root/miniconda/envs/python310_torch29_cuda/lib/python3.10/site-packages/torch/cuda/random.py:131: in manual_seed_all
    _lazy_call(cb, seed_all=True)
/root/miniconda/envs/python310_torch29_cuda/lib/python3.10/site-packages/torch/cuda/__init__.py:341: in _lazy_call
    callable()
_ _ _ _ _ _ _ _ _ _ _ _ _ _ _ _ _ _ _ _ _ _ _ _ _ _ _ _ _ _ _ _ _ _ _ _ _ _ _ _ 

    def cb():
        for i in range(device_count()):
            default_generator = torch.cuda.default_generators[i]
>           default_generator.manual_seed(seed)
E           torch.AcceleratorError: CUDA error: unspecified launch failure
E           Search for `cudaErrorLaunchFailure' in https://docs.nvidia.com/cuda/cuda-runtime-api/group__CUDART__TYPES.html for more information.
E           CUDA kernel errors might be asynchronously reported at some other API call, so the stacktrace below might be incorrect.
E           For debugging consider passing CUDA_LAUNCH_BLOCKING=1
E           Compile with `TORCH_USE_CUDA_DSA` to enable device-side assertions.

/root/miniconda/envs/python310_torch29_cuda/lib/python3.10/site-packages/torch/cuda/random.py:129: AcceleratorError
_______ test_unique_dim_int[True-False-all_duplicate-dtype1-shape13--1] ________

shape = (3, 4, 5, 6), dim = -1, dtype = torch.int32, pattern = 'all_duplicate'
return_inverse = False, return_counts = True

    @pytest.mark.unique_dim
    @pytest.mark.parametrize("shape, dim", SHAPE_DIM_CASES)
    @pytest.mark.parametrize("dtype", utils.INT_DTYPES)
    @pytest.mark.parametrize("pattern", ["few_unique", "all_unique", "all_duplicate"])
    @pytest.mark.parametrize("return_inverse", [False, True])
    @pytest.mark.parametrize("return_counts", [False, True])
    def test_unique_dim_int(shape, dim, dtype, pattern, return_inverse, return_counts):
        if flag_gems.vendor_name == "kunlunxin":
>           torch.manual_seed(0)

test_unique_dim.py:97: 
_ _ _ _ _ _ _ _ _ _ _ _ _ _ _ _ _ _ _ _ _ _ _ _ _ _ _ _ _ _ _ _ _ _ _ _ _ _ _ _ 
/root/miniconda/envs/python310_torch29_cuda/lib/python3.10/site-packages/torch/_compile.py:53: in inner
    return disable_fn(*args, **kwargs)
/root/miniconda/envs/python310_torch29_cuda/lib/python3.10/site-packages/torch/_dynamo/eval_frame.py:1044: in _fn
    return fn(*args, **kwargs)
/root/miniconda/envs/python310_torch29_cuda/lib/python3.10/site-packages/torch/random.py:46: in manual_seed
    torch.cuda.manual_seed_all(seed)
/root/miniconda/envs/python310_torch29_cuda/lib/python3.10/site-packages/torch/cuda/random.py:131: in manual_seed_all
    _lazy_call(cb, seed_all=True)
/root/miniconda/envs/python310_torch29_cuda/lib/python3.10/site-packages/torch/cuda/__init__.py:341: in _lazy_call
    callable()
_ _ _ _ _ _ _ _ _ _ _ _ _ _ _ _ _ _ _ _ _ _ _ _ _ _ _ _ _ _ _ _ _ _ _ _ _ _ _ _ 

    def cb():
        for i in range(device_count()):
            default_generator = torch.cuda.default_generators[i]
>           default_generator.manual_seed(seed)
E           torch.AcceleratorError: CUDA error: unspecified launch failure
E           Search for `cudaErrorLaunchFailure' in https://docs.nvidia.com/cuda/cuda-runtime-api/group__CUDART__TYPES.html for more information.
E           CUDA kernel errors might be asynchronously reported at some other API call, so the stacktrace below might be incorrect.
E           For debugging consider passing CUDA_LAUNCH_BLOCKING=1
E           Compile with `TORCH_USE_CUDA_DSA` to enable device-side assertions.

/root/miniconda/envs/python310_torch29_cuda/lib/python3.10/site-packages/torch/cuda/random.py:129: AcceleratorError
__________ test_unique_dim_int[True-True-few_unique-dtype0-shape0-0] ___________

shape = (8,), dim = 0, dtype = torch.int16, pattern = 'few_unique'
return_inverse = True, return_counts = True

    @pytest.mark.unique_dim
    @pytest.mark.parametrize("shape, dim", SHAPE_DIM_CASES)
    @pytest.mark.parametrize("dtype", utils.INT_DTYPES)
    @pytest.mark.parametrize("pattern", ["few_unique", "all_unique", "all_duplicate"])
    @pytest.mark.parametrize("return_inverse", [False, True])
    @pytest.mark.parametrize("return_counts", [False, True])
    def test_unique_dim_int(shape, dim, dtype, pattern, return_inverse, return_counts):
        if flag_gems.vendor_name == "kunlunxin":
>           torch.manual_seed(0)

test_unique_dim.py:97: 
_ _ _ _ _ _ _ _ _ _ _ _ _ _ _ _ _ _ _ _ _ _ _ _ _ _ _ _ _ _ _ _ _ _ _ _ _ _ _ _ 
/root/miniconda/envs/python310_torch29_cuda/lib/python3.10/site-packages/torch/_compile.py:53: in inner
    return disable_fn(*args, **kwargs)
/root/miniconda/envs/python310_torch29_cuda/lib/python3.10/site-packages/torch/_dynamo/eval_frame.py:1044: in _fn
    return fn(*args, **kwargs)
/root/miniconda/envs/python310_torch29_cuda/lib/python3.10/site-packages/torch/random.py:46: in manual_seed
    torch.cuda.manual_seed_all(seed)
/root/miniconda/envs/python310_torch29_cuda/lib/python3.10/site-packages/torch/cuda/random.py:131: in manual_seed_all
    _lazy_call(cb, seed_all=True)
/root/miniconda/envs/python310_torch29_cuda/lib/python3.10/site-packages/torch/cuda/__init__.py:341: in _lazy_call
    callable()
_ _ _ _ _ _ _ _ _ _ _ _ _ _ _ _ _ _ _ _ _ _ _ _ _ _ _ _ _ _ _ _ _ _ _ _ _ _ _ _ 

    def cb():
        for i in range(device_count()):
            default_generator = torch.cuda.default_generators[i]
>           default_generator.manual_seed(seed)
E           torch.AcceleratorError: CUDA error: unspecified launch failure
E           Search for `cudaErrorLaunchFailure' in https://docs.nvidia.com/cuda/cuda-runtime-api/group__CUDART__TYPES.html for more information.
E           CUDA kernel errors might be asynchronously reported at some other API call, so the stacktrace below might be incorrect.
E           For debugging consider passing CUDA_LAUNCH_BLOCKING=1
E           Compile with `TORCH_USE_CUDA_DSA` to enable device-side assertions.

/root/miniconda/envs/python310_torch29_cuda/lib/python3.10/site-packages/torch/cuda/random.py:129: AcceleratorError
__________ test_unique_dim_int[True-True-few_unique-dtype0-shape1--1] __________

shape = (8,), dim = -1, dtype = torch.int16, pattern = 'few_unique'
return_inverse = True, return_counts = True

    @pytest.mark.unique_dim
    @pytest.mark.parametrize("shape, dim", SHAPE_DIM_CASES)
    @pytest.mark.parametrize("dtype", utils.INT_DTYPES)
    @pytest.mark.parametrize("pattern", ["few_unique", "all_unique", "all_duplicate"])
    @pytest.mark.parametrize("return_inverse", [False, True])
    @pytest.mark.parametrize("return_counts", [False, True])
    def test_unique_dim_int(shape, dim, dtype, pattern, return_inverse, return_counts):
        if flag_gems.vendor_name == "kunlunxin":
>           torch.manual_seed(0)

test_unique_dim.py:97: 
_ _ _ _ _ _ _ _ _ _ _ _ _ _ _ _ _ _ _ _ _ _ _ _ _ _ _ _ _ _ _ _ _ _ _ _ _ _ _ _ 
/root/miniconda/envs/python310_torch29_cuda/lib/python3.10/site-packages/torch/_compile.py:53: in inner
    return disable_fn(*args, **kwargs)
/root/miniconda/envs/python310_torch29_cuda/lib/python3.10/site-packages/torch/_dynamo/eval_frame.py:1044: in _fn
    return fn(*args, **kwargs)
/root/miniconda/envs/python310_torch29_cuda/lib/python3.10/site-packages/torch/random.py:46: in manual_seed
    torch.cuda.manual_seed_all(seed)
/root/miniconda/envs/python310_torch29_cuda/lib/python3.10/site-packages/torch/cuda/random.py:131: in manual_seed_all
    _lazy_call(cb, seed_all=True)
/root/miniconda/envs/python310_torch29_cuda/lib/python3.10/site-packages/torch/cuda/__init__.py:341: in _lazy_call
    callable()
_ _ _ _ _ _ _ _ _ _ _ _ _ _ _ _ _ _ _ _ _ _ _ _ _ _ _ _ _ _ _ _ _ _ _ _ _ _ _ _ 

    def cb():
        for i in range(device_count()):
            default_generator = torch.cuda.default_generators[i]
>           default_generator.manual_seed(seed)
E           torch.AcceleratorError: CUDA error: unspecified launch failure
E           Search for `cudaErrorLaunchFailure' in https://docs.nvidia.com/cuda/cuda-runtime-api/group__CUDART__TYPES.html for more information.
E           CUDA kernel errors might be asynchronously reported at some other API call, so the stacktrace below might be incorrect.
E           For debugging consider passing CUDA_LAUNCH_BLOCKING=1
E           Compile with `TORCH_USE_CUDA_DSA` to enable device-side assertions.

/root/miniconda/envs/python310_torch29_cuda/lib/python3.10/site-packages/torch/cuda/random.py:129: AcceleratorError
__________ test_unique_dim_int[True-True-few_unique-dtype0-shape2-0] ___________

shape = (16, 4), dim = 0, dtype = torch.int16, pattern = 'few_unique'
return_inverse = True, return_counts = True

    @pytest.mark.unique_dim
    @pytest.mark.parametrize("shape, dim", SHAPE_DIM_CASES)
    @pytest.mark.parametrize("dtype", utils.INT_DTYPES)
    @pytest.mark.parametrize("pattern", ["few_unique", "all_unique", "all_duplicate"])
    @pytest.mark.parametrize("return_inverse", [False, True])
    @pytest.mark.parametrize("return_counts", [False, True])
    def test_unique_dim_int(shape, dim, dtype, pattern, return_inverse, return_counts):
        if flag_gems.vendor_name == "kunlunxin":
>           torch.manual_seed(0)

test_unique_dim.py:97: 
_ _ _ _ _ _ _ _ _ _ _ _ _ _ _ _ _ _ _ _ _ _ _ _ _ _ _ _ _ _ _ _ _ _ _ _ _ _ _ _ 
/root/miniconda/envs/python310_torch29_cuda/lib/python3.10/site-packages/torch/_compile.py:53: in inner
    return disable_fn(*args, **kwargs)
/root/miniconda/envs/python310_torch29_cuda/lib/python3.10/site-packages/torch/_dynamo/eval_frame.py:1044: in _fn
    return fn(*args, **kwargs)
/root/miniconda/envs/python310_torch29_cuda/lib/python3.10/site-packages/torch/random.py:46: in manual_seed
    torch.cuda.manual_seed_all(seed)
/root/miniconda/envs/python310_torch29_cuda/lib/python3.10/site-packages/torch/cuda/random.py:131: in manual_seed_all
    _lazy_call(cb, seed_all=True)
/root/miniconda/envs/python310_torch29_cuda/lib/python3.10/site-packages/torch/cuda/__init__.py:341: in _lazy_call
    callable()
_ _ _ _ _ _ _ _ _ _ _ _ _ _ _ _ _ _ _ _ _ _ _ _ _ _ _ _ _ _ _ _ _ _ _ _ _ _ _ _ 

    def cb():
        for i in range(device_count()):
            default_generator = torch.cuda.default_generators[i]
>           default_generator.manual_seed(seed)
E           torch.AcceleratorError: CUDA error: unspecified launch failure
E           Search for `cudaErrorLaunchFailure' in https://docs.nvidia.com/cuda/cuda-runtime-api/group__CUDART__TYPES.html for more information.
E           CUDA kernel errors might be asynchronously reported at some other API call, so the stacktrace below might be incorrect.
E           For debugging consider passing CUDA_LAUNCH_BLOCKING=1
E           Compile with `TORCH_USE_CUDA_DSA` to enable device-side assertions.

/root/miniconda/envs/python310_torch29_cuda/lib/python3.10/site-packages/torch/cuda/random.py:129: AcceleratorError
__________ test_unique_dim_int[True-True-few_unique-dtype0-shape3-1] ___________

shape = (16, 4), dim = 1, dtype = torch.int16, pattern = 'few_unique'
return_inverse = True, return_counts = True

    @pytest.mark.unique_dim
    @pytest.mark.parametrize("shape, dim", SHAPE_DIM_CASES)
    @pytest.mark.parametrize("dtype", utils.INT_DTYPES)
    @pytest.mark.parametrize("pattern", ["few_unique", "all_unique", "all_duplicate"])
    @pytest.mark.parametrize("return_inverse", [False, True])
    @pytest.mark.parametrize("return_counts", [False, True])
    def test_unique_dim_int(shape, dim, dtype, pattern, return_inverse, return_counts):
        if flag_gems.vendor_name == "kunlunxin":
>           torch.manual_seed(0)

test_unique_dim.py:97: 
_ _ _ _ _ _ _ _ _ _ _ _ _ _ _ _ _ _ _ _ _ _ _ _ _ _ _ _ _ _ _ _ _ _ _ _ _ _ _ _ 
/root/miniconda/envs/python310_torch29_cuda/lib/python3.10/site-packages/torch/_compile.py:53: in inner
    return disable_fn(*args, **kwargs)
/root/miniconda/envs/python310_torch29_cuda/lib/python3.10/site-packages/torch/_dynamo/eval_frame.py:1044: in _fn
    return fn(*args, **kwargs)
/root/miniconda/envs/python310_torch29_cuda/lib/python3.10/site-packages/torch/random.py:46: in manual_seed
    torch.cuda.manual_seed_all(seed)
/root/miniconda/envs/python310_torch29_cuda/lib/python3.10/site-packages/torch/cuda/random.py:131: in manual_seed_all
    _lazy_call(cb, seed_all=True)
/root/miniconda/envs/python310_torch29_cuda/lib/python3.10/site-packages/torch/cuda/__init__.py:341: in _lazy_call
    callable()
_ _ _ _ _ _ _ _ _ _ _ _ _ _ _ _ _ _ _ _ _ _ _ _ _ _ _ _ _ _ _ _ _ _ _ _ _ _ _ _ 

    def cb():
        for i in range(device_count()):
            default_generator = torch.cuda.default_generators[i]
>           default_generator.manual_seed(seed)
E           torch.AcceleratorError: CUDA error: unspecified launch failure
E           Search for `cudaErrorLaunchFailure' in https://docs.nvidia.com/cuda/cuda-runtime-api/group__CUDART__TYPES.html for more information.
E           CUDA kernel errors might be asynchronously reported at some other API call, so the stacktrace below might be incorrect.
E           For debugging consider passing CUDA_LAUNCH_BLOCKING=1
E           Compile with `TORCH_USE_CUDA_DSA` to enable device-side assertions.

/root/miniconda/envs/python310_torch29_cuda/lib/python3.10/site-packages/torch/cuda/random.py:129: AcceleratorError
__________ test_unique_dim_int[True-True-few_unique-dtype0-shape4--1] __________

shape = (16, 4), dim = -1, dtype = torch.int16, pattern = 'few_unique'
return_inverse = True, return_counts = True

    @pytest.mark.unique_dim
    @pytest.mark.parametrize("shape, dim", SHAPE_DIM_CASES)
    @pytest.mark.parametrize("dtype", utils.INT_DTYPES)
    @pytest.mark.parametrize("pattern", ["few_unique", "all_unique", "all_duplicate"])
    @pytest.mark.parametrize("return_inverse", [False, True])
    @pytest.mark.parametrize("return_counts", [False, True])
    def test_unique_dim_int(shape, dim, dtype, pattern, return_inverse, return_counts):
        if flag_gems.vendor_name == "kunlunxin":
>           torch.manual_seed(0)

test_unique_dim.py:97: 
_ _ _ _ _ _ _ _ _ _ _ _ _ _ _ _ _ _ _ _ _ _ _ _ _ _ _ _ _ _ _ _ _ _ _ _ _ _ _ _ 
/root/miniconda/envs/python310_torch29_cuda/lib/python3.10/site-packages/torch/_compile.py:53: in inner
    return disable_fn(*args, **kwargs)
/root/miniconda/envs/python310_torch29_cuda/lib/python3.10/site-packages/torch/_dynamo/eval_frame.py:1044: in _fn
    return fn(*args, **kwargs)
/root/miniconda/envs/python310_torch29_cuda/lib/python3.10/site-packages/torch/random.py:46: in manual_seed
    torch.cuda.manual_seed_all(seed)
/root/miniconda/envs/python310_torch29_cuda/lib/python3.10/site-packages/torch/cuda/random.py:131: in manual_seed_all
    _lazy_call(cb, seed_all=True)
/root/miniconda/envs/python310_torch29_cuda/lib/python3.10/site-packages/torch/cuda/__init__.py:341: in _lazy_call
    callable()
_ _ _ _ _ _ _ _ _ _ _ _ _ _ _ _ _ _ _ _ _ _ _ _ _ _ _ _ _ _ _ _ _ _ _ _ _ _ _ _ 

    def cb():
        for i in range(device_count()):
            default_generator = torch.cuda.default_generators[i]
>           default_generator.manual_seed(seed)
E           torch.AcceleratorError: CUDA error: unspecified launch failure
E           Search for `cudaErrorLaunchFailure' in https://docs.nvidia.com/cuda/cuda-runtime-api/group__CUDART__TYPES.html for more information.
E           CUDA kernel errors might be asynchronously reported at some other API call, so the stacktrace below might be incorrect.
E           For debugging consider passing CUDA_LAUNCH_BLOCKING=1
E           Compile with `TORCH_USE_CUDA_DSA` to enable device-side assertions.

/root/miniconda/envs/python310_torch29_cuda/lib/python3.10/site-packages/torch/cuda/random.py:129: AcceleratorError
__________ test_unique_dim_int[True-True-few_unique-dtype0-shape5-0] ___________

shape = (4, 16), dim = 0, dtype = torch.int16, pattern = 'few_unique'
return_inverse = True, return_counts = True

    @pytest.mark.unique_dim
    @pytest.mark.parametrize("shape, dim", SHAPE_DIM_CASES)
    @pytest.mark.parametrize("dtype", utils.INT_DTYPES)
    @pytest.mark.parametrize("pattern", ["few_unique", "all_unique", "all_duplicate"])
    @pytest.mark.parametrize("return_inverse", [False, True])
    @pytest.mark.parametrize("return_counts", [False, True])
    def test_unique_dim_int(shape, dim, dtype, pattern, return_inverse, return_counts):
        if flag_gems.vendor_name == "kunlunxin":
>           torch.manual_seed(0)

test_unique_dim.py:97: 
_ _ _ _ _ _ _ _ _ _ _ _ _ _ _ _ _ _ _ _ _ _ _ _ _ _ _ _ _ _ _ _ _ _ _ _ _ _ _ _ 
/root/miniconda/envs/python310_torch29_cuda/lib/python3.10/site-packages/torch/_compile.py:53: in inner
    return disable_fn(*args, **kwargs)
/root/miniconda/envs/python310_torch29_cuda/lib/python3.10/site-packages/torch/_dynamo/eval_frame.py:1044: in _fn
    return fn(*args, **kwargs)
/root/miniconda/envs/python310_torch29_cuda/lib/python3.10/site-packages/torch/random.py:46: in manual_seed
    torch.cuda.manual_seed_all(seed)
/root/miniconda/envs/python310_torch29_cuda/lib/python3.10/site-packages/torch/cuda/random.py:131: in manual_seed_all
    _lazy_call(cb, seed_all=True)
/root/miniconda/envs/python310_torch29_cuda/lib/python3.10/site-packages/torch/cuda/__init__.py:341: in _lazy_call
    callable()
_ _ _ _ _ _ _ _ _ _ _ _ _ _ _ _ _ _ _ _ _ _ _ _ _ _ _ _ _ _ _ _ _ _ _ _ _ _ _ _ 

    def cb():
        for i in range(device_count()):
            default_generator = torch.cuda.default_generators[i]
>           default_generator.manual_seed(seed)
E           torch.AcceleratorError: CUDA error: unspecified launch failure
E           Search for `cudaErrorLaunchFailure' in https://docs.nvidia.com/cuda/cuda-runtime-api/group__CUDART__TYPES.html for more information.
E           CUDA kernel errors might be asynchronously reported at some other API call, so the stacktrace below might be incorrect.
E           For debugging consider passing CUDA_LAUNCH_BLOCKING=1
E           Compile with `TORCH_USE_CUDA_DSA` to enable device-side assertions.

/root/miniconda/envs/python310_torch29_cuda/lib/python3.10/site-packages/torch/cuda/random.py:129: AcceleratorError
__________ test_unique_dim_int[True-True-few_unique-dtype0-shape6-0] ___________

shape = (32, 32), dim = 0, dtype = torch.int16, pattern = 'few_unique'
return_inverse = True, return_counts = True

    @pytest.mark.unique_dim
    @pytest.mark.parametrize("shape, dim", SHAPE_DIM_CASES)
    @pytest.mark.parametrize("dtype", utils.INT_DTYPES)
    @pytest.mark.parametrize("pattern", ["few_unique", "all_unique", "all_duplicate"])
    @pytest.mark.parametrize("return_inverse", [False, True])
    @pytest.mark.parametrize("return_counts", [False, True])
    def test_unique_dim_int(shape, dim, dtype, pattern, return_inverse, return_counts):
        if flag_gems.vendor_name == "kunlunxin":
>           torch.manual_seed(0)

test_unique_dim.py:97: 
_ _ _ _ _ _ _ _ _ _ _ _ _ _ _ _ _ _ _ _ _ _ _ _ _ _ _ _ _ _ _ _ _ _ _ _ _ _ _ _ 
/root/miniconda/envs/python310_torch29_cuda/lib/python3.10/site-packages/torch/_compile.py:53: in inner
    return disable_fn(*args, **kwargs)
/root/miniconda/envs/python310_torch29_cuda/lib/python3.10/site-packages/torch/_dynamo/eval_frame.py:1044: in _fn
    return fn(*args, **kwargs)
/root/miniconda/envs/python310_torch29_cuda/lib/python3.10/site-packages/torch/random.py:46: in manual_seed
    torch.cuda.manual_seed_all(seed)
/root/miniconda/envs/python310_torch29_cuda/lib/python3.10/site-packages/torch/cuda/random.py:131: in manual_seed_all
    _lazy_call(cb, seed_all=True)
/root/miniconda/envs/python310_torch29_cuda/lib/python3.10/site-packages/torch/cuda/__init__.py:341: in _lazy_call
    callable()
_ _ _ _ _ _ _ _ _ _ _ _ _ _ _ _ _ _ _ _ _ _ _ _ _ _ _ _ _ _ _ _ _ _ _ _ _ _ _ _ 

    def cb():
        for i in range(device_count()):
            default_generator = torch.cuda.default_generators[i]
>           default_generator.manual_seed(seed)
E           torch.AcceleratorError: CUDA error: unspecified launch failure
E           Search for `cudaErrorLaunchFailure' in https://docs.nvidia.com/cuda/cuda-runtime-api/group__CUDART__TYPES.html for more information.
E           CUDA kernel errors might be asynchronously reported at some other API call, so the stacktrace below might be incorrect.
E           For debugging consider passing CUDA_LAUNCH_BLOCKING=1
E           Compile with `TORCH_USE_CUDA_DSA` to enable device-side assertions.

/root/miniconda/envs/python310_torch29_cuda/lib/python3.10/site-packages/torch/cuda/random.py:129: AcceleratorError
__________ test_unique_dim_int[True-True-few_unique-dtype0-shape7-1] ___________

shape = (32, 32), dim = 1, dtype = torch.int16, pattern = 'few_unique'
return_inverse = True, return_counts = True

    @pytest.mark.unique_dim
    @pytest.mark.parametrize("shape, dim", SHAPE_DIM_CASES)
    @pytest.mark.parametrize("dtype", utils.INT_DTYPES)
    @pytest.mark.parametrize("pattern", ["few_unique", "all_unique", "all_duplicate"])
    @pytest.mark.parametrize("return_inverse", [False, True])
    @pytest.mark.parametrize("return_counts", [False, True])
    def test_unique_dim_int(shape, dim, dtype, pattern, return_inverse, return_counts):
        if flag_gems.vendor_name == "kunlunxin":
>           torch.manual_seed(0)

test_unique_dim.py:97: 
_ _ _ _ _ _ _ _ _ _ _ _ _ _ _ _ _ _ _ _ _ _ _ _ _ _ _ _ _ _ _ _ _ _ _ _ _ _ _ _ 
/root/miniconda/envs/python310_torch29_cuda/lib/python3.10/site-packages/torch/_compile.py:53: in inner
    return disable_fn(*args, **kwargs)
/root/miniconda/envs/python310_torch29_cuda/lib/python3.10/site-packages/torch/_dynamo/eval_frame.py:1044: in _fn
    return fn(*args, **kwargs)
/root/miniconda/envs/python310_torch29_cuda/lib/python3.10/site-packages/torch/random.py:46: in manual_seed
    torch.cuda.manual_seed_all(seed)
/root/miniconda/envs/python310_torch29_cuda/lib/python3.10/site-packages/torch/cuda/random.py:131: in manual_seed_all
    _lazy_call(cb, seed_all=True)
/root/miniconda/envs/python310_torch29_cuda/lib/python3.10/site-packages/torch/cuda/__init__.py:341: in _lazy_call
    callable()
_ _ _ _ _ _ _ _ _ _ _ _ _ _ _ _ _ _ _ _ _ _ _ _ _ _ _ _ _ _ _ _ _ _ _ _ _ _ _ _ 

    def cb():
        for i in range(device_count()):
            default_generator = torch.cuda.default_generators[i]
>           default_generator.manual_seed(seed)
E           torch.AcceleratorError: CUDA error: unspecified launch failure
E           Search for `cudaErrorLaunchFailure' in https://docs.nvidia.com/cuda/cuda-runtime-api/group__CUDART__TYPES.html for more information.
E           CUDA kernel errors might be asynchronously reported at some other API call, so the stacktrace below might be incorrect.
E           For debugging consider passing CUDA_LAUNCH_BLOCKING=1
E           Compile with `TORCH_USE_CUDA_DSA` to enable device-side assertions.

/root/miniconda/envs/python310_torch29_cuda/lib/python3.10/site-packages/torch/cuda/random.py:129: AcceleratorError
__________ test_unique_dim_int[True-True-few_unique-dtype0-shape8-0] ___________

shape = (6, 5, 4), dim = 0, dtype = torch.int16, pattern = 'few_unique'
return_inverse = True, return_counts = True

    @pytest.mark.unique_dim
    @pytest.mark.parametrize("shape, dim", SHAPE_DIM_CASES)
    @pytest.mark.parametrize("dtype", utils.INT_DTYPES)
    @pytest.mark.parametrize("pattern", ["few_unique", "all_unique", "all_duplicate"])
    @pytest.mark.parametrize("return_inverse", [False, True])
    @pytest.mark.parametrize("return_counts", [False, True])
    def test_unique_dim_int(shape, dim, dtype, pattern, return_inverse, return_counts):
        if flag_gems.vendor_name == "kunlunxin":
>           torch.manual_seed(0)

test_unique_dim.py:97: 
_ _ _ _ _ _ _ _ _ _ _ _ _ _ _ _ _ _ _ _ _ _ _ _ _ _ _ _ _ _ _ _ _ _ _ _ _ _ _ _ 
/root/miniconda/envs/python310_torch29_cuda/lib/python3.10/site-packages/torch/_compile.py:53: in inner
    return disable_fn(*args, **kwargs)
/root/miniconda/envs/python310_torch29_cuda/lib/python3.10/site-packages/torch/_dynamo/eval_frame.py:1044: in _fn
    return fn(*args, **kwargs)
/root/miniconda/envs/python310_torch29_cuda/lib/python3.10/site-packages/torch/random.py:46: in manual_seed
    torch.cuda.manual_seed_all(seed)
/root/miniconda/envs/python310_torch29_cuda/lib/python3.10/site-packages/torch/cuda/random.py:131: in manual_seed_all
    _lazy_call(cb, seed_all=True)
/root/miniconda/envs/python310_torch29_cuda/lib/python3.10/site-packages/torch/cuda/__init__.py:341: in _lazy_call
    callable()
_ _ _ _ _ _ _ _ _ _ _ _ _ _ _ _ _ _ _ _ _ _ _ _ _ _ _ _ _ _ _ _ _ _ _ _ _ _ _ _ 

    def cb():
        for i in range(device_count()):
            default_generator = torch.cuda.default_generators[i]
>           default_generator.manual_seed(seed)
E           torch.AcceleratorError: CUDA error: unspecified launch failure
E           Search for `cudaErrorLaunchFailure' in https://docs.nvidia.com/cuda/cuda-runtime-api/group__CUDART__TYPES.html for more information.
E           CUDA kernel errors might be asynchronously reported at some other API call, so the stacktrace below might be incorrect.
E           For debugging consider passing CUDA_LAUNCH_BLOCKING=1
E           Compile with `TORCH_USE_CUDA_DSA` to enable device-side assertions.

/root/miniconda/envs/python310_torch29_cuda/lib/python3.10/site-packages/torch/cuda/random.py:129: AcceleratorError
__________ test_unique_dim_int[True-True-few_unique-dtype0-shape9-1] ___________

shape = (6, 5, 4), dim = 1, dtype = torch.int16, pattern = 'few_unique'
return_inverse = True, return_counts = True

    @pytest.mark.unique_dim
    @pytest.mark.parametrize("shape, dim", SHAPE_DIM_CASES)
    @pytest.mark.parametrize("dtype", utils.INT_DTYPES)
    @pytest.mark.parametrize("pattern", ["few_unique", "all_unique", "all_duplicate"])
    @pytest.mark.parametrize("return_inverse", [False, True])
    @pytest.mark.parametrize("return_counts", [False, True])
    def test_unique_dim_int(shape, dim, dtype, pattern, return_inverse, return_counts):
        if flag_gems.vendor_name == "kunlunxin":
>           torch.manual_seed(0)

test_unique_dim.py:97: 
_ _ _ _ _ _ _ _ _ _ _ _ _ _ _ _ _ _ _ _ _ _ _ _ _ _ _ _ _ _ _ _ _ _ _ _ _ _ _ _ 
/root/miniconda/envs/python310_torch29_cuda/lib/python3.10/site-packages/torch/_compile.py:53: in inner
    return disable_fn(*args, **kwargs)
/root/miniconda/envs/python310_torch29_cuda/lib/python3.10/site-packages/torch/_dynamo/eval_frame.py:1044: in _fn
    return fn(*args, **kwargs)
/root/miniconda/envs/python310_torch29_cuda/lib/python3.10/site-packages/torch/random.py:46: in manual_seed
    torch.cuda.manual_seed_all(seed)
/root/miniconda/envs/python310_torch29_cuda/lib/python3.10/site-packages/torch/cuda/random.py:131: in manual_seed_all
    _lazy_call(cb, seed_all=True)
/root/miniconda/envs/python310_torch29_cuda/lib/python3.10/site-packages/torch/cuda/__init__.py:341: in _lazy_call
    callable()
_ _ _ _ _ _ _ _ _ _ _ _ _ _ _ _ _ _ _ _ _ _ _ _ _ _ _ _ _ _ _ _ _ _ _ _ _ _ _ _ 

    def cb():
        for i in range(device_count()):
            default_generator = torch.cuda.default_generators[i]
>           default_generator.manual_seed(seed)
E           torch.AcceleratorError: CUDA error: unspecified launch failure
E           Search for `cudaErrorLaunchFailure' in https://docs.nvidia.com/cuda/cuda-runtime-api/group__CUDART__TYPES.html for more information.
E           CUDA kernel errors might be asynchronously reported at some other API call, so the stacktrace below might be incorrect.
E           For debugging consider passing CUDA_LAUNCH_BLOCKING=1
E           Compile with `TORCH_USE_CUDA_DSA` to enable device-side assertions.

/root/miniconda/envs/python310_torch29_cuda/lib/python3.10/site-packages/torch/cuda/random.py:129: AcceleratorError
__________ test_unique_dim_int[True-True-few_unique-dtype0-shape10-2] __________

shape = (6, 5, 4), dim = 2, dtype = torch.int16, pattern = 'few_unique'
return_inverse = True, return_counts = True

    @pytest.mark.unique_dim
    @pytest.mark.parametrize("shape, dim", SHAPE_DIM_CASES)
    @pytest.mark.parametrize("dtype", utils.INT_DTYPES)
    @pytest.mark.parametrize("pattern", ["few_unique", "all_unique", "all_duplicate"])
    @pytest.mark.parametrize("return_inverse", [False, True])
    @pytest.mark.parametrize("return_counts", [False, True])
    def test_unique_dim_int(shape, dim, dtype, pattern, return_inverse, return_counts):
        if flag_gems.vendor_name == "kunlunxin":
>           torch.manual_seed(0)

test_unique_dim.py:97: 
_ _ _ _ _ _ _ _ _ _ _ _ _ _ _ _ _ _ _ _ _ _ _ _ _ _ _ _ _ _ _ _ _ _ _ _ _ _ _ _ 
/root/miniconda/envs/python310_torch29_cuda/lib/python3.10/site-packages/torch/_compile.py:53: in inner
    return disable_fn(*args, **kwargs)
/root/miniconda/envs/python310_torch29_cuda/lib/python3.10/site-packages/torch/_dynamo/eval_frame.py:1044: in _fn
    return fn(*args, **kwargs)
/root/miniconda/envs/python310_torch29_cuda/lib/python3.10/site-packages/torch/random.py:46: in manual_seed
    torch.cuda.manual_seed_all(seed)
/root/miniconda/envs/python310_torch29_cuda/lib/python3.10/site-packages/torch/cuda/random.py:131: in manual_seed_all
    _lazy_call(cb, seed_all=True)
/root/miniconda/envs/python310_torch29_cuda/lib/python3.10/site-packages/torch/cuda/__init__.py:341: in _lazy_call
    callable()
_ _ _ _ _ _ _ _ _ _ _ _ _ _ _ _ _ _ _ _ _ _ _ _ _ _ _ _ _ _ _ _ _ _ _ _ _ _ _ _ 

    def cb():
        for i in range(device_count()):
            default_generator = torch.cuda.default_generators[i]
>           default_generator.manual_seed(seed)
E           torch.AcceleratorError: CUDA error: unspecified launch failure
E           Search for `cudaErrorLaunchFailure' in https://docs.nvidia.com/cuda/cuda-runtime-api/group__CUDART__TYPES.html for more information.
E           CUDA kernel errors might be asynchronously reported at some other API call, so the stacktrace below might be incorrect.
E           For debugging consider passing CUDA_LAUNCH_BLOCKING=1
E           Compile with `TORCH_USE_CUDA_DSA` to enable device-side assertions.

/root/miniconda/envs/python310_torch29_cuda/lib/python3.10/site-packages/torch/cuda/random.py:129: AcceleratorError
_________ test_unique_dim_int[True-True-few_unique-dtype0-shape11--2] __________

shape = (6, 5, 4), dim = -2, dtype = torch.int16, pattern = 'few_unique'
return_inverse = True, return_counts = True

    @pytest.mark.unique_dim
    @pytest.mark.parametrize("shape, dim", SHAPE_DIM_CASES)
    @pytest.mark.parametrize("dtype", utils.INT_DTYPES)
    @pytest.mark.parametrize("pattern", ["few_unique", "all_unique", "all_duplicate"])
    @pytest.mark.parametrize("return_inverse", [False, True])
    @pytest.mark.parametrize("return_counts", [False, True])
    def test_unique_dim_int(shape, dim, dtype, pattern, return_inverse, return_counts):
        if flag_gems.vendor_name == "kunlunxin":
>           torch.manual_seed(0)

test_unique_dim.py:97: 
_ _ _ _ _ _ _ _ _ _ _ _ _ _ _ _ _ _ _ _ _ _ _ _ _ _ _ _ _ _ _ _ _ _ _ _ _ _ _ _ 
/root/miniconda/envs/python310_torch29_cuda/lib/python3.10/site-packages/torch/_compile.py:53: in inner
    return disable_fn(*args, **kwargs)
/root/miniconda/envs/python310_torch29_cuda/lib/python3.10/site-packages/torch/_dynamo/eval_frame.py:1044: in _fn
    return fn(*args, **kwargs)
/root/miniconda/envs/python310_torch29_cuda/lib/python3.10/site-packages/torch/random.py:46: in manual_seed
    torch.cuda.manual_seed_all(seed)
/root/miniconda/envs/python310_torch29_cuda/lib/python3.10/site-packages/torch/cuda/random.py:131: in manual_seed_all
    _lazy_call(cb, seed_all=True)
/root/miniconda/envs/python310_torch29_cuda/lib/python3.10/site-packages/torch/cuda/__init__.py:341: in _lazy_call
    callable()
_ _ _ _ _ _ _ _ _ _ _ _ _ _ _ _ _ _ _ _ _ _ _ _ _ _ _ _ _ _ _ _ _ _ _ _ _ _ _ _ 

    def cb():
        for i in range(device_count()):
            default_generator = torch.cuda.default_generators[i]
>           default_generator.manual_seed(seed)
E           torch.AcceleratorError: CUDA error: unspecified launch failure
E           Search for `cudaErrorLaunchFailure' in https://docs.nvidia.com/cuda/cuda-runtime-api/group__CUDART__TYPES.html for more information.
E           CUDA kernel errors might be asynchronously reported at some other API call, so the stacktrace below might be incorrect.
E           For debugging consider passing CUDA_LAUNCH_BLOCKING=1
E           Compile with `TORCH_USE_CUDA_DSA` to enable device-side assertions.

/root/miniconda/envs/python310_torch29_cuda/lib/python3.10/site-packages/torch/cuda/random.py:129: AcceleratorError
__________ test_unique_dim_int[True-True-few_unique-dtype0-shape12-2] __________

shape = (3, 4, 5, 6), dim = 2, dtype = torch.int16, pattern = 'few_unique'
return_inverse = True, return_counts = True

    @pytest.mark.unique_dim
    @pytest.mark.parametrize("shape, dim", SHAPE_DIM_CASES)
    @pytest.mark.parametrize("dtype", utils.INT_DTYPES)
    @pytest.mark.parametrize("pattern", ["few_unique", "all_unique", "all_duplicate"])
    @pytest.mark.parametrize("return_inverse", [False, True])
    @pytest.mark.parametrize("return_counts", [False, True])
    def test_unique_dim_int(shape, dim, dtype, pattern, return_inverse, return_counts):
        if flag_gems.vendor_name == "kunlunxin":
>           torch.manual_seed(0)

test_unique_dim.py:97: 
_ _ _ _ _ _ _ _ _ _ _ _ _ _ _ _ _ _ _ _ _ _ _ _ _ _ _ _ _ _ _ _ _ _ _ _ _ _ _ _ 
/root/miniconda/envs/python310_torch29_cuda/lib/python3.10/site-packages/torch/_compile.py:53: in inner
    return disable_fn(*args, **kwargs)
/root/miniconda/envs/python310_torch29_cuda/lib/python3.10/site-packages/torch/_dynamo/eval_frame.py:1044: in _fn
    return fn(*args, **kwargs)
/root/miniconda/envs/python310_torch29_cuda/lib/python3.10/site-packages/torch/random.py:46: in manual_seed
    torch.cuda.manual_seed_all(seed)
/root/miniconda/envs/python310_torch29_cuda/lib/python3.10/site-packages/torch/cuda/random.py:131: in manual_seed_all
    _lazy_call(cb, seed_all=True)
/root/miniconda/envs/python310_torch29_cuda/lib/python3.10/site-packages/torch/cuda/__init__.py:341: in _lazy_call
    callable()
_ _ _ _ _ _ _ _ _ _ _ _ _ _ _ _ _ _ _ _ _ _ _ _ _ _ _ _ _ _ _ _ _ _ _ _ _ _ _ _ 

    def cb():
        for i in range(device_count()):
            default_generator = torch.cuda.default_generators[i]
>           default_generator.manual_seed(seed)
E           torch.AcceleratorError: CUDA error: unspecified launch failure
E           Search for `cudaErrorLaunchFailure' in https://docs.nvidia.com/cuda/cuda-runtime-api/group__CUDART__TYPES.html for more information.
E           CUDA kernel errors might be asynchronously reported at some other API call, so the stacktrace below might be incorrect.
E           For debugging consider passing CUDA_LAUNCH_BLOCKING=1
E           Compile with `TORCH_USE_CUDA_DSA` to enable device-side assertions.

/root/miniconda/envs/python310_torch29_cuda/lib/python3.10/site-packages/torch/cuda/random.py:129: AcceleratorError
_________ test_unique_dim_int[True-True-few_unique-dtype0-shape13--1] __________

shape = (3, 4, 5, 6), dim = -1, dtype = torch.int16, pattern = 'few_unique'
return_inverse = True, return_counts = True

    @pytest.mark.unique_dim
    @pytest.mark.parametrize("shape, dim", SHAPE_DIM_CASES)
    @pytest.mark.parametrize("dtype", utils.INT_DTYPES)
    @pytest.mark.parametrize("pattern", ["few_unique", "all_unique", "all_duplicate"])
    @pytest.mark.parametrize("return_inverse", [False, True])
    @pytest.mark.parametrize("return_counts", [False, True])
    def test_unique_dim_int(shape, dim, dtype, pattern, return_inverse, return_counts):
        if flag_gems.vendor_name == "kunlunxin":
>           torch.manual_seed(0)

test_unique_dim.py:97: 
_ _ _ _ _ _ _ _ _ _ _ _ _ _ _ _ _ _ _ _ _ _ _ _ _ _ _ _ _ _ _ _ _ _ _ _ _ _ _ _ 
/root/miniconda/envs/python310_torch29_cuda/lib/python3.10/site-packages/torch/_compile.py:53: in inner
    return disable_fn(*args, **kwargs)
/root/miniconda/envs/python310_torch29_cuda/lib/python3.10/site-packages/torch/_dynamo/eval_frame.py:1044: in _fn
    return fn(*args, **kwargs)
/root/miniconda/envs/python310_torch29_cuda/lib/python3.10/site-packages/torch/random.py:46: in manual_seed
    torch.cuda.manual_seed_all(seed)
/root/miniconda/envs/python310_torch29_cuda/lib/python3.10/site-packages/torch/cuda/random.py:131: in manual_seed_all
    _lazy_call(cb, seed_all=True)
/root/miniconda/envs/python310_torch29_cuda/lib/python3.10/site-packages/torch/cuda/__init__.py:341: in _lazy_call
    callable()
_ _ _ _ _ _ _ _ _ _ _ _ _ _ _ _ _ _ _ _ _ _ _ _ _ _ _ _ _ _ _ _ _ _ _ _ _ _ _ _ 

    def cb():
        for i in range(device_count()):
            default_generator = torch.cuda.default_generators[i]
>           default_generator.manual_seed(seed)
E           torch.AcceleratorError: CUDA error: unspecified launch failure
E           Search for `cudaErrorLaunchFailure' in https://docs.nvidia.com/cuda/cuda-runtime-api/group__CUDART__TYPES.html for more information.
E           CUDA kernel errors might be asynchronously reported at some other API call, so the stacktrace below might be incorrect.
E           For debugging consider passing CUDA_LAUNCH_BLOCKING=1
E           Compile with `TORCH_USE_CUDA_DSA` to enable device-side assertions.

/root/miniconda/envs/python310_torch29_cuda/lib/python3.10/site-packages/torch/cuda/random.py:129: AcceleratorError
__________ test_unique_dim_int[True-True-few_unique-dtype1-shape0-0] ___________

shape = (8,), dim = 0, dtype = torch.int32, pattern = 'few_unique'
return_inverse = True, return_counts = True

    @pytest.mark.unique_dim
    @pytest.mark.parametrize("shape, dim", SHAPE_DIM_CASES)
    @pytest.mark.parametrize("dtype", utils.INT_DTYPES)
    @pytest.mark.parametrize("pattern", ["few_unique", "all_unique", "all_duplicate"])
    @pytest.mark.parametrize("return_inverse", [False, True])
    @pytest.mark.parametrize("return_counts", [False, True])
    def test_unique_dim_int(shape, dim, dtype, pattern, return_inverse, return_counts):
        if flag_gems.vendor_name == "kunlunxin":
>           torch.manual_seed(0)

test_unique_dim.py:97: 
_ _ _ _ _ _ _ _ _ _ _ _ _ _ _ _ _ _ _ _ _ _ _ _ _ _ _ _ _ _ _ _ _ _ _ _ _ _ _ _ 
/root/miniconda/envs/python310_torch29_cuda/lib/python3.10/site-packages/torch/_compile.py:53: in inner
    return disable_fn(*args, **kwargs)
/root/miniconda/envs/python310_torch29_cuda/lib/python3.10/site-packages/torch/_dynamo/eval_frame.py:1044: in _fn
    return fn(*args, **kwargs)
/root/miniconda/envs/python310_torch29_cuda/lib/python3.10/site-packages/torch/random.py:46: in manual_seed
    torch.cuda.manual_seed_all(seed)
/root/miniconda/envs/python310_torch29_cuda/lib/python3.10/site-packages/torch/cuda/random.py:131: in manual_seed_all
    _lazy_call(cb, seed_all=True)
/root/miniconda/envs/python310_torch29_cuda/lib/python3.10/site-packages/torch/cuda/__init__.py:341: in _lazy_call
    callable()
_ _ _ _ _ _ _ _ _ _ _ _ _ _ _ _ _ _ _ _ _ _ _ _ _ _ _ _ _ _ _ _ _ _ _ _ _ _ _ _ 

    def cb():
        for i in range(device_count()):
            default_generator = torch.cuda.default_generators[i]
>           default_generator.manual_seed(seed)
E           torch.AcceleratorError: CUDA error: unspecified launch failure
E           Search for `cudaErrorLaunchFailure' in https://docs.nvidia.com/cuda/cuda-runtime-api/group__CUDART__TYPES.html for more information.
E           CUDA kernel errors might be asynchronously reported at some other API call, so the stacktrace below might be incorrect.
E           For debugging consider passing CUDA_LAUNCH_BLOCKING=1
E           Compile with `TORCH_USE_CUDA_DSA` to enable device-side assertions.

/root/miniconda/envs/python310_torch29_cuda/lib/python3.10/site-packages/torch/cuda/random.py:129: AcceleratorError
__________ test_unique_dim_int[True-True-few_unique-dtype1-shape1--1] __________

shape = (8,), dim = -1, dtype = torch.int32, pattern = 'few_unique'
return_inverse = True, return_counts = True

    @pytest.mark.unique_dim
    @pytest.mark.parametrize("shape, dim", SHAPE_DIM_CASES)
    @pytest.mark.parametrize("dtype", utils.INT_DTYPES)
    @pytest.mark.parametrize("pattern", ["few_unique", "all_unique", "all_duplicate"])
    @pytest.mark.parametrize("return_inverse", [False, True])
    @pytest.mark.parametrize("return_counts", [False, True])
    def test_unique_dim_int(shape, dim, dtype, pattern, return_inverse, return_counts):
        if flag_gems.vendor_name == "kunlunxin":
>           torch.manual_seed(0)

test_unique_dim.py:97: 
_ _ _ _ _ _ _ _ _ _ _ _ _ _ _ _ _ _ _ _ _ _ _ _ _ _ _ _ _ _ _ _ _ _ _ _ _ _ _ _ 
/root/miniconda/envs/python310_torch29_cuda/lib/python3.10/site-packages/torch/_compile.py:53: in inner
    return disable_fn(*args, **kwargs)
/root/miniconda/envs/python310_torch29_cuda/lib/python3.10/site-packages/torch/_dynamo/eval_frame.py:1044: in _fn
    return fn(*args, **kwargs)
/root/miniconda/envs/python310_torch29_cuda/lib/python3.10/site-packages/torch/random.py:46: in manual_seed
    torch.cuda.manual_seed_all(seed)
/root/miniconda/envs/python310_torch29_cuda/lib/python3.10/site-packages/torch/cuda/random.py:131: in manual_seed_all
    _lazy_call(cb, seed_all=True)
/root/miniconda/envs/python310_torch29_cuda/lib/python3.10/site-packages/torch/cuda/__init__.py:341: in _lazy_call
    callable()
_ _ _ _ _ _ _ _ _ _ _ _ _ _ _ _ _ _ _ _ _ _ _ _ _ _ _ _ _ _ _ _ _ _ _ _ _ _ _ _ 

    def cb():
        for i in range(device_count()):
            default_generator = torch.cuda.default_generators[i]
>           default_generator.manual_seed(seed)
E           torch.AcceleratorError: CUDA error: unspecified launch failure
E           Search for `cudaErrorLaunchFailure' in https://docs.nvidia.com/cuda/cuda-runtime-api/group__CUDART__TYPES.html for more information.
E           CUDA kernel errors might be asynchronously reported at some other API call, so the stacktrace below might be incorrect.
E           For debugging consider passing CUDA_LAUNCH_BLOCKING=1
E           Compile with `TORCH_USE_CUDA_DSA` to enable device-side assertions.

/root/miniconda/envs/python310_torch29_cuda/lib/python3.10/site-packages/torch/cuda/random.py:129: AcceleratorError
__________ test_unique_dim_int[True-True-few_unique-dtype1-shape2-0] ___________

shape = (16, 4), dim = 0, dtype = torch.int32, pattern = 'few_unique'
return_inverse = True, return_counts = True

    @pytest.mark.unique_dim
    @pytest.mark.parametrize("shape, dim", SHAPE_DIM_CASES)
    @pytest.mark.parametrize("dtype", utils.INT_DTYPES)
    @pytest.mark.parametrize("pattern", ["few_unique", "all_unique", "all_duplicate"])
    @pytest.mark.parametrize("return_inverse", [False, True])
    @pytest.mark.parametrize("return_counts", [False, True])
    def test_unique_dim_int(shape, dim, dtype, pattern, return_inverse, return_counts):
        if flag_gems.vendor_name == "kunlunxin":
>           torch.manual_seed(0)

test_unique_dim.py:97: 
_ _ _ _ _ _ _ _ _ _ _ _ _ _ _ _ _ _ _ _ _ _ _ _ _ _ _ _ _ _ _ _ _ _ _ _ _ _ _ _ 
/root/miniconda/envs/python310_torch29_cuda/lib/python3.10/site-packages/torch/_compile.py:53: in inner
    return disable_fn(*args, **kwargs)
/root/miniconda/envs/python310_torch29_cuda/lib/python3.10/site-packages/torch/_dynamo/eval_frame.py:1044: in _fn
    return fn(*args, **kwargs)
/root/miniconda/envs/python310_torch29_cuda/lib/python3.10/site-packages/torch/random.py:46: in manual_seed
    torch.cuda.manual_seed_all(seed)
/root/miniconda/envs/python310_torch29_cuda/lib/python3.10/site-packages/torch/cuda/random.py:131: in manual_seed_all
    _lazy_call(cb, seed_all=True)
/root/miniconda/envs/python310_torch29_cuda/lib/python3.10/site-packages/torch/cuda/__init__.py:341: in _lazy_call
    callable()
_ _ _ _ _ _ _ _ _ _ _ _ _ _ _ _ _ _ _ _ _ _ _ _ _ _ _ _ _ _ _ _ _ _ _ _ _ _ _ _ 

    def cb():
        for i in range(device_count()):
            default_generator = torch.cuda.default_generators[i]
>           default_generator.manual_seed(seed)
E           torch.AcceleratorError: CUDA error: unspecified launch failure
E           Search for `cudaErrorLaunchFailure' in https://docs.nvidia.com/cuda/cuda-runtime-api/group__CUDART__TYPES.html for more information.
E           CUDA kernel errors might be asynchronously reported at some other API call, so the stacktrace below might be incorrect.
E           For debugging consider passing CUDA_LAUNCH_BLOCKING=1
E           Compile with `TORCH_USE_CUDA_DSA` to enable device-side assertions.

/root/miniconda/envs/python310_torch29_cuda/lib/python3.10/site-packages/torch/cuda/random.py:129: AcceleratorError
__________ test_unique_dim_int[True-True-few_unique-dtype1-shape3-1] ___________

shape = (16, 4), dim = 1, dtype = torch.int32, pattern = 'few_unique'
return_inverse = True, return_counts = True

    @pytest.mark.unique_dim
    @pytest.mark.parametrize("shape, dim", SHAPE_DIM_CASES)
    @pytest.mark.parametrize("dtype", utils.INT_DTYPES)
    @pytest.mark.parametrize("pattern", ["few_unique", "all_unique", "all_duplicate"])
    @pytest.mark.parametrize("return_inverse", [False, True])
    @pytest.mark.parametrize("return_counts", [False, True])
    def test_unique_dim_int(shape, dim, dtype, pattern, return_inverse, return_counts):
        if flag_gems.vendor_name == "kunlunxin":
>           torch.manual_seed(0)

test_unique_dim.py:97: 
_ _ _ _ _ _ _ _ _ _ _ _ _ _ _ _ _ _ _ _ _ _ _ _ _ _ _ _ _ _ _ _ _ _ _ _ _ _ _ _ 
/root/miniconda/envs/python310_torch29_cuda/lib/python3.10/site-packages/torch/_compile.py:53: in inner
    return disable_fn(*args, **kwargs)
/root/miniconda/envs/python310_torch29_cuda/lib/python3.10/site-packages/torch/_dynamo/eval_frame.py:1044: in _fn
    return fn(*args, **kwargs)
/root/miniconda/envs/python310_torch29_cuda/lib/python3.10/site-packages/torch/random.py:46: in manual_seed
    torch.cuda.manual_seed_all(seed)
/root/miniconda/envs/python310_torch29_cuda/lib/python3.10/site-packages/torch/cuda/random.py:131: in manual_seed_all
    _lazy_call(cb, seed_all=True)
/root/miniconda/envs/python310_torch29_cuda/lib/python3.10/site-packages/torch/cuda/__init__.py:341: in _lazy_call
    callable()
_ _ _ _ _ _ _ _ _ _ _ _ _ _ _ _ _ _ _ _ _ _ _ _ _ _ _ _ _ _ _ _ _ _ _ _ _ _ _ _ 

    def cb():
        for i in range(device_count()):
            default_generator = torch.cuda.default_generators[i]
>           default_generator.manual_seed(seed)
E           torch.AcceleratorError: CUDA error: unspecified launch failure
E           Search for `cudaErrorLaunchFailure' in https://docs.nvidia.com/cuda/cuda-runtime-api/group__CUDART__TYPES.html for more information.
E           CUDA kernel errors might be asynchronously reported at some other API call, so the stacktrace below might be incorrect.
E           For debugging consider passing CUDA_LAUNCH_BLOCKING=1
E           Compile with `TORCH_USE_CUDA_DSA` to enable device-side assertions.

/root/miniconda/envs/python310_torch29_cuda/lib/python3.10/site-packages/torch/cuda/random.py:129: AcceleratorError
__________ test_unique_dim_int[True-True-few_unique-dtype1-shape4--1] __________

shape = (16, 4), dim = -1, dtype = torch.int32, pattern = 'few_unique'
return_inverse = True, return_counts = True

    @pytest.mark.unique_dim
    @pytest.mark.parametrize("shape, dim", SHAPE_DIM_CASES)
    @pytest.mark.parametrize("dtype", utils.INT_DTYPES)
    @pytest.mark.parametrize("pattern", ["few_unique", "all_unique", "all_duplicate"])
    @pytest.mark.parametrize("return_inverse", [False, True])
    @pytest.mark.parametrize("return_counts", [False, True])
    def test_unique_dim_int(shape, dim, dtype, pattern, return_inverse, return_counts):
        if flag_gems.vendor_name == "kunlunxin":
>           torch.manual_seed(0)

test_unique_dim.py:97: 
_ _ _ _ _ _ _ _ _ _ _ _ _ _ _ _ _ _ _ _ _ _ _ _ _ _ _ _ _ _ _ _ _ _ _ _ _ _ _ _ 
/root/miniconda/envs/python310_torch29_cuda/lib/python3.10/site-packages/torch/_compile.py:53: in inner
    return disable_fn(*args, **kwargs)
/root/miniconda/envs/python310_torch29_cuda/lib/python3.10/site-packages/torch/_dynamo/eval_frame.py:1044: in _fn
    return fn(*args, **kwargs)
/root/miniconda/envs/python310_torch29_cuda/lib/python3.10/site-packages/torch/random.py:46: in manual_seed
    torch.cuda.manual_seed_all(seed)
/root/miniconda/envs/python310_torch29_cuda/lib/python3.10/site-packages/torch/cuda/random.py:131: in manual_seed_all
    _lazy_call(cb, seed_all=True)
/root/miniconda/envs/python310_torch29_cuda/lib/python3.10/site-packages/torch/cuda/__init__.py:341: in _lazy_call
    callable()
_ _ _ _ _ _ _ _ _ _ _ _ _ _ _ _ _ _ _ _ _ _ _ _ _ _ _ _ _ _ _ _ _ _ _ _ _ _ _ _ 

    def cb():
        for i in range(device_count()):
            default_generator = torch.cuda.default_generators[i]
>           default_generator.manual_seed(seed)
E           torch.AcceleratorError: CUDA error: unspecified launch failure
E           Search for `cudaErrorLaunchFailure' in https://docs.nvidia.com/cuda/cuda-runtime-api/group__CUDART__TYPES.html for more information.
E           CUDA kernel errors might be asynchronously reported at some other API call, so the stacktrace below might be incorrect.
E           For debugging consider passing CUDA_LAUNCH_BLOCKING=1
E           Compile with `TORCH_USE_CUDA_DSA` to enable device-side assertions.

/root/miniconda/envs/python310_torch29_cuda/lib/python3.10/site-packages/torch/cuda/random.py:129: AcceleratorError
__________ test_unique_dim_int[True-True-few_unique-dtype1-shape5-0] ___________

shape = (4, 16), dim = 0, dtype = torch.int32, pattern = 'few_unique'
return_inverse = True, return_counts = True

    @pytest.mark.unique_dim
    @pytest.mark.parametrize("shape, dim", SHAPE_DIM_CASES)
    @pytest.mark.parametrize("dtype", utils.INT_DTYPES)
    @pytest.mark.parametrize("pattern", ["few_unique", "all_unique", "all_duplicate"])
    @pytest.mark.parametrize("return_inverse", [False, True])
    @pytest.mark.parametrize("return_counts", [False, True])
    def test_unique_dim_int(shape, dim, dtype, pattern, return_inverse, return_counts):
        if flag_gems.vendor_name == "kunlunxin":
>           torch.manual_seed(0)

test_unique_dim.py:97: 
_ _ _ _ _ _ _ _ _ _ _ _ _ _ _ _ _ _ _ _ _ _ _ _ _ _ _ _ _ _ _ _ _ _ _ _ _ _ _ _ 
/root/miniconda/envs/python310_torch29_cuda/lib/python3.10/site-packages/torch/_compile.py:53: in inner
    return disable_fn(*args, **kwargs)
/root/miniconda/envs/python310_torch29_cuda/lib/python3.10/site-packages/torch/_dynamo/eval_frame.py:1044: in _fn
    return fn(*args, **kwargs)
/root/miniconda/envs/python310_torch29_cuda/lib/python3.10/site-packages/torch/random.py:46: in manual_seed
    torch.cuda.manual_seed_all(seed)
/root/miniconda/envs/python310_torch29_cuda/lib/python3.10/site-packages/torch/cuda/random.py:131: in manual_seed_all
    _lazy_call(cb, seed_all=True)
/root/miniconda/envs/python310_torch29_cuda/lib/python3.10/site-packages/torch/cuda/__init__.py:341: in _lazy_call
    callable()
_ _ _ _ _ _ _ _ _ _ _ _ _ _ _ _ _ _ _ _ _ _ _ _ _ _ _ _ _ _ _ _ _ _ _ _ _ _ _ _ 

    def cb():
        for i in range(device_count()):
            default_generator = torch.cuda.default_generators[i]
>           default_generator.manual_seed(seed)
E           torch.AcceleratorError: CUDA error: unspecified launch failure
E           Search for `cudaErrorLaunchFailure' in https://docs.nvidia.com/cuda/cuda-runtime-api/group__CUDART__TYPES.html for more information.
E           CUDA kernel errors might be asynchronously reported at some other API call, so the stacktrace below might be incorrect.
E           For debugging consider passing CUDA_LAUNCH_BLOCKING=1
E           Compile with `TORCH_USE_CUDA_DSA` to enable device-side assertions.

/root/miniconda/envs/python310_torch29_cuda/lib/python3.10/site-packages/torch/cuda/random.py:129: AcceleratorError
__________ test_unique_dim_int[True-True-few_unique-dtype1-shape6-0] ___________

shape = (32, 32), dim = 0, dtype = torch.int32, pattern = 'few_unique'
return_inverse = True, return_counts = True

    @pytest.mark.unique_dim
    @pytest.mark.parametrize("shape, dim", SHAPE_DIM_CASES)
    @pytest.mark.parametrize("dtype", utils.INT_DTYPES)
    @pytest.mark.parametrize("pattern", ["few_unique", "all_unique", "all_duplicate"])
    @pytest.mark.parametrize("return_inverse", [False, True])
    @pytest.mark.parametrize("return_counts", [False, True])
    def test_unique_dim_int(shape, dim, dtype, pattern, return_inverse, return_counts):
        if flag_gems.vendor_name == "kunlunxin":
>           torch.manual_seed(0)

test_unique_dim.py:97: 
_ _ _ _ _ _ _ _ _ _ _ _ _ _ _ _ _ _ _ _ _ _ _ _ _ _ _ _ _ _ _ _ _ _ _ _ _ _ _ _ 
/root/miniconda/envs/python310_torch29_cuda/lib/python3.10/site-packages/torch/_compile.py:53: in inner
    return disable_fn(*args, **kwargs)
/root/miniconda/envs/python310_torch29_cuda/lib/python3.10/site-packages/torch/_dynamo/eval_frame.py:1044: in _fn
    return fn(*args, **kwargs)
/root/miniconda/envs/python310_torch29_cuda/lib/python3.10/site-packages/torch/random.py:46: in manual_seed
    torch.cuda.manual_seed_all(seed)
/root/miniconda/envs/python310_torch29_cuda/lib/python3.10/site-packages/torch/cuda/random.py:131: in manual_seed_all
    _lazy_call(cb, seed_all=True)
/root/miniconda/envs/python310_torch29_cuda/lib/python3.10/site-packages/torch/cuda/__init__.py:341: in _lazy_call
    callable()
_ _ _ _ _ _ _ _ _ _ _ _ _ _ _ _ _ _ _ _ _ _ _ _ _ _ _ _ _ _ _ _ _ _ _ _ _ _ _ _ 

    def cb():
        for i in range(device_count()):
            default_generator = torch.cuda.default_generators[i]
>           default_generator.manual_seed(seed)
E           torch.AcceleratorError: CUDA error: unspecified launch failure
E           Search for `cudaErrorLaunchFailure' in https://docs.nvidia.com/cuda/cuda-runtime-api/group__CUDART__TYPES.html for more information.
E           CUDA kernel errors might be asynchronously reported at some other API call, so the stacktrace below might be incorrect.
E           For debugging consider passing CUDA_LAUNCH_BLOCKING=1
E           Compile with `TORCH_USE_CUDA_DSA` to enable device-side assertions.

/root/miniconda/envs/python310_torch29_cuda/lib/python3.10/site-packages/torch/cuda/random.py:129: AcceleratorError
__________ test_unique_dim_int[True-True-few_unique-dtype1-shape7-1] ___________

shape = (32, 32), dim = 1, dtype = torch.int32, pattern = 'few_unique'
return_inverse = True, return_counts = True

    @pytest.mark.unique_dim
    @pytest.mark.parametrize("shape, dim", SHAPE_DIM_CASES)
    @pytest.mark.parametrize("dtype", utils.INT_DTYPES)
    @pytest.mark.parametrize("pattern", ["few_unique", "all_unique", "all_duplicate"])
    @pytest.mark.parametrize("return_inverse", [False, True])
    @pytest.mark.parametrize("return_counts", [False, True])
    def test_unique_dim_int(shape, dim, dtype, pattern, return_inverse, return_counts):
        if flag_gems.vendor_name == "kunlunxin":
>           torch.manual_seed(0)

test_unique_dim.py:97: 
_ _ _ _ _ _ _ _ _ _ _ _ _ _ _ _ _ _ _ _ _ _ _ _ _ _ _ _ _ _ _ _ _ _ _ _ _ _ _ _ 
/root/miniconda/envs/python310_torch29_cuda/lib/python3.10/site-packages/torch/_compile.py:53: in inner
    return disable_fn(*args, **kwargs)
/root/miniconda/envs/python310_torch29_cuda/lib/python3.10/site-packages/torch/_dynamo/eval_frame.py:1044: in _fn
    return fn(*args, **kwargs)
/root/miniconda/envs/python310_torch29_cuda/lib/python3.10/site-packages/torch/random.py:46: in manual_seed
    torch.cuda.manual_seed_all(seed)
/root/miniconda/envs/python310_torch29_cuda/lib/python3.10/site-packages/torch/cuda/random.py:131: in manual_seed_all
    _lazy_call(cb, seed_all=True)
/root/miniconda/envs/python310_torch29_cuda/lib/python3.10/site-packages/torch/cuda/__init__.py:341: in _lazy_call
    callable()
_ _ _ _ _ _ _ _ _ _ _ _ _ _ _ _ _ _ _ _ _ _ _ _ _ _ _ _ _ _ _ _ _ _ _ _ _ _ _ _ 

    def cb():
        for i in range(device_count()):
            default_generator = torch.cuda.default_generators[i]
>           default_generator.manual_seed(seed)
E           torch.AcceleratorError: CUDA error: unspecified launch failure
E           Search for `cudaErrorLaunchFailure' in https://docs.nvidia.com/cuda/cuda-runtime-api/group__CUDART__TYPES.html for more information.
E           CUDA kernel errors might be asynchronously reported at some other API call, so the stacktrace below might be incorrect.
E           For debugging consider passing CUDA_LAUNCH_BLOCKING=1
E           Compile with `TORCH_USE_CUDA_DSA` to enable device-side assertions.

/root/miniconda/envs/python310_torch29_cuda/lib/python3.10/site-packages/torch/cuda/random.py:129: AcceleratorError
__________ test_unique_dim_int[True-True-few_unique-dtype1-shape8-0] ___________

shape = (6, 5, 4), dim = 0, dtype = torch.int32, pattern = 'few_unique'
return_inverse = True, return_counts = True

    @pytest.mark.unique_dim
    @pytest.mark.parametrize("shape, dim", SHAPE_DIM_CASES)
    @pytest.mark.parametrize("dtype", utils.INT_DTYPES)
    @pytest.mark.parametrize("pattern", ["few_unique", "all_unique", "all_duplicate"])
    @pytest.mark.parametrize("return_inverse", [False, True])
    @pytest.mark.parametrize("return_counts", [False, True])
    def test_unique_dim_int(shape, dim, dtype, pattern, return_inverse, return_counts):
        if flag_gems.vendor_name == "kunlunxin":
>           torch.manual_seed(0)

test_unique_dim.py:97: 
_ _ _ _ _ _ _ _ _ _ _ _ _ _ _ _ _ _ _ _ _ _ _ _ _ _ _ _ _ _ _ _ _ _ _ _ _ _ _ _ 
/root/miniconda/envs/python310_torch29_cuda/lib/python3.10/site-packages/torch/_compile.py:53: in inner
    return disable_fn(*args, **kwargs)
/root/miniconda/envs/python310_torch29_cuda/lib/python3.10/site-packages/torch/_dynamo/eval_frame.py:1044: in _fn
    return fn(*args, **kwargs)
/root/miniconda/envs/python310_torch29_cuda/lib/python3.10/site-packages/torch/random.py:46: in manual_seed
    torch.cuda.manual_seed_all(seed)
/root/miniconda/envs/python310_torch29_cuda/lib/python3.10/site-packages/torch/cuda/random.py:131: in manual_seed_all
    _lazy_call(cb, seed_all=True)
/root/miniconda/envs/python310_torch29_cuda/lib/python3.10/site-packages/torch/cuda/__init__.py:341: in _lazy_call
    callable()
_ _ _ _ _ _ _ _ _ _ _ _ _ _ _ _ _ _ _ _ _ _ _ _ _ _ _ _ _ _ _ _ _ _ _ _ _ _ _ _ 

    def cb():
        for i in range(device_count()):
            default_generator = torch.cuda.default_generators[i]
>           default_generator.manual_seed(seed)
E           torch.AcceleratorError: CUDA error: unspecified launch failure
E           Search for `cudaErrorLaunchFailure' in https://docs.nvidia.com/cuda/cuda-runtime-api/group__CUDART__TYPES.html for more information.
E           CUDA kernel errors might be asynchronously reported at some other API call, so the stacktrace below might be incorrect.
E           For debugging consider passing CUDA_LAUNCH_BLOCKING=1
E           Compile with `TORCH_USE_CUDA_DSA` to enable device-side assertions.

/root/miniconda/envs/python310_torch29_cuda/lib/python3.10/site-packages/torch/cuda/random.py:129: AcceleratorError
__________ test_unique_dim_int[True-True-few_unique-dtype1-shape9-1] ___________

shape = (6, 5, 4), dim = 1, dtype = torch.int32, pattern = 'few_unique'
return_inverse = True, return_counts = True

    @pytest.mark.unique_dim
    @pytest.mark.parametrize("shape, dim", SHAPE_DIM_CASES)
    @pytest.mark.parametrize("dtype", utils.INT_DTYPES)
    @pytest.mark.parametrize("pattern", ["few_unique", "all_unique", "all_duplicate"])
    @pytest.mark.parametrize("return_inverse", [False, True])
    @pytest.mark.parametrize("return_counts", [False, True])
    def test_unique_dim_int(shape, dim, dtype, pattern, return_inverse, return_counts):
        if flag_gems.vendor_name == "kunlunxin":
>           torch.manual_seed(0)

test_unique_dim.py:97: 
_ _ _ _ _ _ _ _ _ _ _ _ _ _ _ _ _ _ _ _ _ _ _ _ _ _ _ _ _ _ _ _ _ _ _ _ _ _ _ _ 
/root/miniconda/envs/python310_torch29_cuda/lib/python3.10/site-packages/torch/_compile.py:53: in inner
    return disable_fn(*args, **kwargs)
/root/miniconda/envs/python310_torch29_cuda/lib/python3.10/site-packages/torch/_dynamo/eval_frame.py:1044: in _fn
    return fn(*args, **kwargs)
/root/miniconda/envs/python310_torch29_cuda/lib/python3.10/site-packages/torch/random.py:46: in manual_seed
    torch.cuda.manual_seed_all(seed)
/root/miniconda/envs/python310_torch29_cuda/lib/python3.10/site-packages/torch/cuda/random.py:131: in manual_seed_all
    _lazy_call(cb, seed_all=True)
/root/miniconda/envs/python310_torch29_cuda/lib/python3.10/site-packages/torch/cuda/__init__.py:341: in _lazy_call
    callable()
_ _ _ _ _ _ _ _ _ _ _ _ _ _ _ _ _ _ _ _ _ _ _ _ _ _ _ _ _ _ _ _ _ _ _ _ _ _ _ _ 

    def cb():
        for i in range(device_count()):
            default_generator = torch.cuda.default_generators[i]
>           default_generator.manual_seed(seed)
E           torch.AcceleratorError: CUDA error: unspecified launch failure
E           Search for `cudaErrorLaunchFailure' in https://docs.nvidia.com/cuda/cuda-runtime-api/group__CUDART__TYPES.html for more information.
E           CUDA kernel errors might be asynchronously reported at some other API call, so the stacktrace below might be incorrect.
E           For debugging consider passing CUDA_LAUNCH_BLOCKING=1
E           Compile with `TORCH_USE_CUDA_DSA` to enable device-side assertions.

/root/miniconda/envs/python310_torch29_cuda/lib/python3.10/site-packages/torch/cuda/random.py:129: AcceleratorError
__________ test_unique_dim_int[True-True-few_unique-dtype1-shape10-2] __________

shape = (6, 5, 4), dim = 2, dtype = torch.int32, pattern = 'few_unique'
return_inverse = True, return_counts = True

    @pytest.mark.unique_dim
    @pytest.mark.parametrize("shape, dim", SHAPE_DIM_CASES)
    @pytest.mark.parametrize("dtype", utils.INT_DTYPES)
    @pytest.mark.parametrize("pattern", ["few_unique", "all_unique", "all_duplicate"])
    @pytest.mark.parametrize("return_inverse", [False, True])
    @pytest.mark.parametrize("return_counts", [False, True])
    def test_unique_dim_int(shape, dim, dtype, pattern, return_inverse, return_counts):
        if flag_gems.vendor_name == "kunlunxin":
>           torch.manual_seed(0)

test_unique_dim.py:97: 
_ _ _ _ _ _ _ _ _ _ _ _ _ _ _ _ _ _ _ _ _ _ _ _ _ _ _ _ _ _ _ _ _ _ _ _ _ _ _ _ 
/root/miniconda/envs/python310_torch29_cuda/lib/python3.10/site-packages/torch/_compile.py:53: in inner
    return disable_fn(*args, **kwargs)
/root/miniconda/envs/python310_torch29_cuda/lib/python3.10/site-packages/torch/_dynamo/eval_frame.py:1044: in _fn
    return fn(*args, **kwargs)
/root/miniconda/envs/python310_torch29_cuda/lib/python3.10/site-packages/torch/random.py:46: in manual_seed
    torch.cuda.manual_seed_all(seed)
/root/miniconda/envs/python310_torch29_cuda/lib/python3.10/site-packages/torch/cuda/random.py:131: in manual_seed_all
    _lazy_call(cb, seed_all=True)
/root/miniconda/envs/python310_torch29_cuda/lib/python3.10/site-packages/torch/cuda/__init__.py:341: in _lazy_call
    callable()
_ _ _ _ _ _ _ _ _ _ _ _ _ _ _ _ _ _ _ _ _ _ _ _ _ _ _ _ _ _ _ _ _ _ _ _ _ _ _ _ 

    def cb():
        for i in range(device_count()):
            default_generator = torch.cuda.default_generators[i]
>           default_generator.manual_seed(seed)
E           torch.AcceleratorError: CUDA error: unspecified launch failure
E           Search for `cudaErrorLaunchFailure' in https://docs.nvidia.com/cuda/cuda-runtime-api/group__CUDART__TYPES.html for more information.
E           CUDA kernel errors might be asynchronously reported at some other API call, so the stacktrace below might be incorrect.
E           For debugging consider passing CUDA_LAUNCH_BLOCKING=1
E           Compile with `TORCH_USE_CUDA_DSA` to enable device-side assertions.

/root/miniconda/envs/python310_torch29_cuda/lib/python3.10/site-packages/torch/cuda/random.py:129: AcceleratorError
_________ test_unique_dim_int[True-True-few_unique-dtype1-shape11--2] __________

shape = (6, 5, 4), dim = -2, dtype = torch.int32, pattern = 'few_unique'
return_inverse = True, return_counts = True

    @pytest.mark.unique_dim
    @pytest.mark.parametrize("shape, dim", SHAPE_DIM_CASES)
    @pytest.mark.parametrize("dtype", utils.INT_DTYPES)
    @pytest.mark.parametrize("pattern", ["few_unique", "all_unique", "all_duplicate"])
    @pytest.mark.parametrize("return_inverse", [False, True])
    @pytest.mark.parametrize("return_counts", [False, True])
    def test_unique_dim_int(shape, dim, dtype, pattern, return_inverse, return_counts):
        if flag_gems.vendor_name == "kunlunxin":
>           torch.manual_seed(0)

test_unique_dim.py:97: 
_ _ _ _ _ _ _ _ _ _ _ _ _ _ _ _ _ _ _ _ _ _ _ _ _ _ _ _ _ _ _ _ _ _ _ _ _ _ _ _ 
/root/miniconda/envs/python310_torch29_cuda/lib/python3.10/site-packages/torch/_compile.py:53: in inner
    return disable_fn(*args, **kwargs)
/root/miniconda/envs/python310_torch29_cuda/lib/python3.10/site-packages/torch/_dynamo/eval_frame.py:1044: in _fn
    return fn(*args, **kwargs)
/root/miniconda/envs/python310_torch29_cuda/lib/python3.10/site-packages/torch/random.py:46: in manual_seed
    torch.cuda.manual_seed_all(seed)
/root/miniconda/envs/python310_torch29_cuda/lib/python3.10/site-packages/torch/cuda/random.py:131: in manual_seed_all
    _lazy_call(cb, seed_all=True)
/root/miniconda/envs/python310_torch29_cuda/lib/python3.10/site-packages/torch/cuda/__init__.py:341: in _lazy_call
    callable()
_ _ _ _ _ _ _ _ _ _ _ _ _ _ _ _ _ _ _ _ _ _ _ _ _ _ _ _ _ _ _ _ _ _ _ _ _ _ _ _ 

    def cb():
        for i in range(device_count()):
            default_generator = torch.cuda.default_generators[i]
>           default_generator.manual_seed(seed)
E           torch.AcceleratorError: CUDA error: unspecified launch failure
E           Search for `cudaErrorLaunchFailure' in https://docs.nvidia.com/cuda/cuda-runtime-api/group__CUDART__TYPES.html for more information.
E           CUDA kernel errors might be asynchronously reported at some other API call, so the stacktrace below might be incorrect.
E           For debugging consider passing CUDA_LAUNCH_BLOCKING=1
E           Compile with `TORCH_USE_CUDA_DSA` to enable device-side assertions.

/root/miniconda/envs/python310_torch29_cuda/lib/python3.10/site-packages/torch/cuda/random.py:129: AcceleratorError
__________ test_unique_dim_int[True-True-few_unique-dtype1-shape12-2] __________

shape = (3, 4, 5, 6), dim = 2, dtype = torch.int32, pattern = 'few_unique'
return_inverse = True, return_counts = True

    @pytest.mark.unique_dim
    @pytest.mark.parametrize("shape, dim", SHAPE_DIM_CASES)
    @pytest.mark.parametrize("dtype", utils.INT_DTYPES)
    @pytest.mark.parametrize("pattern", ["few_unique", "all_unique", "all_duplicate"])
    @pytest.mark.parametrize("return_inverse", [False, True])
    @pytest.mark.parametrize("return_counts", [False, True])
    def test_unique_dim_int(shape, dim, dtype, pattern, return_inverse, return_counts):
        if flag_gems.vendor_name == "kunlunxin":
>           torch.manual_seed(0)

test_unique_dim.py:97: 
_ _ _ _ _ _ _ _ _ _ _ _ _ _ _ _ _ _ _ _ _ _ _ _ _ _ _ _ _ _ _ _ _ _ _ _ _ _ _ _ 
/root/miniconda/envs/python310_torch29_cuda/lib/python3.10/site-packages/torch/_compile.py:53: in inner
    return disable_fn(*args, **kwargs)
/root/miniconda/envs/python310_torch29_cuda/lib/python3.10/site-packages/torch/_dynamo/eval_frame.py:1044: in _fn
    return fn(*args, **kwargs)
/root/miniconda/envs/python310_torch29_cuda/lib/python3.10/site-packages/torch/random.py:46: in manual_seed
    torch.cuda.manual_seed_all(seed)
/root/miniconda/envs/python310_torch29_cuda/lib/python3.10/site-packages/torch/cuda/random.py:131: in manual_seed_all
    _lazy_call(cb, seed_all=True)
/root/miniconda/envs/python310_torch29_cuda/lib/python3.10/site-packages/torch/cuda/__init__.py:341: in _lazy_call
    callable()
_ _ _ _ _ _ _ _ _ _ _ _ _ _ _ _ _ _ _ _ _ _ _ _ _ _ _ _ _ _ _ _ _ _ _ _ _ _ _ _ 

    def cb():
        for i in range(device_count()):
            default_generator = torch.cuda.default_generators[i]
>           default_generator.manual_seed(seed)
E           torch.AcceleratorError: CUDA error: unspecified launch failure
E           Search for `cudaErrorLaunchFailure' in https://docs.nvidia.com/cuda/cuda-runtime-api/group__CUDART__TYPES.html for more information.
E           CUDA kernel errors might be asynchronously reported at some other API call, so the stacktrace below might be incorrect.
E           For debugging consider passing CUDA_LAUNCH_BLOCKING=1
E           Compile with `TORCH_USE_CUDA_DSA` to enable device-side assertions.

/root/miniconda/envs/python310_torch29_cuda/lib/python3.10/site-packages/torch/cuda/random.py:129: AcceleratorError
_________ test_unique_dim_int[True-True-few_unique-dtype1-shape13--1] __________

shape = (3, 4, 5, 6), dim = -1, dtype = torch.int32, pattern = 'few_unique'
return_inverse = True, return_counts = True

    @pytest.mark.unique_dim
    @pytest.mark.parametrize("shape, dim", SHAPE_DIM_CASES)
    @pytest.mark.parametrize("dtype", utils.INT_DTYPES)
    @pytest.mark.parametrize("pattern", ["few_unique", "all_unique", "all_duplicate"])
    @pytest.mark.parametrize("return_inverse", [False, True])
    @pytest.mark.parametrize("return_counts", [False, True])
    def test_unique_dim_int(shape, dim, dtype, pattern, return_inverse, return_counts):
        if flag_gems.vendor_name == "kunlunxin":
>           torch.manual_seed(0)

test_unique_dim.py:97: 
_ _ _ _ _ _ _ _ _ _ _ _ _ _ _ _ _ _ _ _ _ _ _ _ _ _ _ _ _ _ _ _ _ _ _ _ _ _ _ _ 
/root/miniconda/envs/python310_torch29_cuda/lib/python3.10/site-packages/torch/_compile.py:53: in inner
    return disable_fn(*args, **kwargs)
/root/miniconda/envs/python310_torch29_cuda/lib/python3.10/site-packages/torch/_dynamo/eval_frame.py:1044: in _fn
    return fn(*args, **kwargs)
/root/miniconda/envs/python310_torch29_cuda/lib/python3.10/site-packages/torch/random.py:46: in manual_seed
    torch.cuda.manual_seed_all(seed)
/root/miniconda/envs/python310_torch29_cuda/lib/python3.10/site-packages/torch/cuda/random.py:131: in manual_seed_all
    _lazy_call(cb, seed_all=True)
/root/miniconda/envs/python310_torch29_cuda/lib/python3.10/site-packages/torch/cuda/__init__.py:341: in _lazy_call
    callable()
_ _ _ _ _ _ _ _ _ _ _ _ _ _ _ _ _ _ _ _ _ _ _ _ _ _ _ _ _ _ _ _ _ _ _ _ _ _ _ _ 

    def cb():
        for i in range(device_count()):
            default_generator = torch.cuda.default_generators[i]
>           default_generator.manual_seed(seed)
E           torch.AcceleratorError: CUDA error: unspecified launch failure
E           Search for `cudaErrorLaunchFailure' in https://docs.nvidia.com/cuda/cuda-runtime-api/group__CUDART__TYPES.html for more information.
E           CUDA kernel errors might be asynchronously reported at some other API call, so the stacktrace below might be incorrect.
E           For debugging consider passing CUDA_LAUNCH_BLOCKING=1
E           Compile with `TORCH_USE_CUDA_DSA` to enable device-side assertions.

/root/miniconda/envs/python310_torch29_cuda/lib/python3.10/site-packages/torch/cuda/random.py:129: AcceleratorError
__________ test_unique_dim_int[True-True-all_unique-dtype0-shape0-0] ___________

shape = (8,), dim = 0, dtype = torch.int16, pattern = 'all_unique'
return_inverse = True, return_counts = True

    @pytest.mark.unique_dim
    @pytest.mark.parametrize("shape, dim", SHAPE_DIM_CASES)
    @pytest.mark.parametrize("dtype", utils.INT_DTYPES)
    @pytest.mark.parametrize("pattern", ["few_unique", "all_unique", "all_duplicate"])
    @pytest.mark.parametrize("return_inverse", [False, True])
    @pytest.mark.parametrize("return_counts", [False, True])
    def test_unique_dim_int(shape, dim, dtype, pattern, return_inverse, return_counts):
        if flag_gems.vendor_name == "kunlunxin":
>           torch.manual_seed(0)

test_unique_dim.py:97: 
_ _ _ _ _ _ _ _ _ _ _ _ _ _ _ _ _ _ _ _ _ _ _ _ _ _ _ _ _ _ _ _ _ _ _ _ _ _ _ _ 
/root/miniconda/envs/python310_torch29_cuda/lib/python3.10/site-packages/torch/_compile.py:53: in inner
    return disable_fn(*args, **kwargs)
/root/miniconda/envs/python310_torch29_cuda/lib/python3.10/site-packages/torch/_dynamo/eval_frame.py:1044: in _fn
    return fn(*args, **kwargs)
/root/miniconda/envs/python310_torch29_cuda/lib/python3.10/site-packages/torch/random.py:46: in manual_seed
    torch.cuda.manual_seed_all(seed)
/root/miniconda/envs/python310_torch29_cuda/lib/python3.10/site-packages/torch/cuda/random.py:131: in manual_seed_all
    _lazy_call(cb, seed_all=True)
/root/miniconda/envs/python310_torch29_cuda/lib/python3.10/site-packages/torch/cuda/__init__.py:341: in _lazy_call
    callable()
_ _ _ _ _ _ _ _ _ _ _ _ _ _ _ _ _ _ _ _ _ _ _ _ _ _ _ _ _ _ _ _ _ _ _ _ _ _ _ _ 

    def cb():
        for i in range(device_count()):
            default_generator = torch.cuda.default_generators[i]
>           default_generator.manual_seed(seed)
E           torch.AcceleratorError: CUDA error: unspecified launch failure
E           Search for `cudaErrorLaunchFailure' in https://docs.nvidia.com/cuda/cuda-runtime-api/group__CUDART__TYPES.html for more information.
E           CUDA kernel errors might be asynchronously reported at some other API call, so the stacktrace below might be incorrect.
E           For debugging consider passing CUDA_LAUNCH_BLOCKING=1
E           Compile with `TORCH_USE_CUDA_DSA` to enable device-side assertions.

/root/miniconda/envs/python310_torch29_cuda/lib/python3.10/site-packages/torch/cuda/random.py:129: AcceleratorError
__________ test_unique_dim_int[True-True-all_unique-dtype0-shape1--1] __________

shape = (8,), dim = -1, dtype = torch.int16, pattern = 'all_unique'
return_inverse = True, return_counts = True

    @pytest.mark.unique_dim
    @pytest.mark.parametrize("shape, dim", SHAPE_DIM_CASES)
    @pytest.mark.parametrize("dtype", utils.INT_DTYPES)
    @pytest.mark.parametrize("pattern", ["few_unique", "all_unique", "all_duplicate"])
    @pytest.mark.parametrize("return_inverse", [False, True])
    @pytest.mark.parametrize("return_counts", [False, True])
    def test_unique_dim_int(shape, dim, dtype, pattern, return_inverse, return_counts):
        if flag_gems.vendor_name == "kunlunxin":
>           torch.manual_seed(0)

test_unique_dim.py:97: 
_ _ _ _ _ _ _ _ _ _ _ _ _ _ _ _ _ _ _ _ _ _ _ _ _ _ _ _ _ _ _ _ _ _ _ _ _ _ _ _ 
/root/miniconda/envs/python310_torch29_cuda/lib/python3.10/site-packages/torch/_compile.py:53: in inner
    return disable_fn(*args, **kwargs)
/root/miniconda/envs/python310_torch29_cuda/lib/python3.10/site-packages/torch/_dynamo/eval_frame.py:1044: in _fn
    return fn(*args, **kwargs)
/root/miniconda/envs/python310_torch29_cuda/lib/python3.10/site-packages/torch/random.py:46: in manual_seed
    torch.cuda.manual_seed_all(seed)
/root/miniconda/envs/python310_torch29_cuda/lib/python3.10/site-packages/torch/cuda/random.py:131: in manual_seed_all
    _lazy_call(cb, seed_all=True)
/root/miniconda/envs/python310_torch29_cuda/lib/python3.10/site-packages/torch/cuda/__init__.py:341: in _lazy_call
    callable()
_ _ _ _ _ _ _ _ _ _ _ _ _ _ _ _ _ _ _ _ _ _ _ _ _ _ _ _ _ _ _ _ _ _ _ _ _ _ _ _ 

    def cb():
        for i in range(device_count()):
            default_generator = torch.cuda.default_generators[i]
>           default_generator.manual_seed(seed)
E           torch.AcceleratorError: CUDA error: unspecified launch failure
E           Search for `cudaErrorLaunchFailure' in https://docs.nvidia.com/cuda/cuda-runtime-api/group__CUDART__TYPES.html for more information.
E           CUDA kernel errors might be asynchronously reported at some other API call, so the stacktrace below might be incorrect.
E           For debugging consider passing CUDA_LAUNCH_BLOCKING=1
E           Compile with `TORCH_USE_CUDA_DSA` to enable device-side assertions.

/root/miniconda/envs/python310_torch29_cuda/lib/python3.10/site-packages/torch/cuda/random.py:129: AcceleratorError
__________ test_unique_dim_int[True-True-all_unique-dtype0-shape2-0] ___________

shape = (16, 4), dim = 0, dtype = torch.int16, pattern = 'all_unique'
return_inverse = True, return_counts = True

    @pytest.mark.unique_dim
    @pytest.mark.parametrize("shape, dim", SHAPE_DIM_CASES)
    @pytest.mark.parametrize("dtype", utils.INT_DTYPES)
    @pytest.mark.parametrize("pattern", ["few_unique", "all_unique", "all_duplicate"])
    @pytest.mark.parametrize("return_inverse", [False, True])
    @pytest.mark.parametrize("return_counts", [False, True])
    def test_unique_dim_int(shape, dim, dtype, pattern, return_inverse, return_counts):
        if flag_gems.vendor_name == "kunlunxin":
>           torch.manual_seed(0)

test_unique_dim.py:97: 
_ _ _ _ _ _ _ _ _ _ _ _ _ _ _ _ _ _ _ _ _ _ _ _ _ _ _ _ _ _ _ _ _ _ _ _ _ _ _ _ 
/root/miniconda/envs/python310_torch29_cuda/lib/python3.10/site-packages/torch/_compile.py:53: in inner
    return disable_fn(*args, **kwargs)
/root/miniconda/envs/python310_torch29_cuda/lib/python3.10/site-packages/torch/_dynamo/eval_frame.py:1044: in _fn
    return fn(*args, **kwargs)
/root/miniconda/envs/python310_torch29_cuda/lib/python3.10/site-packages/torch/random.py:46: in manual_seed
    torch.cuda.manual_seed_all(seed)
/root/miniconda/envs/python310_torch29_cuda/lib/python3.10/site-packages/torch/cuda/random.py:131: in manual_seed_all
    _lazy_call(cb, seed_all=True)
/root/miniconda/envs/python310_torch29_cuda/lib/python3.10/site-packages/torch/cuda/__init__.py:341: in _lazy_call
    callable()
_ _ _ _ _ _ _ _ _ _ _ _ _ _ _ _ _ _ _ _ _ _ _ _ _ _ _ _ _ _ _ _ _ _ _ _ _ _ _ _ 

    def cb():
        for i in range(device_count()):
            default_generator = torch.cuda.default_generators[i]
>           default_generator.manual_seed(seed)
E           torch.AcceleratorError: CUDA error: unspecified launch failure
E           Search for `cudaErrorLaunchFailure' in https://docs.nvidia.com/cuda/cuda-runtime-api/group__CUDART__TYPES.html for more information.
E           CUDA kernel errors might be asynchronously reported at some other API call, so the stacktrace below might be incorrect.
E           For debugging consider passing CUDA_LAUNCH_BLOCKING=1
E           Compile with `TORCH_USE_CUDA_DSA` to enable device-side assertions.

/root/miniconda/envs/python310_torch29_cuda/lib/python3.10/site-packages/torch/cuda/random.py:129: AcceleratorError
__________ test_unique_dim_int[True-True-all_unique-dtype0-shape3-1] ___________

shape = (16, 4), dim = 1, dtype = torch.int16, pattern = 'all_unique'
return_inverse = True, return_counts = True

    @pytest.mark.unique_dim
    @pytest.mark.parametrize("shape, dim", SHAPE_DIM_CASES)
    @pytest.mark.parametrize("dtype", utils.INT_DTYPES)
    @pytest.mark.parametrize("pattern", ["few_unique", "all_unique", "all_duplicate"])
    @pytest.mark.parametrize("return_inverse", [False, True])
    @pytest.mark.parametrize("return_counts", [False, True])
    def test_unique_dim_int(shape, dim, dtype, pattern, return_inverse, return_counts):
        if flag_gems.vendor_name == "kunlunxin":
>           torch.manual_seed(0)

test_unique_dim.py:97: 
_ _ _ _ _ _ _ _ _ _ _ _ _ _ _ _ _ _ _ _ _ _ _ _ _ _ _ _ _ _ _ _ _ _ _ _ _ _ _ _ 
/root/miniconda/envs/python310_torch29_cuda/lib/python3.10/site-packages/torch/_compile.py:53: in inner
    return disable_fn(*args, **kwargs)
/root/miniconda/envs/python310_torch29_cuda/lib/python3.10/site-packages/torch/_dynamo/eval_frame.py:1044: in _fn
    return fn(*args, **kwargs)
/root/miniconda/envs/python310_torch29_cuda/lib/python3.10/site-packages/torch/random.py:46: in manual_seed
    torch.cuda.manual_seed_all(seed)
/root/miniconda/envs/python310_torch29_cuda/lib/python3.10/site-packages/torch/cuda/random.py:131: in manual_seed_all
    _lazy_call(cb, seed_all=True)
/root/miniconda/envs/python310_torch29_cuda/lib/python3.10/site-packages/torch/cuda/__init__.py:341: in _lazy_call
    callable()
_ _ _ _ _ _ _ _ _ _ _ _ _ _ _ _ _ _ _ _ _ _ _ _ _ _ _ _ _ _ _ _ _ _ _ _ _ _ _ _ 

    def cb():
        for i in range(device_count()):
            default_generator = torch.cuda.default_generators[i]
>           default_generator.manual_seed(seed)
E           torch.AcceleratorError: CUDA error: unspecified launch failure
E           Search for `cudaErrorLaunchFailure' in https://docs.nvidia.com/cuda/cuda-runtime-api/group__CUDART__TYPES.html for more information.
E           CUDA kernel errors might be asynchronously reported at some other API call, so the stacktrace below might be incorrect.
E           For debugging consider passing CUDA_LAUNCH_BLOCKING=1
E           Compile with `TORCH_USE_CUDA_DSA` to enable device-side assertions.

/root/miniconda/envs/python310_torch29_cuda/lib/python3.10/site-packages/torch/cuda/random.py:129: AcceleratorError
__________ test_unique_dim_int[True-True-all_unique-dtype0-shape4--1] __________

shape = (16, 4), dim = -1, dtype = torch.int16, pattern = 'all_unique'
return_inverse = True, return_counts = True

    @pytest.mark.unique_dim
    @pytest.mark.parametrize("shape, dim", SHAPE_DIM_CASES)
    @pytest.mark.parametrize("dtype", utils.INT_DTYPES)
    @pytest.mark.parametrize("pattern", ["few_unique", "all_unique", "all_duplicate"])
    @pytest.mark.parametrize("return_inverse", [False, True])
    @pytest.mark.parametrize("return_counts", [False, True])
    def test_unique_dim_int(shape, dim, dtype, pattern, return_inverse, return_counts):
        if flag_gems.vendor_name == "kunlunxin":
>           torch.manual_seed(0)

test_unique_dim.py:97: 
_ _ _ _ _ _ _ _ _ _ _ _ _ _ _ _ _ _ _ _ _ _ _ _ _ _ _ _ _ _ _ _ _ _ _ _ _ _ _ _ 
/root/miniconda/envs/python310_torch29_cuda/lib/python3.10/site-packages/torch/_compile.py:53: in inner
    return disable_fn(*args, **kwargs)
/root/miniconda/envs/python310_torch29_cuda/lib/python3.10/site-packages/torch/_dynamo/eval_frame.py:1044: in _fn
    return fn(*args, **kwargs)
/root/miniconda/envs/python310_torch29_cuda/lib/python3.10/site-packages/torch/random.py:46: in manual_seed
    torch.cuda.manual_seed_all(seed)
/root/miniconda/envs/python310_torch29_cuda/lib/python3.10/site-packages/torch/cuda/random.py:131: in manual_seed_all
    _lazy_call(cb, seed_all=True)
/root/miniconda/envs/python310_torch29_cuda/lib/python3.10/site-packages/torch/cuda/__init__.py:341: in _lazy_call
    callable()
_ _ _ _ _ _ _ _ _ _ _ _ _ _ _ _ _ _ _ _ _ _ _ _ _ _ _ _ _ _ _ _ _ _ _ _ _ _ _ _ 

    def cb():
        for i in range(device_count()):
            default_generator = torch.cuda.default_generators[i]
>           default_generator.manual_seed(seed)
E           torch.AcceleratorError: CUDA error: unspecified launch failure
E           Search for `cudaErrorLaunchFailure' in https://docs.nvidia.com/cuda/cuda-runtime-api/group__CUDART__TYPES.html for more information.
E           CUDA kernel errors might be asynchronously reported at some other API call, so the stacktrace below might be incorrect.
E           For debugging consider passing CUDA_LAUNCH_BLOCKING=1
E           Compile with `TORCH_USE_CUDA_DSA` to enable device-side assertions.

/root/miniconda/envs/python310_torch29_cuda/lib/python3.10/site-packages/torch/cuda/random.py:129: AcceleratorError
__________ test_unique_dim_int[True-True-all_unique-dtype0-shape5-0] ___________

shape = (4, 16), dim = 0, dtype = torch.int16, pattern = 'all_unique'
return_inverse = True, return_counts = True

    @pytest.mark.unique_dim
    @pytest.mark.parametrize("shape, dim", SHAPE_DIM_CASES)
    @pytest.mark.parametrize("dtype", utils.INT_DTYPES)
    @pytest.mark.parametrize("pattern", ["few_unique", "all_unique", "all_duplicate"])
    @pytest.mark.parametrize("return_inverse", [False, True])
    @pytest.mark.parametrize("return_counts", [False, True])
    def test_unique_dim_int(shape, dim, dtype, pattern, return_inverse, return_counts):
        if flag_gems.vendor_name == "kunlunxin":
>           torch.manual_seed(0)

test_unique_dim.py:97: 
_ _ _ _ _ _ _ _ _ _ _ _ _ _ _ _ _ _ _ _ _ _ _ _ _ _ _ _ _ _ _ _ _ _ _ _ _ _ _ _ 
/root/miniconda/envs/python310_torch29_cuda/lib/python3.10/site-packages/torch/_compile.py:53: in inner
    return disable_fn(*args, **kwargs)
/root/miniconda/envs/python310_torch29_cuda/lib/python3.10/site-packages/torch/_dynamo/eval_frame.py:1044: in _fn
    return fn(*args, **kwargs)
/root/miniconda/envs/python310_torch29_cuda/lib/python3.10/site-packages/torch/random.py:46: in manual_seed
    torch.cuda.manual_seed_all(seed)
/root/miniconda/envs/python310_torch29_cuda/lib/python3.10/site-packages/torch/cuda/random.py:131: in manual_seed_all
    _lazy_call(cb, seed_all=True)
/root/miniconda/envs/python310_torch29_cuda/lib/python3.10/site-packages/torch/cuda/__init__.py:341: in _lazy_call
    callable()
_ _ _ _ _ _ _ _ _ _ _ _ _ _ _ _ _ _ _ _ _ _ _ _ _ _ _ _ _ _ _ _ _ _ _ _ _ _ _ _ 

    def cb():
        for i in range(device_count()):
            default_generator = torch.cuda.default_generators[i]
>           default_generator.manual_seed(seed)
E           torch.AcceleratorError: CUDA error: unspecified launch failure
E           Search for `cudaErrorLaunchFailure' in https://docs.nvidia.com/cuda/cuda-runtime-api/group__CUDART__TYPES.html for more information.
E           CUDA kernel errors might be asynchronously reported at some other API call, so the stacktrace below might be incorrect.
E           For debugging consider passing CUDA_LAUNCH_BLOCKING=1
E           Compile with `TORCH_USE_CUDA_DSA` to enable device-side assertions.

/root/miniconda/envs/python310_torch29_cuda/lib/python3.10/site-packages/torch/cuda/random.py:129: AcceleratorError
__________ test_unique_dim_int[True-True-all_unique-dtype0-shape6-0] ___________

shape = (32, 32), dim = 0, dtype = torch.int16, pattern = 'all_unique'
return_inverse = True, return_counts = True

    @pytest.mark.unique_dim
    @pytest.mark.parametrize("shape, dim", SHAPE_DIM_CASES)
    @pytest.mark.parametrize("dtype", utils.INT_DTYPES)
    @pytest.mark.parametrize("pattern", ["few_unique", "all_unique", "all_duplicate"])
    @pytest.mark.parametrize("return_inverse", [False, True])
    @pytest.mark.parametrize("return_counts", [False, True])
    def test_unique_dim_int(shape, dim, dtype, pattern, return_inverse, return_counts):
        if flag_gems.vendor_name == "kunlunxin":
>           torch.manual_seed(0)

test_unique_dim.py:97: 
_ _ _ _ _ _ _ _ _ _ _ _ _ _ _ _ _ _ _ _ _ _ _ _ _ _ _ _ _ _ _ _ _ _ _ _ _ _ _ _ 
/root/miniconda/envs/python310_torch29_cuda/lib/python3.10/site-packages/torch/_compile.py:53: in inner
    return disable_fn(*args, **kwargs)
/root/miniconda/envs/python310_torch29_cuda/lib/python3.10/site-packages/torch/_dynamo/eval_frame.py:1044: in _fn
    return fn(*args, **kwargs)
/root/miniconda/envs/python310_torch29_cuda/lib/python3.10/site-packages/torch/random.py:46: in manual_seed
    torch.cuda.manual_seed_all(seed)
/root/miniconda/envs/python310_torch29_cuda/lib/python3.10/site-packages/torch/cuda/random.py:131: in manual_seed_all
    _lazy_call(cb, seed_all=True)
/root/miniconda/envs/python310_torch29_cuda/lib/python3.10/site-packages/torch/cuda/__init__.py:341: in _lazy_call
    callable()
_ _ _ _ _ _ _ _ _ _ _ _ _ _ _ _ _ _ _ _ _ _ _ _ _ _ _ _ _ _ _ _ _ _ _ _ _ _ _ _ 

    def cb():
        for i in range(device_count()):
            default_generator = torch.cuda.default_generators[i]
>           default_generator.manual_seed(seed)
E           torch.AcceleratorError: CUDA error: unspecified launch failure
E           Search for `cudaErrorLaunchFailure' in https://docs.nvidia.com/cuda/cuda-runtime-api/group__CUDART__TYPES.html for more information.
E           CUDA kernel errors might be asynchronously reported at some other API call, so the stacktrace below might be incorrect.
E           For debugging consider passing CUDA_LAUNCH_BLOCKING=1
E           Compile with `TORCH_USE_CUDA_DSA` to enable device-side assertions.

/root/miniconda/envs/python310_torch29_cuda/lib/python3.10/site-packages/torch/cuda/random.py:129: AcceleratorError
__________ test_unique_dim_int[True-True-all_unique-dtype0-shape7-1] ___________

shape = (32, 32), dim = 1, dtype = torch.int16, pattern = 'all_unique'
return_inverse = True, return_counts = True

    @pytest.mark.unique_dim
    @pytest.mark.parametrize("shape, dim", SHAPE_DIM_CASES)
    @pytest.mark.parametrize("dtype", utils.INT_DTYPES)
    @pytest.mark.parametrize("pattern", ["few_unique", "all_unique", "all_duplicate"])
    @pytest.mark.parametrize("return_inverse", [False, True])
    @pytest.mark.parametrize("return_counts", [False, True])
    def test_unique_dim_int(shape, dim, dtype, pattern, return_inverse, return_counts):
        if flag_gems.vendor_name == "kunlunxin":
>           torch.manual_seed(0)

test_unique_dim.py:97: 
_ _ _ _ _ _ _ _ _ _ _ _ _ _ _ _ _ _ _ _ _ _ _ _ _ _ _ _ _ _ _ _ _ _ _ _ _ _ _ _ 
/root/miniconda/envs/python310_torch29_cuda/lib/python3.10/site-packages/torch/_compile.py:53: in inner
    return disable_fn(*args, **kwargs)
/root/miniconda/envs/python310_torch29_cuda/lib/python3.10/site-packages/torch/_dynamo/eval_frame.py:1044: in _fn
    return fn(*args, **kwargs)
/root/miniconda/envs/python310_torch29_cuda/lib/python3.10/site-packages/torch/random.py:46: in manual_seed
    torch.cuda.manual_seed_all(seed)
/root/miniconda/envs/python310_torch29_cuda/lib/python3.10/site-packages/torch/cuda/random.py:131: in manual_seed_all
    _lazy_call(cb, seed_all=True)
/root/miniconda/envs/python310_torch29_cuda/lib/python3.10/site-packages/torch/cuda/__init__.py:341: in _lazy_call
    callable()
_ _ _ _ _ _ _ _ _ _ _ _ _ _ _ _ _ _ _ _ _ _ _ _ _ _ _ _ _ _ _ _ _ _ _ _ _ _ _ _ 

    def cb():
        for i in range(device_count()):
            default_generator = torch.cuda.default_generators[i]
>           default_generator.manual_seed(seed)
E           torch.AcceleratorError: CUDA error: unspecified launch failure
E           Search for `cudaErrorLaunchFailure' in https://docs.nvidia.com/cuda/cuda-runtime-api/group__CUDART__TYPES.html for more information.
E           CUDA kernel errors might be asynchronously reported at some other API call, so the stacktrace below might be incorrect.
E           For debugging consider passing CUDA_LAUNCH_BLOCKING=1
E           Compile with `TORCH_USE_CUDA_DSA` to enable device-side assertions.

/root/miniconda/envs/python310_torch29_cuda/lib/python3.10/site-packages/torch/cuda/random.py:129: AcceleratorError
__________ test_unique_dim_int[True-True-all_unique-dtype0-shape8-0] ___________

shape = (6, 5, 4), dim = 0, dtype = torch.int16, pattern = 'all_unique'
return_inverse = True, return_counts = True

    @pytest.mark.unique_dim
    @pytest.mark.parametrize("shape, dim", SHAPE_DIM_CASES)
    @pytest.mark.parametrize("dtype", utils.INT_DTYPES)
    @pytest.mark.parametrize("pattern", ["few_unique", "all_unique", "all_duplicate"])
    @pytest.mark.parametrize("return_inverse", [False, True])
    @pytest.mark.parametrize("return_counts", [False, True])
    def test_unique_dim_int(shape, dim, dtype, pattern, return_inverse, return_counts):
        if flag_gems.vendor_name == "kunlunxin":
>           torch.manual_seed(0)

test_unique_dim.py:97: 
_ _ _ _ _ _ _ _ _ _ _ _ _ _ _ _ _ _ _ _ _ _ _ _ _ _ _ _ _ _ _ _ _ _ _ _ _ _ _ _ 
/root/miniconda/envs/python310_torch29_cuda/lib/python3.10/site-packages/torch/_compile.py:53: in inner
    return disable_fn(*args, **kwargs)
/root/miniconda/envs/python310_torch29_cuda/lib/python3.10/site-packages/torch/_dynamo/eval_frame.py:1044: in _fn
    return fn(*args, **kwargs)
/root/miniconda/envs/python310_torch29_cuda/lib/python3.10/site-packages/torch/random.py:46: in manual_seed
    torch.cuda.manual_seed_all(seed)
/root/miniconda/envs/python310_torch29_cuda/lib/python3.10/site-packages/torch/cuda/random.py:131: in manual_seed_all
    _lazy_call(cb, seed_all=True)
/root/miniconda/envs/python310_torch29_cuda/lib/python3.10/site-packages/torch/cuda/__init__.py:341: in _lazy_call
    callable()
_ _ _ _ _ _ _ _ _ _ _ _ _ _ _ _ _ _ _ _ _ _ _ _ _ _ _ _ _ _ _ _ _ _ _ _ _ _ _ _ 

    def cb():
        for i in range(device_count()):
            default_generator = torch.cuda.default_generators[i]
>           default_generator.manual_seed(seed)
E           torch.AcceleratorError: CUDA error: unspecified launch failure
E           Search for `cudaErrorLaunchFailure' in https://docs.nvidia.com/cuda/cuda-runtime-api/group__CUDART__TYPES.html for more information.
E           CUDA kernel errors might be asynchronously reported at some other API call, so the stacktrace below might be incorrect.
E           For debugging consider passing CUDA_LAUNCH_BLOCKING=1
E           Compile with `TORCH_USE_CUDA_DSA` to enable device-side assertions.

/root/miniconda/envs/python310_torch29_cuda/lib/python3.10/site-packages/torch/cuda/random.py:129: AcceleratorError
__________ test_unique_dim_int[True-True-all_unique-dtype0-shape9-1] ___________

shape = (6, 5, 4), dim = 1, dtype = torch.int16, pattern = 'all_unique'
return_inverse = True, return_counts = True

    @pytest.mark.unique_dim
    @pytest.mark.parametrize("shape, dim", SHAPE_DIM_CASES)
    @pytest.mark.parametrize("dtype", utils.INT_DTYPES)
    @pytest.mark.parametrize("pattern", ["few_unique", "all_unique", "all_duplicate"])
    @pytest.mark.parametrize("return_inverse", [False, True])
    @pytest.mark.parametrize("return_counts", [False, True])
    def test_unique_dim_int(shape, dim, dtype, pattern, return_inverse, return_counts):
        if flag_gems.vendor_name == "kunlunxin":
>           torch.manual_seed(0)

test_unique_dim.py:97: 
_ _ _ _ _ _ _ _ _ _ _ _ _ _ _ _ _ _ _ _ _ _ _ _ _ _ _ _ _ _ _ _ _ _ _ _ _ _ _ _ 
/root/miniconda/envs/python310_torch29_cuda/lib/python3.10/site-packages/torch/_compile.py:53: in inner
    return disable_fn(*args, **kwargs)
/root/miniconda/envs/python310_torch29_cuda/lib/python3.10/site-packages/torch/_dynamo/eval_frame.py:1044: in _fn
    return fn(*args, **kwargs)
/root/miniconda/envs/python310_torch29_cuda/lib/python3.10/site-packages/torch/random.py:46: in manual_seed
    torch.cuda.manual_seed_all(seed)
/root/miniconda/envs/python310_torch29_cuda/lib/python3.10/site-packages/torch/cuda/random.py:131: in manual_seed_all
    _lazy_call(cb, seed_all=True)
/root/miniconda/envs/python310_torch29_cuda/lib/python3.10/site-packages/torch/cuda/__init__.py:341: in _lazy_call
    callable()
_ _ _ _ _ _ _ _ _ _ _ _ _ _ _ _ _ _ _ _ _ _ _ _ _ _ _ _ _ _ _ _ _ _ _ _ _ _ _ _ 

    def cb():
        for i in range(device_count()):
            default_generator = torch.cuda.default_generators[i]
>           default_generator.manual_seed(seed)
E           torch.AcceleratorError: CUDA error: unspecified launch failure
E           Search for `cudaErrorLaunchFailure' in https://docs.nvidia.com/cuda/cuda-runtime-api/group__CUDART__TYPES.html for more information.
E           CUDA kernel errors might be asynchronously reported at some other API call, so the stacktrace below might be incorrect.
E           For debugging consider passing CUDA_LAUNCH_BLOCKING=1
E           Compile with `TORCH_USE_CUDA_DSA` to enable device-side assertions.

/root/miniconda/envs/python310_torch29_cuda/lib/python3.10/site-packages/torch/cuda/random.py:129: AcceleratorError
__________ test_unique_dim_int[True-True-all_unique-dtype0-shape10-2] __________

shape = (6, 5, 4), dim = 2, dtype = torch.int16, pattern = 'all_unique'
return_inverse = True, return_counts = True

    @pytest.mark.unique_dim
    @pytest.mark.parametrize("shape, dim", SHAPE_DIM_CASES)
    @pytest.mark.parametrize("dtype", utils.INT_DTYPES)
    @pytest.mark.parametrize("pattern", ["few_unique", "all_unique", "all_duplicate"])
    @pytest.mark.parametrize("return_inverse", [False, True])
    @pytest.mark.parametrize("return_counts", [False, True])
    def test_unique_dim_int(shape, dim, dtype, pattern, return_inverse, return_counts):
        if flag_gems.vendor_name == "kunlunxin":
>           torch.manual_seed(0)

test_unique_dim.py:97: 
_ _ _ _ _ _ _ _ _ _ _ _ _ _ _ _ _ _ _ _ _ _ _ _ _ _ _ _ _ _ _ _ _ _ _ _ _ _ _ _ 
/root/miniconda/envs/python310_torch29_cuda/lib/python3.10/site-packages/torch/_compile.py:53: in inner
    return disable_fn(*args, **kwargs)
/root/miniconda/envs/python310_torch29_cuda/lib/python3.10/site-packages/torch/_dynamo/eval_frame.py:1044: in _fn
    return fn(*args, **kwargs)
/root/miniconda/envs/python310_torch29_cuda/lib/python3.10/site-packages/torch/random.py:46: in manual_seed
    torch.cuda.manual_seed_all(seed)
/root/miniconda/envs/python310_torch29_cuda/lib/python3.10/site-packages/torch/cuda/random.py:131: in manual_seed_all
    _lazy_call(cb, seed_all=True)
/root/miniconda/envs/python310_torch29_cuda/lib/python3.10/site-packages/torch/cuda/__init__.py:341: in _lazy_call
    callable()
_ _ _ _ _ _ _ _ _ _ _ _ _ _ _ _ _ _ _ _ _ _ _ _ _ _ _ _ _ _ _ _ _ _ _ _ _ _ _ _ 

    def cb():
        for i in range(device_count()):
            default_generator = torch.cuda.default_generators[i]
>           default_generator.manual_seed(seed)
E           torch.AcceleratorError: CUDA error: unspecified launch failure
E           Search for `cudaErrorLaunchFailure' in https://docs.nvidia.com/cuda/cuda-runtime-api/group__CUDART__TYPES.html for more information.
E           CUDA kernel errors might be asynchronously reported at some other API call, so the stacktrace below might be incorrect.
E           For debugging consider passing CUDA_LAUNCH_BLOCKING=1
E           Compile with `TORCH_USE_CUDA_DSA` to enable device-side assertions.

/root/miniconda/envs/python310_torch29_cuda/lib/python3.10/site-packages/torch/cuda/random.py:129: AcceleratorError
_________ test_unique_dim_int[True-True-all_unique-dtype0-shape11--2] __________

shape = (6, 5, 4), dim = -2, dtype = torch.int16, pattern = 'all_unique'
return_inverse = True, return_counts = True

    @pytest.mark.unique_dim
    @pytest.mark.parametrize("shape, dim", SHAPE_DIM_CASES)
    @pytest.mark.parametrize("dtype", utils.INT_DTYPES)
    @pytest.mark.parametrize("pattern", ["few_unique", "all_unique", "all_duplicate"])
    @pytest.mark.parametrize("return_inverse", [False, True])
    @pytest.mark.parametrize("return_counts", [False, True])
    def test_unique_dim_int(shape, dim, dtype, pattern, return_inverse, return_counts):
        if flag_gems.vendor_name == "kunlunxin":
>           torch.manual_seed(0)

test_unique_dim.py:97: 
_ _ _ _ _ _ _ _ _ _ _ _ _ _ _ _ _ _ _ _ _ _ _ _ _ _ _ _ _ _ _ _ _ _ _ _ _ _ _ _ 
/root/miniconda/envs/python310_torch29_cuda/lib/python3.10/site-packages/torch/_compile.py:53: in inner
    return disable_fn(*args, **kwargs)
/root/miniconda/envs/python310_torch29_cuda/lib/python3.10/site-packages/torch/_dynamo/eval_frame.py:1044: in _fn
    return fn(*args, **kwargs)
/root/miniconda/envs/python310_torch29_cuda/lib/python3.10/site-packages/torch/random.py:46: in manual_seed
    torch.cuda.manual_seed_all(seed)
/root/miniconda/envs/python310_torch29_cuda/lib/python3.10/site-packages/torch/cuda/random.py:131: in manual_seed_all
    _lazy_call(cb, seed_all=True)
/root/miniconda/envs/python310_torch29_cuda/lib/python3.10/site-packages/torch/cuda/__init__.py:341: in _lazy_call
    callable()
_ _ _ _ _ _ _ _ _ _ _ _ _ _ _ _ _ _ _ _ _ _ _ _ _ _ _ _ _ _ _ _ _ _ _ _ _ _ _ _ 

    def cb():
        for i in range(device_count()):
            default_generator = torch.cuda.default_generators[i]
>           default_generator.manual_seed(seed)
E           torch.AcceleratorError: CUDA error: unspecified launch failure
E           Search for `cudaErrorLaunchFailure' in https://docs.nvidia.com/cuda/cuda-runtime-api/group__CUDART__TYPES.html for more information.
E           CUDA kernel errors might be asynchronously reported at some other API call, so the stacktrace below might be incorrect.
E           For debugging consider passing CUDA_LAUNCH_BLOCKING=1
E           Compile with `TORCH_USE_CUDA_DSA` to enable device-side assertions.

/root/miniconda/envs/python310_torch29_cuda/lib/python3.10/site-packages/torch/cuda/random.py:129: AcceleratorError
__________ test_unique_dim_int[True-True-all_unique-dtype0-shape12-2] __________

shape = (3, 4, 5, 6), dim = 2, dtype = torch.int16, pattern = 'all_unique'
return_inverse = True, return_counts = True

    @pytest.mark.unique_dim
    @pytest.mark.parametrize("shape, dim", SHAPE_DIM_CASES)
    @pytest.mark.parametrize("dtype", utils.INT_DTYPES)
    @pytest.mark.parametrize("pattern", ["few_unique", "all_unique", "all_duplicate"])
    @pytest.mark.parametrize("return_inverse", [False, True])
    @pytest.mark.parametrize("return_counts", [False, True])
    def test_unique_dim_int(shape, dim, dtype, pattern, return_inverse, return_counts):
        if flag_gems.vendor_name == "kunlunxin":
>           torch.manual_seed(0)

test_unique_dim.py:97: 
_ _ _ _ _ _ _ _ _ _ _ _ _ _ _ _ _ _ _ _ _ _ _ _ _ _ _ _ _ _ _ _ _ _ _ _ _ _ _ _ 
/root/miniconda/envs/python310_torch29_cuda/lib/python3.10/site-packages/torch/_compile.py:53: in inner
    return disable_fn(*args, **kwargs)
/root/miniconda/envs/python310_torch29_cuda/lib/python3.10/site-packages/torch/_dynamo/eval_frame.py:1044: in _fn
    return fn(*args, **kwargs)
/root/miniconda/envs/python310_torch29_cuda/lib/python3.10/site-packages/torch/random.py:46: in manual_seed
    torch.cuda.manual_seed_all(seed)
/root/miniconda/envs/python310_torch29_cuda/lib/python3.10/site-packages/torch/cuda/random.py:131: in manual_seed_all
    _lazy_call(cb, seed_all=True)
/root/miniconda/envs/python310_torch29_cuda/lib/python3.10/site-packages/torch/cuda/__init__.py:341: in _lazy_call
    callable()
_ _ _ _ _ _ _ _ _ _ _ _ _ _ _ _ _ _ _ _ _ _ _ _ _ _ _ _ _ _ _ _ _ _ _ _ _ _ _ _ 

    def cb():
        for i in range(device_count()):
            default_generator = torch.cuda.default_generators[i]
>           default_generator.manual_seed(seed)
E           torch.AcceleratorError: CUDA error: unspecified launch failure
E           Search for `cudaErrorLaunchFailure' in https://docs.nvidia.com/cuda/cuda-runtime-api/group__CUDART__TYPES.html for more information.
E           CUDA kernel errors might be asynchronously reported at some other API call, so the stacktrace below might be incorrect.
E           For debugging consider passing CUDA_LAUNCH_BLOCKING=1
E           Compile with `TORCH_USE_CUDA_DSA` to enable device-side assertions.

/root/miniconda/envs/python310_torch29_cuda/lib/python3.10/site-packages/torch/cuda/random.py:129: AcceleratorError
_________ test_unique_dim_int[True-True-all_unique-dtype0-shape13--1] __________

shape = (3, 4, 5, 6), dim = -1, dtype = torch.int16, pattern = 'all_unique'
return_inverse = True, return_counts = True

    @pytest.mark.unique_dim
    @pytest.mark.parametrize("shape, dim", SHAPE_DIM_CASES)
    @pytest.mark.parametrize("dtype", utils.INT_DTYPES)
    @pytest.mark.parametrize("pattern", ["few_unique", "all_unique", "all_duplicate"])
    @pytest.mark.parametrize("return_inverse", [False, True])
    @pytest.mark.parametrize("return_counts", [False, True])
    def test_unique_dim_int(shape, dim, dtype, pattern, return_inverse, return_counts):
        if flag_gems.vendor_name == "kunlunxin":
>           torch.manual_seed(0)

test_unique_dim.py:97: 
_ _ _ _ _ _ _ _ _ _ _ _ _ _ _ _ _ _ _ _ _ _ _ _ _ _ _ _ _ _ _ _ _ _ _ _ _ _ _ _ 
/root/miniconda/envs/python310_torch29_cuda/lib/python3.10/site-packages/torch/_compile.py:53: in inner
    return disable_fn(*args, **kwargs)
/root/miniconda/envs/python310_torch29_cuda/lib/python3.10/site-packages/torch/_dynamo/eval_frame.py:1044: in _fn
    return fn(*args, **kwargs)
/root/miniconda/envs/python310_torch29_cuda/lib/python3.10/site-packages/torch/random.py:46: in manual_seed
    torch.cuda.manual_seed_all(seed)
/root/miniconda/envs/python310_torch29_cuda/lib/python3.10/site-packages/torch/cuda/random.py:131: in manual_seed_all
    _lazy_call(cb, seed_all=True)
/root/miniconda/envs/python310_torch29_cuda/lib/python3.10/site-packages/torch/cuda/__init__.py:341: in _lazy_call
    callable()
_ _ _ _ _ _ _ _ _ _ _ _ _ _ _ _ _ _ _ _ _ _ _ _ _ _ _ _ _ _ _ _ _ _ _ _ _ _ _ _ 

    def cb():
        for i in range(device_count()):
            default_generator = torch.cuda.default_generators[i]
>           default_generator.manual_seed(seed)
E           torch.AcceleratorError: CUDA error: unspecified launch failure
E           Search for `cudaErrorLaunchFailure' in https://docs.nvidia.com/cuda/cuda-runtime-api/group__CUDART__TYPES.html for more information.
E           CUDA kernel errors might be asynchronously reported at some other API call, so the stacktrace below might be incorrect.
E           For debugging consider passing CUDA_LAUNCH_BLOCKING=1
E           Compile with `TORCH_USE_CUDA_DSA` to enable device-side assertions.

/root/miniconda/envs/python310_torch29_cuda/lib/python3.10/site-packages/torch/cuda/random.py:129: AcceleratorError
__________ test_unique_dim_int[True-True-all_unique-dtype1-shape0-0] ___________

shape = (8,), dim = 0, dtype = torch.int32, pattern = 'all_unique'
return_inverse = True, return_counts = True

    @pytest.mark.unique_dim
    @pytest.mark.parametrize("shape, dim", SHAPE_DIM_CASES)
    @pytest.mark.parametrize("dtype", utils.INT_DTYPES)
    @pytest.mark.parametrize("pattern", ["few_unique", "all_unique", "all_duplicate"])
    @pytest.mark.parametrize("return_inverse", [False, True])
    @pytest.mark.parametrize("return_counts", [False, True])
    def test_unique_dim_int(shape, dim, dtype, pattern, return_inverse, return_counts):
        if flag_gems.vendor_name == "kunlunxin":
>           torch.manual_seed(0)

test_unique_dim.py:97: 
_ _ _ _ _ _ _ _ _ _ _ _ _ _ _ _ _ _ _ _ _ _ _ _ _ _ _ _ _ _ _ _ _ _ _ _ _ _ _ _ 
/root/miniconda/envs/python310_torch29_cuda/lib/python3.10/site-packages/torch/_compile.py:53: in inner
    return disable_fn(*args, **kwargs)
/root/miniconda/envs/python310_torch29_cuda/lib/python3.10/site-packages/torch/_dynamo/eval_frame.py:1044: in _fn
    return fn(*args, **kwargs)
/root/miniconda/envs/python310_torch29_cuda/lib/python3.10/site-packages/torch/random.py:46: in manual_seed
    torch.cuda.manual_seed_all(seed)
/root/miniconda/envs/python310_torch29_cuda/lib/python3.10/site-packages/torch/cuda/random.py:131: in manual_seed_all
    _lazy_call(cb, seed_all=True)
/root/miniconda/envs/python310_torch29_cuda/lib/python3.10/site-packages/torch/cuda/__init__.py:341: in _lazy_call
    callable()
_ _ _ _ _ _ _ _ _ _ _ _ _ _ _ _ _ _ _ _ _ _ _ _ _ _ _ _ _ _ _ _ _ _ _ _ _ _ _ _ 

    def cb():
        for i in range(device_count()):
            default_generator = torch.cuda.default_generators[i]
>           default_generator.manual_seed(seed)
E           torch.AcceleratorError: CUDA error: unspecified launch failure
E           Search for `cudaErrorLaunchFailure' in https://docs.nvidia.com/cuda/cuda-runtime-api/group__CUDART__TYPES.html for more information.
E           CUDA kernel errors might be asynchronously reported at some other API call, so the stacktrace below might be incorrect.
E           For debugging consider passing CUDA_LAUNCH_BLOCKING=1
E           Compile with `TORCH_USE_CUDA_DSA` to enable device-side assertions.

/root/miniconda/envs/python310_torch29_cuda/lib/python3.10/site-packages/torch/cuda/random.py:129: AcceleratorError
__________ test_unique_dim_int[True-True-all_unique-dtype1-shape1--1] __________

shape = (8,), dim = -1, dtype = torch.int32, pattern = 'all_unique'
return_inverse = True, return_counts = True

    @pytest.mark.unique_dim
    @pytest.mark.parametrize("shape, dim", SHAPE_DIM_CASES)
    @pytest.mark.parametrize("dtype", utils.INT_DTYPES)
    @pytest.mark.parametrize("pattern", ["few_unique", "all_unique", "all_duplicate"])
    @pytest.mark.parametrize("return_inverse", [False, True])
    @pytest.mark.parametrize("return_counts", [False, True])
    def test_unique_dim_int(shape, dim, dtype, pattern, return_inverse, return_counts):
        if flag_gems.vendor_name == "kunlunxin":
>           torch.manual_seed(0)

test_unique_dim.py:97: 
_ _ _ _ _ _ _ _ _ _ _ _ _ _ _ _ _ _ _ _ _ _ _ _ _ _ _ _ _ _ _ _ _ _ _ _ _ _ _ _ 
/root/miniconda/envs/python310_torch29_cuda/lib/python3.10/site-packages/torch/_compile.py:53: in inner
    return disable_fn(*args, **kwargs)
/root/miniconda/envs/python310_torch29_cuda/lib/python3.10/site-packages/torch/_dynamo/eval_frame.py:1044: in _fn
    return fn(*args, **kwargs)
/root/miniconda/envs/python310_torch29_cuda/lib/python3.10/site-packages/torch/random.py:46: in manual_seed
    torch.cuda.manual_seed_all(seed)
/root/miniconda/envs/python310_torch29_cuda/lib/python3.10/site-packages/torch/cuda/random.py:131: in manual_seed_all
    _lazy_call(cb, seed_all=True)
/root/miniconda/envs/python310_torch29_cuda/lib/python3.10/site-packages/torch/cuda/__init__.py:341: in _lazy_call
    callable()
_ _ _ _ _ _ _ _ _ _ _ _ _ _ _ _ _ _ _ _ _ _ _ _ _ _ _ _ _ _ _ _ _ _ _ _ _ _ _ _ 

    def cb():
        for i in range(device_count()):
            default_generator = torch.cuda.default_generators[i]
>           default_generator.manual_seed(seed)
E           torch.AcceleratorError: CUDA error: unspecified launch failure
E           Search for `cudaErrorLaunchFailure' in https://docs.nvidia.com/cuda/cuda-runtime-api/group__CUDART__TYPES.html for more information.
E           CUDA kernel errors might be asynchronously reported at some other API call, so the stacktrace below might be incorrect.
E           For debugging consider passing CUDA_LAUNCH_BLOCKING=1
E           Compile with `TORCH_USE_CUDA_DSA` to enable device-side assertions.

/root/miniconda/envs/python310_torch29_cuda/lib/python3.10/site-packages/torch/cuda/random.py:129: AcceleratorError
__________ test_unique_dim_int[True-True-all_unique-dtype1-shape2-0] ___________

shape = (16, 4), dim = 0, dtype = torch.int32, pattern = 'all_unique'
return_inverse = True, return_counts = True

    @pytest.mark.unique_dim
    @pytest.mark.parametrize("shape, dim", SHAPE_DIM_CASES)
    @pytest.mark.parametrize("dtype", utils.INT_DTYPES)
    @pytest.mark.parametrize("pattern", ["few_unique", "all_unique", "all_duplicate"])
    @pytest.mark.parametrize("return_inverse", [False, True])
    @pytest.mark.parametrize("return_counts", [False, True])
    def test_unique_dim_int(shape, dim, dtype, pattern, return_inverse, return_counts):
        if flag_gems.vendor_name == "kunlunxin":
>           torch.manual_seed(0)

test_unique_dim.py:97: 
_ _ _ _ _ _ _ _ _ _ _ _ _ _ _ _ _ _ _ _ _ _ _ _ _ _ _ _ _ _ _ _ _ _ _ _ _ _ _ _ 
/root/miniconda/envs/python310_torch29_cuda/lib/python3.10/site-packages/torch/_compile.py:53: in inner
    return disable_fn(*args, **kwargs)
/root/miniconda/envs/python310_torch29_cuda/lib/python3.10/site-packages/torch/_dynamo/eval_frame.py:1044: in _fn
    return fn(*args, **kwargs)
/root/miniconda/envs/python310_torch29_cuda/lib/python3.10/site-packages/torch/random.py:46: in manual_seed
    torch.cuda.manual_seed_all(seed)
/root/miniconda/envs/python310_torch29_cuda/lib/python3.10/site-packages/torch/cuda/random.py:131: in manual_seed_all
    _lazy_call(cb, seed_all=True)
/root/miniconda/envs/python310_torch29_cuda/lib/python3.10/site-packages/torch/cuda/__init__.py:341: in _lazy_call
    callable()
_ _ _ _ _ _ _ _ _ _ _ _ _ _ _ _ _ _ _ _ _ _ _ _ _ _ _ _ _ _ _ _ _ _ _ _ _ _ _ _ 

    def cb():
        for i in range(device_count()):
            default_generator = torch.cuda.default_generators[i]
>           default_generator.manual_seed(seed)
E           torch.AcceleratorError: CUDA error: unspecified launch failure
E           Search for `cudaErrorLaunchFailure' in https://docs.nvidia.com/cuda/cuda-runtime-api/group__CUDART__TYPES.html for more information.
E           CUDA kernel errors might be asynchronously reported at some other API call, so the stacktrace below might be incorrect.
E           For debugging consider passing CUDA_LAUNCH_BLOCKING=1
E           Compile with `TORCH_USE_CUDA_DSA` to enable device-side assertions.

/root/miniconda/envs/python310_torch29_cuda/lib/python3.10/site-packages/torch/cuda/random.py:129: AcceleratorError
__________ test_unique_dim_int[True-True-all_unique-dtype1-shape3-1] ___________

shape = (16, 4), dim = 1, dtype = torch.int32, pattern = 'all_unique'
return_inverse = True, return_counts = True

    @pytest.mark.unique_dim
    @pytest.mark.parametrize("shape, dim", SHAPE_DIM_CASES)
    @pytest.mark.parametrize("dtype", utils.INT_DTYPES)
    @pytest.mark.parametrize("pattern", ["few_unique", "all_unique", "all_duplicate"])
    @pytest.mark.parametrize("return_inverse", [False, True])
    @pytest.mark.parametrize("return_counts", [False, True])
    def test_unique_dim_int(shape, dim, dtype, pattern, return_inverse, return_counts):
        if flag_gems.vendor_name == "kunlunxin":
>           torch.manual_seed(0)

test_unique_dim.py:97: 
_ _ _ _ _ _ _ _ _ _ _ _ _ _ _ _ _ _ _ _ _ _ _ _ _ _ _ _ _ _ _ _ _ _ _ _ _ _ _ _ 
/root/miniconda/envs/python310_torch29_cuda/lib/python3.10/site-packages/torch/_compile.py:53: in inner
    return disable_fn(*args, **kwargs)
/root/miniconda/envs/python310_torch29_cuda/lib/python3.10/site-packages/torch/_dynamo/eval_frame.py:1044: in _fn
    return fn(*args, **kwargs)
/root/miniconda/envs/python310_torch29_cuda/lib/python3.10/site-packages/torch/random.py:46: in manual_seed
    torch.cuda.manual_seed_all(seed)
/root/miniconda/envs/python310_torch29_cuda/lib/python3.10/site-packages/torch/cuda/random.py:131: in manual_seed_all
    _lazy_call(cb, seed_all=True)
/root/miniconda/envs/python310_torch29_cuda/lib/python3.10/site-packages/torch/cuda/__init__.py:341: in _lazy_call
    callable()
_ _ _ _ _ _ _ _ _ _ _ _ _ _ _ _ _ _ _ _ _ _ _ _ _ _ _ _ _ _ _ _ _ _ _ _ _ _ _ _ 

    def cb():
        for i in range(device_count()):
            default_generator = torch.cuda.default_generators[i]
>           default_generator.manual_seed(seed)
E           torch.AcceleratorError: CUDA error: unspecified launch failure
E           Search for `cudaErrorLaunchFailure' in https://docs.nvidia.com/cuda/cuda-runtime-api/group__CUDART__TYPES.html for more information.
E           CUDA kernel errors might be asynchronously reported at some other API call, so the stacktrace below might be incorrect.
E           For debugging consider passing CUDA_LAUNCH_BLOCKING=1
E           Compile with `TORCH_USE_CUDA_DSA` to enable device-side assertions.

/root/miniconda/envs/python310_torch29_cuda/lib/python3.10/site-packages/torch/cuda/random.py:129: AcceleratorError
__________ test_unique_dim_int[True-True-all_unique-dtype1-shape4--1] __________

shape = (16, 4), dim = -1, dtype = torch.int32, pattern = 'all_unique'
return_inverse = True, return_counts = True

    @pytest.mark.unique_dim
    @pytest.mark.parametrize("shape, dim", SHAPE_DIM_CASES)
    @pytest.mark.parametrize("dtype", utils.INT_DTYPES)
    @pytest.mark.parametrize("pattern", ["few_unique", "all_unique", "all_duplicate"])
    @pytest.mark.parametrize("return_inverse", [False, True])
    @pytest.mark.parametrize("return_counts", [False, True])
    def test_unique_dim_int(shape, dim, dtype, pattern, return_inverse, return_counts):
        if flag_gems.vendor_name == "kunlunxin":
>           torch.manual_seed(0)

test_unique_dim.py:97: 
_ _ _ _ _ _ _ _ _ _ _ _ _ _ _ _ _ _ _ _ _ _ _ _ _ _ _ _ _ _ _ _ _ _ _ _ _ _ _ _ 
/root/miniconda/envs/python310_torch29_cuda/lib/python3.10/site-packages/torch/_compile.py:53: in inner
    return disable_fn(*args, **kwargs)
/root/miniconda/envs/python310_torch29_cuda/lib/python3.10/site-packages/torch/_dynamo/eval_frame.py:1044: in _fn
    return fn(*args, **kwargs)
/root/miniconda/envs/python310_torch29_cuda/lib/python3.10/site-packages/torch/random.py:46: in manual_seed
    torch.cuda.manual_seed_all(seed)
/root/miniconda/envs/python310_torch29_cuda/lib/python3.10/site-packages/torch/cuda/random.py:131: in manual_seed_all
    _lazy_call(cb, seed_all=True)
/root/miniconda/envs/python310_torch29_cuda/lib/python3.10/site-packages/torch/cuda/__init__.py:341: in _lazy_call
    callable()
_ _ _ _ _ _ _ _ _ _ _ _ _ _ _ _ _ _ _ _ _ _ _ _ _ _ _ _ _ _ _ _ _ _ _ _ _ _ _ _ 

    def cb():
        for i in range(device_count()):
            default_generator = torch.cuda.default_generators[i]
>           default_generator.manual_seed(seed)
E           torch.AcceleratorError: CUDA error: unspecified launch failure
E           Search for `cudaErrorLaunchFailure' in https://docs.nvidia.com/cuda/cuda-runtime-api/group__CUDART__TYPES.html for more information.
E           CUDA kernel errors might be asynchronously reported at some other API call, so the stacktrace below might be incorrect.
E           For debugging consider passing CUDA_LAUNCH_BLOCKING=1
E           Compile with `TORCH_USE_CUDA_DSA` to enable device-side assertions.

/root/miniconda/envs/python310_torch29_cuda/lib/python3.10/site-packages/torch/cuda/random.py:129: AcceleratorError
__________ test_unique_dim_int[True-True-all_unique-dtype1-shape5-0] ___________

shape = (4, 16), dim = 0, dtype = torch.int32, pattern = 'all_unique'
return_inverse = True, return_counts = True

    @pytest.mark.unique_dim
    @pytest.mark.parametrize("shape, dim", SHAPE_DIM_CASES)
    @pytest.mark.parametrize("dtype", utils.INT_DTYPES)
    @pytest.mark.parametrize("pattern", ["few_unique", "all_unique", "all_duplicate"])
    @pytest.mark.parametrize("return_inverse", [False, True])
    @pytest.mark.parametrize("return_counts", [False, True])
    def test_unique_dim_int(shape, dim, dtype, pattern, return_inverse, return_counts):
        if flag_gems.vendor_name == "kunlunxin":
>           torch.manual_seed(0)

test_unique_dim.py:97: 
_ _ _ _ _ _ _ _ _ _ _ _ _ _ _ _ _ _ _ _ _ _ _ _ _ _ _ _ _ _ _ _ _ _ _ _ _ _ _ _ 
/root/miniconda/envs/python310_torch29_cuda/lib/python3.10/site-packages/torch/_compile.py:53: in inner
    return disable_fn(*args, **kwargs)
/root/miniconda/envs/python310_torch29_cuda/lib/python3.10/site-packages/torch/_dynamo/eval_frame.py:1044: in _fn
    return fn(*args, **kwargs)
/root/miniconda/envs/python310_torch29_cuda/lib/python3.10/site-packages/torch/random.py:46: in manual_seed
    torch.cuda.manual_seed_all(seed)
/root/miniconda/envs/python310_torch29_cuda/lib/python3.10/site-packages/torch/cuda/random.py:131: in manual_seed_all
    _lazy_call(cb, seed_all=True)
/root/miniconda/envs/python310_torch29_cuda/lib/python3.10/site-packages/torch/cuda/__init__.py:341: in _lazy_call
    callable()
_ _ _ _ _ _ _ _ _ _ _ _ _ _ _ _ _ _ _ _ _ _ _ _ _ _ _ _ _ _ _ _ _ _ _ _ _ _ _ _ 

    def cb():
        for i in range(device_count()):
            default_generator = torch.cuda.default_generators[i]
>           default_generator.manual_seed(seed)
E           torch.AcceleratorError: CUDA error: unspecified launch failure
E           Search for `cudaErrorLaunchFailure' in https://docs.nvidia.com/cuda/cuda-runtime-api/group__CUDART__TYPES.html for more information.
E           CUDA kernel errors might be asynchronously reported at some other API call, so the stacktrace below might be incorrect.
E           For debugging consider passing CUDA_LAUNCH_BLOCKING=1
E           Compile with `TORCH_USE_CUDA_DSA` to enable device-side assertions.

/root/miniconda/envs/python310_torch29_cuda/lib/python3.10/site-packages/torch/cuda/random.py:129: AcceleratorError
__________ test_unique_dim_int[True-True-all_unique-dtype1-shape6-0] ___________

shape = (32, 32), dim = 0, dtype = torch.int32, pattern = 'all_unique'
return_inverse = True, return_counts = True

    @pytest.mark.unique_dim
    @pytest.mark.parametrize("shape, dim", SHAPE_DIM_CASES)
    @pytest.mark.parametrize("dtype", utils.INT_DTYPES)
    @pytest.mark.parametrize("pattern", ["few_unique", "all_unique", "all_duplicate"])
    @pytest.mark.parametrize("return_inverse", [False, True])
    @pytest.mark.parametrize("return_counts", [False, True])
    def test_unique_dim_int(shape, dim, dtype, pattern, return_inverse, return_counts):
        if flag_gems.vendor_name == "kunlunxin":
>           torch.manual_seed(0)

test_unique_dim.py:97: 
_ _ _ _ _ _ _ _ _ _ _ _ _ _ _ _ _ _ _ _ _ _ _ _ _ _ _ _ _ _ _ _ _ _ _ _ _ _ _ _ 
/root/miniconda/envs/python310_torch29_cuda/lib/python3.10/site-packages/torch/_compile.py:53: in inner
    return disable_fn(*args, **kwargs)
/root/miniconda/envs/python310_torch29_cuda/lib/python3.10/site-packages/torch/_dynamo/eval_frame.py:1044: in _fn
    return fn(*args, **kwargs)
/root/miniconda/envs/python310_torch29_cuda/lib/python3.10/site-packages/torch/random.py:46: in manual_seed
    torch.cuda.manual_seed_all(seed)
/root/miniconda/envs/python310_torch29_cuda/lib/python3.10/site-packages/torch/cuda/random.py:131: in manual_seed_all
    _lazy_call(cb, seed_all=True)
/root/miniconda/envs/python310_torch29_cuda/lib/python3.10/site-packages/torch/cuda/__init__.py:341: in _lazy_call
    callable()
_ _ _ _ _ _ _ _ _ _ _ _ _ _ _ _ _ _ _ _ _ _ _ _ _ _ _ _ _ _ _ _ _ _ _ _ _ _ _ _ 

    def cb():
        for i in range(device_count()):
            default_generator = torch.cuda.default_generators[i]
>           default_generator.manual_seed(seed)
E           torch.AcceleratorError: CUDA error: unspecified launch failure
E           Search for `cudaErrorLaunchFailure' in https://docs.nvidia.com/cuda/cuda-runtime-api/group__CUDART__TYPES.html for more information.
E           CUDA kernel errors might be asynchronously reported at some other API call, so the stacktrace below might be incorrect.
E           For debugging consider passing CUDA_LAUNCH_BLOCKING=1
E           Compile with `TORCH_USE_CUDA_DSA` to enable device-side assertions.

/root/miniconda/envs/python310_torch29_cuda/lib/python3.10/site-packages/torch/cuda/random.py:129: AcceleratorError
__________ test_unique_dim_int[True-True-all_unique-dtype1-shape7-1] ___________

shape = (32, 32), dim = 1, dtype = torch.int32, pattern = 'all_unique'
return_inverse = True, return_counts = True

    @pytest.mark.unique_dim
    @pytest.mark.parametrize("shape, dim", SHAPE_DIM_CASES)
    @pytest.mark.parametrize("dtype", utils.INT_DTYPES)
    @pytest.mark.parametrize("pattern", ["few_unique", "all_unique", "all_duplicate"])
    @pytest.mark.parametrize("return_inverse", [False, True])
    @pytest.mark.parametrize("return_counts", [False, True])
    def test_unique_dim_int(shape, dim, dtype, pattern, return_inverse, return_counts):
        if flag_gems.vendor_name == "kunlunxin":
>           torch.manual_seed(0)

test_unique_dim.py:97: 
_ _ _ _ _ _ _ _ _ _ _ _ _ _ _ _ _ _ _ _ _ _ _ _ _ _ _ _ _ _ _ _ _ _ _ _ _ _ _ _ 
/root/miniconda/envs/python310_torch29_cuda/lib/python3.10/site-packages/torch/_compile.py:53: in inner
    return disable_fn(*args, **kwargs)
/root/miniconda/envs/python310_torch29_cuda/lib/python3.10/site-packages/torch/_dynamo/eval_frame.py:1044: in _fn
    return fn(*args, **kwargs)
/root/miniconda/envs/python310_torch29_cuda/lib/python3.10/site-packages/torch/random.py:46: in manual_seed
    torch.cuda.manual_seed_all(seed)
/root/miniconda/envs/python310_torch29_cuda/lib/python3.10/site-packages/torch/cuda/random.py:131: in manual_seed_all
    _lazy_call(cb, seed_all=True)
/root/miniconda/envs/python310_torch29_cuda/lib/python3.10/site-packages/torch/cuda/__init__.py:341: in _lazy_call
    callable()
_ _ _ _ _ _ _ _ _ _ _ _ _ _ _ _ _ _ _ _ _ _ _ _ _ _ _ _ _ _ _ _ _ _ _ _ _ _ _ _ 

    def cb():
        for i in range(device_count()):
            default_generator = torch.cuda.default_generators[i]
>           default_generator.manual_seed(seed)
E           torch.AcceleratorError: CUDA error: unspecified launch failure
E           Search for `cudaErrorLaunchFailure' in https://docs.nvidia.com/cuda/cuda-runtime-api/group__CUDART__TYPES.html for more information.
E           CUDA kernel errors might be asynchronously reported at some other API call, so the stacktrace below might be incorrect.
E           For debugging consider passing CUDA_LAUNCH_BLOCKING=1
E           Compile with `TORCH_USE_CUDA_DSA` to enable device-side assertions.

/root/miniconda/envs/python310_torch29_cuda/lib/python3.10/site-packages/torch/cuda/random.py:129: AcceleratorError
__________ test_unique_dim_int[True-True-all_unique-dtype1-shape8-0] ___________

shape = (6, 5, 4), dim = 0, dtype = torch.int32, pattern = 'all_unique'
return_inverse = True, return_counts = True

    @pytest.mark.unique_dim
    @pytest.mark.parametrize("shape, dim", SHAPE_DIM_CASES)
    @pytest.mark.parametrize("dtype", utils.INT_DTYPES)
    @pytest.mark.parametrize("pattern", ["few_unique", "all_unique", "all_duplicate"])
    @pytest.mark.parametrize("return_inverse", [False, True])
    @pytest.mark.parametrize("return_counts", [False, True])
    def test_unique_dim_int(shape, dim, dtype, pattern, return_inverse, return_counts):
        if flag_gems.vendor_name == "kunlunxin":
>           torch.manual_seed(0)

test_unique_dim.py:97: 
_ _ _ _ _ _ _ _ _ _ _ _ _ _ _ _ _ _ _ _ _ _ _ _ _ _ _ _ _ _ _ _ _ _ _ _ _ _ _ _ 
/root/miniconda/envs/python310_torch29_cuda/lib/python3.10/site-packages/torch/_compile.py:53: in inner
    return disable_fn(*args, **kwargs)
/root/miniconda/envs/python310_torch29_cuda/lib/python3.10/site-packages/torch/_dynamo/eval_frame.py:1044: in _fn
    return fn(*args, **kwargs)
/root/miniconda/envs/python310_torch29_cuda/lib/python3.10/site-packages/torch/random.py:46: in manual_seed
    torch.cuda.manual_seed_all(seed)
/root/miniconda/envs/python310_torch29_cuda/lib/python3.10/site-packages/torch/cuda/random.py:131: in manual_seed_all
    _lazy_call(cb, seed_all=True)
/root/miniconda/envs/python310_torch29_cuda/lib/python3.10/site-packages/torch/cuda/__init__.py:341: in _lazy_call
    callable()
_ _ _ _ _ _ _ _ _ _ _ _ _ _ _ _ _ _ _ _ _ _ _ _ _ _ _ _ _ _ _ _ _ _ _ _ _ _ _ _ 

    def cb():
        for i in range(device_count()):
            default_generator = torch.cuda.default_generators[i]
>           default_generator.manual_seed(seed)
E           torch.AcceleratorError: CUDA error: unspecified launch failure
E           Search for `cudaErrorLaunchFailure' in https://docs.nvidia.com/cuda/cuda-runtime-api/group__CUDART__TYPES.html for more information.
E           CUDA kernel errors might be asynchronously reported at some other API call, so the stacktrace below might be incorrect.
E           For debugging consider passing CUDA_LAUNCH_BLOCKING=1
E           Compile with `TORCH_USE_CUDA_DSA` to enable device-side assertions.

/root/miniconda/envs/python310_torch29_cuda/lib/python3.10/site-packages/torch/cuda/random.py:129: AcceleratorError
__________ test_unique_dim_int[True-True-all_unique-dtype1-shape9-1] ___________

shape = (6, 5, 4), dim = 1, dtype = torch.int32, pattern = 'all_unique'
return_inverse = True, return_counts = True

    @pytest.mark.unique_dim
    @pytest.mark.parametrize("shape, dim", SHAPE_DIM_CASES)
    @pytest.mark.parametrize("dtype", utils.INT_DTYPES)
    @pytest.mark.parametrize("pattern", ["few_unique", "all_unique", "all_duplicate"])
    @pytest.mark.parametrize("return_inverse", [False, True])
    @pytest.mark.parametrize("return_counts", [False, True])
    def test_unique_dim_int(shape, dim, dtype, pattern, return_inverse, return_counts):
        if flag_gems.vendor_name == "kunlunxin":
>           torch.manual_seed(0)

test_unique_dim.py:97: 
_ _ _ _ _ _ _ _ _ _ _ _ _ _ _ _ _ _ _ _ _ _ _ _ _ _ _ _ _ _ _ _ _ _ _ _ _ _ _ _ 
/root/miniconda/envs/python310_torch29_cuda/lib/python3.10/site-packages/torch/_compile.py:53: in inner
    return disable_fn(*args, **kwargs)
/root/miniconda/envs/python310_torch29_cuda/lib/python3.10/site-packages/torch/_dynamo/eval_frame.py:1044: in _fn
    return fn(*args, **kwargs)
/root/miniconda/envs/python310_torch29_cuda/lib/python3.10/site-packages/torch/random.py:46: in manual_seed
    torch.cuda.manual_seed_all(seed)
/root/miniconda/envs/python310_torch29_cuda/lib/python3.10/site-packages/torch/cuda/random.py:131: in manual_seed_all
    _lazy_call(cb, seed_all=True)
/root/miniconda/envs/python310_torch29_cuda/lib/python3.10/site-packages/torch/cuda/__init__.py:341: in _lazy_call
    callable()
_ _ _ _ _ _ _ _ _ _ _ _ _ _ _ _ _ _ _ _ _ _ _ _ _ _ _ _ _ _ _ _ _ _ _ _ _ _ _ _ 

    def cb():
        for i in range(device_count()):
            default_generator = torch.cuda.default_generators[i]
>           default_generator.manual_seed(seed)
E           torch.AcceleratorError: CUDA error: unspecified launch failure
E           Search for `cudaErrorLaunchFailure' in https://docs.nvidia.com/cuda/cuda-runtime-api/group__CUDART__TYPES.html for more information.
E           CUDA kernel errors might be asynchronously reported at some other API call, so the stacktrace below might be incorrect.
E           For debugging consider passing CUDA_LAUNCH_BLOCKING=1
E           Compile with `TORCH_USE_CUDA_DSA` to enable device-side assertions.

/root/miniconda/envs/python310_torch29_cuda/lib/python3.10/site-packages/torch/cuda/random.py:129: AcceleratorError
__________ test_unique_dim_int[True-True-all_unique-dtype1-shape10-2] __________

shape = (6, 5, 4), dim = 2, dtype = torch.int32, pattern = 'all_unique'
return_inverse = True, return_counts = True

    @pytest.mark.unique_dim
    @pytest.mark.parametrize("shape, dim", SHAPE_DIM_CASES)
    @pytest.mark.parametrize("dtype", utils.INT_DTYPES)
    @pytest.mark.parametrize("pattern", ["few_unique", "all_unique", "all_duplicate"])
    @pytest.mark.parametrize("return_inverse", [False, True])
    @pytest.mark.parametrize("return_counts", [False, True])
    def test_unique_dim_int(shape, dim, dtype, pattern, return_inverse, return_counts):
        if flag_gems.vendor_name == "kunlunxin":
>           torch.manual_seed(0)

test_unique_dim.py:97: 
_ _ _ _ _ _ _ _ _ _ _ _ _ _ _ _ _ _ _ _ _ _ _ _ _ _ _ _ _ _ _ _ _ _ _ _ _ _ _ _ 
/root/miniconda/envs/python310_torch29_cuda/lib/python3.10/site-packages/torch/_compile.py:53: in inner
    return disable_fn(*args, **kwargs)
/root/miniconda/envs/python310_torch29_cuda/lib/python3.10/site-packages/torch/_dynamo/eval_frame.py:1044: in _fn
    return fn(*args, **kwargs)
/root/miniconda/envs/python310_torch29_cuda/lib/python3.10/site-packages/torch/random.py:46: in manual_seed
    torch.cuda.manual_seed_all(seed)
/root/miniconda/envs/python310_torch29_cuda/lib/python3.10/site-packages/torch/cuda/random.py:131: in manual_seed_all
    _lazy_call(cb, seed_all=True)
/root/miniconda/envs/python310_torch29_cuda/lib/python3.10/site-packages/torch/cuda/__init__.py:341: in _lazy_call
    callable()
_ _ _ _ _ _ _ _ _ _ _ _ _ _ _ _ _ _ _ _ _ _ _ _ _ _ _ _ _ _ _ _ _ _ _ _ _ _ _ _ 

    def cb():
        for i in range(device_count()):
            default_generator = torch.cuda.default_generators[i]
>           default_generator.manual_seed(seed)
E           torch.AcceleratorError: CUDA error: unspecified launch failure
E           Search for `cudaErrorLaunchFailure' in https://docs.nvidia.com/cuda/cuda-runtime-api/group__CUDART__TYPES.html for more information.
E           CUDA kernel errors might be asynchronously reported at some other API call, so the stacktrace below might be incorrect.
E           For debugging consider passing CUDA_LAUNCH_BLOCKING=1
E           Compile with `TORCH_USE_CUDA_DSA` to enable device-side assertions.

/root/miniconda/envs/python310_torch29_cuda/lib/python3.10/site-packages/torch/cuda/random.py:129: AcceleratorError
_________ test_unique_dim_int[True-True-all_unique-dtype1-shape11--2] __________

shape = (6, 5, 4), dim = -2, dtype = torch.int32, pattern = 'all_unique'
return_inverse = True, return_counts = True

    @pytest.mark.unique_dim
    @pytest.mark.parametrize("shape, dim", SHAPE_DIM_CASES)
    @pytest.mark.parametrize("dtype", utils.INT_DTYPES)
    @pytest.mark.parametrize("pattern", ["few_unique", "all_unique", "all_duplicate"])
    @pytest.mark.parametrize("return_inverse", [False, True])
    @pytest.mark.parametrize("return_counts", [False, True])
    def test_unique_dim_int(shape, dim, dtype, pattern, return_inverse, return_counts):
        if flag_gems.vendor_name == "kunlunxin":
>           torch.manual_seed(0)

test_unique_dim.py:97: 
_ _ _ _ _ _ _ _ _ _ _ _ _ _ _ _ _ _ _ _ _ _ _ _ _ _ _ _ _ _ _ _ _ _ _ _ _ _ _ _ 
/root/miniconda/envs/python310_torch29_cuda/lib/python3.10/site-packages/torch/_compile.py:53: in inner
    return disable_fn(*args, **kwargs)
/root/miniconda/envs/python310_torch29_cuda/lib/python3.10/site-packages/torch/_dynamo/eval_frame.py:1044: in _fn
    return fn(*args, **kwargs)
/root/miniconda/envs/python310_torch29_cuda/lib/python3.10/site-packages/torch/random.py:46: in manual_seed
    torch.cuda.manual_seed_all(seed)
/root/miniconda/envs/python310_torch29_cuda/lib/python3.10/site-packages/torch/cuda/random.py:131: in manual_seed_all
    _lazy_call(cb, seed_all=True)
/root/miniconda/envs/python310_torch29_cuda/lib/python3.10/site-packages/torch/cuda/__init__.py:341: in _lazy_call
    callable()
_ _ _ _ _ _ _ _ _ _ _ _ _ _ _ _ _ _ _ _ _ _ _ _ _ _ _ _ _ _ _ _ _ _ _ _ _ _ _ _ 

    def cb():
        for i in range(device_count()):
            default_generator = torch.cuda.default_generators[i]
>           default_generator.manual_seed(seed)
E           torch.AcceleratorError: CUDA error: unspecified launch failure
E           Search for `cudaErrorLaunchFailure' in https://docs.nvidia.com/cuda/cuda-runtime-api/group__CUDART__TYPES.html for more information.
E           CUDA kernel errors might be asynchronously reported at some other API call, so the stacktrace below might be incorrect.
E           For debugging consider passing CUDA_LAUNCH_BLOCKING=1
E           Compile with `TORCH_USE_CUDA_DSA` to enable device-side assertions.

/root/miniconda/envs/python310_torch29_cuda/lib/python3.10/site-packages/torch/cuda/random.py:129: AcceleratorError
__________ test_unique_dim_int[True-True-all_unique-dtype1-shape12-2] __________

shape = (3, 4, 5, 6), dim = 2, dtype = torch.int32, pattern = 'all_unique'
return_inverse = True, return_counts = True

    @pytest.mark.unique_dim
    @pytest.mark.parametrize("shape, dim", SHAPE_DIM_CASES)
    @pytest.mark.parametrize("dtype", utils.INT_DTYPES)
    @pytest.mark.parametrize("pattern", ["few_unique", "all_unique", "all_duplicate"])
    @pytest.mark.parametrize("return_inverse", [False, True])
    @pytest.mark.parametrize("return_counts", [False, True])
    def test_unique_dim_int(shape, dim, dtype, pattern, return_inverse, return_counts):
        if flag_gems.vendor_name == "kunlunxin":
>           torch.manual_seed(0)

test_unique_dim.py:97: 
_ _ _ _ _ _ _ _ _ _ _ _ _ _ _ _ _ _ _ _ _ _ _ _ _ _ _ _ _ _ _ _ _ _ _ _ _ _ _ _ 
/root/miniconda/envs/python310_torch29_cuda/lib/python3.10/site-packages/torch/_compile.py:53: in inner
    return disable_fn(*args, **kwargs)
/root/miniconda/envs/python310_torch29_cuda/lib/python3.10/site-packages/torch/_dynamo/eval_frame.py:1044: in _fn
    return fn(*args, **kwargs)
/root/miniconda/envs/python310_torch29_cuda/lib/python3.10/site-packages/torch/random.py:46: in manual_seed
    torch.cuda.manual_seed_all(seed)
/root/miniconda/envs/python310_torch29_cuda/lib/python3.10/site-packages/torch/cuda/random.py:131: in manual_seed_all
    _lazy_call(cb, seed_all=True)
/root/miniconda/envs/python310_torch29_cuda/lib/python3.10/site-packages/torch/cuda/__init__.py:341: in _lazy_call
    callable()
_ _ _ _ _ _ _ _ _ _ _ _ _ _ _ _ _ _ _ _ _ _ _ _ _ _ _ _ _ _ _ _ _ _ _ _ _ _ _ _ 

    def cb():
        for i in range(device_count()):
            default_generator = torch.cuda.default_generators[i]
>           default_generator.manual_seed(seed)
E           torch.AcceleratorError: CUDA error: unspecified launch failure
E           Search for `cudaErrorLaunchFailure' in https://docs.nvidia.com/cuda/cuda-runtime-api/group__CUDART__TYPES.html for more information.
E           CUDA kernel errors might be asynchronously reported at some other API call, so the stacktrace below might be incorrect.
E           For debugging consider passing CUDA_LAUNCH_BLOCKING=1
E           Compile with `TORCH_USE_CUDA_DSA` to enable device-side assertions.

/root/miniconda/envs/python310_torch29_cuda/lib/python3.10/site-packages/torch/cuda/random.py:129: AcceleratorError
_________ test_unique_dim_int[True-True-all_unique-dtype1-shape13--1] __________

shape = (3, 4, 5, 6), dim = -1, dtype = torch.int32, pattern = 'all_unique'
return_inverse = True, return_counts = True

    @pytest.mark.unique_dim
    @pytest.mark.parametrize("shape, dim", SHAPE_DIM_CASES)
    @pytest.mark.parametrize("dtype", utils.INT_DTYPES)
    @pytest.mark.parametrize("pattern", ["few_unique", "all_unique", "all_duplicate"])
    @pytest.mark.parametrize("return_inverse", [False, True])
    @pytest.mark.parametrize("return_counts", [False, True])
    def test_unique_dim_int(shape, dim, dtype, pattern, return_inverse, return_counts):
        if flag_gems.vendor_name == "kunlunxin":
>           torch.manual_seed(0)

test_unique_dim.py:97: 
_ _ _ _ _ _ _ _ _ _ _ _ _ _ _ _ _ _ _ _ _ _ _ _ _ _ _ _ _ _ _ _ _ _ _ _ _ _ _ _ 
/root/miniconda/envs/python310_torch29_cuda/lib/python3.10/site-packages/torch/_compile.py:53: in inner
    return disable_fn(*args, **kwargs)
/root/miniconda/envs/python310_torch29_cuda/lib/python3.10/site-packages/torch/_dynamo/eval_frame.py:1044: in _fn
    return fn(*args, **kwargs)
/root/miniconda/envs/python310_torch29_cuda/lib/python3.10/site-packages/torch/random.py:46: in manual_seed
    torch.cuda.manual_seed_all(seed)
/root/miniconda/envs/python310_torch29_cuda/lib/python3.10/site-packages/torch/cuda/random.py:131: in manual_seed_all
    _lazy_call(cb, seed_all=True)
/root/miniconda/envs/python310_torch29_cuda/lib/python3.10/site-packages/torch/cuda/__init__.py:341: in _lazy_call
    callable()
_ _ _ _ _ _ _ _ _ _ _ _ _ _ _ _ _ _ _ _ _ _ _ _ _ _ _ _ _ _ _ _ _ _ _ _ _ _ _ _ 

    def cb():
        for i in range(device_count()):
            default_generator = torch.cuda.default_generators[i]
>           default_generator.manual_seed(seed)
E           torch.AcceleratorError: CUDA error: unspecified launch failure
E           Search for `cudaErrorLaunchFailure' in https://docs.nvidia.com/cuda/cuda-runtime-api/group__CUDART__TYPES.html for more information.
E           CUDA kernel errors might be asynchronously reported at some other API call, so the stacktrace below might be incorrect.
E           For debugging consider passing CUDA_LAUNCH_BLOCKING=1
E           Compile with `TORCH_USE_CUDA_DSA` to enable device-side assertions.

/root/miniconda/envs/python310_torch29_cuda/lib/python3.10/site-packages/torch/cuda/random.py:129: AcceleratorError
_________ test_unique_dim_int[True-True-all_duplicate-dtype0-shape0-0] _________

shape = (8,), dim = 0, dtype = torch.int16, pattern = 'all_duplicate'
return_inverse = True, return_counts = True

    @pytest.mark.unique_dim
    @pytest.mark.parametrize("shape, dim", SHAPE_DIM_CASES)
    @pytest.mark.parametrize("dtype", utils.INT_DTYPES)
    @pytest.mark.parametrize("pattern", ["few_unique", "all_unique", "all_duplicate"])
    @pytest.mark.parametrize("return_inverse", [False, True])
    @pytest.mark.parametrize("return_counts", [False, True])
    def test_unique_dim_int(shape, dim, dtype, pattern, return_inverse, return_counts):
        if flag_gems.vendor_name == "kunlunxin":
>           torch.manual_seed(0)

test_unique_dim.py:97: 
_ _ _ _ _ _ _ _ _ _ _ _ _ _ _ _ _ _ _ _ _ _ _ _ _ _ _ _ _ _ _ _ _ _ _ _ _ _ _ _ 
/root/miniconda/envs/python310_torch29_cuda/lib/python3.10/site-packages/torch/_compile.py:53: in inner
    return disable_fn(*args, **kwargs)
/root/miniconda/envs/python310_torch29_cuda/lib/python3.10/site-packages/torch/_dynamo/eval_frame.py:1044: in _fn
    return fn(*args, **kwargs)
/root/miniconda/envs/python310_torch29_cuda/lib/python3.10/site-packages/torch/random.py:46: in manual_seed
    torch.cuda.manual_seed_all(seed)
/root/miniconda/envs/python310_torch29_cuda/lib/python3.10/site-packages/torch/cuda/random.py:131: in manual_seed_all
    _lazy_call(cb, seed_all=True)
/root/miniconda/envs/python310_torch29_cuda/lib/python3.10/site-packages/torch/cuda/__init__.py:341: in _lazy_call
    callable()
_ _ _ _ _ _ _ _ _ _ _ _ _ _ _ _ _ _ _ _ _ _ _ _ _ _ _ _ _ _ _ _ _ _ _ _ _ _ _ _ 

    def cb():
        for i in range(device_count()):
            default_generator = torch.cuda.default_generators[i]
>           default_generator.manual_seed(seed)
E           torch.AcceleratorError: CUDA error: unspecified launch failure
E           Search for `cudaErrorLaunchFailure' in https://docs.nvidia.com/cuda/cuda-runtime-api/group__CUDART__TYPES.html for more information.
E           CUDA kernel errors might be asynchronously reported at some other API call, so the stacktrace below might be incorrect.
E           For debugging consider passing CUDA_LAUNCH_BLOCKING=1
E           Compile with `TORCH_USE_CUDA_DSA` to enable device-side assertions.

/root/miniconda/envs/python310_torch29_cuda/lib/python3.10/site-packages/torch/cuda/random.py:129: AcceleratorError
________ test_unique_dim_int[True-True-all_duplicate-dtype0-shape1--1] _________

shape = (8,), dim = -1, dtype = torch.int16, pattern = 'all_duplicate'
return_inverse = True, return_counts = True

    @pytest.mark.unique_dim
    @pytest.mark.parametrize("shape, dim", SHAPE_DIM_CASES)
    @pytest.mark.parametrize("dtype", utils.INT_DTYPES)
    @pytest.mark.parametrize("pattern", ["few_unique", "all_unique", "all_duplicate"])
    @pytest.mark.parametrize("return_inverse", [False, True])
    @pytest.mark.parametrize("return_counts", [False, True])
    def test_unique_dim_int(shape, dim, dtype, pattern, return_inverse, return_counts):
        if flag_gems.vendor_name == "kunlunxin":
>           torch.manual_seed(0)

test_unique_dim.py:97: 
_ _ _ _ _ _ _ _ _ _ _ _ _ _ _ _ _ _ _ _ _ _ _ _ _ _ _ _ _ _ _ _ _ _ _ _ _ _ _ _ 
/root/miniconda/envs/python310_torch29_cuda/lib/python3.10/site-packages/torch/_compile.py:53: in inner
    return disable_fn(*args, **kwargs)
/root/miniconda/envs/python310_torch29_cuda/lib/python3.10/site-packages/torch/_dynamo/eval_frame.py:1044: in _fn
    return fn(*args, **kwargs)
/root/miniconda/envs/python310_torch29_cuda/lib/python3.10/site-packages/torch/random.py:46: in manual_seed
    torch.cuda.manual_seed_all(seed)
/root/miniconda/envs/python310_torch29_cuda/lib/python3.10/site-packages/torch/cuda/random.py:131: in manual_seed_all
    _lazy_call(cb, seed_all=True)
/root/miniconda/envs/python310_torch29_cuda/lib/python3.10/site-packages/torch/cuda/__init__.py:341: in _lazy_call
    callable()
_ _ _ _ _ _ _ _ _ _ _ _ _ _ _ _ _ _ _ _ _ _ _ _ _ _ _ _ _ _ _ _ _ _ _ _ _ _ _ _ 

    def cb():
        for i in range(device_count()):
            default_generator = torch.cuda.default_generators[i]
>           default_generator.manual_seed(seed)
E           torch.AcceleratorError: CUDA error: unspecified launch failure
E           Search for `cudaErrorLaunchFailure' in https://docs.nvidia.com/cuda/cuda-runtime-api/group__CUDART__TYPES.html for more information.
E           CUDA kernel errors might be asynchronously reported at some other API call, so the stacktrace below might be incorrect.
E           For debugging consider passing CUDA_LAUNCH_BLOCKING=1
E           Compile with `TORCH_USE_CUDA_DSA` to enable device-side assertions.

/root/miniconda/envs/python310_torch29_cuda/lib/python3.10/site-packages/torch/cuda/random.py:129: AcceleratorError
_________ test_unique_dim_int[True-True-all_duplicate-dtype0-shape2-0] _________

shape = (16, 4), dim = 0, dtype = torch.int16, pattern = 'all_duplicate'
return_inverse = True, return_counts = True

    @pytest.mark.unique_dim
    @pytest.mark.parametrize("shape, dim", SHAPE_DIM_CASES)
    @pytest.mark.parametrize("dtype", utils.INT_DTYPES)
    @pytest.mark.parametrize("pattern", ["few_unique", "all_unique", "all_duplicate"])
    @pytest.mark.parametrize("return_inverse", [False, True])
    @pytest.mark.parametrize("return_counts", [False, True])
    def test_unique_dim_int(shape, dim, dtype, pattern, return_inverse, return_counts):
        if flag_gems.vendor_name == "kunlunxin":
>           torch.manual_seed(0)

test_unique_dim.py:97: 
_ _ _ _ _ _ _ _ _ _ _ _ _ _ _ _ _ _ _ _ _ _ _ _ _ _ _ _ _ _ _ _ _ _ _ _ _ _ _ _ 
/root/miniconda/envs/python310_torch29_cuda/lib/python3.10/site-packages/torch/_compile.py:53: in inner
    return disable_fn(*args, **kwargs)
/root/miniconda/envs/python310_torch29_cuda/lib/python3.10/site-packages/torch/_dynamo/eval_frame.py:1044: in _fn
    return fn(*args, **kwargs)
/root/miniconda/envs/python310_torch29_cuda/lib/python3.10/site-packages/torch/random.py:46: in manual_seed
    torch.cuda.manual_seed_all(seed)
/root/miniconda/envs/python310_torch29_cuda/lib/python3.10/site-packages/torch/cuda/random.py:131: in manual_seed_all
    _lazy_call(cb, seed_all=True)
/root/miniconda/envs/python310_torch29_cuda/lib/python3.10/site-packages/torch/cuda/__init__.py:341: in _lazy_call
    callable()
_ _ _ _ _ _ _ _ _ _ _ _ _ _ _ _ _ _ _ _ _ _ _ _ _ _ _ _ _ _ _ _ _ _ _ _ _ _ _ _ 

    def cb():
        for i in range(device_count()):
            default_generator = torch.cuda.default_generators[i]
>           default_generator.manual_seed(seed)
E           torch.AcceleratorError: CUDA error: unspecified launch failure
E           Search for `cudaErrorLaunchFailure' in https://docs.nvidia.com/cuda/cuda-runtime-api/group__CUDART__TYPES.html for more information.
E           CUDA kernel errors might be asynchronously reported at some other API call, so the stacktrace below might be incorrect.
E           For debugging consider passing CUDA_LAUNCH_BLOCKING=1
E           Compile with `TORCH_USE_CUDA_DSA` to enable device-side assertions.

/root/miniconda/envs/python310_torch29_cuda/lib/python3.10/site-packages/torch/cuda/random.py:129: AcceleratorError
_________ test_unique_dim_int[True-True-all_duplicate-dtype0-shape3-1] _________

shape = (16, 4), dim = 1, dtype = torch.int16, pattern = 'all_duplicate'
return_inverse = True, return_counts = True

    @pytest.mark.unique_dim
    @pytest.mark.parametrize("shape, dim", SHAPE_DIM_CASES)
    @pytest.mark.parametrize("dtype", utils.INT_DTYPES)
    @pytest.mark.parametrize("pattern", ["few_unique", "all_unique", "all_duplicate"])
    @pytest.mark.parametrize("return_inverse", [False, True])
    @pytest.mark.parametrize("return_counts", [False, True])
    def test_unique_dim_int(shape, dim, dtype, pattern, return_inverse, return_counts):
        if flag_gems.vendor_name == "kunlunxin":
>           torch.manual_seed(0)

test_unique_dim.py:97: 
_ _ _ _ _ _ _ _ _ _ _ _ _ _ _ _ _ _ _ _ _ _ _ _ _ _ _ _ _ _ _ _ _ _ _ _ _ _ _ _ 
/root/miniconda/envs/python310_torch29_cuda/lib/python3.10/site-packages/torch/_compile.py:53: in inner
    return disable_fn(*args, **kwargs)
/root/miniconda/envs/python310_torch29_cuda/lib/python3.10/site-packages/torch/_dynamo/eval_frame.py:1044: in _fn
    return fn(*args, **kwargs)
/root/miniconda/envs/python310_torch29_cuda/lib/python3.10/site-packages/torch/random.py:46: in manual_seed
    torch.cuda.manual_seed_all(seed)
/root/miniconda/envs/python310_torch29_cuda/lib/python3.10/site-packages/torch/cuda/random.py:131: in manual_seed_all
    _lazy_call(cb, seed_all=True)
/root/miniconda/envs/python310_torch29_cuda/lib/python3.10/site-packages/torch/cuda/__init__.py:341: in _lazy_call
    callable()
_ _ _ _ _ _ _ _ _ _ _ _ _ _ _ _ _ _ _ _ _ _ _ _ _ _ _ _ _ _ _ _ _ _ _ _ _ _ _ _ 

    def cb():
        for i in range(device_count()):
            default_generator = torch.cuda.default_generators[i]
>           default_generator.manual_seed(seed)
E           torch.AcceleratorError: CUDA error: unspecified launch failure
E           Search for `cudaErrorLaunchFailure' in https://docs.nvidia.com/cuda/cuda-runtime-api/group__CUDART__TYPES.html for more information.
E           CUDA kernel errors might be asynchronously reported at some other API call, so the stacktrace below might be incorrect.
E           For debugging consider passing CUDA_LAUNCH_BLOCKING=1
E           Compile with `TORCH_USE_CUDA_DSA` to enable device-side assertions.

/root/miniconda/envs/python310_torch29_cuda/lib/python3.10/site-packages/torch/cuda/random.py:129: AcceleratorError
________ test_unique_dim_int[True-True-all_duplicate-dtype0-shape4--1] _________

shape = (16, 4), dim = -1, dtype = torch.int16, pattern = 'all_duplicate'
return_inverse = True, return_counts = True

    @pytest.mark.unique_dim
    @pytest.mark.parametrize("shape, dim", SHAPE_DIM_CASES)
    @pytest.mark.parametrize("dtype", utils.INT_DTYPES)
    @pytest.mark.parametrize("pattern", ["few_unique", "all_unique", "all_duplicate"])
    @pytest.mark.parametrize("return_inverse", [False, True])
    @pytest.mark.parametrize("return_counts", [False, True])
    def test_unique_dim_int(shape, dim, dtype, pattern, return_inverse, return_counts):
        if flag_gems.vendor_name == "kunlunxin":
>           torch.manual_seed(0)

test_unique_dim.py:97: 
_ _ _ _ _ _ _ _ _ _ _ _ _ _ _ _ _ _ _ _ _ _ _ _ _ _ _ _ _ _ _ _ _ _ _ _ _ _ _ _ 
/root/miniconda/envs/python310_torch29_cuda/lib/python3.10/site-packages/torch/_compile.py:53: in inner
    return disable_fn(*args, **kwargs)
/root/miniconda/envs/python310_torch29_cuda/lib/python3.10/site-packages/torch/_dynamo/eval_frame.py:1044: in _fn
    return fn(*args, **kwargs)
/root/miniconda/envs/python310_torch29_cuda/lib/python3.10/site-packages/torch/random.py:46: in manual_seed
    torch.cuda.manual_seed_all(seed)
/root/miniconda/envs/python310_torch29_cuda/lib/python3.10/site-packages/torch/cuda/random.py:131: in manual_seed_all
    _lazy_call(cb, seed_all=True)
/root/miniconda/envs/python310_torch29_cuda/lib/python3.10/site-packages/torch/cuda/__init__.py:341: in _lazy_call
    callable()
_ _ _ _ _ _ _ _ _ _ _ _ _ _ _ _ _ _ _ _ _ _ _ _ _ _ _ _ _ _ _ _ _ _ _ _ _ _ _ _ 

    def cb():
        for i in range(device_count()):
            default_generator = torch.cuda.default_generators[i]
>           default_generator.manual_seed(seed)
E           torch.AcceleratorError: CUDA error: unspecified launch failure
E           Search for `cudaErrorLaunchFailure' in https://docs.nvidia.com/cuda/cuda-runtime-api/group__CUDART__TYPES.html for more information.
E           CUDA kernel errors might be asynchronously reported at some other API call, so the stacktrace below might be incorrect.
E           For debugging consider passing CUDA_LAUNCH_BLOCKING=1
E           Compile with `TORCH_USE_CUDA_DSA` to enable device-side assertions.

/root/miniconda/envs/python310_torch29_cuda/lib/python3.10/site-packages/torch/cuda/random.py:129: AcceleratorError
_________ test_unique_dim_int[True-True-all_duplicate-dtype0-shape5-0] _________

shape = (4, 16), dim = 0, dtype = torch.int16, pattern = 'all_duplicate'
return_inverse = True, return_counts = True

    @pytest.mark.unique_dim
    @pytest.mark.parametrize("shape, dim", SHAPE_DIM_CASES)
    @pytest.mark.parametrize("dtype", utils.INT_DTYPES)
    @pytest.mark.parametrize("pattern", ["few_unique", "all_unique", "all_duplicate"])
    @pytest.mark.parametrize("return_inverse", [False, True])
    @pytest.mark.parametrize("return_counts", [False, True])
    def test_unique_dim_int(shape, dim, dtype, pattern, return_inverse, return_counts):
        if flag_gems.vendor_name == "kunlunxin":
>           torch.manual_seed(0)

test_unique_dim.py:97: 
_ _ _ _ _ _ _ _ _ _ _ _ _ _ _ _ _ _ _ _ _ _ _ _ _ _ _ _ _ _ _ _ _ _ _ _ _ _ _ _ 
/root/miniconda/envs/python310_torch29_cuda/lib/python3.10/site-packages/torch/_compile.py:53: in inner
    return disable_fn(*args, **kwargs)
/root/miniconda/envs/python310_torch29_cuda/lib/python3.10/site-packages/torch/_dynamo/eval_frame.py:1044: in _fn
    return fn(*args, **kwargs)
/root/miniconda/envs/python310_torch29_cuda/lib/python3.10/site-packages/torch/random.py:46: in manual_seed
    torch.cuda.manual_seed_all(seed)
/root/miniconda/envs/python310_torch29_cuda/lib/python3.10/site-packages/torch/cuda/random.py:131: in manual_seed_all
    _lazy_call(cb, seed_all=True)
/root/miniconda/envs/python310_torch29_cuda/lib/python3.10/site-packages/torch/cuda/__init__.py:341: in _lazy_call
    callable()
_ _ _ _ _ _ _ _ _ _ _ _ _ _ _ _ _ _ _ _ _ _ _ _ _ _ _ _ _ _ _ _ _ _ _ _ _ _ _ _ 

    def cb():
        for i in range(device_count()):
            default_generator = torch.cuda.default_generators[i]
>           default_generator.manual_seed(seed)
E           torch.AcceleratorError: CUDA error: unspecified launch failure
E           Search for `cudaErrorLaunchFailure' in https://docs.nvidia.com/cuda/cuda-runtime-api/group__CUDART__TYPES.html for more information.
E           CUDA kernel errors might be asynchronously reported at some other API call, so the stacktrace below might be incorrect.
E           For debugging consider passing CUDA_LAUNCH_BLOCKING=1
E           Compile with `TORCH_USE_CUDA_DSA` to enable device-side assertions.

/root/miniconda/envs/python310_torch29_cuda/lib/python3.10/site-packages/torch/cuda/random.py:129: AcceleratorError
_________ test_unique_dim_int[True-True-all_duplicate-dtype0-shape6-0] _________

shape = (32, 32), dim = 0, dtype = torch.int16, pattern = 'all_duplicate'
return_inverse = True, return_counts = True

    @pytest.mark.unique_dim
    @pytest.mark.parametrize("shape, dim", SHAPE_DIM_CASES)
    @pytest.mark.parametrize("dtype", utils.INT_DTYPES)
    @pytest.mark.parametrize("pattern", ["few_unique", "all_unique", "all_duplicate"])
    @pytest.mark.parametrize("return_inverse", [False, True])
    @pytest.mark.parametrize("return_counts", [False, True])
    def test_unique_dim_int(shape, dim, dtype, pattern, return_inverse, return_counts):
        if flag_gems.vendor_name == "kunlunxin":
>           torch.manual_seed(0)

test_unique_dim.py:97: 
_ _ _ _ _ _ _ _ _ _ _ _ _ _ _ _ _ _ _ _ _ _ _ _ _ _ _ _ _ _ _ _ _ _ _ _ _ _ _ _ 
/root/miniconda/envs/python310_torch29_cuda/lib/python3.10/site-packages/torch/_compile.py:53: in inner
    return disable_fn(*args, **kwargs)
/root/miniconda/envs/python310_torch29_cuda/lib/python3.10/site-packages/torch/_dynamo/eval_frame.py:1044: in _fn
    return fn(*args, **kwargs)
/root/miniconda/envs/python310_torch29_cuda/lib/python3.10/site-packages/torch/random.py:46: in manual_seed
    torch.cuda.manual_seed_all(seed)
/root/miniconda/envs/python310_torch29_cuda/lib/python3.10/site-packages/torch/cuda/random.py:131: in manual_seed_all
    _lazy_call(cb, seed_all=True)
/root/miniconda/envs/python310_torch29_cuda/lib/python3.10/site-packages/torch/cuda/__init__.py:341: in _lazy_call
    callable()
_ _ _ _ _ _ _ _ _ _ _ _ _ _ _ _ _ _ _ _ _ _ _ _ _ _ _ _ _ _ _ _ _ _ _ _ _ _ _ _ 

    def cb():
        for i in range(device_count()):
            default_generator = torch.cuda.default_generators[i]
>           default_generator.manual_seed(seed)
E           torch.AcceleratorError: CUDA error: unspecified launch failure
E           Search for `cudaErrorLaunchFailure' in https://docs.nvidia.com/cuda/cuda-runtime-api/group__CUDART__TYPES.html for more information.
E           CUDA kernel errors might be asynchronously reported at some other API call, so the stacktrace below might be incorrect.
E           For debugging consider passing CUDA_LAUNCH_BLOCKING=1
E           Compile with `TORCH_USE_CUDA_DSA` to enable device-side assertions.

/root/miniconda/envs/python310_torch29_cuda/lib/python3.10/site-packages/torch/cuda/random.py:129: AcceleratorError
_________ test_unique_dim_int[True-True-all_duplicate-dtype0-shape7-1] _________

shape = (32, 32), dim = 1, dtype = torch.int16, pattern = 'all_duplicate'
return_inverse = True, return_counts = True

    @pytest.mark.unique_dim
    @pytest.mark.parametrize("shape, dim", SHAPE_DIM_CASES)
    @pytest.mark.parametrize("dtype", utils.INT_DTYPES)
    @pytest.mark.parametrize("pattern", ["few_unique", "all_unique", "all_duplicate"])
    @pytest.mark.parametrize("return_inverse", [False, True])
    @pytest.mark.parametrize("return_counts", [False, True])
    def test_unique_dim_int(shape, dim, dtype, pattern, return_inverse, return_counts):
        if flag_gems.vendor_name == "kunlunxin":
>           torch.manual_seed(0)

test_unique_dim.py:97: 
_ _ _ _ _ _ _ _ _ _ _ _ _ _ _ _ _ _ _ _ _ _ _ _ _ _ _ _ _ _ _ _ _ _ _ _ _ _ _ _ 
/root/miniconda/envs/python310_torch29_cuda/lib/python3.10/site-packages/torch/_compile.py:53: in inner
    return disable_fn(*args, **kwargs)
/root/miniconda/envs/python310_torch29_cuda/lib/python3.10/site-packages/torch/_dynamo/eval_frame.py:1044: in _fn
    return fn(*args, **kwargs)
/root/miniconda/envs/python310_torch29_cuda/lib/python3.10/site-packages/torch/random.py:46: in manual_seed
    torch.cuda.manual_seed_all(seed)
/root/miniconda/envs/python310_torch29_cuda/lib/python3.10/site-packages/torch/cuda/random.py:131: in manual_seed_all
    _lazy_call(cb, seed_all=True)
/root/miniconda/envs/python310_torch29_cuda/lib/python3.10/site-packages/torch/cuda/__init__.py:341: in _lazy_call
    callable()
_ _ _ _ _ _ _ _ _ _ _ _ _ _ _ _ _ _ _ _ _ _ _ _ _ _ _ _ _ _ _ _ _ _ _ _ _ _ _ _ 

    def cb():
        for i in range(device_count()):
            default_generator = torch.cuda.default_generators[i]
>           default_generator.manual_seed(seed)
E           torch.AcceleratorError: CUDA error: unspecified launch failure
E           Search for `cudaErrorLaunchFailure' in https://docs.nvidia.com/cuda/cuda-runtime-api/group__CUDART__TYPES.html for more information.
E           CUDA kernel errors might be asynchronously reported at some other API call, so the stacktrace below might be incorrect.
E           For debugging consider passing CUDA_LAUNCH_BLOCKING=1
E           Compile with `TORCH_USE_CUDA_DSA` to enable device-side assertions.

/root/miniconda/envs/python310_torch29_cuda/lib/python3.10/site-packages/torch/cuda/random.py:129: AcceleratorError
_________ test_unique_dim_int[True-True-all_duplicate-dtype0-shape8-0] _________

shape = (6, 5, 4), dim = 0, dtype = torch.int16, pattern = 'all_duplicate'
return_inverse = True, return_counts = True

    @pytest.mark.unique_dim
    @pytest.mark.parametrize("shape, dim", SHAPE_DIM_CASES)
    @pytest.mark.parametrize("dtype", utils.INT_DTYPES)
    @pytest.mark.parametrize("pattern", ["few_unique", "all_unique", "all_duplicate"])
    @pytest.mark.parametrize("return_inverse", [False, True])
    @pytest.mark.parametrize("return_counts", [False, True])
    def test_unique_dim_int(shape, dim, dtype, pattern, return_inverse, return_counts):
        if flag_gems.vendor_name == "kunlunxin":
>           torch.manual_seed(0)

test_unique_dim.py:97: 
_ _ _ _ _ _ _ _ _ _ _ _ _ _ _ _ _ _ _ _ _ _ _ _ _ _ _ _ _ _ _ _ _ _ _ _ _ _ _ _ 
/root/miniconda/envs/python310_torch29_cuda/lib/python3.10/site-packages/torch/_compile.py:53: in inner
    return disable_fn(*args, **kwargs)
/root/miniconda/envs/python310_torch29_cuda/lib/python3.10/site-packages/torch/_dynamo/eval_frame.py:1044: in _fn
    return fn(*args, **kwargs)
/root/miniconda/envs/python310_torch29_cuda/lib/python3.10/site-packages/torch/random.py:46: in manual_seed
    torch.cuda.manual_seed_all(seed)
/root/miniconda/envs/python310_torch29_cuda/lib/python3.10/site-packages/torch/cuda/random.py:131: in manual_seed_all
    _lazy_call(cb, seed_all=True)
/root/miniconda/envs/python310_torch29_cuda/lib/python3.10/site-packages/torch/cuda/__init__.py:341: in _lazy_call
    callable()
_ _ _ _ _ _ _ _ _ _ _ _ _ _ _ _ _ _ _ _ _ _ _ _ _ _ _ _ _ _ _ _ _ _ _ _ _ _ _ _ 

    def cb():
        for i in range(device_count()):
            default_generator = torch.cuda.default_generators[i]
>           default_generator.manual_seed(seed)
E           torch.AcceleratorError: CUDA error: unspecified launch failure
E           Search for `cudaErrorLaunchFailure' in https://docs.nvidia.com/cuda/cuda-runtime-api/group__CUDART__TYPES.html for more information.
E           CUDA kernel errors might be asynchronously reported at some other API call, so the stacktrace below might be incorrect.
E           For debugging consider passing CUDA_LAUNCH_BLOCKING=1
E           Compile with `TORCH_USE_CUDA_DSA` to enable device-side assertions.

/root/miniconda/envs/python310_torch29_cuda/lib/python3.10/site-packages/torch/cuda/random.py:129: AcceleratorError
_________ test_unique_dim_int[True-True-all_duplicate-dtype0-shape9-1] _________

shape = (6, 5, 4), dim = 1, dtype = torch.int16, pattern = 'all_duplicate'
return_inverse = True, return_counts = True

    @pytest.mark.unique_dim
    @pytest.mark.parametrize("shape, dim", SHAPE_DIM_CASES)
    @pytest.mark.parametrize("dtype", utils.INT_DTYPES)
    @pytest.mark.parametrize("pattern", ["few_unique", "all_unique", "all_duplicate"])
    @pytest.mark.parametrize("return_inverse", [False, True])
    @pytest.mark.parametrize("return_counts", [False, True])
    def test_unique_dim_int(shape, dim, dtype, pattern, return_inverse, return_counts):
        if flag_gems.vendor_name == "kunlunxin":
>           torch.manual_seed(0)

test_unique_dim.py:97: 
_ _ _ _ _ _ _ _ _ _ _ _ _ _ _ _ _ _ _ _ _ _ _ _ _ _ _ _ _ _ _ _ _ _ _ _ _ _ _ _ 
/root/miniconda/envs/python310_torch29_cuda/lib/python3.10/site-packages/torch/_compile.py:53: in inner
    return disable_fn(*args, **kwargs)
/root/miniconda/envs/python310_torch29_cuda/lib/python3.10/site-packages/torch/_dynamo/eval_frame.py:1044: in _fn
    return fn(*args, **kwargs)
/root/miniconda/envs/python310_torch29_cuda/lib/python3.10/site-packages/torch/random.py:46: in manual_seed
    torch.cuda.manual_seed_all(seed)
/root/miniconda/envs/python310_torch29_cuda/lib/python3.10/site-packages/torch/cuda/random.py:131: in manual_seed_all
    _lazy_call(cb, seed_all=True)
/root/miniconda/envs/python310_torch29_cuda/lib/python3.10/site-packages/torch/cuda/__init__.py:341: in _lazy_call
    callable()
_ _ _ _ _ _ _ _ _ _ _ _ _ _ _ _ _ _ _ _ _ _ _ _ _ _ _ _ _ _ _ _ _ _ _ _ _ _ _ _ 

    def cb():
        for i in range(device_count()):
            default_generator = torch.cuda.default_generators[i]
>           default_generator.manual_seed(seed)
E           torch.AcceleratorError: CUDA error: unspecified launch failure
E           Search for `cudaErrorLaunchFailure' in https://docs.nvidia.com/cuda/cuda-runtime-api/group__CUDART__TYPES.html for more information.
E           CUDA kernel errors might be asynchronously reported at some other API call, so the stacktrace below might be incorrect.
E           For debugging consider passing CUDA_LAUNCH_BLOCKING=1
E           Compile with `TORCH_USE_CUDA_DSA` to enable device-side assertions.

/root/miniconda/envs/python310_torch29_cuda/lib/python3.10/site-packages/torch/cuda/random.py:129: AcceleratorError
________ test_unique_dim_int[True-True-all_duplicate-dtype0-shape10-2] _________

shape = (6, 5, 4), dim = 2, dtype = torch.int16, pattern = 'all_duplicate'
return_inverse = True, return_counts = True

    @pytest.mark.unique_dim
    @pytest.mark.parametrize("shape, dim", SHAPE_DIM_CASES)
    @pytest.mark.parametrize("dtype", utils.INT_DTYPES)
    @pytest.mark.parametrize("pattern", ["few_unique", "all_unique", "all_duplicate"])
    @pytest.mark.parametrize("return_inverse", [False, True])
    @pytest.mark.parametrize("return_counts", [False, True])
    def test_unique_dim_int(shape, dim, dtype, pattern, return_inverse, return_counts):
        if flag_gems.vendor_name == "kunlunxin":
>           torch.manual_seed(0)

test_unique_dim.py:97: 
_ _ _ _ _ _ _ _ _ _ _ _ _ _ _ _ _ _ _ _ _ _ _ _ _ _ _ _ _ _ _ _ _ _ _ _ _ _ _ _ 
/root/miniconda/envs/python310_torch29_cuda/lib/python3.10/site-packages/torch/_compile.py:53: in inner
    return disable_fn(*args, **kwargs)
/root/miniconda/envs/python310_torch29_cuda/lib/python3.10/site-packages/torch/_dynamo/eval_frame.py:1044: in _fn
    return fn(*args, **kwargs)
/root/miniconda/envs/python310_torch29_cuda/lib/python3.10/site-packages/torch/random.py:46: in manual_seed
    torch.cuda.manual_seed_all(seed)
/root/miniconda/envs/python310_torch29_cuda/lib/python3.10/site-packages/torch/cuda/random.py:131: in manual_seed_all
    _lazy_call(cb, seed_all=True)
/root/miniconda/envs/python310_torch29_cuda/lib/python3.10/site-packages/torch/cuda/__init__.py:341: in _lazy_call
    callable()
_ _ _ _ _ _ _ _ _ _ _ _ _ _ _ _ _ _ _ _ _ _ _ _ _ _ _ _ _ _ _ _ _ _ _ _ _ _ _ _ 

    def cb():
        for i in range(device_count()):
            default_generator = torch.cuda.default_generators[i]
>           default_generator.manual_seed(seed)
E           torch.AcceleratorError: CUDA error: unspecified launch failure
E           Search for `cudaErrorLaunchFailure' in https://docs.nvidia.com/cuda/cuda-runtime-api/group__CUDART__TYPES.html for more information.
E           CUDA kernel errors might be asynchronously reported at some other API call, so the stacktrace below might be incorrect.
E           For debugging consider passing CUDA_LAUNCH_BLOCKING=1
E           Compile with `TORCH_USE_CUDA_DSA` to enable device-side assertions.

/root/miniconda/envs/python310_torch29_cuda/lib/python3.10/site-packages/torch/cuda/random.py:129: AcceleratorError
________ test_unique_dim_int[True-True-all_duplicate-dtype0-shape11--2] ________

shape = (6, 5, 4), dim = -2, dtype = torch.int16, pattern = 'all_duplicate'
return_inverse = True, return_counts = True

    @pytest.mark.unique_dim
    @pytest.mark.parametrize("shape, dim", SHAPE_DIM_CASES)
    @pytest.mark.parametrize("dtype", utils.INT_DTYPES)
    @pytest.mark.parametrize("pattern", ["few_unique", "all_unique", "all_duplicate"])
    @pytest.mark.parametrize("return_inverse", [False, True])
    @pytest.mark.parametrize("return_counts", [False, True])
    def test_unique_dim_int(shape, dim, dtype, pattern, return_inverse, return_counts):
        if flag_gems.vendor_name == "kunlunxin":
>           torch.manual_seed(0)

test_unique_dim.py:97: 
_ _ _ _ _ _ _ _ _ _ _ _ _ _ _ _ _ _ _ _ _ _ _ _ _ _ _ _ _ _ _ _ _ _ _ _ _ _ _ _ 
/root/miniconda/envs/python310_torch29_cuda/lib/python3.10/site-packages/torch/_compile.py:53: in inner
    return disable_fn(*args, **kwargs)
/root/miniconda/envs/python310_torch29_cuda/lib/python3.10/site-packages/torch/_dynamo/eval_frame.py:1044: in _fn
    return fn(*args, **kwargs)
/root/miniconda/envs/python310_torch29_cuda/lib/python3.10/site-packages/torch/random.py:46: in manual_seed
    torch.cuda.manual_seed_all(seed)
/root/miniconda/envs/python310_torch29_cuda/lib/python3.10/site-packages/torch/cuda/random.py:131: in manual_seed_all
    _lazy_call(cb, seed_all=True)
/root/miniconda/envs/python310_torch29_cuda/lib/python3.10/site-packages/torch/cuda/__init__.py:341: in _lazy_call
    callable()
_ _ _ _ _ _ _ _ _ _ _ _ _ _ _ _ _ _ _ _ _ _ _ _ _ _ _ _ _ _ _ _ _ _ _ _ _ _ _ _ 

    def cb():
        for i in range(device_count()):
            default_generator = torch.cuda.default_generators[i]
>           default_generator.manual_seed(seed)
E           torch.AcceleratorError: CUDA error: unspecified launch failure
E           Search for `cudaErrorLaunchFailure' in https://docs.nvidia.com/cuda/cuda-runtime-api/group__CUDART__TYPES.html for more information.
E           CUDA kernel errors might be asynchronously reported at some other API call, so the stacktrace below might be incorrect.
E           For debugging consider passing CUDA_LAUNCH_BLOCKING=1
E           Compile with `TORCH_USE_CUDA_DSA` to enable device-side assertions.

/root/miniconda/envs/python310_torch29_cuda/lib/python3.10/site-packages/torch/cuda/random.py:129: AcceleratorError
________ test_unique_dim_int[True-True-all_duplicate-dtype0-shape12-2] _________

shape = (3, 4, 5, 6), dim = 2, dtype = torch.int16, pattern = 'all_duplicate'
return_inverse = True, return_counts = True

    @pytest.mark.unique_dim
    @pytest.mark.parametrize("shape, dim", SHAPE_DIM_CASES)
    @pytest.mark.parametrize("dtype", utils.INT_DTYPES)
    @pytest.mark.parametrize("pattern", ["few_unique", "all_unique", "all_duplicate"])
    @pytest.mark.parametrize("return_inverse", [False, True])
    @pytest.mark.parametrize("return_counts", [False, True])
    def test_unique_dim_int(shape, dim, dtype, pattern, return_inverse, return_counts):
        if flag_gems.vendor_name == "kunlunxin":
>           torch.manual_seed(0)

test_unique_dim.py:97: 
_ _ _ _ _ _ _ _ _ _ _ _ _ _ _ _ _ _ _ _ _ _ _ _ _ _ _ _ _ _ _ _ _ _ _ _ _ _ _ _ 
/root/miniconda/envs/python310_torch29_cuda/lib/python3.10/site-packages/torch/_compile.py:53: in inner
    return disable_fn(*args, **kwargs)
/root/miniconda/envs/python310_torch29_cuda/lib/python3.10/site-packages/torch/_dynamo/eval_frame.py:1044: in _fn
    return fn(*args, **kwargs)
/root/miniconda/envs/python310_torch29_cuda/lib/python3.10/site-packages/torch/random.py:46: in manual_seed
    torch.cuda.manual_seed_all(seed)
/root/miniconda/envs/python310_torch29_cuda/lib/python3.10/site-packages/torch/cuda/random.py:131: in manual_seed_all
    _lazy_call(cb, seed_all=True)
/root/miniconda/envs/python310_torch29_cuda/lib/python3.10/site-packages/torch/cuda/__init__.py:341: in _lazy_call
    callable()
_ _ _ _ _ _ _ _ _ _ _ _ _ _ _ _ _ _ _ _ _ _ _ _ _ _ _ _ _ _ _ _ _ _ _ _ _ _ _ _ 

    def cb():
        for i in range(device_count()):
            default_generator = torch.cuda.default_generators[i]
>           default_generator.manual_seed(seed)
E           torch.AcceleratorError: CUDA error: unspecified launch failure
E           Search for `cudaErrorLaunchFailure' in https://docs.nvidia.com/cuda/cuda-runtime-api/group__CUDART__TYPES.html for more information.
E           CUDA kernel errors might be asynchronously reported at some other API call, so the stacktrace below might be incorrect.
E           For debugging consider passing CUDA_LAUNCH_BLOCKING=1
E           Compile with `TORCH_USE_CUDA_DSA` to enable device-side assertions.

/root/miniconda/envs/python310_torch29_cuda/lib/python3.10/site-packages/torch/cuda/random.py:129: AcceleratorError
________ test_unique_dim_int[True-True-all_duplicate-dtype0-shape13--1] ________

shape = (3, 4, 5, 6), dim = -1, dtype = torch.int16, pattern = 'all_duplicate'
return_inverse = True, return_counts = True

    @pytest.mark.unique_dim
    @pytest.mark.parametrize("shape, dim", SHAPE_DIM_CASES)
    @pytest.mark.parametrize("dtype", utils.INT_DTYPES)
    @pytest.mark.parametrize("pattern", ["few_unique", "all_unique", "all_duplicate"])
    @pytest.mark.parametrize("return_inverse", [False, True])
    @pytest.mark.parametrize("return_counts", [False, True])
    def test_unique_dim_int(shape, dim, dtype, pattern, return_inverse, return_counts):
        if flag_gems.vendor_name == "kunlunxin":
>           torch.manual_seed(0)

test_unique_dim.py:97: 
_ _ _ _ _ _ _ _ _ _ _ _ _ _ _ _ _ _ _ _ _ _ _ _ _ _ _ _ _ _ _ _ _ _ _ _ _ _ _ _ 
/root/miniconda/envs/python310_torch29_cuda/lib/python3.10/site-packages/torch/_compile.py:53: in inner
    return disable_fn(*args, **kwargs)
/root/miniconda/envs/python310_torch29_cuda/lib/python3.10/site-packages/torch/_dynamo/eval_frame.py:1044: in _fn
    return fn(*args, **kwargs)
/root/miniconda/envs/python310_torch29_cuda/lib/python3.10/site-packages/torch/random.py:46: in manual_seed
    torch.cuda.manual_seed_all(seed)
/root/miniconda/envs/python310_torch29_cuda/lib/python3.10/site-packages/torch/cuda/random.py:131: in manual_seed_all
    _lazy_call(cb, seed_all=True)
/root/miniconda/envs/python310_torch29_cuda/lib/python3.10/site-packages/torch/cuda/__init__.py:341: in _lazy_call
    callable()
_ _ _ _ _ _ _ _ _ _ _ _ _ _ _ _ _ _ _ _ _ _ _ _ _ _ _ _ _ _ _ _ _ _ _ _ _ _ _ _ 

    def cb():
        for i in range(device_count()):
            default_generator = torch.cuda.default_generators[i]
>           default_generator.manual_seed(seed)
E           torch.AcceleratorError: CUDA error: unspecified launch failure
E           Search for `cudaErrorLaunchFailure' in https://docs.nvidia.com/cuda/cuda-runtime-api/group__CUDART__TYPES.html for more information.
E           CUDA kernel errors might be asynchronously reported at some other API call, so the stacktrace below might be incorrect.
E           For debugging consider passing CUDA_LAUNCH_BLOCKING=1
E           Compile with `TORCH_USE_CUDA_DSA` to enable device-side assertions.

/root/miniconda/envs/python310_torch29_cuda/lib/python3.10/site-packages/torch/cuda/random.py:129: AcceleratorError
_________ test_unique_dim_int[True-True-all_duplicate-dtype1-shape0-0] _________

shape = (8,), dim = 0, dtype = torch.int32, pattern = 'all_duplicate'
return_inverse = True, return_counts = True

    @pytest.mark.unique_dim
    @pytest.mark.parametrize("shape, dim", SHAPE_DIM_CASES)
    @pytest.mark.parametrize("dtype", utils.INT_DTYPES)
    @pytest.mark.parametrize("pattern", ["few_unique", "all_unique", "all_duplicate"])
    @pytest.mark.parametrize("return_inverse", [False, True])
    @pytest.mark.parametrize("return_counts", [False, True])
    def test_unique_dim_int(shape, dim, dtype, pattern, return_inverse, return_counts):
        if flag_gems.vendor_name == "kunlunxin":
>           torch.manual_seed(0)

test_unique_dim.py:97: 
_ _ _ _ _ _ _ _ _ _ _ _ _ _ _ _ _ _ _ _ _ _ _ _ _ _ _ _ _ _ _ _ _ _ _ _ _ _ _ _ 
/root/miniconda/envs/python310_torch29_cuda/lib/python3.10/site-packages/torch/_compile.py:53: in inner
    return disable_fn(*args, **kwargs)
/root/miniconda/envs/python310_torch29_cuda/lib/python3.10/site-packages/torch/_dynamo/eval_frame.py:1044: in _fn
    return fn(*args, **kwargs)
/root/miniconda/envs/python310_torch29_cuda/lib/python3.10/site-packages/torch/random.py:46: in manual_seed
    torch.cuda.manual_seed_all(seed)
/root/miniconda/envs/python310_torch29_cuda/lib/python3.10/site-packages/torch/cuda/random.py:131: in manual_seed_all
    _lazy_call(cb, seed_all=True)
/root/miniconda/envs/python310_torch29_cuda/lib/python3.10/site-packages/torch/cuda/__init__.py:341: in _lazy_call
    callable()
_ _ _ _ _ _ _ _ _ _ _ _ _ _ _ _ _ _ _ _ _ _ _ _ _ _ _ _ _ _ _ _ _ _ _ _ _ _ _ _ 

    def cb():
        for i in range(device_count()):
            default_generator = torch.cuda.default_generators[i]
>           default_generator.manual_seed(seed)
E           torch.AcceleratorError: CUDA error: unspecified launch failure
E           Search for `cudaErrorLaunchFailure' in https://docs.nvidia.com/cuda/cuda-runtime-api/group__CUDART__TYPES.html for more information.
E           CUDA kernel errors might be asynchronously reported at some other API call, so the stacktrace below might be incorrect.
E           For debugging consider passing CUDA_LAUNCH_BLOCKING=1
E           Compile with `TORCH_USE_CUDA_DSA` to enable device-side assertions.

/root/miniconda/envs/python310_torch29_cuda/lib/python3.10/site-packages/torch/cuda/random.py:129: AcceleratorError
________ test_unique_dim_int[True-True-all_duplicate-dtype1-shape1--1] _________

shape = (8,), dim = -1, dtype = torch.int32, pattern = 'all_duplicate'
return_inverse = True, return_counts = True

    @pytest.mark.unique_dim
    @pytest.mark.parametrize("shape, dim", SHAPE_DIM_CASES)
    @pytest.mark.parametrize("dtype", utils.INT_DTYPES)
    @pytest.mark.parametrize("pattern", ["few_unique", "all_unique", "all_duplicate"])
    @pytest.mark.parametrize("return_inverse", [False, True])
    @pytest.mark.parametrize("return_counts", [False, True])
    def test_unique_dim_int(shape, dim, dtype, pattern, return_inverse, return_counts):
        if flag_gems.vendor_name == "kunlunxin":
>           torch.manual_seed(0)

test_unique_dim.py:97: 
_ _ _ _ _ _ _ _ _ _ _ _ _ _ _ _ _ _ _ _ _ _ _ _ _ _ _ _ _ _ _ _ _ _ _ _ _ _ _ _ 
/root/miniconda/envs/python310_torch29_cuda/lib/python3.10/site-packages/torch/_compile.py:53: in inner
    return disable_fn(*args, **kwargs)
/root/miniconda/envs/python310_torch29_cuda/lib/python3.10/site-packages/torch/_dynamo/eval_frame.py:1044: in _fn
    return fn(*args, **kwargs)
/root/miniconda/envs/python310_torch29_cuda/lib/python3.10/site-packages/torch/random.py:46: in manual_seed
    torch.cuda.manual_seed_all(seed)
/root/miniconda/envs/python310_torch29_cuda/lib/python3.10/site-packages/torch/cuda/random.py:131: in manual_seed_all
    _lazy_call(cb, seed_all=True)
/root/miniconda/envs/python310_torch29_cuda/lib/python3.10/site-packages/torch/cuda/__init__.py:341: in _lazy_call
    callable()
_ _ _ _ _ _ _ _ _ _ _ _ _ _ _ _ _ _ _ _ _ _ _ _ _ _ _ _ _ _ _ _ _ _ _ _ _ _ _ _ 

    def cb():
        for i in range(device_count()):
            default_generator = torch.cuda.default_generators[i]
>           default_generator.manual_seed(seed)
E           torch.AcceleratorError: CUDA error: unspecified launch failure
E           Search for `cudaErrorLaunchFailure' in https://docs.nvidia.com/cuda/cuda-runtime-api/group__CUDART__TYPES.html for more information.
E           CUDA kernel errors might be asynchronously reported at some other API call, so the stacktrace below might be incorrect.
E           For debugging consider passing CUDA_LAUNCH_BLOCKING=1
E           Compile with `TORCH_USE_CUDA_DSA` to enable device-side assertions.

/root/miniconda/envs/python310_torch29_cuda/lib/python3.10/site-packages/torch/cuda/random.py:129: AcceleratorError
_________ test_unique_dim_int[True-True-all_duplicate-dtype1-shape2-0] _________

shape = (16, 4), dim = 0, dtype = torch.int32, pattern = 'all_duplicate'
return_inverse = True, return_counts = True

    @pytest.mark.unique_dim
    @pytest.mark.parametrize("shape, dim", SHAPE_DIM_CASES)
    @pytest.mark.parametrize("dtype", utils.INT_DTYPES)
    @pytest.mark.parametrize("pattern", ["few_unique", "all_unique", "all_duplicate"])
    @pytest.mark.parametrize("return_inverse", [False, True])
    @pytest.mark.parametrize("return_counts", [False, True])
    def test_unique_dim_int(shape, dim, dtype, pattern, return_inverse, return_counts):
        if flag_gems.vendor_name == "kunlunxin":
>           torch.manual_seed(0)

test_unique_dim.py:97: 
_ _ _ _ _ _ _ _ _ _ _ _ _ _ _ _ _ _ _ _ _ _ _ _ _ _ _ _ _ _ _ _ _ _ _ _ _ _ _ _ 
/root/miniconda/envs/python310_torch29_cuda/lib/python3.10/site-packages/torch/_compile.py:53: in inner
    return disable_fn(*args, **kwargs)
/root/miniconda/envs/python310_torch29_cuda/lib/python3.10/site-packages/torch/_dynamo/eval_frame.py:1044: in _fn
    return fn(*args, **kwargs)
/root/miniconda/envs/python310_torch29_cuda/lib/python3.10/site-packages/torch/random.py:46: in manual_seed
    torch.cuda.manual_seed_all(seed)
/root/miniconda/envs/python310_torch29_cuda/lib/python3.10/site-packages/torch/cuda/random.py:131: in manual_seed_all
    _lazy_call(cb, seed_all=True)
/root/miniconda/envs/python310_torch29_cuda/lib/python3.10/site-packages/torch/cuda/__init__.py:341: in _lazy_call
    callable()
_ _ _ _ _ _ _ _ _ _ _ _ _ _ _ _ _ _ _ _ _ _ _ _ _ _ _ _ _ _ _ _ _ _ _ _ _ _ _ _ 

    def cb():
        for i in range(device_count()):
            default_generator = torch.cuda.default_generators[i]
>           default_generator.manual_seed(seed)
E           torch.AcceleratorError: CUDA error: unspecified launch failure
E           Search for `cudaErrorLaunchFailure' in https://docs.nvidia.com/cuda/cuda-runtime-api/group__CUDART__TYPES.html for more information.
E           CUDA kernel errors might be asynchronously reported at some other API call, so the stacktrace below might be incorrect.
E           For debugging consider passing CUDA_LAUNCH_BLOCKING=1
E           Compile with `TORCH_USE_CUDA_DSA` to enable device-side assertions.

/root/miniconda/envs/python310_torch29_cuda/lib/python3.10/site-packages/torch/cuda/random.py:129: AcceleratorError
_________ test_unique_dim_int[True-True-all_duplicate-dtype1-shape3-1] _________

shape = (16, 4), dim = 1, dtype = torch.int32, pattern = 'all_duplicate'
return_inverse = True, return_counts = True

    @pytest.mark.unique_dim
    @pytest.mark.parametrize("shape, dim", SHAPE_DIM_CASES)
    @pytest.mark.parametrize("dtype", utils.INT_DTYPES)
    @pytest.mark.parametrize("pattern", ["few_unique", "all_unique", "all_duplicate"])
    @pytest.mark.parametrize("return_inverse", [False, True])
    @pytest.mark.parametrize("return_counts", [False, True])
    def test_unique_dim_int(shape, dim, dtype, pattern, return_inverse, return_counts):
        if flag_gems.vendor_name == "kunlunxin":
>           torch.manual_seed(0)

test_unique_dim.py:97: 
_ _ _ _ _ _ _ _ _ _ _ _ _ _ _ _ _ _ _ _ _ _ _ _ _ _ _ _ _ _ _ _ _ _ _ _ _ _ _ _ 
/root/miniconda/envs/python310_torch29_cuda/lib/python3.10/site-packages/torch/_compile.py:53: in inner
    return disable_fn(*args, **kwargs)
/root/miniconda/envs/python310_torch29_cuda/lib/python3.10/site-packages/torch/_dynamo/eval_frame.py:1044: in _fn
    return fn(*args, **kwargs)
/root/miniconda/envs/python310_torch29_cuda/lib/python3.10/site-packages/torch/random.py:46: in manual_seed
    torch.cuda.manual_seed_all(seed)
/root/miniconda/envs/python310_torch29_cuda/lib/python3.10/site-packages/torch/cuda/random.py:131: in manual_seed_all
    _lazy_call(cb, seed_all=True)
/root/miniconda/envs/python310_torch29_cuda/lib/python3.10/site-packages/torch/cuda/__init__.py:341: in _lazy_call
    callable()
_ _ _ _ _ _ _ _ _ _ _ _ _ _ _ _ _ _ _ _ _ _ _ _ _ _ _ _ _ _ _ _ _ _ _ _ _ _ _ _ 

    def cb():
        for i in range(device_count()):
            default_generator = torch.cuda.default_generators[i]
>           default_generator.manual_seed(seed)
E           torch.AcceleratorError: CUDA error: unspecified launch failure
E           Search for `cudaErrorLaunchFailure' in https://docs.nvidia.com/cuda/cuda-runtime-api/group__CUDART__TYPES.html for more information.
E           CUDA kernel errors might be asynchronously reported at some other API call, so the stacktrace below might be incorrect.
E           For debugging consider passing CUDA_LAUNCH_BLOCKING=1
E           Compile with `TORCH_USE_CUDA_DSA` to enable device-side assertions.

/root/miniconda/envs/python310_torch29_cuda/lib/python3.10/site-packages/torch/cuda/random.py:129: AcceleratorError
________ test_unique_dim_int[True-True-all_duplicate-dtype1-shape4--1] _________

shape = (16, 4), dim = -1, dtype = torch.int32, pattern = 'all_duplicate'
return_inverse = True, return_counts = True

    @pytest.mark.unique_dim
    @pytest.mark.parametrize("shape, dim", SHAPE_DIM_CASES)
    @pytest.mark.parametrize("dtype", utils.INT_DTYPES)
    @pytest.mark.parametrize("pattern", ["few_unique", "all_unique", "all_duplicate"])
    @pytest.mark.parametrize("return_inverse", [False, True])
    @pytest.mark.parametrize("return_counts", [False, True])
    def test_unique_dim_int(shape, dim, dtype, pattern, return_inverse, return_counts):
        if flag_gems.vendor_name == "kunlunxin":
>           torch.manual_seed(0)

test_unique_dim.py:97: 
_ _ _ _ _ _ _ _ _ _ _ _ _ _ _ _ _ _ _ _ _ _ _ _ _ _ _ _ _ _ _ _ _ _ _ _ _ _ _ _ 
/root/miniconda/envs/python310_torch29_cuda/lib/python3.10/site-packages/torch/_compile.py:53: in inner
    return disable_fn(*args, **kwargs)
/root/miniconda/envs/python310_torch29_cuda/lib/python3.10/site-packages/torch/_dynamo/eval_frame.py:1044: in _fn
    return fn(*args, **kwargs)
/root/miniconda/envs/python310_torch29_cuda/lib/python3.10/site-packages/torch/random.py:46: in manual_seed
    torch.cuda.manual_seed_all(seed)
/root/miniconda/envs/python310_torch29_cuda/lib/python3.10/site-packages/torch/cuda/random.py:131: in manual_seed_all
    _lazy_call(cb, seed_all=True)
/root/miniconda/envs/python310_torch29_cuda/lib/python3.10/site-packages/torch/cuda/__init__.py:341: in _lazy_call
    callable()
_ _ _ _ _ _ _ _ _ _ _ _ _ _ _ _ _ _ _ _ _ _ _ _ _ _ _ _ _ _ _ _ _ _ _ _ _ _ _ _ 

    def cb():
        for i in range(device_count()):
            default_generator = torch.cuda.default_generators[i]
>           default_generator.manual_seed(seed)
E           torch.AcceleratorError: CUDA error: unspecified launch failure
E           Search for `cudaErrorLaunchFailure' in https://docs.nvidia.com/cuda/cuda-runtime-api/group__CUDART__TYPES.html for more information.
E           CUDA kernel errors might be asynchronously reported at some other API call, so the stacktrace below might be incorrect.
E           For debugging consider passing CUDA_LAUNCH_BLOCKING=1
E           Compile with `TORCH_USE_CUDA_DSA` to enable device-side assertions.

/root/miniconda/envs/python310_torch29_cuda/lib/python3.10/site-packages/torch/cuda/random.py:129: AcceleratorError
_________ test_unique_dim_int[True-True-all_duplicate-dtype1-shape5-0] _________

shape = (4, 16), dim = 0, dtype = torch.int32, pattern = 'all_duplicate'
return_inverse = True, return_counts = True

    @pytest.mark.unique_dim
    @pytest.mark.parametrize("shape, dim", SHAPE_DIM_CASES)
    @pytest.mark.parametrize("dtype", utils.INT_DTYPES)
    @pytest.mark.parametrize("pattern", ["few_unique", "all_unique", "all_duplicate"])
    @pytest.mark.parametrize("return_inverse", [False, True])
    @pytest.mark.parametrize("return_counts", [False, True])
    def test_unique_dim_int(shape, dim, dtype, pattern, return_inverse, return_counts):
        if flag_gems.vendor_name == "kunlunxin":
>           torch.manual_seed(0)

test_unique_dim.py:97: 
_ _ _ _ _ _ _ _ _ _ _ _ _ _ _ _ _ _ _ _ _ _ _ _ _ _ _ _ _ _ _ _ _ _ _ _ _ _ _ _ 
/root/miniconda/envs/python310_torch29_cuda/lib/python3.10/site-packages/torch/_compile.py:53: in inner
    return disable_fn(*args, **kwargs)
/root/miniconda/envs/python310_torch29_cuda/lib/python3.10/site-packages/torch/_dynamo/eval_frame.py:1044: in _fn
    return fn(*args, **kwargs)
/root/miniconda/envs/python310_torch29_cuda/lib/python3.10/site-packages/torch/random.py:46: in manual_seed
    torch.cuda.manual_seed_all(seed)
/root/miniconda/envs/python310_torch29_cuda/lib/python3.10/site-packages/torch/cuda/random.py:131: in manual_seed_all
    _lazy_call(cb, seed_all=True)
/root/miniconda/envs/python310_torch29_cuda/lib/python3.10/site-packages/torch/cuda/__init__.py:341: in _lazy_call
    callable()
_ _ _ _ _ _ _ _ _ _ _ _ _ _ _ _ _ _ _ _ _ _ _ _ _ _ _ _ _ _ _ _ _ _ _ _ _ _ _ _ 

    def cb():
        for i in range(device_count()):
            default_generator = torch.cuda.default_generators[i]
>           default_generator.manual_seed(seed)
E           torch.AcceleratorError: CUDA error: unspecified launch failure
E           Search for `cudaErrorLaunchFailure' in https://docs.nvidia.com/cuda/cuda-runtime-api/group__CUDART__TYPES.html for more information.
E           CUDA kernel errors might be asynchronously reported at some other API call, so the stacktrace below might be incorrect.
E           For debugging consider passing CUDA_LAUNCH_BLOCKING=1
E           Compile with `TORCH_USE_CUDA_DSA` to enable device-side assertions.

/root/miniconda/envs/python310_torch29_cuda/lib/python3.10/site-packages/torch/cuda/random.py:129: AcceleratorError
_________ test_unique_dim_int[True-True-all_duplicate-dtype1-shape6-0] _________

shape = (32, 32), dim = 0, dtype = torch.int32, pattern = 'all_duplicate'
return_inverse = True, return_counts = True

    @pytest.mark.unique_dim
    @pytest.mark.parametrize("shape, dim", SHAPE_DIM_CASES)
    @pytest.mark.parametrize("dtype", utils.INT_DTYPES)
    @pytest.mark.parametrize("pattern", ["few_unique", "all_unique", "all_duplicate"])
    @pytest.mark.parametrize("return_inverse", [False, True])
    @pytest.mark.parametrize("return_counts", [False, True])
    def test_unique_dim_int(shape, dim, dtype, pattern, return_inverse, return_counts):
        if flag_gems.vendor_name == "kunlunxin":
>           torch.manual_seed(0)

test_unique_dim.py:97: 
_ _ _ _ _ _ _ _ _ _ _ _ _ _ _ _ _ _ _ _ _ _ _ _ _ _ _ _ _ _ _ _ _ _ _ _ _ _ _ _ 
/root/miniconda/envs/python310_torch29_cuda/lib/python3.10/site-packages/torch/_compile.py:53: in inner
    return disable_fn(*args, **kwargs)
/root/miniconda/envs/python310_torch29_cuda/lib/python3.10/site-packages/torch/_dynamo/eval_frame.py:1044: in _fn
    return fn(*args, **kwargs)
/root/miniconda/envs/python310_torch29_cuda/lib/python3.10/site-packages/torch/random.py:46: in manual_seed
    torch.cuda.manual_seed_all(seed)
/root/miniconda/envs/python310_torch29_cuda/lib/python3.10/site-packages/torch/cuda/random.py:131: in manual_seed_all
    _lazy_call(cb, seed_all=True)
/root/miniconda/envs/python310_torch29_cuda/lib/python3.10/site-packages/torch/cuda/__init__.py:341: in _lazy_call
    callable()
_ _ _ _ _ _ _ _ _ _ _ _ _ _ _ _ _ _ _ _ _ _ _ _ _ _ _ _ _ _ _ _ _ _ _ _ _ _ _ _ 

    def cb():
        for i in range(device_count()):
            default_generator = torch.cuda.default_generators[i]
>           default_generator.manual_seed(seed)
E           torch.AcceleratorError: CUDA error: unspecified launch failure
E           Search for `cudaErrorLaunchFailure' in https://docs.nvidia.com/cuda/cuda-runtime-api/group__CUDART__TYPES.html for more information.
E           CUDA kernel errors might be asynchronously reported at some other API call, so the stacktrace below might be incorrect.
E           For debugging consider passing CUDA_LAUNCH_BLOCKING=1
E           Compile with `TORCH_USE_CUDA_DSA` to enable device-side assertions.

/root/miniconda/envs/python310_torch29_cuda/lib/python3.10/site-packages/torch/cuda/random.py:129: AcceleratorError
_________ test_unique_dim_int[True-True-all_duplicate-dtype1-shape7-1] _________

shape = (32, 32), dim = 1, dtype = torch.int32, pattern = 'all_duplicate'
return_inverse = True, return_counts = True

    @pytest.mark.unique_dim
    @pytest.mark.parametrize("shape, dim", SHAPE_DIM_CASES)
    @pytest.mark.parametrize("dtype", utils.INT_DTYPES)
    @pytest.mark.parametrize("pattern", ["few_unique", "all_unique", "all_duplicate"])
    @pytest.mark.parametrize("return_inverse", [False, True])
    @pytest.mark.parametrize("return_counts", [False, True])
    def test_unique_dim_int(shape, dim, dtype, pattern, return_inverse, return_counts):
        if flag_gems.vendor_name == "kunlunxin":
>           torch.manual_seed(0)

test_unique_dim.py:97: 
_ _ _ _ _ _ _ _ _ _ _ _ _ _ _ _ _ _ _ _ _ _ _ _ _ _ _ _ _ _ _ _ _ _ _ _ _ _ _ _ 
/root/miniconda/envs/python310_torch29_cuda/lib/python3.10/site-packages/torch/_compile.py:53: in inner
    return disable_fn(*args, **kwargs)
/root/miniconda/envs/python310_torch29_cuda/lib/python3.10/site-packages/torch/_dynamo/eval_frame.py:1044: in _fn
    return fn(*args, **kwargs)
/root/miniconda/envs/python310_torch29_cuda/lib/python3.10/site-packages/torch/random.py:46: in manual_seed
    torch.cuda.manual_seed_all(seed)
/root/miniconda/envs/python310_torch29_cuda/lib/python3.10/site-packages/torch/cuda/random.py:131: in manual_seed_all
    _lazy_call(cb, seed_all=True)
/root/miniconda/envs/python310_torch29_cuda/lib/python3.10/site-packages/torch/cuda/__init__.py:341: in _lazy_call
    callable()
_ _ _ _ _ _ _ _ _ _ _ _ _ _ _ _ _ _ _ _ _ _ _ _ _ _ _ _ _ _ _ _ _ _ _ _ _ _ _ _ 

    def cb():
        for i in range(device_count()):
            default_generator = torch.cuda.default_generators[i]
>           default_generator.manual_seed(seed)
E           torch.AcceleratorError: CUDA error: unspecified launch failure
E           Search for `cudaErrorLaunchFailure' in https://docs.nvidia.com/cuda/cuda-runtime-api/group__CUDART__TYPES.html for more information.
E           CUDA kernel errors might be asynchronously reported at some other API call, so the stacktrace below might be incorrect.
E           For debugging consider passing CUDA_LAUNCH_BLOCKING=1
E           Compile with `TORCH_USE_CUDA_DSA` to enable device-side assertions.

/root/miniconda/envs/python310_torch29_cuda/lib/python3.10/site-packages/torch/cuda/random.py:129: AcceleratorError
_________ test_unique_dim_int[True-True-all_duplicate-dtype1-shape8-0] _________

shape = (6, 5, 4), dim = 0, dtype = torch.int32, pattern = 'all_duplicate'
return_inverse = True, return_counts = True

    @pytest.mark.unique_dim
    @pytest.mark.parametrize("shape, dim", SHAPE_DIM_CASES)
    @pytest.mark.parametrize("dtype", utils.INT_DTYPES)
    @pytest.mark.parametrize("pattern", ["few_unique", "all_unique", "all_duplicate"])
    @pytest.mark.parametrize("return_inverse", [False, True])
    @pytest.mark.parametrize("return_counts", [False, True])
    def test_unique_dim_int(shape, dim, dtype, pattern, return_inverse, return_counts):
        if flag_gems.vendor_name == "kunlunxin":
>           torch.manual_seed(0)

test_unique_dim.py:97: 
_ _ _ _ _ _ _ _ _ _ _ _ _ _ _ _ _ _ _ _ _ _ _ _ _ _ _ _ _ _ _ _ _ _ _ _ _ _ _ _ 
/root/miniconda/envs/python310_torch29_cuda/lib/python3.10/site-packages/torch/_compile.py:53: in inner
    return disable_fn(*args, **kwargs)
/root/miniconda/envs/python310_torch29_cuda/lib/python3.10/site-packages/torch/_dynamo/eval_frame.py:1044: in _fn
    return fn(*args, **kwargs)
/root/miniconda/envs/python310_torch29_cuda/lib/python3.10/site-packages/torch/random.py:46: in manual_seed
    torch.cuda.manual_seed_all(seed)
/root/miniconda/envs/python310_torch29_cuda/lib/python3.10/site-packages/torch/cuda/random.py:131: in manual_seed_all
    _lazy_call(cb, seed_all=True)
/root/miniconda/envs/python310_torch29_cuda/lib/python3.10/site-packages/torch/cuda/__init__.py:341: in _lazy_call
    callable()
_ _ _ _ _ _ _ _ _ _ _ _ _ _ _ _ _ _ _ _ _ _ _ _ _ _ _ _ _ _ _ _ _ _ _ _ _ _ _ _ 

    def cb():
        for i in range(device_count()):
            default_generator = torch.cuda.default_generators[i]
>           default_generator.manual_seed(seed)
E           torch.AcceleratorError: CUDA error: unspecified launch failure
E           Search for `cudaErrorLaunchFailure' in https://docs.nvidia.com/cuda/cuda-runtime-api/group__CUDART__TYPES.html for more information.
E           CUDA kernel errors might be asynchronously reported at some other API call, so the stacktrace below might be incorrect.
E           For debugging consider passing CUDA_LAUNCH_BLOCKING=1
E           Compile with `TORCH_USE_CUDA_DSA` to enable device-side assertions.

/root/miniconda/envs/python310_torch29_cuda/lib/python3.10/site-packages/torch/cuda/random.py:129: AcceleratorError
_________ test_unique_dim_int[True-True-all_duplicate-dtype1-shape9-1] _________

shape = (6, 5, 4), dim = 1, dtype = torch.int32, pattern = 'all_duplicate'
return_inverse = True, return_counts = True

    @pytest.mark.unique_dim
    @pytest.mark.parametrize("shape, dim", SHAPE_DIM_CASES)
    @pytest.mark.parametrize("dtype", utils.INT_DTYPES)
    @pytest.mark.parametrize("pattern", ["few_unique", "all_unique", "all_duplicate"])
    @pytest.mark.parametrize("return_inverse", [False, True])
    @pytest.mark.parametrize("return_counts", [False, True])
    def test_unique_dim_int(shape, dim, dtype, pattern, return_inverse, return_counts):
        if flag_gems.vendor_name == "kunlunxin":
>           torch.manual_seed(0)

test_unique_dim.py:97: 
_ _ _ _ _ _ _ _ _ _ _ _ _ _ _ _ _ _ _ _ _ _ _ _ _ _ _ _ _ _ _ _ _ _ _ _ _ _ _ _ 
/root/miniconda/envs/python310_torch29_cuda/lib/python3.10/site-packages/torch/_compile.py:53: in inner
    return disable_fn(*args, **kwargs)
/root/miniconda/envs/python310_torch29_cuda/lib/python3.10/site-packages/torch/_dynamo/eval_frame.py:1044: in _fn
    return fn(*args, **kwargs)
/root/miniconda/envs/python310_torch29_cuda/lib/python3.10/site-packages/torch/random.py:46: in manual_seed
    torch.cuda.manual_seed_all(seed)
/root/miniconda/envs/python310_torch29_cuda/lib/python3.10/site-packages/torch/cuda/random.py:131: in manual_seed_all
    _lazy_call(cb, seed_all=True)
/root/miniconda/envs/python310_torch29_cuda/lib/python3.10/site-packages/torch/cuda/__init__.py:341: in _lazy_call
    callable()
_ _ _ _ _ _ _ _ _ _ _ _ _ _ _ _ _ _ _ _ _ _ _ _ _ _ _ _ _ _ _ _ _ _ _ _ _ _ _ _ 

    def cb():
        for i in range(device_count()):
            default_generator = torch.cuda.default_generators[i]
>           default_generator.manual_seed(seed)
E           torch.AcceleratorError: CUDA error: unspecified launch failure
E           Search for `cudaErrorLaunchFailure' in https://docs.nvidia.com/cuda/cuda-runtime-api/group__CUDART__TYPES.html for more information.
E           CUDA kernel errors might be asynchronously reported at some other API call, so the stacktrace below might be incorrect.
E           For debugging consider passing CUDA_LAUNCH_BLOCKING=1
E           Compile with `TORCH_USE_CUDA_DSA` to enable device-side assertions.

/root/miniconda/envs/python310_torch29_cuda/lib/python3.10/site-packages/torch/cuda/random.py:129: AcceleratorError
________ test_unique_dim_int[True-True-all_duplicate-dtype1-shape10-2] _________

shape = (6, 5, 4), dim = 2, dtype = torch.int32, pattern = 'all_duplicate'
return_inverse = True, return_counts = True

    @pytest.mark.unique_dim
    @pytest.mark.parametrize("shape, dim", SHAPE_DIM_CASES)
    @pytest.mark.parametrize("dtype", utils.INT_DTYPES)
    @pytest.mark.parametrize("pattern", ["few_unique", "all_unique", "all_duplicate"])
    @pytest.mark.parametrize("return_inverse", [False, True])
    @pytest.mark.parametrize("return_counts", [False, True])
    def test_unique_dim_int(shape, dim, dtype, pattern, return_inverse, return_counts):
        if flag_gems.vendor_name == "kunlunxin":
>           torch.manual_seed(0)

test_unique_dim.py:97: 
_ _ _ _ _ _ _ _ _ _ _ _ _ _ _ _ _ _ _ _ _ _ _ _ _ _ _ _ _ _ _ _ _ _ _ _ _ _ _ _ 
/root/miniconda/envs/python310_torch29_cuda/lib/python3.10/site-packages/torch/_compile.py:53: in inner
    return disable_fn(*args, **kwargs)
/root/miniconda/envs/python310_torch29_cuda/lib/python3.10/site-packages/torch/_dynamo/eval_frame.py:1044: in _fn
    return fn(*args, **kwargs)
/root/miniconda/envs/python310_torch29_cuda/lib/python3.10/site-packages/torch/random.py:46: in manual_seed
    torch.cuda.manual_seed_all(seed)
/root/miniconda/envs/python310_torch29_cuda/lib/python3.10/site-packages/torch/cuda/random.py:131: in manual_seed_all
    _lazy_call(cb, seed_all=True)
/root/miniconda/envs/python310_torch29_cuda/lib/python3.10/site-packages/torch/cuda/__init__.py:341: in _lazy_call
    callable()
_ _ _ _ _ _ _ _ _ _ _ _ _ _ _ _ _ _ _ _ _ _ _ _ _ _ _ _ _ _ _ _ _ _ _ _ _ _ _ _ 

    def cb():
        for i in range(device_count()):
            default_generator = torch.cuda.default_generators[i]
>           default_generator.manual_seed(seed)
E           torch.AcceleratorError: CUDA error: unspecified launch failure
E           Search for `cudaErrorLaunchFailure' in https://docs.nvidia.com/cuda/cuda-runtime-api/group__CUDART__TYPES.html for more information.
E           CUDA kernel errors might be asynchronously reported at some other API call, so the stacktrace below might be incorrect.
E           For debugging consider passing CUDA_LAUNCH_BLOCKING=1
E           Compile with `TORCH_USE_CUDA_DSA` to enable device-side assertions.

/root/miniconda/envs/python310_torch29_cuda/lib/python3.10/site-packages/torch/cuda/random.py:129: AcceleratorError
________ test_unique_dim_int[True-True-all_duplicate-dtype1-shape11--2] ________

shape = (6, 5, 4), dim = -2, dtype = torch.int32, pattern = 'all_duplicate'
return_inverse = True, return_counts = True

    @pytest.mark.unique_dim
    @pytest.mark.parametrize("shape, dim", SHAPE_DIM_CASES)
    @pytest.mark.parametrize("dtype", utils.INT_DTYPES)
    @pytest.mark.parametrize("pattern", ["few_unique", "all_unique", "all_duplicate"])
    @pytest.mark.parametrize("return_inverse", [False, True])
    @pytest.mark.parametrize("return_counts", [False, True])
    def test_unique_dim_int(shape, dim, dtype, pattern, return_inverse, return_counts):
        if flag_gems.vendor_name == "kunlunxin":
>           torch.manual_seed(0)

test_unique_dim.py:97: 
_ _ _ _ _ _ _ _ _ _ _ _ _ _ _ _ _ _ _ _ _ _ _ _ _ _ _ _ _ _ _ _ _ _ _ _ _ _ _ _ 
/root/miniconda/envs/python310_torch29_cuda/lib/python3.10/site-packages/torch/_compile.py:53: in inner
    return disable_fn(*args, **kwargs)
/root/miniconda/envs/python310_torch29_cuda/lib/python3.10/site-packages/torch/_dynamo/eval_frame.py:1044: in _fn
    return fn(*args, **kwargs)
/root/miniconda/envs/python310_torch29_cuda/lib/python3.10/site-packages/torch/random.py:46: in manual_seed
    torch.cuda.manual_seed_all(seed)
/root/miniconda/envs/python310_torch29_cuda/lib/python3.10/site-packages/torch/cuda/random.py:131: in manual_seed_all
    _lazy_call(cb, seed_all=True)
/root/miniconda/envs/python310_torch29_cuda/lib/python3.10/site-packages/torch/cuda/__init__.py:341: in _lazy_call
    callable()
_ _ _ _ _ _ _ _ _ _ _ _ _ _ _ _ _ _ _ _ _ _ _ _ _ _ _ _ _ _ _ _ _ _ _ _ _ _ _ _ 

    def cb():
        for i in range(device_count()):
            default_generator = torch.cuda.default_generators[i]
>           default_generator.manual_seed(seed)
E           torch.AcceleratorError: CUDA error: unspecified launch failure
E           Search for `cudaErrorLaunchFailure' in https://docs.nvidia.com/cuda/cuda-runtime-api/group__CUDART__TYPES.html for more information.
E           CUDA kernel errors might be asynchronously reported at some other API call, so the stacktrace below might be incorrect.
E           For debugging consider passing CUDA_LAUNCH_BLOCKING=1
E           Compile with `TORCH_USE_CUDA_DSA` to enable device-side assertions.

/root/miniconda/envs/python310_torch29_cuda/lib/python3.10/site-packages/torch/cuda/random.py:129: AcceleratorError
________ test_unique_dim_int[True-True-all_duplicate-dtype1-shape12-2] _________

shape = (3, 4, 5, 6), dim = 2, dtype = torch.int32, pattern = 'all_duplicate'
return_inverse = True, return_counts = True

    @pytest.mark.unique_dim
    @pytest.mark.parametrize("shape, dim", SHAPE_DIM_CASES)
    @pytest.mark.parametrize("dtype", utils.INT_DTYPES)
    @pytest.mark.parametrize("pattern", ["few_unique", "all_unique", "all_duplicate"])
    @pytest.mark.parametrize("return_inverse", [False, True])
    @pytest.mark.parametrize("return_counts", [False, True])
    def test_unique_dim_int(shape, dim, dtype, pattern, return_inverse, return_counts):
        if flag_gems.vendor_name == "kunlunxin":
>           torch.manual_seed(0)

test_unique_dim.py:97: 
_ _ _ _ _ _ _ _ _ _ _ _ _ _ _ _ _ _ _ _ _ _ _ _ _ _ _ _ _ _ _ _ _ _ _ _ _ _ _ _ 
/root/miniconda/envs/python310_torch29_cuda/lib/python3.10/site-packages/torch/_compile.py:53: in inner
    return disable_fn(*args, **kwargs)
/root/miniconda/envs/python310_torch29_cuda/lib/python3.10/site-packages/torch/_dynamo/eval_frame.py:1044: in _fn
    return fn(*args, **kwargs)
/root/miniconda/envs/python310_torch29_cuda/lib/python3.10/site-packages/torch/random.py:46: in manual_seed
    torch.cuda.manual_seed_all(seed)
/root/miniconda/envs/python310_torch29_cuda/lib/python3.10/site-packages/torch/cuda/random.py:131: in manual_seed_all
    _lazy_call(cb, seed_all=True)
/root/miniconda/envs/python310_torch29_cuda/lib/python3.10/site-packages/torch/cuda/__init__.py:341: in _lazy_call
    callable()
_ _ _ _ _ _ _ _ _ _ _ _ _ _ _ _ _ _ _ _ _ _ _ _ _ _ _ _ _ _ _ _ _ _ _ _ _ _ _ _ 

    def cb():
        for i in range(device_count()):
            default_generator = torch.cuda.default_generators[i]
>           default_generator.manual_seed(seed)
E           torch.AcceleratorError: CUDA error: unspecified launch failure
E           Search for `cudaErrorLaunchFailure' in https://docs.nvidia.com/cuda/cuda-runtime-api/group__CUDART__TYPES.html for more information.
E           CUDA kernel errors might be asynchronously reported at some other API call, so the stacktrace below might be incorrect.
E           For debugging consider passing CUDA_LAUNCH_BLOCKING=1
E           Compile with `TORCH_USE_CUDA_DSA` to enable device-side assertions.

/root/miniconda/envs/python310_torch29_cuda/lib/python3.10/site-packages/torch/cuda/random.py:129: AcceleratorError
________ test_unique_dim_int[True-True-all_duplicate-dtype1-shape13--1] ________

shape = (3, 4, 5, 6), dim = -1, dtype = torch.int32, pattern = 'all_duplicate'
return_inverse = True, return_counts = True

    @pytest.mark.unique_dim
    @pytest.mark.parametrize("shape, dim", SHAPE_DIM_CASES)
    @pytest.mark.parametrize("dtype", utils.INT_DTYPES)
    @pytest.mark.parametrize("pattern", ["few_unique", "all_unique", "all_duplicate"])
    @pytest.mark.parametrize("return_inverse", [False, True])
    @pytest.mark.parametrize("return_counts", [False, True])
    def test_unique_dim_int(shape, dim, dtype, pattern, return_inverse, return_counts):
        if flag_gems.vendor_name == "kunlunxin":
>           torch.manual_seed(0)

test_unique_dim.py:97: 
_ _ _ _ _ _ _ _ _ _ _ _ _ _ _ _ _ _ _ _ _ _ _ _ _ _ _ _ _ _ _ _ _ _ _ _ _ _ _ _ 
/root/miniconda/envs/python310_torch29_cuda/lib/python3.10/site-packages/torch/_compile.py:53: in inner
    return disable_fn(*args, **kwargs)
/root/miniconda/envs/python310_torch29_cuda/lib/python3.10/site-packages/torch/_dynamo/eval_frame.py:1044: in _fn
    return fn(*args, **kwargs)
/root/miniconda/envs/python310_torch29_cuda/lib/python3.10/site-packages/torch/random.py:46: in manual_seed
    torch.cuda.manual_seed_all(seed)
/root/miniconda/envs/python310_torch29_cuda/lib/python3.10/site-packages/torch/cuda/random.py:131: in manual_seed_all
    _lazy_call(cb, seed_all=True)
/root/miniconda/envs/python310_torch29_cuda/lib/python3.10/site-packages/torch/cuda/__init__.py:341: in _lazy_call
    callable()
_ _ _ _ _ _ _ _ _ _ _ _ _ _ _ _ _ _ _ _ _ _ _ _ _ _ _ _ _ _ _ _ _ _ _ _ _ _ _ _ 

    def cb():
        for i in range(device_count()):
            default_generator = torch.cuda.default_generators[i]
>           default_generator.manual_seed(seed)
E           torch.AcceleratorError: CUDA error: unspecified launch failure
E           Search for `cudaErrorLaunchFailure' in https://docs.nvidia.com/cuda/cuda-runtime-api/group__CUDART__TYPES.html for more information.
E           CUDA kernel errors might be asynchronously reported at some other API call, so the stacktrace below might be incorrect.
E           For debugging consider passing CUDA_LAUNCH_BLOCKING=1
E           Compile with `TORCH_USE_CUDA_DSA` to enable device-side assertions.

/root/miniconda/envs/python310_torch29_cuda/lib/python3.10/site-packages/torch/cuda/random.py:129: AcceleratorError
_______________ test_unique_dim_float[True-True-dtype0-shape0-0] _______________

shape = (16, 4), dim = 0, dtype = torch.float16, return_inverse = True
return_counts = True

    @pytest.mark.unique_dim
    @pytest.mark.parametrize(
        "shape, dim",
        [
            ((16, 4), 0),
            ((16, 4), 1),
            ((4, 8, 6), 1),
            ((4, 8, 6), -1),
        ],
    )
    @pytest.mark.parametrize("dtype", utils.FLOAT_DTYPES)
    @pytest.mark.parametrize("return_inverse", [True])
    @pytest.mark.parametrize("return_counts", [True])
    def test_unique_dim_float(shape, dim, dtype, return_inverse, return_counts):
        # Floating point duplicate detection relies on exact equality, so build
        # inputs by repeating slices (no nan / no rounding gymnastics).
>       inp = _make_input(shape, dim, dtype, "few_unique")

test_unique_dim.py:159: 
_ _ _ _ _ _ _ _ _ _ _ _ _ _ _ _ _ _ _ _ _ _ _ _ _ _ _ _ _ _ _ _ _ _ _ _ _ _ _ _ 

shape = (16, 4), dim = 0, dtype = torch.float16, pattern = 'few_unique'

    def _make_input(shape, dim, dtype, pattern):
        """Build inputs that stress different duplicate distributions along dim."""
        size_dim = shape[dim]
        if pattern == "few_unique":
            # Build the tensor by repeating ``k`` random slices along the target dim.
            k = max(1, size_dim // 4)
            slice_shape = list(shape)
            slice_shape[dim] = k
            if dtype in utils.INT_DTYPES:
                base = torch.randint(-3, 3, slice_shape, device=flag_gems.device).to(dtype)
            else:
>               base = torch.randn(slice_shape, dtype=dtype, device=flag_gems.device)
E               torch.AcceleratorError: CUDA error: unspecified launch failure
E               Search for `cudaErrorLaunchFailure' in https://docs.nvidia.com/cuda/cuda-runtime-api/group__CUDART__TYPES.html for more information.
E               CUDA kernel errors might be asynchronously reported at some other API call, so the stacktrace below might be incorrect.
E               For debugging consider passing CUDA_LAUNCH_BLOCKING=1
E               Compile with `TORCH_USE_CUDA_DSA` to enable device-side assertions.

test_unique_dim.py:61: AcceleratorError
_______________ test_unique_dim_float[True-True-dtype0-shape1-1] _______________

shape = (16, 4), dim = 1, dtype = torch.float16, return_inverse = True
return_counts = True

    @pytest.mark.unique_dim
    @pytest.mark.parametrize(
        "shape, dim",
        [
            ((16, 4), 0),
            ((16, 4), 1),
            ((4, 8, 6), 1),
            ((4, 8, 6), -1),
        ],
    )
    @pytest.mark.parametrize("dtype", utils.FLOAT_DTYPES)
    @pytest.mark.parametrize("return_inverse", [True])
    @pytest.mark.parametrize("return_counts", [True])
    def test_unique_dim_float(shape, dim, dtype, return_inverse, return_counts):
        # Floating point duplicate detection relies on exact equality, so build
        # inputs by repeating slices (no nan / no rounding gymnastics).
>       inp = _make_input(shape, dim, dtype, "few_unique")

test_unique_dim.py:159: 
_ _ _ _ _ _ _ _ _ _ _ _ _ _ _ _ _ _ _ _ _ _ _ _ _ _ _ _ _ _ _ _ _ _ _ _ _ _ _ _ 

shape = (16, 4), dim = 1, dtype = torch.float16, pattern = 'few_unique'

    def _make_input(shape, dim, dtype, pattern):
        """Build inputs that stress different duplicate distributions along dim."""
        size_dim = shape[dim]
        if pattern == "few_unique":
            # Build the tensor by repeating ``k`` random slices along the target dim.
            k = max(1, size_dim // 4)
            slice_shape = list(shape)
            slice_shape[dim] = k
            if dtype in utils.INT_DTYPES:
                base = torch.randint(-3, 3, slice_shape, device=flag_gems.device).to(dtype)
            else:
>               base = torch.randn(slice_shape, dtype=dtype, device=flag_gems.device)
E               torch.AcceleratorError: CUDA error: unspecified launch failure
E               Search for `cudaErrorLaunchFailure' in https://docs.nvidia.com/cuda/cuda-runtime-api/group__CUDART__TYPES.html for more information.
E               CUDA kernel errors might be asynchronously reported at some other API call, so the stacktrace below might be incorrect.
E               For debugging consider passing CUDA_LAUNCH_BLOCKING=1
E               Compile with `TORCH_USE_CUDA_DSA` to enable device-side assertions.

test_unique_dim.py:61: AcceleratorError
_______________ test_unique_dim_float[True-True-dtype0-shape2-1] _______________

shape = (4, 8, 6), dim = 1, dtype = torch.float16, return_inverse = True
return_counts = True

    @pytest.mark.unique_dim
    @pytest.mark.parametrize(
        "shape, dim",
        [
            ((16, 4), 0),
            ((16, 4), 1),
            ((4, 8, 6), 1),
            ((4, 8, 6), -1),
        ],
    )
    @pytest.mark.parametrize("dtype", utils.FLOAT_DTYPES)
    @pytest.mark.parametrize("return_inverse", [True])
    @pytest.mark.parametrize("return_counts", [True])
    def test_unique_dim_float(shape, dim, dtype, return_inverse, return_counts):
        # Floating point duplicate detection relies on exact equality, so build
        # inputs by repeating slices (no nan / no rounding gymnastics).
>       inp = _make_input(shape, dim, dtype, "few_unique")

test_unique_dim.py:159: 
_ _ _ _ _ _ _ _ _ _ _ _ _ _ _ _ _ _ _ _ _ _ _ _ _ _ _ _ _ _ _ _ _ _ _ _ _ _ _ _ 

shape = (4, 8, 6), dim = 1, dtype = torch.float16, pattern = 'few_unique'

    def _make_input(shape, dim, dtype, pattern):
        """Build inputs that stress different duplicate distributions along dim."""
        size_dim = shape[dim]
        if pattern == "few_unique":
            # Build the tensor by repeating ``k`` random slices along the target dim.
            k = max(1, size_dim // 4)
            slice_shape = list(shape)
            slice_shape[dim] = k
            if dtype in utils.INT_DTYPES:
                base = torch.randint(-3, 3, slice_shape, device=flag_gems.device).to(dtype)
            else:
>               base = torch.randn(slice_shape, dtype=dtype, device=flag_gems.device)
E               torch.AcceleratorError: CUDA error: unspecified launch failure
E               Search for `cudaErrorLaunchFailure' in https://docs.nvidia.com/cuda/cuda-runtime-api/group__CUDART__TYPES.html for more information.
E               CUDA kernel errors might be asynchronously reported at some other API call, so the stacktrace below might be incorrect.
E               For debugging consider passing CUDA_LAUNCH_BLOCKING=1
E               Compile with `TORCH_USE_CUDA_DSA` to enable device-side assertions.

test_unique_dim.py:61: AcceleratorError
______________ test_unique_dim_float[True-True-dtype0-shape3--1] _______________

shape = (4, 8, 6), dim = -1, dtype = torch.float16, return_inverse = True
return_counts = True

    @pytest.mark.unique_dim
    @pytest.mark.parametrize(
        "shape, dim",
        [
            ((16, 4), 0),
            ((16, 4), 1),
            ((4, 8, 6), 1),
            ((4, 8, 6), -1),
        ],
    )
    @pytest.mark.parametrize("dtype", utils.FLOAT_DTYPES)
    @pytest.mark.parametrize("return_inverse", [True])
    @pytest.mark.parametrize("return_counts", [True])
    def test_unique_dim_float(shape, dim, dtype, return_inverse, return_counts):
        # Floating point duplicate detection relies on exact equality, so build
        # inputs by repeating slices (no nan / no rounding gymnastics).
>       inp = _make_input(shape, dim, dtype, "few_unique")

test_unique_dim.py:159: 
_ _ _ _ _ _ _ _ _ _ _ _ _ _ _ _ _ _ _ _ _ _ _ _ _ _ _ _ _ _ _ _ _ _ _ _ _ _ _ _ 

shape = (4, 8, 6), dim = -1, dtype = torch.float16, pattern = 'few_unique'

    def _make_input(shape, dim, dtype, pattern):
        """Build inputs that stress different duplicate distributions along dim."""
        size_dim = shape[dim]
        if pattern == "few_unique":
            # Build the tensor by repeating ``k`` random slices along the target dim.
            k = max(1, size_dim // 4)
            slice_shape = list(shape)
            slice_shape[dim] = k
            if dtype in utils.INT_DTYPES:
                base = torch.randint(-3, 3, slice_shape, device=flag_gems.device).to(dtype)
            else:
>               base = torch.randn(slice_shape, dtype=dtype, device=flag_gems.device)
E               torch.AcceleratorError: CUDA error: unspecified launch failure
E               Search for `cudaErrorLaunchFailure' in https://docs.nvidia.com/cuda/cuda-runtime-api/group__CUDART__TYPES.html for more information.
E               CUDA kernel errors might be asynchronously reported at some other API call, so the stacktrace below might be incorrect.
E               For debugging consider passing CUDA_LAUNCH_BLOCKING=1
E               Compile with `TORCH_USE_CUDA_DSA` to enable device-side assertions.

test_unique_dim.py:61: AcceleratorError
_______________ test_unique_dim_float[True-True-dtype1-shape0-0] _______________

shape = (16, 4), dim = 0, dtype = torch.float32, return_inverse = True
return_counts = True

    @pytest.mark.unique_dim
    @pytest.mark.parametrize(
        "shape, dim",
        [
            ((16, 4), 0),
            ((16, 4), 1),
            ((4, 8, 6), 1),
            ((4, 8, 6), -1),
        ],
    )
    @pytest.mark.parametrize("dtype", utils.FLOAT_DTYPES)
    @pytest.mark.parametrize("return_inverse", [True])
    @pytest.mark.parametrize("return_counts", [True])
    def test_unique_dim_float(shape, dim, dtype, return_inverse, return_counts):
        # Floating point duplicate detection relies on exact equality, so build
        # inputs by repeating slices (no nan / no rounding gymnastics).
>       inp = _make_input(shape, dim, dtype, "few_unique")

test_unique_dim.py:159: 
_ _ _ _ _ _ _ _ _ _ _ _ _ _ _ _ _ _ _ _ _ _ _ _ _ _ _ _ _ _ _ _ _ _ _ _ _ _ _ _ 

shape = (16, 4), dim = 0, dtype = torch.float32, pattern = 'few_unique'

    def _make_input(shape, dim, dtype, pattern):
        """Build inputs that stress different duplicate distributions along dim."""
        size_dim = shape[dim]
        if pattern == "few_unique":
            # Build the tensor by repeating ``k`` random slices along the target dim.
            k = max(1, size_dim // 4)
            slice_shape = list(shape)
            slice_shape[dim] = k
            if dtype in utils.INT_DTYPES:
                base = torch.randint(-3, 3, slice_shape, device=flag_gems.device).to(dtype)
            else:
>               base = torch.randn(slice_shape, dtype=dtype, device=flag_gems.device)
E               torch.AcceleratorError: CUDA error: unspecified launch failure
E               Search for `cudaErrorLaunchFailure' in https://docs.nvidia.com/cuda/cuda-runtime-api/group__CUDART__TYPES.html for more information.
E               CUDA kernel errors might be asynchronously reported at some other API call, so the stacktrace below might be incorrect.
E               For debugging consider passing CUDA_LAUNCH_BLOCKING=1
E               Compile with `TORCH_USE_CUDA_DSA` to enable device-side assertions.

test_unique_dim.py:61: AcceleratorError
_______________ test_unique_dim_float[True-True-dtype1-shape1-1] _______________

shape = (16, 4), dim = 1, dtype = torch.float32, return_inverse = True
return_counts = True

    @pytest.mark.unique_dim
    @pytest.mark.parametrize(
        "shape, dim",
        [
            ((16, 4), 0),
            ((16, 4), 1),
            ((4, 8, 6), 1),
            ((4, 8, 6), -1),
        ],
    )
    @pytest.mark.parametrize("dtype", utils.FLOAT_DTYPES)
    @pytest.mark.parametrize("return_inverse", [True])
    @pytest.mark.parametrize("return_counts", [True])
    def test_unique_dim_float(shape, dim, dtype, return_inverse, return_counts):
        # Floating point duplicate detection relies on exact equality, so build
        # inputs by repeating slices (no nan / no rounding gymnastics).
>       inp = _make_input(shape, dim, dtype, "few_unique")

test_unique_dim.py:159: 
_ _ _ _ _ _ _ _ _ _ _ _ _ _ _ _ _ _ _ _ _ _ _ _ _ _ _ _ _ _ _ _ _ _ _ _ _ _ _ _ 

shape = (16, 4), dim = 1, dtype = torch.float32, pattern = 'few_unique'

    def _make_input(shape, dim, dtype, pattern):
        """Build inputs that stress different duplicate distributions along dim."""
        size_dim = shape[dim]
        if pattern == "few_unique":
            # Build the tensor by repeating ``k`` random slices along the target dim.
            k = max(1, size_dim // 4)
            slice_shape = list(shape)
            slice_shape[dim] = k
            if dtype in utils.INT_DTYPES:
                base = torch.randint(-3, 3, slice_shape, device=flag_gems.device).to(dtype)
            else:
>               base = torch.randn(slice_shape, dtype=dtype, device=flag_gems.device)
E               torch.AcceleratorError: CUDA error: unspecified launch failure
E               Search for `cudaErrorLaunchFailure' in https://docs.nvidia.com/cuda/cuda-runtime-api/group__CUDART__TYPES.html for more information.
E               CUDA kernel errors might be asynchronously reported at some other API call, so the stacktrace below might be incorrect.
E               For debugging consider passing CUDA_LAUNCH_BLOCKING=1
E               Compile with `TORCH_USE_CUDA_DSA` to enable device-side assertions.

test_unique_dim.py:61: AcceleratorError
_______________ test_unique_dim_float[True-True-dtype1-shape2-1] _______________

shape = (4, 8, 6), dim = 1, dtype = torch.float32, return_inverse = True
return_counts = True

    @pytest.mark.unique_dim
    @pytest.mark.parametrize(
        "shape, dim",
        [
            ((16, 4), 0),
            ((16, 4), 1),
            ((4, 8, 6), 1),
            ((4, 8, 6), -1),
        ],
    )
    @pytest.mark.parametrize("dtype", utils.FLOAT_DTYPES)
    @pytest.mark.parametrize("return_inverse", [True])
    @pytest.mark.parametrize("return_counts", [True])
    def test_unique_dim_float(shape, dim, dtype, return_inverse, return_counts):
        # Floating point duplicate detection relies on exact equality, so build
        # inputs by repeating slices (no nan / no rounding gymnastics).
>       inp = _make_input(shape, dim, dtype, "few_unique")

test_unique_dim.py:159: 
_ _ _ _ _ _ _ _ _ _ _ _ _ _ _ _ _ _ _ _ _ _ _ _ _ _ _ _ _ _ _ _ _ _ _ _ _ _ _ _ 

shape = (4, 8, 6), dim = 1, dtype = torch.float32, pattern = 'few_unique'

    def _make_input(shape, dim, dtype, pattern):
        """Build inputs that stress different duplicate distributions along dim."""
        size_dim = shape[dim]
        if pattern == "few_unique":
            # Build the tensor by repeating ``k`` random slices along the target dim.
            k = max(1, size_dim // 4)
            slice_shape = list(shape)
            slice_shape[dim] = k
            if dtype in utils.INT_DTYPES:
                base = torch.randint(-3, 3, slice_shape, device=flag_gems.device).to(dtype)
            else:
>               base = torch.randn(slice_shape, dtype=dtype, device=flag_gems.device)
E               torch.AcceleratorError: CUDA error: unspecified launch failure
E               Search for `cudaErrorLaunchFailure' in https://docs.nvidia.com/cuda/cuda-runtime-api/group__CUDART__TYPES.html for more information.
E               CUDA kernel errors might be asynchronously reported at some other API call, so the stacktrace below might be incorrect.
E               For debugging consider passing CUDA_LAUNCH_BLOCKING=1
E               Compile with `TORCH_USE_CUDA_DSA` to enable device-side assertions.

test_unique_dim.py:61: AcceleratorError
______________ test_unique_dim_float[True-True-dtype1-shape3--1] _______________

shape = (4, 8, 6), dim = -1, dtype = torch.float32, return_inverse = True
return_counts = True

    @pytest.mark.unique_dim
    @pytest.mark.parametrize(
        "shape, dim",
        [
            ((16, 4), 0),
            ((16, 4), 1),
            ((4, 8, 6), 1),
            ((4, 8, 6), -1),
        ],
    )
    @pytest.mark.parametrize("dtype", utils.FLOAT_DTYPES)
    @pytest.mark.parametrize("return_inverse", [True])
    @pytest.mark.parametrize("return_counts", [True])
    def test_unique_dim_float(shape, dim, dtype, return_inverse, return_counts):
        # Floating point duplicate detection relies on exact equality, so build
        # inputs by repeating slices (no nan / no rounding gymnastics).
>       inp = _make_input(shape, dim, dtype, "few_unique")

test_unique_dim.py:159: 
_ _ _ _ _ _ _ _ _ _ _ _ _ _ _ _ _ _ _ _ _ _ _ _ _ _ _ _ _ _ _ _ _ _ _ _ _ _ _ _ 

shape = (4, 8, 6), dim = -1, dtype = torch.float32, pattern = 'few_unique'

    def _make_input(shape, dim, dtype, pattern):
        """Build inputs that stress different duplicate distributions along dim."""
        size_dim = shape[dim]
        if pattern == "few_unique":
            # Build the tensor by repeating ``k`` random slices along the target dim.
            k = max(1, size_dim // 4)
            slice_shape = list(shape)
            slice_shape[dim] = k
            if dtype in utils.INT_DTYPES:
                base = torch.randint(-3, 3, slice_shape, device=flag_gems.device).to(dtype)
            else:
>               base = torch.randn(slice_shape, dtype=dtype, device=flag_gems.device)
E               torch.AcceleratorError: CUDA error: unspecified launch failure
E               Search for `cudaErrorLaunchFailure' in https://docs.nvidia.com/cuda/cuda-runtime-api/group__CUDART__TYPES.html for more information.
E               CUDA kernel errors might be asynchronously reported at some other API call, so the stacktrace below might be incorrect.
E               For debugging consider passing CUDA_LAUNCH_BLOCKING=1
E               Compile with `TORCH_USE_CUDA_DSA` to enable device-side assertions.

test_unique_dim.py:61: AcceleratorError
_______________ test_unique_dim_float[True-True-dtype2-shape0-0] _______________

shape = (16, 4), dim = 0, dtype = torch.bfloat16, return_inverse = True
return_counts = True

    @pytest.mark.unique_dim
    @pytest.mark.parametrize(
        "shape, dim",
        [
            ((16, 4), 0),
            ((16, 4), 1),
            ((4, 8, 6), 1),
            ((4, 8, 6), -1),
        ],
    )
    @pytest.mark.parametrize("dtype", utils.FLOAT_DTYPES)
    @pytest.mark.parametrize("return_inverse", [True])
    @pytest.mark.parametrize("return_counts", [True])
    def test_unique_dim_float(shape, dim, dtype, return_inverse, return_counts):
        # Floating point duplicate detection relies on exact equality, so build
        # inputs by repeating slices (no nan / no rounding gymnastics).
>       inp = _make_input(shape, dim, dtype, "few_unique")

test_unique_dim.py:159: 
_ _ _ _ _ _ _ _ _ _ _ _ _ _ _ _ _ _ _ _ _ _ _ _ _ _ _ _ _ _ _ _ _ _ _ _ _ _ _ _ 

shape = (16, 4), dim = 0, dtype = torch.bfloat16, pattern = 'few_unique'

    def _make_input(shape, dim, dtype, pattern):
        """Build inputs that stress different duplicate distributions along dim."""
        size_dim = shape[dim]
        if pattern == "few_unique":
            # Build the tensor by repeating ``k`` random slices along the target dim.
            k = max(1, size_dim // 4)
            slice_shape = list(shape)
            slice_shape[dim] = k
            if dtype in utils.INT_DTYPES:
                base = torch.randint(-3, 3, slice_shape, device=flag_gems.device).to(dtype)
            else:
>               base = torch.randn(slice_shape, dtype=dtype, device=flag_gems.device)
E               torch.AcceleratorError: CUDA error: unspecified launch failure
E               Search for `cudaErrorLaunchFailure' in https://docs.nvidia.com/cuda/cuda-runtime-api/group__CUDART__TYPES.html for more information.
E               CUDA kernel errors might be asynchronously reported at some other API call, so the stacktrace below might be incorrect.
E               For debugging consider passing CUDA_LAUNCH_BLOCKING=1
E               Compile with `TORCH_USE_CUDA_DSA` to enable device-side assertions.

test_unique_dim.py:61: AcceleratorError
_______________ test_unique_dim_float[True-True-dtype2-shape1-1] _______________

shape = (16, 4), dim = 1, dtype = torch.bfloat16, return_inverse = True
return_counts = True

    @pytest.mark.unique_dim
    @pytest.mark.parametrize(
        "shape, dim",
        [
            ((16, 4), 0),
            ((16, 4), 1),
            ((4, 8, 6), 1),
            ((4, 8, 6), -1),
        ],
    )
    @pytest.mark.parametrize("dtype", utils.FLOAT_DTYPES)
    @pytest.mark.parametrize("return_inverse", [True])
    @pytest.mark.parametrize("return_counts", [True])
    def test_unique_dim_float(shape, dim, dtype, return_inverse, return_counts):
        # Floating point duplicate detection relies on exact equality, so build
        # inputs by repeating slices (no nan / no rounding gymnastics).
>       inp = _make_input(shape, dim, dtype, "few_unique")

test_unique_dim.py:159: 
_ _ _ _ _ _ _ _ _ _ _ _ _ _ _ _ _ _ _ _ _ _ _ _ _ _ _ _ _ _ _ _ _ _ _ _ _ _ _ _ 

shape = (16, 4), dim = 1, dtype = torch.bfloat16, pattern = 'few_unique'

    def _make_input(shape, dim, dtype, pattern):
        """Build inputs that stress different duplicate distributions along dim."""
        size_dim = shape[dim]
        if pattern == "few_unique":
            # Build the tensor by repeating ``k`` random slices along the target dim.
            k = max(1, size_dim // 4)
            slice_shape = list(shape)
            slice_shape[dim] = k
            if dtype in utils.INT_DTYPES:
                base = torch.randint(-3, 3, slice_shape, device=flag_gems.device).to(dtype)
            else:
>               base = torch.randn(slice_shape, dtype=dtype, device=flag_gems.device)
E               torch.AcceleratorError: CUDA error: unspecified launch failure
E               Search for `cudaErrorLaunchFailure' in https://docs.nvidia.com/cuda/cuda-runtime-api/group__CUDART__TYPES.html for more information.
E               CUDA kernel errors might be asynchronously reported at some other API call, so the stacktrace below might be incorrect.
E               For debugging consider passing CUDA_LAUNCH_BLOCKING=1
E               Compile with `TORCH_USE_CUDA_DSA` to enable device-side assertions.

test_unique_dim.py:61: AcceleratorError
_______________ test_unique_dim_float[True-True-dtype2-shape2-1] _______________

shape = (4, 8, 6), dim = 1, dtype = torch.bfloat16, return_inverse = True
return_counts = True

    @pytest.mark.unique_dim
    @pytest.mark.parametrize(
        "shape, dim",
        [
            ((16, 4), 0),
            ((16, 4), 1),
            ((4, 8, 6), 1),
            ((4, 8, 6), -1),
        ],
    )
    @pytest.mark.parametrize("dtype", utils.FLOAT_DTYPES)
    @pytest.mark.parametrize("return_inverse", [True])
    @pytest.mark.parametrize("return_counts", [True])
    def test_unique_dim_float(shape, dim, dtype, return_inverse, return_counts):
        # Floating point duplicate detection relies on exact equality, so build
        # inputs by repeating slices (no nan / no rounding gymnastics).
>       inp = _make_input(shape, dim, dtype, "few_unique")

test_unique_dim.py:159: 
_ _ _ _ _ _ _ _ _ _ _ _ _ _ _ _ _ _ _ _ _ _ _ _ _ _ _ _ _ _ _ _ _ _ _ _ _ _ _ _ 

shape = (4, 8, 6), dim = 1, dtype = torch.bfloat16, pattern = 'few_unique'

    def _make_input(shape, dim, dtype, pattern):
        """Build inputs that stress different duplicate distributions along dim."""
        size_dim = shape[dim]
        if pattern == "few_unique":
            # Build the tensor by repeating ``k`` random slices along the target dim.
            k = max(1, size_dim // 4)
            slice_shape = list(shape)
            slice_shape[dim] = k
            if dtype in utils.INT_DTYPES:
                base = torch.randint(-3, 3, slice_shape, device=flag_gems.device).to(dtype)
            else:
>               base = torch.randn(slice_shape, dtype=dtype, device=flag_gems.device)
E               torch.AcceleratorError: CUDA error: unspecified launch failure
E               Search for `cudaErrorLaunchFailure' in https://docs.nvidia.com/cuda/cuda-runtime-api/group__CUDART__TYPES.html for more information.
E               CUDA kernel errors might be asynchronously reported at some other API call, so the stacktrace below might be incorrect.
E               For debugging consider passing CUDA_LAUNCH_BLOCKING=1
E               Compile with `TORCH_USE_CUDA_DSA` to enable device-side assertions.

test_unique_dim.py:61: AcceleratorError
______________ test_unique_dim_float[True-True-dtype2-shape3--1] _______________

shape = (4, 8, 6), dim = -1, dtype = torch.bfloat16, return_inverse = True
return_counts = True

    @pytest.mark.unique_dim
    @pytest.mark.parametrize(
        "shape, dim",
        [
            ((16, 4), 0),
            ((16, 4), 1),
            ((4, 8, 6), 1),
            ((4, 8, 6), -1),
        ],
    )
    @pytest.mark.parametrize("dtype", utils.FLOAT_DTYPES)
    @pytest.mark.parametrize("return_inverse", [True])
    @pytest.mark.parametrize("return_counts", [True])
    def test_unique_dim_float(shape, dim, dtype, return_inverse, return_counts):
        # Floating point duplicate detection relies on exact equality, so build
        # inputs by repeating slices (no nan / no rounding gymnastics).
>       inp = _make_input(shape, dim, dtype, "few_unique")

test_unique_dim.py:159: 
_ _ _ _ _ _ _ _ _ _ _ _ _ _ _ _ _ _ _ _ _ _ _ _ _ _ _ _ _ _ _ _ _ _ _ _ _ _ _ _ 

shape = (4, 8, 6), dim = -1, dtype = torch.bfloat16, pattern = 'few_unique'

    def _make_input(shape, dim, dtype, pattern):
        """Build inputs that stress different duplicate distributions along dim."""
        size_dim = shape[dim]
        if pattern == "few_unique":
            # Build the tensor by repeating ``k`` random slices along the target dim.
            k = max(1, size_dim // 4)
            slice_shape = list(shape)
            slice_shape[dim] = k
            if dtype in utils.INT_DTYPES:
                base = torch.randint(-3, 3, slice_shape, device=flag_gems.device).to(dtype)
            else:
>               base = torch.randn(slice_shape, dtype=dtype, device=flag_gems.device)
E               torch.AcceleratorError: CUDA error: unspecified launch failure
E               Search for `cudaErrorLaunchFailure' in https://docs.nvidia.com/cuda/cuda-runtime-api/group__CUDART__TYPES.html for more information.
E               CUDA kernel errors might be asynchronously reported at some other API call, so the stacktrace below might be incorrect.
E               For debugging consider passing CUDA_LAUNCH_BLOCKING=1
E               Compile with `TORCH_USE_CUDA_DSA` to enable device-side assertions.

test_unique_dim.py:61: AcceleratorError
___________ test_unique_dim_aten_returns_three_tensors[False-False] ____________

return_inverse = False, return_counts = False

    @pytest.mark.unique_dim
    @pytest.mark.parametrize("return_inverse", [False, True])
    @pytest.mark.parametrize("return_counts", [False, True])
    def test_unique_dim_aten_returns_three_tensors(return_inverse, return_counts):
>       inp = torch.tensor(
            [[2, 0], [1, 0], [2, 0], [0, 0]],
            dtype=torch.int32,
            device=flag_gems.device,
        )
E       RuntimeError: [RUNTIME ERROR]: error code= 719, unspecified launch failure;

test_unique_dim.py:187: RuntimeError
____________ test_unique_dim_aten_returns_three_tensors[False-True] ____________

return_inverse = True, return_counts = False

    @pytest.mark.unique_dim
    @pytest.mark.parametrize("return_inverse", [False, True])
    @pytest.mark.parametrize("return_counts", [False, True])
    def test_unique_dim_aten_returns_three_tensors(return_inverse, return_counts):
>       inp = torch.tensor(
            [[2, 0], [1, 0], [2, 0], [0, 0]],
            dtype=torch.int32,
            device=flag_gems.device,
        )
E       RuntimeError: [RUNTIME ERROR]: error code= 719, unspecified launch failure;

test_unique_dim.py:187: RuntimeError
____________ test_unique_dim_aten_returns_three_tensors[True-False] ____________

return_inverse = False, return_counts = True

    @pytest.mark.unique_dim
    @pytest.mark.parametrize("return_inverse", [False, True])
    @pytest.mark.parametrize("return_counts", [False, True])
    def test_unique_dim_aten_returns_three_tensors(return_inverse, return_counts):
>       inp = torch.tensor(
            [[2, 0], [1, 0], [2, 0], [0, 0]],
            dtype=torch.int32,
            device=flag_gems.device,
        )
E       RuntimeError: [RUNTIME ERROR]: error code= 719, unspecified launch failure;

test_unique_dim.py:187: RuntimeError
____________ test_unique_dim_aten_returns_three_tensors[True-True] _____________

return_inverse = True, return_counts = True

    @pytest.mark.unique_dim
    @pytest.mark.parametrize("return_inverse", [False, True])
    @pytest.mark.parametrize("return_counts", [False, True])
    def test_unique_dim_aten_returns_three_tensors(return_inverse, return_counts):
>       inp = torch.tensor(
            [[2, 0], [1, 0], [2, 0], [0, 0]],
            dtype=torch.int32,
            device=flag_gems.device,
        )
E       RuntimeError: [RUNTIME ERROR]: error code= 719, unspecified launch failure;

test_unique_dim.py:187: RuntimeError
=============================== warnings summary ===============================
tests/test_unique_dim.py::test_unique_dim_int[False-False-few_unique-dtype0-shape0-0]
  /root/miniconda/envs/python310_torch29_cuda/lib/python3.10/site-packages/triton/backends/xpu/compiler.py:222: UserWarning: XRE Version Must Be More than 5.0.21.37 (After 2025.07.22). And echo 1 > /proc/kunlun/dev4/dma_excp_mask
    warnings.warn(

-- Docs: https://docs.pytest.org/en/stable/how-to/capture-warnings.html
=========================== short test summary info ============================
FAILED test_unique_dim.py::test_unique_dim_int[False-False-few_unique-dtype0-shape0-0]
FAILED test_unique_dim.py::test_unique_dim_int[False-False-few_unique-dtype0-shape1--1]
FAILED test_unique_dim.py::test_unique_dim_int[False-False-few_unique-dtype0-shape2-0]
FAILED test_unique_dim.py::test_unique_dim_int[False-False-few_unique-dtype0-shape3-1]
FAILED test_unique_dim.py::test_unique_dim_int[False-False-few_unique-dtype0-shape4--1]
FAILED test_unique_dim.py::test_unique_dim_int[False-False-few_unique-dtype0-shape5-0]
FAILED test_unique_dim.py::test_unique_dim_int[False-False-few_unique-dtype0-shape6-0]
FAILED test_unique_dim.py::test_unique_dim_int[False-False-few_unique-dtype0-shape7-1]
FAILED test_unique_dim.py::test_unique_dim_int[False-False-few_unique-dtype0-shape8-0]
FAILED test_unique_dim.py::test_unique_dim_int[False-False-few_unique-dtype0-shape9-1]
FAILED test_unique_dim.py::test_unique_dim_int[False-False-few_unique-dtype0-shape10-2]
FAILED test_unique_dim.py::test_unique_dim_int[False-False-few_unique-dtype0-shape11--2]
FAILED test_unique_dim.py::test_unique_dim_int[False-False-few_unique-dtype0-shape12-2]
FAILED test_unique_dim.py::test_unique_dim_int[False-False-few_unique-dtype0-shape13--1]
FAILED test_unique_dim.py::test_unique_dim_int[False-False-few_unique-dtype1-shape0-0]
FAILED test_unique_dim.py::test_unique_dim_int[False-False-few_unique-dtype1-shape1--1]
FAILED test_unique_dim.py::test_unique_dim_int[False-False-few_unique-dtype1-shape2-0]
FAILED test_unique_dim.py::test_unique_dim_int[False-False-few_unique-dtype1-shape3-1]
FAILED test_unique_dim.py::test_unique_dim_int[False-False-few_unique-dtype1-shape4--1]
FAILED test_unique_dim.py::test_unique_dim_int[False-False-few_unique-dtype1-shape5-0]
FAILED test_unique_dim.py::test_unique_dim_int[False-False-few_unique-dtype1-shape6-0]
FAILED test_unique_dim.py::test_unique_dim_int[False-False-few_unique-dtype1-shape7-1]
FAILED test_unique_dim.py::test_unique_dim_int[False-False-few_unique-dtype1-shape8-0]
FAILED test_unique_dim.py::test_unique_dim_int[False-False-few_unique-dtype1-shape9-1]
FAILED test_unique_dim.py::test_unique_dim_int[False-False-few_unique-dtype1-shape10-2]
FAILED test_unique_dim.py::test_unique_dim_int[False-False-few_unique-dtype1-shape11--2]
FAILED test_unique_dim.py::test_unique_dim_int[False-False-few_unique-dtype1-shape12-2]
FAILED test_unique_dim.py::test_unique_dim_int[False-False-few_unique-dtype1-shape13--1]
FAILED test_unique_dim.py::test_unique_dim_int[False-False-all_unique-dtype0-shape0-0]
FAILED test_unique_dim.py::test_unique_dim_int[False-False-all_unique-dtype0-shape1--1]
FAILED test_unique_dim.py::test_unique_dim_int[False-False-all_unique-dtype0-shape2-0]
FAILED test_unique_dim.py::test_unique_dim_int[False-False-all_unique-dtype0-shape3-1]
FAILED test_unique_dim.py::test_unique_dim_int[False-False-all_unique-dtype0-shape4--1]
FAILED test_unique_dim.py::test_unique_dim_int[False-False-all_unique-dtype0-shape5-0]
FAILED test_unique_dim.py::test_unique_dim_int[False-False-all_unique-dtype0-shape6-0]
FAILED test_unique_dim.py::test_unique_dim_int[False-False-all_unique-dtype0-shape7-1]
FAILED test_unique_dim.py::test_unique_dim_int[False-False-all_unique-dtype0-shape8-0]
FAILED test_unique_dim.py::test_unique_dim_int[False-False-all_unique-dtype0-shape9-1]
FAILED test_unique_dim.py::test_unique_dim_int[False-False-all_unique-dtype0-shape10-2]
FAILED test_unique_dim.py::test_unique_dim_int[False-False-all_unique-dtype0-shape11--2]
FAILED test_unique_dim.py::test_unique_dim_int[False-False-all_unique-dtype0-shape12-2]
FAILED test_unique_dim.py::test_unique_dim_int[False-False-all_unique-dtype0-shape13--1]
FAILED test_unique_dim.py::test_unique_dim_int[False-False-all_unique-dtype1-shape0-0]
FAILED test_unique_dim.py::test_unique_dim_int[False-False-all_unique-dtype1-shape1--1]
FAILED test_unique_dim.py::test_unique_dim_int[False-False-all_unique-dtype1-shape2-0]
FAILED test_unique_dim.py::test_unique_dim_int[False-False-all_unique-dtype1-shape3-1]
FAILED test_unique_dim.py::test_unique_dim_int[False-False-all_unique-dtype1-shape4--1]
FAILED test_unique_dim.py::test_unique_dim_int[False-False-all_unique-dtype1-shape5-0]
FAILED test_unique_dim.py::test_unique_dim_int[False-False-all_unique-dtype1-shape6-0]
FAILED test_unique_dim.py::test_unique_dim_int[False-False-all_unique-dtype1-shape7-1]
FAILED test_unique_dim.py::test_unique_dim_int[False-False-all_unique-dtype1-shape8-0]
FAILED test_unique_dim.py::test_unique_dim_int[False-False-all_unique-dtype1-shape9-1]
FAILED test_unique_dim.py::test_unique_dim_int[False-False-all_unique-dtype1-shape10-2]
FAILED test_unique_dim.py::test_unique_dim_int[False-False-all_unique-dtype1-shape11--2]
FAILED test_unique_dim.py::test_unique_dim_int[False-False-all_unique-dtype1-shape12-2]
FAILED test_unique_dim.py::test_unique_dim_int[False-False-all_unique-dtype1-shape13--1]
FAILED test_unique_dim.py::test_unique_dim_int[False-False-all_duplicate-dtype0-shape0-0]
FAILED test_unique_dim.py::test_unique_dim_int[False-False-all_duplicate-dtype0-shape1--1]
FAILED test_unique_dim.py::test_unique_dim_int[False-False-all_duplicate-dtype0-shape2-0]
FAILED test_unique_dim.py::test_unique_dim_int[False-False-all_duplicate-dtype0-shape3-1]
FAILED test_unique_dim.py::test_unique_dim_int[False-False-all_duplicate-dtype0-shape4--1]
FAILED test_unique_dim.py::test_unique_dim_int[False-False-all_duplicate-dtype0-shape5-0]
FAILED test_unique_dim.py::test_unique_dim_int[False-False-all_duplicate-dtype0-shape6-0]
FAILED test_unique_dim.py::test_unique_dim_int[False-False-all_duplicate-dtype0-shape7-1]
FAILED test_unique_dim.py::test_unique_dim_int[False-False-all_duplicate-dtype0-shape8-0]
FAILED test_unique_dim.py::test_unique_dim_int[False-False-all_duplicate-dtype0-shape9-1]
FAILED test_unique_dim.py::test_unique_dim_int[False-False-all_duplicate-dtype0-shape10-2]
FAILED test_unique_dim.py::test_unique_dim_int[False-False-all_duplicate-dtype0-shape11--2]
FAILED test_unique_dim.py::test_unique_dim_int[False-False-all_duplicate-dtype0-shape12-2]
FAILED test_unique_dim.py::test_unique_dim_int[False-False-all_duplicate-dtype0-shape13--1]
FAILED test_unique_dim.py::test_unique_dim_int[False-False-all_duplicate-dtype1-shape0-0]
FAILED test_unique_dim.py::test_unique_dim_int[False-False-all_duplicate-dtype1-shape1--1]
FAILED test_unique_dim.py::test_unique_dim_int[False-False-all_duplicate-dtype1-shape2-0]
FAILED test_unique_dim.py::test_unique_dim_int[False-False-all_duplicate-dtype1-shape3-1]
FAILED test_unique_dim.py::test_unique_dim_int[False-False-all_duplicate-dtype1-shape4--1]
FAILED test_unique_dim.py::test_unique_dim_int[False-False-all_duplicate-dtype1-shape5-0]
FAILED test_unique_dim.py::test_unique_dim_int[False-False-all_duplicate-dtype1-shape6-0]
FAILED test_unique_dim.py::test_unique_dim_int[False-False-all_duplicate-dtype1-shape7-1]
FAILED test_unique_dim.py::test_unique_dim_int[False-False-all_duplicate-dtype1-shape8-0]
FAILED test_unique_dim.py::test_unique_dim_int[False-False-all_duplicate-dtype1-shape9-1]
FAILED test_unique_dim.py::test_unique_dim_int[False-False-all_duplicate-dtype1-shape10-2]
FAILED test_unique_dim.py::test_unique_dim_int[False-False-all_duplicate-dtype1-shape11--2]
FAILED test_unique_dim.py::test_unique_dim_int[False-False-all_duplicate-dtype1-shape12-2]
FAILED test_unique_dim.py::test_unique_dim_int[False-False-all_duplicate-dtype1-shape13--1]
FAILED test_unique_dim.py::test_unique_dim_int[False-True-few_unique-dtype0-shape0-0]
FAILED test_unique_dim.py::test_unique_dim_int[False-True-few_unique-dtype0-shape1--1]
FAILED test_unique_dim.py::test_unique_dim_int[False-True-few_unique-dtype0-shape2-0]
FAILED test_unique_dim.py::test_unique_dim_int[False-True-few_unique-dtype0-shape3-1]
FAILED test_unique_dim.py::test_unique_dim_int[False-True-few_unique-dtype0-shape4--1]
FAILED test_unique_dim.py::test_unique_dim_int[False-True-few_unique-dtype0-shape5-0]
FAILED test_unique_dim.py::test_unique_dim_int[False-True-few_unique-dtype0-shape6-0]
FAILED test_unique_dim.py::test_unique_dim_int[False-True-few_unique-dtype0-shape7-1]
FAILED test_unique_dim.py::test_unique_dim_int[False-True-few_unique-dtype0-shape8-0]
FAILED test_unique_dim.py::test_unique_dim_int[False-True-few_unique-dtype0-shape9-1]
FAILED test_unique_dim.py::test_unique_dim_int[False-True-few_unique-dtype0-shape10-2]
FAILED test_unique_dim.py::test_unique_dim_int[False-True-few_unique-dtype0-shape11--2]
FAILED test_unique_dim.py::test_unique_dim_int[False-True-few_unique-dtype0-shape12-2]
FAILED test_unique_dim.py::test_unique_dim_int[False-True-few_unique-dtype0-shape13--1]
FAILED test_unique_dim.py::test_unique_dim_int[False-True-few_unique-dtype1-shape0-0]
FAILED test_unique_dim.py::test_unique_dim_int[False-True-few_unique-dtype1-shape1--1]
FAILED test_unique_dim.py::test_unique_dim_int[False-True-few_unique-dtype1-shape2-0]
FAILED test_unique_dim.py::test_unique_dim_int[False-True-few_unique-dtype1-shape3-1]
FAILED test_unique_dim.py::test_unique_dim_int[False-True-few_unique-dtype1-shape4--1]
FAILED test_unique_dim.py::test_unique_dim_int[False-True-few_unique-dtype1-shape5-0]
FAILED test_unique_dim.py::test_unique_dim_int[False-True-few_unique-dtype1-shape6-0]
FAILED test_unique_dim.py::test_unique_dim_int[False-True-few_unique-dtype1-shape7-1]
FAILED test_unique_dim.py::test_unique_dim_int[False-True-few_unique-dtype1-shape8-0]
FAILED test_unique_dim.py::test_unique_dim_int[False-True-few_unique-dtype1-shape9-1]
FAILED test_unique_dim.py::test_unique_dim_int[False-True-few_unique-dtype1-shape10-2]
FAILED test_unique_dim.py::test_unique_dim_int[False-True-few_unique-dtype1-shape11--2]
FAILED test_unique_dim.py::test_unique_dim_int[False-True-few_unique-dtype1-shape12-2]
FAILED test_unique_dim.py::test_unique_dim_int[False-True-few_unique-dtype1-shape13--1]
FAILED test_unique_dim.py::test_unique_dim_int[False-True-all_unique-dtype0-shape0-0]
FAILED test_unique_dim.py::test_unique_dim_int[False-True-all_unique-dtype0-shape1--1]
FAILED test_unique_dim.py::test_unique_dim_int[False-True-all_unique-dtype0-shape2-0]
FAILED test_unique_dim.py::test_unique_dim_int[False-True-all_unique-dtype0-shape3-1]
FAILED test_unique_dim.py::test_unique_dim_int[False-True-all_unique-dtype0-shape4--1]
FAILED test_unique_dim.py::test_unique_dim_int[False-True-all_unique-dtype0-shape5-0]
FAILED test_unique_dim.py::test_unique_dim_int[False-True-all_unique-dtype0-shape6-0]
FAILED test_unique_dim.py::test_unique_dim_int[False-True-all_unique-dtype0-shape7-1]
FAILED test_unique_dim.py::test_unique_dim_int[False-True-all_unique-dtype0-shape8-0]
FAILED test_unique_dim.py::test_unique_dim_int[False-True-all_unique-dtype0-shape9-1]
FAILED test_unique_dim.py::test_unique_dim_int[False-True-all_unique-dtype0-shape10-2]
FAILED test_unique_dim.py::test_unique_dim_int[False-True-all_unique-dtype0-shape11--2]
FAILED test_unique_dim.py::test_unique_dim_int[False-True-all_unique-dtype0-shape12-2]
FAILED test_unique_dim.py::test_unique_dim_int[False-True-all_unique-dtype0-shape13--1]
FAILED test_unique_dim.py::test_unique_dim_int[False-True-all_unique-dtype1-shape0-0]
FAILED test_unique_dim.py::test_unique_dim_int[False-True-all_unique-dtype1-shape1--1]
FAILED test_unique_dim.py::test_unique_dim_int[False-True-all_unique-dtype1-shape2-0]
FAILED test_unique_dim.py::test_unique_dim_int[False-True-all_unique-dtype1-shape3-1]
FAILED test_unique_dim.py::test_unique_dim_int[False-True-all_unique-dtype1-shape4--1]
FAILED test_unique_dim.py::test_unique_dim_int[False-True-all_unique-dtype1-shape5-0]
FAILED test_unique_dim.py::test_unique_dim_int[False-True-all_unique-dtype1-shape6-0]
FAILED test_unique_dim.py::test_unique_dim_int[False-True-all_unique-dtype1-shape7-1]
FAILED test_unique_dim.py::test_unique_dim_int[False-True-all_unique-dtype1-shape8-0]
FAILED test_unique_dim.py::test_unique_dim_int[False-True-all_unique-dtype1-shape9-1]
FAILED test_unique_dim.py::test_unique_dim_int[False-True-all_unique-dtype1-shape10-2]
FAILED test_unique_dim.py::test_unique_dim_int[False-True-all_unique-dtype1-shape11--2]
FAILED test_unique_dim.py::test_unique_dim_int[False-True-all_unique-dtype1-shape12-2]
FAILED test_unique_dim.py::test_unique_dim_int[False-True-all_unique-dtype1-shape13--1]
FAILED test_unique_dim.py::test_unique_dim_int[False-True-all_duplicate-dtype0-shape0-0]
FAILED test_unique_dim.py::test_unique_dim_int[False-True-all_duplicate-dtype0-shape1--1]
FAILED test_unique_dim.py::test_unique_dim_int[False-True-all_duplicate-dtype0-shape2-0]
FAILED test_unique_dim.py::test_unique_dim_int[False-True-all_duplicate-dtype0-shape3-1]
FAILED test_unique_dim.py::test_unique_dim_int[False-True-all_duplicate-dtype0-shape4--1]
FAILED test_unique_dim.py::test_unique_dim_int[False-True-all_duplicate-dtype0-shape5-0]
FAILED test_unique_dim.py::test_unique_dim_int[False-True-all_duplicate-dtype0-shape6-0]
FAILED test_unique_dim.py::test_unique_dim_int[False-True-all_duplicate-dtype0-shape7-1]
FAILED test_unique_dim.py::test_unique_dim_int[False-True-all_duplicate-dtype0-shape8-0]
FAILED test_unique_dim.py::test_unique_dim_int[False-True-all_duplicate-dtype0-shape9-1]
FAILED test_unique_dim.py::test_unique_dim_int[False-True-all_duplicate-dtype0-shape10-2]
FAILED test_unique_dim.py::test_unique_dim_int[False-True-all_duplicate-dtype0-shape11--2]
FAILED test_unique_dim.py::test_unique_dim_int[False-True-all_duplicate-dtype0-shape12-2]
FAILED test_unique_dim.py::test_unique_dim_int[False-True-all_duplicate-dtype0-shape13--1]
FAILED test_unique_dim.py::test_unique_dim_int[False-True-all_duplicate-dtype1-shape0-0]
FAILED test_unique_dim.py::test_unique_dim_int[False-True-all_duplicate-dtype1-shape1--1]
FAILED test_unique_dim.py::test_unique_dim_int[False-True-all_duplicate-dtype1-shape2-0]
FAILED test_unique_dim.py::test_unique_dim_int[False-True-all_duplicate-dtype1-shape3-1]
FAILED test_unique_dim.py::test_unique_dim_int[False-True-all_duplicate-dtype1-shape4--1]
FAILED test_unique_dim.py::test_unique_dim_int[False-True-all_duplicate-dtype1-shape5-0]
FAILED test_unique_dim.py::test_unique_dim_int[False-True-all_duplicate-dtype1-shape6-0]
FAILED test_unique_dim.py::test_unique_dim_int[False-True-all_duplicate-dtype1-shape7-1]
FAILED test_unique_dim.py::test_unique_dim_int[False-True-all_duplicate-dtype1-shape8-0]
FAILED test_unique_dim.py::test_unique_dim_int[False-True-all_duplicate-dtype1-shape9-1]
FAILED test_unique_dim.py::test_unique_dim_int[False-True-all_duplicate-dtype1-shape10-2]
FAILED test_unique_dim.py::test_unique_dim_int[False-True-all_duplicate-dtype1-shape11--2]
FAILED test_unique_dim.py::test_unique_dim_int[False-True-all_duplicate-dtype1-shape12-2]
FAILED test_unique_dim.py::test_unique_dim_int[False-True-all_duplicate-dtype1-shape13--1]
FAILED test_unique_dim.py::test_unique_dim_int[True-False-few_unique-dtype0-shape0-0]
FAILED test_unique_dim.py::test_unique_dim_int[True-False-few_unique-dtype0-shape1--1]
FAILED test_unique_dim.py::test_unique_dim_int[True-False-few_unique-dtype0-shape2-0]
FAILED test_unique_dim.py::test_unique_dim_int[True-False-few_unique-dtype0-shape3-1]
FAILED test_unique_dim.py::test_unique_dim_int[True-False-few_unique-dtype0-shape4--1]
FAILED test_unique_dim.py::test_unique_dim_int[True-False-few_unique-dtype0-shape5-0]
FAILED test_unique_dim.py::test_unique_dim_int[True-False-few_unique-dtype0-shape6-0]
FAILED test_unique_dim.py::test_unique_dim_int[True-False-few_unique-dtype0-shape7-1]
FAILED test_unique_dim.py::test_unique_dim_int[True-False-few_unique-dtype0-shape8-0]
FAILED test_unique_dim.py::test_unique_dim_int[True-False-few_unique-dtype0-shape9-1]
FAILED test_unique_dim.py::test_unique_dim_int[True-False-few_unique-dtype0-shape10-2]
FAILED test_unique_dim.py::test_unique_dim_int[True-False-few_unique-dtype0-shape11--2]
FAILED test_unique_dim.py::test_unique_dim_int[True-False-few_unique-dtype0-shape12-2]
FAILED test_unique_dim.py::test_unique_dim_int[True-False-few_unique-dtype0-shape13--1]
FAILED test_unique_dim.py::test_unique_dim_int[True-False-few_unique-dtype1-shape0-0]
FAILED test_unique_dim.py::test_unique_dim_int[True-False-few_unique-dtype1-shape1--1]
FAILED test_unique_dim.py::test_unique_dim_int[True-False-few_unique-dtype1-shape2-0]
FAILED test_unique_dim.py::test_unique_dim_int[True-False-few_unique-dtype1-shape3-1]
FAILED test_unique_dim.py::test_unique_dim_int[True-False-few_unique-dtype1-shape4--1]
FAILED test_unique_dim.py::test_unique_dim_int[True-False-few_unique-dtype1-shape5-0]
FAILED test_unique_dim.py::test_unique_dim_int[True-False-few_unique-dtype1-shape6-0]
FAILED test_unique_dim.py::test_unique_dim_int[True-False-few_unique-dtype1-shape7-1]
FAILED test_unique_dim.py::test_unique_dim_int[True-False-few_unique-dtype1-shape8-0]
FAILED test_unique_dim.py::test_unique_dim_int[True-False-few_unique-dtype1-shape9-1]
FAILED test_unique_dim.py::test_unique_dim_int[True-False-few_unique-dtype1-shape10-2]
FAILED test_unique_dim.py::test_unique_dim_int[True-False-few_unique-dtype1-shape11--2]
FAILED test_unique_dim.py::test_unique_dim_int[True-False-few_unique-dtype1-shape12-2]
FAILED test_unique_dim.py::test_unique_dim_int[True-False-few_unique-dtype1-shape13--1]
FAILED test_unique_dim.py::test_unique_dim_int[True-False-all_unique-dtype0-shape0-0]
FAILED test_unique_dim.py::test_unique_dim_int[True-False-all_unique-dtype0-shape1--1]
FAILED test_unique_dim.py::test_unique_dim_int[True-False-all_unique-dtype0-shape2-0]
FAILED test_unique_dim.py::test_unique_dim_int[True-False-all_unique-dtype0-shape3-1]
FAILED test_unique_dim.py::test_unique_dim_int[True-False-all_unique-dtype0-shape4--1]
FAILED test_unique_dim.py::test_unique_dim_int[True-False-all_unique-dtype0-shape5-0]
FAILED test_unique_dim.py::test_unique_dim_int[True-False-all_unique-dtype0-shape6-0]
FAILED test_unique_dim.py::test_unique_dim_int[True-False-all_unique-dtype0-shape7-1]
FAILED test_unique_dim.py::test_unique_dim_int[True-False-all_unique-dtype0-shape8-0]
FAILED test_unique_dim.py::test_unique_dim_int[True-False-all_unique-dtype0-shape9-1]
FAILED test_unique_dim.py::test_unique_dim_int[True-False-all_unique-dtype0-shape10-2]
FAILED test_unique_dim.py::test_unique_dim_int[True-False-all_unique-dtype0-shape11--2]
FAILED test_unique_dim.py::test_unique_dim_int[True-False-all_unique-dtype0-shape12-2]
FAILED test_unique_dim.py::test_unique_dim_int[True-False-all_unique-dtype0-shape13--1]
FAILED test_unique_dim.py::test_unique_dim_int[True-False-all_unique-dtype1-shape0-0]
FAILED test_unique_dim.py::test_unique_dim_int[True-False-all_unique-dtype1-shape1--1]
FAILED test_unique_dim.py::test_unique_dim_int[True-False-all_unique-dtype1-shape2-0]
FAILED test_unique_dim.py::test_unique_dim_int[True-False-all_unique-dtype1-shape3-1]
FAILED test_unique_dim.py::test_unique_dim_int[True-False-all_unique-dtype1-shape4--1]
FAILED test_unique_dim.py::test_unique_dim_int[True-False-all_unique-dtype1-shape5-0]
FAILED test_unique_dim.py::test_unique_dim_int[True-False-all_unique-dtype1-shape6-0]
FAILED test_unique_dim.py::test_unique_dim_int[True-False-all_unique-dtype1-shape7-1]
FAILED test_unique_dim.py::test_unique_dim_int[True-False-all_unique-dtype1-shape8-0]
FAILED test_unique_dim.py::test_unique_dim_int[True-False-all_unique-dtype1-shape9-1]
FAILED test_unique_dim.py::test_unique_dim_int[True-False-all_unique-dtype1-shape10-2]
FAILED test_unique_dim.py::test_unique_dim_int[True-False-all_unique-dtype1-shape11--2]
FAILED test_unique_dim.py::test_unique_dim_int[True-False-all_unique-dtype1-shape12-2]
FAILED test_unique_dim.py::test_unique_dim_int[True-False-all_unique-dtype1-shape13--1]
FAILED test_unique_dim.py::test_unique_dim_int[True-False-all_duplicate-dtype0-shape0-0]
FAILED test_unique_dim.py::test_unique_dim_int[True-False-all_duplicate-dtype0-shape1--1]
FAILED test_unique_dim.py::test_unique_dim_int[True-False-all_duplicate-dtype0-shape2-0]
FAILED test_unique_dim.py::test_unique_dim_int[True-False-all_duplicate-dtype0-shape3-1]
FAILED test_unique_dim.py::test_unique_dim_int[True-False-all_duplicate-dtype0-shape4--1]
FAILED test_unique_dim.py::test_unique_dim_int[True-False-all_duplicate-dtype0-shape5-0]
FAILED test_unique_dim.py::test_unique_dim_int[True-False-all_duplicate-dtype0-shape6-0]
FAILED test_unique_dim.py::test_unique_dim_int[True-False-all_duplicate-dtype0-shape7-1]
FAILED test_unique_dim.py::test_unique_dim_int[True-False-all_duplicate-dtype0-shape8-0]
FAILED test_unique_dim.py::test_unique_dim_int[True-False-all_duplicate-dtype0-shape9-1]
FAILED test_unique_dim.py::test_unique_dim_int[True-False-all_duplicate-dtype0-shape10-2]
FAILED test_unique_dim.py::test_unique_dim_int[True-False-all_duplicate-dtype0-shape11--2]
FAILED test_unique_dim.py::test_unique_dim_int[True-False-all_duplicate-dtype0-shape12-2]
FAILED test_unique_dim.py::test_unique_dim_int[True-False-all_duplicate-dtype0-shape13--1]
FAILED test_unique_dim.py::test_unique_dim_int[True-False-all_duplicate-dtype1-shape0-0]
FAILED test_unique_dim.py::test_unique_dim_int[True-False-all_duplicate-dtype1-shape1--1]
FAILED test_unique_dim.py::test_unique_dim_int[True-False-all_duplicate-dtype1-shape2-0]
FAILED test_unique_dim.py::test_unique_dim_int[True-False-all_duplicate-dtype1-shape3-1]
FAILED test_unique_dim.py::test_unique_dim_int[True-False-all_duplicate-dtype1-shape4--1]
FAILED test_unique_dim.py::test_unique_dim_int[True-False-all_duplicate-dtype1-shape5-0]
FAILED test_unique_dim.py::test_unique_dim_int[True-False-all_duplicate-dtype1-shape6-0]
FAILED test_unique_dim.py::test_unique_dim_int[True-False-all_duplicate-dtype1-shape7-1]
FAILED test_unique_dim.py::test_unique_dim_int[True-False-all_duplicate-dtype1-shape8-0]
FAILED test_unique_dim.py::test_unique_dim_int[True-False-all_duplicate-dtype1-shape9-1]
FAILED test_unique_dim.py::test_unique_dim_int[True-False-all_duplicate-dtype1-shape10-2]
FAILED test_unique_dim.py::test_unique_dim_int[True-False-all_duplicate-dtype1-shape11--2]
FAILED test_unique_dim.py::test_unique_dim_int[True-False-all_duplicate-dtype1-shape12-2]
FAILED test_unique_dim.py::test_unique_dim_int[True-False-all_duplicate-dtype1-shape13--1]
FAILED test_unique_dim.py::test_unique_dim_int[True-True-few_unique-dtype0-shape0-0]
FAILED test_unique_dim.py::test_unique_dim_int[True-True-few_unique-dtype0-shape1--1]
FAILED test_unique_dim.py::test_unique_dim_int[True-True-few_unique-dtype0-shape2-0]
FAILED test_unique_dim.py::test_unique_dim_int[True-True-few_unique-dtype0-shape3-1]
FAILED test_unique_dim.py::test_unique_dim_int[True-True-few_unique-dtype0-shape4--1]
FAILED test_unique_dim.py::test_unique_dim_int[True-True-few_unique-dtype0-shape5-0]
FAILED test_unique_dim.py::test_unique_dim_int[True-True-few_unique-dtype0-shape6-0]
FAILED test_unique_dim.py::test_unique_dim_int[True-True-few_unique-dtype0-shape7-1]
FAILED test_unique_dim.py::test_unique_dim_int[True-True-few_unique-dtype0-shape8-0]
FAILED test_unique_dim.py::test_unique_dim_int[True-True-few_unique-dtype0-shape9-1]
FAILED test_unique_dim.py::test_unique_dim_int[True-True-few_unique-dtype0-shape10-2]
FAILED test_unique_dim.py::test_unique_dim_int[True-True-few_unique-dtype0-shape11--2]
FAILED test_unique_dim.py::test_unique_dim_int[True-True-few_unique-dtype0-shape12-2]
FAILED test_unique_dim.py::test_unique_dim_int[True-True-few_unique-dtype0-shape13--1]
FAILED test_unique_dim.py::test_unique_dim_int[True-True-few_unique-dtype1-shape0-0]
FAILED test_unique_dim.py::test_unique_dim_int[True-True-few_unique-dtype1-shape1--1]
FAILED test_unique_dim.py::test_unique_dim_int[True-True-few_unique-dtype1-shape2-0]
FAILED test_unique_dim.py::test_unique_dim_int[True-True-few_unique-dtype1-shape3-1]
FAILED test_unique_dim.py::test_unique_dim_int[True-True-few_unique-dtype1-shape4--1]
FAILED test_unique_dim.py::test_unique_dim_int[True-True-few_unique-dtype1-shape5-0]
FAILED test_unique_dim.py::test_unique_dim_int[True-True-few_unique-dtype1-shape6-0]
FAILED test_unique_dim.py::test_unique_dim_int[True-True-few_unique-dtype1-shape7-1]
FAILED test_unique_dim.py::test_unique_dim_int[True-True-few_unique-dtype1-shape8-0]
FAILED test_unique_dim.py::test_unique_dim_int[True-True-few_unique-dtype1-shape9-1]
FAILED test_unique_dim.py::test_unique_dim_int[True-True-few_unique-dtype1-shape10-2]
FAILED test_unique_dim.py::test_unique_dim_int[True-True-few_unique-dtype1-shape11--2]
FAILED test_unique_dim.py::test_unique_dim_int[True-True-few_unique-dtype1-shape12-2]
FAILED test_unique_dim.py::test_unique_dim_int[True-True-few_unique-dtype1-shape13--1]
FAILED test_unique_dim.py::test_unique_dim_int[True-True-all_unique-dtype0-shape0-0]
FAILED test_unique_dim.py::test_unique_dim_int[True-True-all_unique-dtype0-shape1--1]
FAILED test_unique_dim.py::test_unique_dim_int[True-True-all_unique-dtype0-shape2-0]
FAILED test_unique_dim.py::test_unique_dim_int[True-True-all_unique-dtype0-shape3-1]
FAILED test_unique_dim.py::test_unique_dim_int[True-True-all_unique-dtype0-shape4--1]
FAILED test_unique_dim.py::test_unique_dim_int[True-True-all_unique-dtype0-shape5-0]
FAILED test_unique_dim.py::test_unique_dim_int[True-True-all_unique-dtype0-shape6-0]
FAILED test_unique_dim.py::test_unique_dim_int[True-True-all_unique-dtype0-shape7-1]
FAILED test_unique_dim.py::test_unique_dim_int[True-True-all_unique-dtype0-shape8-0]
FAILED test_unique_dim.py::test_unique_dim_int[True-True-all_unique-dtype0-shape9-1]
FAILED test_unique_dim.py::test_unique_dim_int[True-True-all_unique-dtype0-shape10-2]
FAILED test_unique_dim.py::test_unique_dim_int[True-True-all_unique-dtype0-shape11--2]
FAILED test_unique_dim.py::test_unique_dim_int[True-True-all_unique-dtype0-shape12-2]
FAILED test_unique_dim.py::test_unique_dim_int[True-True-all_unique-dtype0-shape13--1]
FAILED test_unique_dim.py::test_unique_dim_int[True-True-all_unique-dtype1-shape0-0]
FAILED test_unique_dim.py::test_unique_dim_int[True-True-all_unique-dtype1-shape1--1]
FAILED test_unique_dim.py::test_unique_dim_int[True-True-all_unique-dtype1-shape2-0]
FAILED test_unique_dim.py::test_unique_dim_int[True-True-all_unique-dtype1-shape3-1]
FAILED test_unique_dim.py::test_unique_dim_int[True-True-all_unique-dtype1-shape4--1]
FAILED test_unique_dim.py::test_unique_dim_int[True-True-all_unique-dtype1-shape5-0]
FAILED test_unique_dim.py::test_unique_dim_int[True-True-all_unique-dtype1-shape6-0]
FAILED test_unique_dim.py::test_unique_dim_int[True-True-all_unique-dtype1-shape7-1]
FAILED test_unique_dim.py::test_unique_dim_int[True-True-all_unique-dtype1-shape8-0]
FAILED test_unique_dim.py::test_unique_dim_int[True-True-all_unique-dtype1-shape9-1]
FAILED test_unique_dim.py::test_unique_dim_int[True-True-all_unique-dtype1-shape10-2]
FAILED test_unique_dim.py::test_unique_dim_int[True-True-all_unique-dtype1-shape11--2]
FAILED test_unique_dim.py::test_unique_dim_int[True-True-all_unique-dtype1-shape12-2]
FAILED test_unique_dim.py::test_unique_dim_int[True-True-all_unique-dtype1-shape13--1]
FAILED test_unique_dim.py::test_unique_dim_int[True-True-all_duplicate-dtype0-shape0-0]
FAILED test_unique_dim.py::test_unique_dim_int[True-True-all_duplicate-dtype0-shape1--1]
FAILED test_unique_dim.py::test_unique_dim_int[True-True-all_duplicate-dtype0-shape2-0]
FAILED test_unique_dim.py::test_unique_dim_int[True-True-all_duplicate-dtype0-shape3-1]
FAILED test_unique_dim.py::test_unique_dim_int[True-True-all_duplicate-dtype0-shape4--1]
FAILED test_unique_dim.py::test_unique_dim_int[True-True-all_duplicate-dtype0-shape5-0]
FAILED test_unique_dim.py::test_unique_dim_int[True-True-all_duplicate-dtype0-shape6-0]
FAILED test_unique_dim.py::test_unique_dim_int[True-True-all_duplicate-dtype0-shape7-1]
FAILED test_unique_dim.py::test_unique_dim_int[True-True-all_duplicate-dtype0-shape8-0]
FAILED test_unique_dim.py::test_unique_dim_int[True-True-all_duplicate-dtype0-shape9-1]
FAILED test_unique_dim.py::test_unique_dim_int[True-True-all_duplicate-dtype0-shape10-2]
FAILED test_unique_dim.py::test_unique_dim_int[True-True-all_duplicate-dtype0-shape11--2]
FAILED test_unique_dim.py::test_unique_dim_int[True-True-all_duplicate-dtype0-shape12-2]
FAILED test_unique_dim.py::test_unique_dim_int[True-True-all_duplicate-dtype0-shape13--1]
FAILED test_unique_dim.py::test_unique_dim_int[True-True-all_duplicate-dtype1-shape0-0]
FAILED test_unique_dim.py::test_unique_dim_int[True-True-all_duplicate-dtype1-shape1--1]
FAILED test_unique_dim.py::test_unique_dim_int[True-True-all_duplicate-dtype1-shape2-0]
FAILED test_unique_dim.py::test_unique_dim_int[True-True-all_duplicate-dtype1-shape3-1]
FAILED test_unique_dim.py::test_unique_dim_int[True-True-all_duplicate-dtype1-shape4--1]
FAILED test_unique_dim.py::test_unique_dim_int[True-True-all_duplicate-dtype1-shape5-0]
FAILED test_unique_dim.py::test_unique_dim_int[True-True-all_duplicate-dtype1-shape6-0]
FAILED test_unique_dim.py::test_unique_dim_int[True-True-all_duplicate-dtype1-shape7-1]
FAILED test_unique_dim.py::test_unique_dim_int[True-True-all_duplicate-dtype1-shape8-0]
FAILED test_unique_dim.py::test_unique_dim_int[True-True-all_duplicate-dtype1-shape9-1]
FAILED test_unique_dim.py::test_unique_dim_int[True-True-all_duplicate-dtype1-shape10-2]
FAILED test_unique_dim.py::test_unique_dim_int[True-True-all_duplicate-dtype1-shape11--2]
FAILED test_unique_dim.py::test_unique_dim_int[True-True-all_duplicate-dtype1-shape12-2]
FAILED test_unique_dim.py::test_unique_dim_int[True-True-all_duplicate-dtype1-shape13--1]
FAILED test_unique_dim.py::test_unique_dim_float[True-True-dtype0-shape0-0]
FAILED test_unique_dim.py::test_unique_dim_float[True-True-dtype0-shape1-1]
FAILED test_unique_dim.py::test_unique_dim_float[True-True-dtype0-shape2-1]
FAILED test_unique_dim.py::test_unique_dim_float[True-True-dtype0-shape3--1]
FAILED test_unique_dim.py::test_unique_dim_float[True-True-dtype1-shape0-0]
FAILED test_unique_dim.py::test_unique_dim_float[True-True-dtype1-shape1-1]
FAILED test_unique_dim.py::test_unique_dim_float[True-True-dtype1-shape2-1]
FAILED test_unique_dim.py::test_unique_dim_float[True-True-dtype1-shape3--1]
FAILED test_unique_dim.py::test_unique_dim_float[True-True-dtype2-shape0-0]
FAILED test_unique_dim.py::test_unique_dim_float[True-True-dtype2-shape1-1]
FAILED test_unique_dim.py::test_unique_dim_float[True-True-dtype2-shape2-1]
FAILED test_unique_dim.py::test_unique_dim_float[True-True-dtype2-shape3--1]
FAILED test_unique_dim.py::test_unique_dim_aten_returns_three_tensors[False-False]
FAILED test_unique_dim.py::test_unique_dim_aten_returns_three_tensors[False-True]
FAILED test_unique_dim.py::test_unique_dim_aten_returns_three_tensors[True-False]
FAILED test_unique_dim.py::test_unique_dim_aten_returns_three_tensors[True-True]
============== 352 failed, 49599 deselected, 1 warning in 30.32s ===============
