============================= test session starts ==============================
platform linux -- Python 3.10.18, pytest-9.1.1, pluggy-1.6.0 -- /root/miniconda/envs/python310_torch29_cuda/bin/python3.10
cachedir: .pytest_cache
rootdir: /workspace/FlagGems
configfile: pytest.ini
plugins: anyio-4.9.0, typeguard-4.3.0
collecting ... WARNING 07-23 23:44:22 [interface.py:226] Failed to import from vllm._C: ImportError('/root/miniconda/envs/python310_torch29_cuda/lib/python3.10/site-packages/vllm/_C.abi3.so: undefined symbol: _ZN3c104cuda29c10_cuda_check_implementationEiPKcS2_jb')
WARNING 07-23 23:44:24 [interface.py:599] Current platform  does not have '__test__' attribute.
WARNING 07-23 23:44:24 [interface.py:599] Current platform  does not have '__bases__' attribute.
WARNING 07-23 23:44:24 [interface.py:599] Current platform  does not have '__test__' attribute.
WARNING 07-23 23:44:24 [interface.py:599] Current platform  does not have '__test__' attribute.
WARNING 07-23 23:44:24 [interface.py:599] Current platform  does not have '__bases__' attribute.
WARNING 07-23 23:44:24 [interface.py:599] Current platform  does not have '__test__' attribute.
WARNING 07-23 23:44:24 [interface.py:599] Current platform  does not have '__test__' attribute.
WARNING 07-23 23:44:24 [interface.py:599] Current platform  does not have '__bases__' attribute.
WARNING 07-23 23:44:24 [interface.py:599] Current platform  does not have '__test__' attribute.
ERROR 07-23 23:44:25 [config.py:29] Failed to import Triton kernels. Please make sure your triton version is compatible. Error: No module named 'triton.language.target_info'
collected 49951 items / 49933 deselected / 18 selected

test_digamma.py::test_digamma[dtype0-shape0] PASSED
test_digamma.py::test_digamma[dtype0-shape1] PASSED
test_digamma.py::test_digamma[dtype0-shape2] PASSED
test_digamma.py::test_digamma[dtype0-shape3] PASSED
test_digamma.py::test_digamma[dtype0-shape4] PASSED
test_digamma.py::test_digamma[dtype0-shape5] PASSED
test_digamma.py::test_digamma[dtype1-shape0] FAILED
test_digamma.py::test_digamma[dtype1-shape1] FAILED
test_digamma.py::test_digamma[dtype1-shape2] FAILED
test_digamma.py::test_digamma[dtype1-shape3] FAILED
test_digamma.py::test_digamma[dtype1-shape4] FAILED
test_digamma.py::test_digamma[dtype1-shape5] FAILED
test_digamma.py::test_digamma[dtype2-shape0] FAILED
test_digamma.py::test_digamma[dtype2-shape1] FAILED
test_digamma.py::test_digamma[dtype2-shape2] FAILED
test_digamma.py::test_digamma[dtype2-shape3] FAILED
test_digamma.py::test_digamma[dtype2-shape4] FAILED
test_digamma.py::test_digamma[dtype2-shape5] FAILED

=================================== FAILURES ===================================
_________________________ test_digamma[dtype1-shape0] __________________________

mod = <triton._C.libtriton.ir.module object at 0x7f6f21c52f70>
metadata = {'hash': '09418cc8c3efebdfe2c16c5f9c450d0839eee006b901e5a40404b0fcf8932c4d', 'target': GPUTarget(backend='xpu', arch=3, warp_size=1), 'arch': 3, 'grid': <function digamma.<locals>.<lambda> at 0x7f6f23b379a0>, ...}
opt = XPUOptions(arch=3, grid=<function digamma.<locals>.<lambda> at 0x7f6f23b379a0>, debug=None, cluster_num=12, core_num=6...ed_dot_input_precisions=('ieee', 'tf32'), exp_range=':0', num_warps=-1, num_ctas=-1, num_stages=1, use_int4_w4a8=False)

    @staticmethod
    def make_ttxir(mod, metadata, opt):
        metadata["xpu_arch"] = opt.arch
        metadata["is_sdnn"] = opt.is_sdnn or xpu.is_sdnn_kernel(mod)
        metadata["tensor_args"] = xpu.get_tensor_args(mod, []) if metadata["is_sdnn"] is True else []
        metadata["shared"] = (-1)  # TODO: invalid value, just to keep CompiledKernel _init_handles() success
    
        max_buffer_size = metadata["buffer_size_limit"]
        elem_bytes = int(os.environ.get("TRITONXPU_ELEMBYTES", 0))
        groups_per_cluster = metadata["groups_per_cluster"]
        unroll_num = metadata["unroll_num"]
        XPUBackend.buffer_len = xpu.get_buffer_len(mod, max_buffer_size, elem_bytes)
        # print(f"XPUBackend.buffer_len = {XPUBackend.buffer_len}")
        core_num = metadata["core_num"]
        # F/O Prefix For Function/Optimization Macro
        is_use_mask_zero = metadata["is_use_mask_zero"]
        if is_use_mask_zero:
            warnings.warn(
                f'XRE Version Must Be More than 5.0.21.37 (After 2025.07.22). And echo 1 > /proc/kunlun/dev4/dma_excp_mask',
                UserWarning)
        TTXPU_F_INTERLEAVE = 0 if metadata["grid"] != (12, 1, 1) else int(os.environ.get("TRITONXPU_INTERLEAVE", 1))
        TTXPU_F_OHTER_VALUE_SIM = int(os.environ.get("TRITONXPU_OTHER_SIM", 0))
        TTXPU_F_STORE_MASK_SIM = int(os.environ.get("TRITONXPU_STORE_MASK_SIM", 0))
        TTXPU_F_DTYPE_CONVERT = 0 if metadata["isCloseDtypeConvert"] else int(
            os.environ.get("TRITONXPU_DTYPE_CONVERT", 1))
        TTXPU_O_ATOMIC_SIM = 0 if metadata["isCLOSE_TTXPU_O_ATOMIC_SIM"] else int(
            os.environ.get("TRITONXPU_ATOMIC_SIM", 1))
        TTXPU_O_CLOSE_OPT = int(os.environ.get("TRITONXPU_CLOSE_OPTIMIZE", 0))
        TTSDNN_F_SINGLE_CORE_MODE = int(os.environ.get("TRITON_SDNN_SINGLE_CODE_MODE", 0))
        TTSDNN_F_MATMUL_FAST_MODE = int(os.environ.get("XMLIR_MATMUL_FAST_MODE", 0))
        TTSDNN_F_DMA_MODE = int(os.environ.get("XMLIR_DMA_FAST_MODE", 0))
    
        if opt.isClusterOneCoreActOnly and TTXPU_F_OHTER_VALUE_SIM:
            assert 0, "isClusterOneCoreActOnly and TRITONXPU_OTHER_SIM can't act simultaneously"
    
        pm = ir.pass_manager(mod.context)
        pm.enable_debug()
        xpu.passes.ttsdnnir.add_tritonsdnn_strip_all_ops_pass(pm, opt.arch)
        if metadata["is_sdnn"]:
            if opt.arch < 4:
                if metadata["use_int4_w4a8"] == True:
                    xpu.passes.ttsdnnir.add_triton_convert_type_pass(pm, opt.arch, 2)
                else:
                    xpu.passes.ttsdnnir.add_triton_convert_type_pass(pm, opt.arch, TTSDNN_F_MATMUL_FAST_MODE)
            xpu.passes.ttsdnnir.add_convert_triton_to_tritonsdnn_pass(pm, opt.arch)
            xpu.passes.ttsdnnir.add_linalg_to_tritonsdnn_pass(pm, opt.arch)
            xpu.passes.ttsdnnir.add_tritonsdnn_legalize_pass(pm, opt.arch)
            xpu.passes.ttsdnnir.add_tritonsdnn_combine_before_pass(pm, opt.arch)
            xpu.passes.ttsdnnir.add_tritonsdnn_bufferize_pass(pm, opt.arch)
            xpu.passes.ttsdnnir.add_tritonsdnn_combine_pass(pm, opt.arch)
            if opt.exp_range != ":0":
                res = parse_floating_range_string(opt.exp_range)
                xpu.passes.ttsdnnir.add_tritonsdnn_ew_act_table_pass(pm, res)
            else:
                xpu.passes.ttsdnnir.add_tritonsdnn_ew_act_table_pass(pm, None)
            xpu.passes.ttsdnnir.add_tritonsdnn_loop_grid_pass(pm)
            if opt.arch == 4 and TTSDNN_F_DMA_MODE:
                xpu.passes.ttsdnnir.add_tritonsdnn_remove_ds_op_pass(pm, opt.arch)
            if not TTSDNN_F_SINGLE_CORE_MODE:
                xpu.passes.ttsdnnir.add_tritonsdnn_pipeline_pass(pm)
    
            xpu.passes.ttsdnnir.add_tritonsdnn_multi_buffer_pass(pm, opt.arch, opt.num_stages)
            passes.common.add_symbol_dce(pm)
            passes.common.add_canonicalizer(pm)
            passes.common.add_cse(pm)
        else:
            xpu.passes.ttxpuir.add_convert_triton_to_tritonxpu_pass(pm, opt.arch, XPUBackend.buffer_len, core_num)
            xpu.passes.ttxpuir.add_tritonxpu_print_pass(pm)
            xpu.passes.ttxpuir.add_tritonxpu_gm2lm_pass(pm, opt.arch, TTXPU_O_ATOMIC_SIM, opt.isClusterOneCoreActOnly,
                                                        is_use_mask_zero)
            if not metadata["isCloseMemoryCache"]:
                xpu.passes.ttxpuir.add_tritonxpu_memory_cache_pass(pm, XPUBackend.buffer_len,
                                                                   core_num) if not TTXPU_O_CLOSE_OPT else None
            passes.common.add_canonicalizer(pm)
            if TTXPU_F_DTYPE_CONVERT:
                xpu.passes.ttxpuir.add_tritonxpu_dtype_convert_pass(pm, opt.arch)
            if not metadata["isCloseCoreTiling"]:
                xpu.passes.ttxpuir.add_tritonxpu_core_tiling_pass(
                    pm, 0, XPUBackend.buffer_len, core_num,
                    groups_per_cluster) if not TTXPU_O_CLOSE_OPT else None  # dumpFlag=0
            # xpu.passes.ttxpuir.add_tritonxpu_lm_to_sm_pass(pm)
            passes.common.add_cse(pm)
            if not metadata["isCloseOffsetAnalysis"]:
                xpu.passes.ttxpuir.add_tritonxpu_offset_state_pass(
                    pm, 0, XPUBackend.buffer_len, is_use_mask_zero) if not TTXPU_O_CLOSE_OPT else None  # dumpFlag=0
            passes.common.add_canonicalizer(pm)
            xpu.passes.ttxpuir.add_tritonxpu_legalize_pass(pm, XPUBackend.buffer_len, core_num, groups_per_cluster,
                                                           is_use_mask_zero)
            passes.common.add_canonicalizer(pm)
            if not TTXPU_F_OHTER_VALUE_SIM:
                xpu.passes.ttxpuir.add_tritonxpu_mask_pass(pm, opt.isClusterOneCoreActOnly, is_use_mask_zero)
            passes.common.add_canonicalizer(pm)
            passes.common.add_cse(pm)
            passes.common.add_licm(pm)
            passes.common.add_symbol_dce(pm)
            if not metadata["isCloseInterleave"] and TTXPU_F_INTERLEAVE:
                xpu.passes.ttxpuir.add_tritonxpu_interleave_pass(pm) if not TTXPU_O_CLOSE_OPT else None
            passes.common.add_canonicalizer(pm)
            if not metadata["isCloseVectorization"]:
                compareFusion = int(os.environ.get("TRITONXPU_COMPARE_FUSION", 0))
                xpu.passes.ttxpuir.add_tritonxpu_vectorize_pass(
                    pm, 0, compareFusion) if not TTXPU_O_CLOSE_OPT else None  # dumpFlag=0
            passes.common.add_canonicalizer(pm)
            xpu.passes.ttxpuir.add_tritonxpu_alloca_pass(pm, XPUBackend.buffer_len, core_num)
            if not metadata["isCloseMemoryAsync"]:
                xpu.passes.ttxpuir.add_tritonxpu_memory_async_pass(pm,
                                                                   0) if not TTXPU_O_CLOSE_OPT else None  # dumpFlag=0
            if not metadata["isCloseUnrollControl"]:
                xpu.passes.ttxpuir.add_tritonxpu_unroll_control_pass(pm, XPUBackend.buffer_len, core_num,
                                                                     is_use_mask_zero,
                                                                     unroll_num) if not TTXPU_O_CLOSE_OPT else None
            xpu.passes.ttxpuir.add_tritonxpu_store_control_pass(pm) if not TTXPU_O_CLOSE_OPT else None
            if not TTXPU_F_OHTER_VALUE_SIM:
                xpu.passes.ttxpuir.add_tritonxpu_other_sim_pass(pm, XPUBackend.buffer_len, core_num)
            xpu.passes.ttxpuir.add_tritonxpu_memory_inplace_pass(pm, XPUBackend.buffer_len,
                                                                 core_num) if not TTXPU_O_CLOSE_OPT else None
            if not metadata["isCloseClusterLoopGrid"]:
                xpu.passes.ttxpuir.add_tritonxpu_cf_to_scf_pass(pm)
                xpu.passes.ttxpuir.add_tritonxpu_loop_grid_pass(pm)
            passes.common.add_cse(pm)
            passes.common.add_licm(pm)
            passes.common.add_symbol_dce(pm)
    
        try:
>           pm.run(mod)
E           RuntimeError: PassManager::run failed

/root/miniconda/envs/python310_torch29_cuda/lib/python3.10/site-packages/triton/backends/xpu/compiler.py:329: RuntimeError

During handling of the above exception, another exception occurred:

shape = (), dtype = torch.float32

    @pytest.mark.digamma
    @pytest.mark.parametrize("shape", utils.POINTWISE_SHAPES)
    @pytest.mark.parametrize("dtype", utils.FLOAT_DTYPES)
    def test_digamma(shape, dtype):
        inp = torch.rand(shape, dtype=dtype, device=flag_gems.device) + 1.0
        ref_inp = utils.to_reference(inp)
    
        ref_out = torch.digamma(ref_inp)
        with flag_gems.use_gems():
>           res_out = torch.digamma(inp)

test_digamma.py:32: 
_ _ _ _ _ _ _ _ _ _ _ _ _ _ _ _ _ _ _ _ _ _ _ _ _ _ _ _ _ _ _ _ _ _ _ _ _ _ _ _ 
../src/flag_gems/ops/digamma_.py:174: in digamma
    digamma_kernel[grid](A, output, n_elements, BLOCK_SIZE=1024)
/root/miniconda/envs/python310_torch29_cuda/lib/python3.10/site-packages/triton/runtime/jit.py:364: in <lambda>
    return lambda *args, **kwargs: self.run(grid=grid, warmup=False, *args, **kwargs)
/root/miniconda/envs/python310_torch29_cuda/lib/python3.10/site-packages/triton/runtime/jit.py:795: in run
    kernel = self.default_run(*args, **kwargs)
/root/miniconda/envs/python310_torch29_cuda/lib/python3.10/site-packages/triton/runtime/jit.py:686: in default_run
    kernel = self.compile(
/root/miniconda/envs/python310_torch29_cuda/lib/python3.10/site-packages/triton/compiler/compiler.py:318: in compile
    next_module = compile_ir(module, metadata)
/root/miniconda/envs/python310_torch29_cuda/lib/python3.10/site-packages/triton/backends/xpu/compiler.py:516: in <lambda>
    stages["ttxir"] = lambda src, metadata: self.make_ttxir(src, metadata, options)
_ _ _ _ _ _ _ _ _ _ _ _ _ _ _ _ _ _ _ _ _ _ _ _ _ _ _ _ _ _ _ _ _ _ _ _ _ _ _ _ 

mod = <triton._C.libtriton.ir.module object at 0x7f6f21c52f70>
metadata = {'hash': '09418cc8c3efebdfe2c16c5f9c450d0839eee006b901e5a40404b0fcf8932c4d', 'target': GPUTarget(backend='xpu', arch=3, warp_size=1), 'arch': 3, 'grid': <function digamma.<locals>.<lambda> at 0x7f6f23b379a0>, ...}
opt = XPUOptions(arch=3, grid=<function digamma.<locals>.<lambda> at 0x7f6f23b379a0>, debug=None, cluster_num=12, core_num=6...ed_dot_input_precisions=('ieee', 'tf32'), exp_range=':0', num_warps=-1, num_ctas=-1, num_stages=1, use_int4_w4a8=False)

    @staticmethod
    def make_ttxir(mod, metadata, opt):
        metadata["xpu_arch"] = opt.arch
        metadata["is_sdnn"] = opt.is_sdnn or xpu.is_sdnn_kernel(mod)
        metadata["tensor_args"] = xpu.get_tensor_args(mod, []) if metadata["is_sdnn"] is True else []
        metadata["shared"] = (-1)  # TODO: invalid value, just to keep CompiledKernel _init_handles() success
    
        max_buffer_size = metadata["buffer_size_limit"]
        elem_bytes = int(os.environ.get("TRITONXPU_ELEMBYTES", 0))
        groups_per_cluster = metadata["groups_per_cluster"]
        unroll_num = metadata["unroll_num"]
        XPUBackend.buffer_len = xpu.get_buffer_len(mod, max_buffer_size, elem_bytes)
        # print(f"XPUBackend.buffer_len = {XPUBackend.buffer_len}")
        core_num = metadata["core_num"]
        # F/O Prefix For Function/Optimization Macro
        is_use_mask_zero = metadata["is_use_mask_zero"]
        if is_use_mask_zero:
            warnings.warn(
                f'XRE Version Must Be More than 5.0.21.37 (After 2025.07.22). And echo 1 > /proc/kunlun/dev4/dma_excp_mask',
                UserWarning)
        TTXPU_F_INTERLEAVE = 0 if metadata["grid"] != (12, 1, 1) else int(os.environ.get("TRITONXPU_INTERLEAVE", 1))
        TTXPU_F_OHTER_VALUE_SIM = int(os.environ.get("TRITONXPU_OTHER_SIM", 0))
        TTXPU_F_STORE_MASK_SIM = int(os.environ.get("TRITONXPU_STORE_MASK_SIM", 0))
        TTXPU_F_DTYPE_CONVERT = 0 if metadata["isCloseDtypeConvert"] else int(
            os.environ.get("TRITONXPU_DTYPE_CONVERT", 1))
        TTXPU_O_ATOMIC_SIM = 0 if metadata["isCLOSE_TTXPU_O_ATOMIC_SIM"] else int(
            os.environ.get("TRITONXPU_ATOMIC_SIM", 1))
        TTXPU_O_CLOSE_OPT = int(os.environ.get("TRITONXPU_CLOSE_OPTIMIZE", 0))
        TTSDNN_F_SINGLE_CORE_MODE = int(os.environ.get("TRITON_SDNN_SINGLE_CODE_MODE", 0))
        TTSDNN_F_MATMUL_FAST_MODE = int(os.environ.get("XMLIR_MATMUL_FAST_MODE", 0))
        TTSDNN_F_DMA_MODE = int(os.environ.get("XMLIR_DMA_FAST_MODE", 0))
    
        if opt.isClusterOneCoreActOnly and TTXPU_F_OHTER_VALUE_SIM:
            assert 0, "isClusterOneCoreActOnly and TRITONXPU_OTHER_SIM can't act simultaneously"
    
        pm = ir.pass_manager(mod.context)
        pm.enable_debug()
        xpu.passes.ttsdnnir.add_tritonsdnn_strip_all_ops_pass(pm, opt.arch)
        if metadata["is_sdnn"]:
            if opt.arch < 4:
                if metadata["use_int4_w4a8"] == True:
                    xpu.passes.ttsdnnir.add_triton_convert_type_pass(pm, opt.arch, 2)
                else:
                    xpu.passes.ttsdnnir.add_triton_convert_type_pass(pm, opt.arch, TTSDNN_F_MATMUL_FAST_MODE)
            xpu.passes.ttsdnnir.add_convert_triton_to_tritonsdnn_pass(pm, opt.arch)
            xpu.passes.ttsdnnir.add_linalg_to_tritonsdnn_pass(pm, opt.arch)
            xpu.passes.ttsdnnir.add_tritonsdnn_legalize_pass(pm, opt.arch)
            xpu.passes.ttsdnnir.add_tritonsdnn_combine_before_pass(pm, opt.arch)
            xpu.passes.ttsdnnir.add_tritonsdnn_bufferize_pass(pm, opt.arch)
            xpu.passes.ttsdnnir.add_tritonsdnn_combine_pass(pm, opt.arch)
            if opt.exp_range != ":0":
                res = parse_floating_range_string(opt.exp_range)
                xpu.passes.ttsdnnir.add_tritonsdnn_ew_act_table_pass(pm, res)
            else:
                xpu.passes.ttsdnnir.add_tritonsdnn_ew_act_table_pass(pm, None)
            xpu.passes.ttsdnnir.add_tritonsdnn_loop_grid_pass(pm)
            if opt.arch == 4 and TTSDNN_F_DMA_MODE:
                xpu.passes.ttsdnnir.add_tritonsdnn_remove_ds_op_pass(pm, opt.arch)
            if not TTSDNN_F_SINGLE_CORE_MODE:
                xpu.passes.ttsdnnir.add_tritonsdnn_pipeline_pass(pm)
    
            xpu.passes.ttsdnnir.add_tritonsdnn_multi_buffer_pass(pm, opt.arch, opt.num_stages)
            passes.common.add_symbol_dce(pm)
            passes.common.add_canonicalizer(pm)
            passes.common.add_cse(pm)
        else:
            xpu.passes.ttxpuir.add_convert_triton_to_tritonxpu_pass(pm, opt.arch, XPUBackend.buffer_len, core_num)
            xpu.passes.ttxpuir.add_tritonxpu_print_pass(pm)
            xpu.passes.ttxpuir.add_tritonxpu_gm2lm_pass(pm, opt.arch, TTXPU_O_ATOMIC_SIM, opt.isClusterOneCoreActOnly,
                                                        is_use_mask_zero)
            if not metadata["isCloseMemoryCache"]:
                xpu.passes.ttxpuir.add_tritonxpu_memory_cache_pass(pm, XPUBackend.buffer_len,
                                                                   core_num) if not TTXPU_O_CLOSE_OPT else None
            passes.common.add_canonicalizer(pm)
            if TTXPU_F_DTYPE_CONVERT:
                xpu.passes.ttxpuir.add_tritonxpu_dtype_convert_pass(pm, opt.arch)
            if not metadata["isCloseCoreTiling"]:
                xpu.passes.ttxpuir.add_tritonxpu_core_tiling_pass(
                    pm, 0, XPUBackend.buffer_len, core_num,
                    groups_per_cluster) if not TTXPU_O_CLOSE_OPT else None  # dumpFlag=0
            # xpu.passes.ttxpuir.add_tritonxpu_lm_to_sm_pass(pm)
            passes.common.add_cse(pm)
            if not metadata["isCloseOffsetAnalysis"]:
                xpu.passes.ttxpuir.add_tritonxpu_offset_state_pass(
                    pm, 0, XPUBackend.buffer_len, is_use_mask_zero) if not TTXPU_O_CLOSE_OPT else None  # dumpFlag=0
            passes.common.add_canonicalizer(pm)
            xpu.passes.ttxpuir.add_tritonxpu_legalize_pass(pm, XPUBackend.buffer_len, core_num, groups_per_cluster,
                                                           is_use_mask_zero)
            passes.common.add_canonicalizer(pm)
            if not TTXPU_F_OHTER_VALUE_SIM:
                xpu.passes.ttxpuir.add_tritonxpu_mask_pass(pm, opt.isClusterOneCoreActOnly, is_use_mask_zero)
            passes.common.add_canonicalizer(pm)
            passes.common.add_cse(pm)
            passes.common.add_licm(pm)
            passes.common.add_symbol_dce(pm)
            if not metadata["isCloseInterleave"] and TTXPU_F_INTERLEAVE:
                xpu.passes.ttxpuir.add_tritonxpu_interleave_pass(pm) if not TTXPU_O_CLOSE_OPT else None
            passes.common.add_canonicalizer(pm)
            if not metadata["isCloseVectorization"]:
                compareFusion = int(os.environ.get("TRITONXPU_COMPARE_FUSION", 0))
                xpu.passes.ttxpuir.add_tritonxpu_vectorize_pass(
                    pm, 0, compareFusion) if not TTXPU_O_CLOSE_OPT else None  # dumpFlag=0
            passes.common.add_canonicalizer(pm)
            xpu.passes.ttxpuir.add_tritonxpu_alloca_pass(pm, XPUBackend.buffer_len, core_num)
            if not metadata["isCloseMemoryAsync"]:
                xpu.passes.ttxpuir.add_tritonxpu_memory_async_pass(pm,
                                                                   0) if not TTXPU_O_CLOSE_OPT else None  # dumpFlag=0
            if not metadata["isCloseUnrollControl"]:
                xpu.passes.ttxpuir.add_tritonxpu_unroll_control_pass(pm, XPUBackend.buffer_len, core_num,
                                                                     is_use_mask_zero,
                                                                     unroll_num) if not TTXPU_O_CLOSE_OPT else None
            xpu.passes.ttxpuir.add_tritonxpu_store_control_pass(pm) if not TTXPU_O_CLOSE_OPT else None
            if not TTXPU_F_OHTER_VALUE_SIM:
                xpu.passes.ttxpuir.add_tritonxpu_other_sim_pass(pm, XPUBackend.buffer_len, core_num)
            xpu.passes.ttxpuir.add_tritonxpu_memory_inplace_pass(pm, XPUBackend.buffer_len,
                                                                 core_num) if not TTXPU_O_CLOSE_OPT else None
            if not metadata["isCloseClusterLoopGrid"]:
                xpu.passes.ttxpuir.add_tritonxpu_cf_to_scf_pass(pm)
                xpu.passes.ttxpuir.add_tritonxpu_loop_grid_pass(pm)
            passes.common.add_cse(pm)
            passes.common.add_licm(pm)
            passes.common.add_symbol_dce(pm)
    
        try:
            pm.run(mod)
        except Exception as e:
            from triton import OutOfResources
>           raise OutOfResources(0, 0, f"uni_sram {e}")
E           triton.runtime.errors.OutOfResources: out of resource: uni_sram PassManager::run failed, Required: 0, Hardware limit: 0. Reducing block sizes or `num_stages` may help.

/root/miniconda/envs/python310_torch29_cuda/lib/python3.10/site-packages/triton/backends/xpu/compiler.py:332: OutOfResources
_________________________ test_digamma[dtype1-shape1] __________________________

mod = <triton._C.libtriton.ir.module object at 0x7f6f1f5c4c70>
metadata = {'hash': '344b121969732477cd959222c95e86b3a96bcf67ec41aed603ca66a9cb2cb2cd', 'target': GPUTarget(backend='xpu', arch=3, warp_size=1), 'arch': 3, 'grid': <function digamma.<locals>.<lambda> at 0x7f6f21cc08b0>, ...}
opt = XPUOptions(arch=3, grid=<function digamma.<locals>.<lambda> at 0x7f6f21cc08b0>, debug=None, cluster_num=12, core_num=6...ed_dot_input_precisions=('ieee', 'tf32'), exp_range=':0', num_warps=-1, num_ctas=-1, num_stages=1, use_int4_w4a8=False)

    @staticmethod
    def make_ttxir(mod, metadata, opt):
        metadata["xpu_arch"] = opt.arch
        metadata["is_sdnn"] = opt.is_sdnn or xpu.is_sdnn_kernel(mod)
        metadata["tensor_args"] = xpu.get_tensor_args(mod, []) if metadata["is_sdnn"] is True else []
        metadata["shared"] = (-1)  # TODO: invalid value, just to keep CompiledKernel _init_handles() success
    
        max_buffer_size = metadata["buffer_size_limit"]
        elem_bytes = int(os.environ.get("TRITONXPU_ELEMBYTES", 0))
        groups_per_cluster = metadata["groups_per_cluster"]
        unroll_num = metadata["unroll_num"]
        XPUBackend.buffer_len = xpu.get_buffer_len(mod, max_buffer_size, elem_bytes)
        # print(f"XPUBackend.buffer_len = {XPUBackend.buffer_len}")
        core_num = metadata["core_num"]
        # F/O Prefix For Function/Optimization Macro
        is_use_mask_zero = metadata["is_use_mask_zero"]
        if is_use_mask_zero:
            warnings.warn(
                f'XRE Version Must Be More than 5.0.21.37 (After 2025.07.22). And echo 1 > /proc/kunlun/dev4/dma_excp_mask',
                UserWarning)
        TTXPU_F_INTERLEAVE = 0 if metadata["grid"] != (12, 1, 1) else int(os.environ.get("TRITONXPU_INTERLEAVE", 1))
        TTXPU_F_OHTER_VALUE_SIM = int(os.environ.get("TRITONXPU_OTHER_SIM", 0))
        TTXPU_F_STORE_MASK_SIM = int(os.environ.get("TRITONXPU_STORE_MASK_SIM", 0))
        TTXPU_F_DTYPE_CONVERT = 0 if metadata["isCloseDtypeConvert"] else int(
            os.environ.get("TRITONXPU_DTYPE_CONVERT", 1))
        TTXPU_O_ATOMIC_SIM = 0 if metadata["isCLOSE_TTXPU_O_ATOMIC_SIM"] else int(
            os.environ.get("TRITONXPU_ATOMIC_SIM", 1))
        TTXPU_O_CLOSE_OPT = int(os.environ.get("TRITONXPU_CLOSE_OPTIMIZE", 0))
        TTSDNN_F_SINGLE_CORE_MODE = int(os.environ.get("TRITON_SDNN_SINGLE_CODE_MODE", 0))
        TTSDNN_F_MATMUL_FAST_MODE = int(os.environ.get("XMLIR_MATMUL_FAST_MODE", 0))
        TTSDNN_F_DMA_MODE = int(os.environ.get("XMLIR_DMA_FAST_MODE", 0))
    
        if opt.isClusterOneCoreActOnly and TTXPU_F_OHTER_VALUE_SIM:
            assert 0, "isClusterOneCoreActOnly and TRITONXPU_OTHER_SIM can't act simultaneously"
    
        pm = ir.pass_manager(mod.context)
        pm.enable_debug()
        xpu.passes.ttsdnnir.add_tritonsdnn_strip_all_ops_pass(pm, opt.arch)
        if metadata["is_sdnn"]:
            if opt.arch < 4:
                if metadata["use_int4_w4a8"] == True:
                    xpu.passes.ttsdnnir.add_triton_convert_type_pass(pm, opt.arch, 2)
                else:
                    xpu.passes.ttsdnnir.add_triton_convert_type_pass(pm, opt.arch, TTSDNN_F_MATMUL_FAST_MODE)
            xpu.passes.ttsdnnir.add_convert_triton_to_tritonsdnn_pass(pm, opt.arch)
            xpu.passes.ttsdnnir.add_linalg_to_tritonsdnn_pass(pm, opt.arch)
            xpu.passes.ttsdnnir.add_tritonsdnn_legalize_pass(pm, opt.arch)
            xpu.passes.ttsdnnir.add_tritonsdnn_combine_before_pass(pm, opt.arch)
            xpu.passes.ttsdnnir.add_tritonsdnn_bufferize_pass(pm, opt.arch)
            xpu.passes.ttsdnnir.add_tritonsdnn_combine_pass(pm, opt.arch)
            if opt.exp_range != ":0":
                res = parse_floating_range_string(opt.exp_range)
                xpu.passes.ttsdnnir.add_tritonsdnn_ew_act_table_pass(pm, res)
            else:
                xpu.passes.ttsdnnir.add_tritonsdnn_ew_act_table_pass(pm, None)
            xpu.passes.ttsdnnir.add_tritonsdnn_loop_grid_pass(pm)
            if opt.arch == 4 and TTSDNN_F_DMA_MODE:
                xpu.passes.ttsdnnir.add_tritonsdnn_remove_ds_op_pass(pm, opt.arch)
            if not TTSDNN_F_SINGLE_CORE_MODE:
                xpu.passes.ttsdnnir.add_tritonsdnn_pipeline_pass(pm)
    
            xpu.passes.ttsdnnir.add_tritonsdnn_multi_buffer_pass(pm, opt.arch, opt.num_stages)
            passes.common.add_symbol_dce(pm)
            passes.common.add_canonicalizer(pm)
            passes.common.add_cse(pm)
        else:
            xpu.passes.ttxpuir.add_convert_triton_to_tritonxpu_pass(pm, opt.arch, XPUBackend.buffer_len, core_num)
            xpu.passes.ttxpuir.add_tritonxpu_print_pass(pm)
            xpu.passes.ttxpuir.add_tritonxpu_gm2lm_pass(pm, opt.arch, TTXPU_O_ATOMIC_SIM, opt.isClusterOneCoreActOnly,
                                                        is_use_mask_zero)
            if not metadata["isCloseMemoryCache"]:
                xpu.passes.ttxpuir.add_tritonxpu_memory_cache_pass(pm, XPUBackend.buffer_len,
                                                                   core_num) if not TTXPU_O_CLOSE_OPT else None
            passes.common.add_canonicalizer(pm)
            if TTXPU_F_DTYPE_CONVERT:
                xpu.passes.ttxpuir.add_tritonxpu_dtype_convert_pass(pm, opt.arch)
            if not metadata["isCloseCoreTiling"]:
                xpu.passes.ttxpuir.add_tritonxpu_core_tiling_pass(
                    pm, 0, XPUBackend.buffer_len, core_num,
                    groups_per_cluster) if not TTXPU_O_CLOSE_OPT else None  # dumpFlag=0
            # xpu.passes.ttxpuir.add_tritonxpu_lm_to_sm_pass(pm)
            passes.common.add_cse(pm)
            if not metadata["isCloseOffsetAnalysis"]:
                xpu.passes.ttxpuir.add_tritonxpu_offset_state_pass(
                    pm, 0, XPUBackend.buffer_len, is_use_mask_zero) if not TTXPU_O_CLOSE_OPT else None  # dumpFlag=0
            passes.common.add_canonicalizer(pm)
            xpu.passes.ttxpuir.add_tritonxpu_legalize_pass(pm, XPUBackend.buffer_len, core_num, groups_per_cluster,
                                                           is_use_mask_zero)
            passes.common.add_canonicalizer(pm)
            if not TTXPU_F_OHTER_VALUE_SIM:
                xpu.passes.ttxpuir.add_tritonxpu_mask_pass(pm, opt.isClusterOneCoreActOnly, is_use_mask_zero)
            passes.common.add_canonicalizer(pm)
            passes.common.add_cse(pm)
            passes.common.add_licm(pm)
            passes.common.add_symbol_dce(pm)
            if not metadata["isCloseInterleave"] and TTXPU_F_INTERLEAVE:
                xpu.passes.ttxpuir.add_tritonxpu_interleave_pass(pm) if not TTXPU_O_CLOSE_OPT else None
            passes.common.add_canonicalizer(pm)
            if not metadata["isCloseVectorization"]:
                compareFusion = int(os.environ.get("TRITONXPU_COMPARE_FUSION", 0))
                xpu.passes.ttxpuir.add_tritonxpu_vectorize_pass(
                    pm, 0, compareFusion) if not TTXPU_O_CLOSE_OPT else None  # dumpFlag=0
            passes.common.add_canonicalizer(pm)
            xpu.passes.ttxpuir.add_tritonxpu_alloca_pass(pm, XPUBackend.buffer_len, core_num)
            if not metadata["isCloseMemoryAsync"]:
                xpu.passes.ttxpuir.add_tritonxpu_memory_async_pass(pm,
                                                                   0) if not TTXPU_O_CLOSE_OPT else None  # dumpFlag=0
            if not metadata["isCloseUnrollControl"]:
                xpu.passes.ttxpuir.add_tritonxpu_unroll_control_pass(pm, XPUBackend.buffer_len, core_num,
                                                                     is_use_mask_zero,
                                                                     unroll_num) if not TTXPU_O_CLOSE_OPT else None
            xpu.passes.ttxpuir.add_tritonxpu_store_control_pass(pm) if not TTXPU_O_CLOSE_OPT else None
            if not TTXPU_F_OHTER_VALUE_SIM:
                xpu.passes.ttxpuir.add_tritonxpu_other_sim_pass(pm, XPUBackend.buffer_len, core_num)
            xpu.passes.ttxpuir.add_tritonxpu_memory_inplace_pass(pm, XPUBackend.buffer_len,
                                                                 core_num) if not TTXPU_O_CLOSE_OPT else None
            if not metadata["isCloseClusterLoopGrid"]:
                xpu.passes.ttxpuir.add_tritonxpu_cf_to_scf_pass(pm)
                xpu.passes.ttxpuir.add_tritonxpu_loop_grid_pass(pm)
            passes.common.add_cse(pm)
            passes.common.add_licm(pm)
            passes.common.add_symbol_dce(pm)
    
        try:
>           pm.run(mod)
E           RuntimeError: PassManager::run failed

/root/miniconda/envs/python310_torch29_cuda/lib/python3.10/site-packages/triton/backends/xpu/compiler.py:329: RuntimeError

During handling of the above exception, another exception occurred:

shape = (1,), dtype = torch.float32

    @pytest.mark.digamma
    @pytest.mark.parametrize("shape", utils.POINTWISE_SHAPES)
    @pytest.mark.parametrize("dtype", utils.FLOAT_DTYPES)
    def test_digamma(shape, dtype):
        inp = torch.rand(shape, dtype=dtype, device=flag_gems.device) + 1.0
        ref_inp = utils.to_reference(inp)
    
        ref_out = torch.digamma(ref_inp)
        with flag_gems.use_gems():
>           res_out = torch.digamma(inp)

test_digamma.py:32: 
_ _ _ _ _ _ _ _ _ _ _ _ _ _ _ _ _ _ _ _ _ _ _ _ _ _ _ _ _ _ _ _ _ _ _ _ _ _ _ _ 
../src/flag_gems/ops/digamma_.py:174: in digamma
    digamma_kernel[grid](A, output, n_elements, BLOCK_SIZE=1024)
/root/miniconda/envs/python310_torch29_cuda/lib/python3.10/site-packages/triton/runtime/jit.py:364: in <lambda>
    return lambda *args, **kwargs: self.run(grid=grid, warmup=False, *args, **kwargs)
/root/miniconda/envs/python310_torch29_cuda/lib/python3.10/site-packages/triton/runtime/jit.py:795: in run
    kernel = self.default_run(*args, **kwargs)
/root/miniconda/envs/python310_torch29_cuda/lib/python3.10/site-packages/triton/runtime/jit.py:686: in default_run
    kernel = self.compile(
/root/miniconda/envs/python310_torch29_cuda/lib/python3.10/site-packages/triton/compiler/compiler.py:318: in compile
    next_module = compile_ir(module, metadata)
/root/miniconda/envs/python310_torch29_cuda/lib/python3.10/site-packages/triton/backends/xpu/compiler.py:516: in <lambda>
    stages["ttxir"] = lambda src, metadata: self.make_ttxir(src, metadata, options)
_ _ _ _ _ _ _ _ _ _ _ _ _ _ _ _ _ _ _ _ _ _ _ _ _ _ _ _ _ _ _ _ _ _ _ _ _ _ _ _ 

mod = <triton._C.libtriton.ir.module object at 0x7f6f1f5c4c70>
metadata = {'hash': '344b121969732477cd959222c95e86b3a96bcf67ec41aed603ca66a9cb2cb2cd', 'target': GPUTarget(backend='xpu', arch=3, warp_size=1), 'arch': 3, 'grid': <function digamma.<locals>.<lambda> at 0x7f6f21cc08b0>, ...}
opt = XPUOptions(arch=3, grid=<function digamma.<locals>.<lambda> at 0x7f6f21cc08b0>, debug=None, cluster_num=12, core_num=6...ed_dot_input_precisions=('ieee', 'tf32'), exp_range=':0', num_warps=-1, num_ctas=-1, num_stages=1, use_int4_w4a8=False)

    @staticmethod
    def make_ttxir(mod, metadata, opt):
        metadata["xpu_arch"] = opt.arch
        metadata["is_sdnn"] = opt.is_sdnn or xpu.is_sdnn_kernel(mod)
        metadata["tensor_args"] = xpu.get_tensor_args(mod, []) if metadata["is_sdnn"] is True else []
        metadata["shared"] = (-1)  # TODO: invalid value, just to keep CompiledKernel _init_handles() success
    
        max_buffer_size = metadata["buffer_size_limit"]
        elem_bytes = int(os.environ.get("TRITONXPU_ELEMBYTES", 0))
        groups_per_cluster = metadata["groups_per_cluster"]
        unroll_num = metadata["unroll_num"]
        XPUBackend.buffer_len = xpu.get_buffer_len(mod, max_buffer_size, elem_bytes)
        # print(f"XPUBackend.buffer_len = {XPUBackend.buffer_len}")
        core_num = metadata["core_num"]
        # F/O Prefix For Function/Optimization Macro
        is_use_mask_zero = metadata["is_use_mask_zero"]
        if is_use_mask_zero:
            warnings.warn(
                f'XRE Version Must Be More than 5.0.21.37 (After 2025.07.22). And echo 1 > /proc/kunlun/dev4/dma_excp_mask',
                UserWarning)
        TTXPU_F_INTERLEAVE = 0 if metadata["grid"] != (12, 1, 1) else int(os.environ.get("TRITONXPU_INTERLEAVE", 1))
        TTXPU_F_OHTER_VALUE_SIM = int(os.environ.get("TRITONXPU_OTHER_SIM", 0))
        TTXPU_F_STORE_MASK_SIM = int(os.environ.get("TRITONXPU_STORE_MASK_SIM", 0))
        TTXPU_F_DTYPE_CONVERT = 0 if metadata["isCloseDtypeConvert"] else int(
            os.environ.get("TRITONXPU_DTYPE_CONVERT", 1))
        TTXPU_O_ATOMIC_SIM = 0 if metadata["isCLOSE_TTXPU_O_ATOMIC_SIM"] else int(
            os.environ.get("TRITONXPU_ATOMIC_SIM", 1))
        TTXPU_O_CLOSE_OPT = int(os.environ.get("TRITONXPU_CLOSE_OPTIMIZE", 0))
        TTSDNN_F_SINGLE_CORE_MODE = int(os.environ.get("TRITON_SDNN_SINGLE_CODE_MODE", 0))
        TTSDNN_F_MATMUL_FAST_MODE = int(os.environ.get("XMLIR_MATMUL_FAST_MODE", 0))
        TTSDNN_F_DMA_MODE = int(os.environ.get("XMLIR_DMA_FAST_MODE", 0))
    
        if opt.isClusterOneCoreActOnly and TTXPU_F_OHTER_VALUE_SIM:
            assert 0, "isClusterOneCoreActOnly and TRITONXPU_OTHER_SIM can't act simultaneously"
    
        pm = ir.pass_manager(mod.context)
        pm.enable_debug()
        xpu.passes.ttsdnnir.add_tritonsdnn_strip_all_ops_pass(pm, opt.arch)
        if metadata["is_sdnn"]:
            if opt.arch < 4:
                if metadata["use_int4_w4a8"] == True:
                    xpu.passes.ttsdnnir.add_triton_convert_type_pass(pm, opt.arch, 2)
                else:
                    xpu.passes.ttsdnnir.add_triton_convert_type_pass(pm, opt.arch, TTSDNN_F_MATMUL_FAST_MODE)
            xpu.passes.ttsdnnir.add_convert_triton_to_tritonsdnn_pass(pm, opt.arch)
            xpu.passes.ttsdnnir.add_linalg_to_tritonsdnn_pass(pm, opt.arch)
            xpu.passes.ttsdnnir.add_tritonsdnn_legalize_pass(pm, opt.arch)
            xpu.passes.ttsdnnir.add_tritonsdnn_combine_before_pass(pm, opt.arch)
            xpu.passes.ttsdnnir.add_tritonsdnn_bufferize_pass(pm, opt.arch)
            xpu.passes.ttsdnnir.add_tritonsdnn_combine_pass(pm, opt.arch)
            if opt.exp_range != ":0":
                res = parse_floating_range_string(opt.exp_range)
                xpu.passes.ttsdnnir.add_tritonsdnn_ew_act_table_pass(pm, res)
            else:
                xpu.passes.ttsdnnir.add_tritonsdnn_ew_act_table_pass(pm, None)
            xpu.passes.ttsdnnir.add_tritonsdnn_loop_grid_pass(pm)
            if opt.arch == 4 and TTSDNN_F_DMA_MODE:
                xpu.passes.ttsdnnir.add_tritonsdnn_remove_ds_op_pass(pm, opt.arch)
            if not TTSDNN_F_SINGLE_CORE_MODE:
                xpu.passes.ttsdnnir.add_tritonsdnn_pipeline_pass(pm)
    
            xpu.passes.ttsdnnir.add_tritonsdnn_multi_buffer_pass(pm, opt.arch, opt.num_stages)
            passes.common.add_symbol_dce(pm)
            passes.common.add_canonicalizer(pm)
            passes.common.add_cse(pm)
        else:
            xpu.passes.ttxpuir.add_convert_triton_to_tritonxpu_pass(pm, opt.arch, XPUBackend.buffer_len, core_num)
            xpu.passes.ttxpuir.add_tritonxpu_print_pass(pm)
            xpu.passes.ttxpuir.add_tritonxpu_gm2lm_pass(pm, opt.arch, TTXPU_O_ATOMIC_SIM, opt.isClusterOneCoreActOnly,
                                                        is_use_mask_zero)
            if not metadata["isCloseMemoryCache"]:
                xpu.passes.ttxpuir.add_tritonxpu_memory_cache_pass(pm, XPUBackend.buffer_len,
                                                                   core_num) if not TTXPU_O_CLOSE_OPT else None
            passes.common.add_canonicalizer(pm)
            if TTXPU_F_DTYPE_CONVERT:
                xpu.passes.ttxpuir.add_tritonxpu_dtype_convert_pass(pm, opt.arch)
            if not metadata["isCloseCoreTiling"]:
                xpu.passes.ttxpuir.add_tritonxpu_core_tiling_pass(
                    pm, 0, XPUBackend.buffer_len, core_num,
                    groups_per_cluster) if not TTXPU_O_CLOSE_OPT else None  # dumpFlag=0
            # xpu.passes.ttxpuir.add_tritonxpu_lm_to_sm_pass(pm)
            passes.common.add_cse(pm)
            if not metadata["isCloseOffsetAnalysis"]:
                xpu.passes.ttxpuir.add_tritonxpu_offset_state_pass(
                    pm, 0, XPUBackend.buffer_len, is_use_mask_zero) if not TTXPU_O_CLOSE_OPT else None  # dumpFlag=0
            passes.common.add_canonicalizer(pm)
            xpu.passes.ttxpuir.add_tritonxpu_legalize_pass(pm, XPUBackend.buffer_len, core_num, groups_per_cluster,
                                                           is_use_mask_zero)
            passes.common.add_canonicalizer(pm)
            if not TTXPU_F_OHTER_VALUE_SIM:
                xpu.passes.ttxpuir.add_tritonxpu_mask_pass(pm, opt.isClusterOneCoreActOnly, is_use_mask_zero)
            passes.common.add_canonicalizer(pm)
            passes.common.add_cse(pm)
            passes.common.add_licm(pm)
            passes.common.add_symbol_dce(pm)
            if not metadata["isCloseInterleave"] and TTXPU_F_INTERLEAVE:
                xpu.passes.ttxpuir.add_tritonxpu_interleave_pass(pm) if not TTXPU_O_CLOSE_OPT else None
            passes.common.add_canonicalizer(pm)
            if not metadata["isCloseVectorization"]:
                compareFusion = int(os.environ.get("TRITONXPU_COMPARE_FUSION", 0))
                xpu.passes.ttxpuir.add_tritonxpu_vectorize_pass(
                    pm, 0, compareFusion) if not TTXPU_O_CLOSE_OPT else None  # dumpFlag=0
            passes.common.add_canonicalizer(pm)
            xpu.passes.ttxpuir.add_tritonxpu_alloca_pass(pm, XPUBackend.buffer_len, core_num)
            if not metadata["isCloseMemoryAsync"]:
                xpu.passes.ttxpuir.add_tritonxpu_memory_async_pass(pm,
                                                                   0) if not TTXPU_O_CLOSE_OPT else None  # dumpFlag=0
            if not metadata["isCloseUnrollControl"]:
                xpu.passes.ttxpuir.add_tritonxpu_unroll_control_pass(pm, XPUBackend.buffer_len, core_num,
                                                                     is_use_mask_zero,
                                                                     unroll_num) if not TTXPU_O_CLOSE_OPT else None
            xpu.passes.ttxpuir.add_tritonxpu_store_control_pass(pm) if not TTXPU_O_CLOSE_OPT else None
            if not TTXPU_F_OHTER_VALUE_SIM:
                xpu.passes.ttxpuir.add_tritonxpu_other_sim_pass(pm, XPUBackend.buffer_len, core_num)
            xpu.passes.ttxpuir.add_tritonxpu_memory_inplace_pass(pm, XPUBackend.buffer_len,
                                                                 core_num) if not TTXPU_O_CLOSE_OPT else None
            if not metadata["isCloseClusterLoopGrid"]:
                xpu.passes.ttxpuir.add_tritonxpu_cf_to_scf_pass(pm)
                xpu.passes.ttxpuir.add_tritonxpu_loop_grid_pass(pm)
            passes.common.add_cse(pm)
            passes.common.add_licm(pm)
            passes.common.add_symbol_dce(pm)
    
        try:
            pm.run(mod)
        except Exception as e:
            from triton import OutOfResources
>           raise OutOfResources(0, 0, f"uni_sram {e}")
E           triton.runtime.errors.OutOfResources: out of resource: uni_sram PassManager::run failed, Required: 0, Hardware limit: 0. Reducing block sizes or `num_stages` may help.

/root/miniconda/envs/python310_torch29_cuda/lib/python3.10/site-packages/triton/backends/xpu/compiler.py:332: OutOfResources
_________________________ test_digamma[dtype1-shape2] __________________________

mod = <triton._C.libtriton.ir.module object at 0x7f6f21c59490>
metadata = {'hash': '7258bb43400bc682e0f69c1a639c988b6abf357c76da5d91a508cd5da3ef60e8', 'target': GPUTarget(backend='xpu', arch=3, warp_size=1), 'arch': 3, 'grid': <function digamma.<locals>.<lambda> at 0x7f6f2324c5e0>, ...}
opt = XPUOptions(arch=3, grid=<function digamma.<locals>.<lambda> at 0x7f6f2324c5e0>, debug=None, cluster_num=12, core_num=6...ed_dot_input_precisions=('ieee', 'tf32'), exp_range=':0', num_warps=-1, num_ctas=-1, num_stages=1, use_int4_w4a8=False)

    @staticmethod
    def make_ttxir(mod, metadata, opt):
        metadata["xpu_arch"] = opt.arch
        metadata["is_sdnn"] = opt.is_sdnn or xpu.is_sdnn_kernel(mod)
        metadata["tensor_args"] = xpu.get_tensor_args(mod, []) if metadata["is_sdnn"] is True else []
        metadata["shared"] = (-1)  # TODO: invalid value, just to keep CompiledKernel _init_handles() success
    
        max_buffer_size = metadata["buffer_size_limit"]
        elem_bytes = int(os.environ.get("TRITONXPU_ELEMBYTES", 0))
        groups_per_cluster = metadata["groups_per_cluster"]
        unroll_num = metadata["unroll_num"]
        XPUBackend.buffer_len = xpu.get_buffer_len(mod, max_buffer_size, elem_bytes)
        # print(f"XPUBackend.buffer_len = {XPUBackend.buffer_len}")
        core_num = metadata["core_num"]
        # F/O Prefix For Function/Optimization Macro
        is_use_mask_zero = metadata["is_use_mask_zero"]
        if is_use_mask_zero:
            warnings.warn(
                f'XRE Version Must Be More than 5.0.21.37 (After 2025.07.22). And echo 1 > /proc/kunlun/dev4/dma_excp_mask',
                UserWarning)
        TTXPU_F_INTERLEAVE = 0 if metadata["grid"] != (12, 1, 1) else int(os.environ.get("TRITONXPU_INTERLEAVE", 1))
        TTXPU_F_OHTER_VALUE_SIM = int(os.environ.get("TRITONXPU_OTHER_SIM", 0))
        TTXPU_F_STORE_MASK_SIM = int(os.environ.get("TRITONXPU_STORE_MASK_SIM", 0))
        TTXPU_F_DTYPE_CONVERT = 0 if metadata["isCloseDtypeConvert"] else int(
            os.environ.get("TRITONXPU_DTYPE_CONVERT", 1))
        TTXPU_O_ATOMIC_SIM = 0 if metadata["isCLOSE_TTXPU_O_ATOMIC_SIM"] else int(
            os.environ.get("TRITONXPU_ATOMIC_SIM", 1))
        TTXPU_O_CLOSE_OPT = int(os.environ.get("TRITONXPU_CLOSE_OPTIMIZE", 0))
        TTSDNN_F_SINGLE_CORE_MODE = int(os.environ.get("TRITON_SDNN_SINGLE_CODE_MODE", 0))
        TTSDNN_F_MATMUL_FAST_MODE = int(os.environ.get("XMLIR_MATMUL_FAST_MODE", 0))
        TTSDNN_F_DMA_MODE = int(os.environ.get("XMLIR_DMA_FAST_MODE", 0))
    
        if opt.isClusterOneCoreActOnly and TTXPU_F_OHTER_VALUE_SIM:
            assert 0, "isClusterOneCoreActOnly and TRITONXPU_OTHER_SIM can't act simultaneously"
    
        pm = ir.pass_manager(mod.context)
        pm.enable_debug()
        xpu.passes.ttsdnnir.add_tritonsdnn_strip_all_ops_pass(pm, opt.arch)
        if metadata["is_sdnn"]:
            if opt.arch < 4:
                if metadata["use_int4_w4a8"] == True:
                    xpu.passes.ttsdnnir.add_triton_convert_type_pass(pm, opt.arch, 2)
                else:
                    xpu.passes.ttsdnnir.add_triton_convert_type_pass(pm, opt.arch, TTSDNN_F_MATMUL_FAST_MODE)
            xpu.passes.ttsdnnir.add_convert_triton_to_tritonsdnn_pass(pm, opt.arch)
            xpu.passes.ttsdnnir.add_linalg_to_tritonsdnn_pass(pm, opt.arch)
            xpu.passes.ttsdnnir.add_tritonsdnn_legalize_pass(pm, opt.arch)
            xpu.passes.ttsdnnir.add_tritonsdnn_combine_before_pass(pm, opt.arch)
            xpu.passes.ttsdnnir.add_tritonsdnn_bufferize_pass(pm, opt.arch)
            xpu.passes.ttsdnnir.add_tritonsdnn_combine_pass(pm, opt.arch)
            if opt.exp_range != ":0":
                res = parse_floating_range_string(opt.exp_range)
                xpu.passes.ttsdnnir.add_tritonsdnn_ew_act_table_pass(pm, res)
            else:
                xpu.passes.ttsdnnir.add_tritonsdnn_ew_act_table_pass(pm, None)
            xpu.passes.ttsdnnir.add_tritonsdnn_loop_grid_pass(pm)
            if opt.arch == 4 and TTSDNN_F_DMA_MODE:
                xpu.passes.ttsdnnir.add_tritonsdnn_remove_ds_op_pass(pm, opt.arch)
            if not TTSDNN_F_SINGLE_CORE_MODE:
                xpu.passes.ttsdnnir.add_tritonsdnn_pipeline_pass(pm)
    
            xpu.passes.ttsdnnir.add_tritonsdnn_multi_buffer_pass(pm, opt.arch, opt.num_stages)
            passes.common.add_symbol_dce(pm)
            passes.common.add_canonicalizer(pm)
            passes.common.add_cse(pm)
        else:
            xpu.passes.ttxpuir.add_convert_triton_to_tritonxpu_pass(pm, opt.arch, XPUBackend.buffer_len, core_num)
            xpu.passes.ttxpuir.add_tritonxpu_print_pass(pm)
            xpu.passes.ttxpuir.add_tritonxpu_gm2lm_pass(pm, opt.arch, TTXPU_O_ATOMIC_SIM, opt.isClusterOneCoreActOnly,
                                                        is_use_mask_zero)
            if not metadata["isCloseMemoryCache"]:
                xpu.passes.ttxpuir.add_tritonxpu_memory_cache_pass(pm, XPUBackend.buffer_len,
                                                                   core_num) if not TTXPU_O_CLOSE_OPT else None
            passes.common.add_canonicalizer(pm)
            if TTXPU_F_DTYPE_CONVERT:
                xpu.passes.ttxpuir.add_tritonxpu_dtype_convert_pass(pm, opt.arch)
            if not metadata["isCloseCoreTiling"]:
                xpu.passes.ttxpuir.add_tritonxpu_core_tiling_pass(
                    pm, 0, XPUBackend.buffer_len, core_num,
                    groups_per_cluster) if not TTXPU_O_CLOSE_OPT else None  # dumpFlag=0
            # xpu.passes.ttxpuir.add_tritonxpu_lm_to_sm_pass(pm)
            passes.common.add_cse(pm)
            if not metadata["isCloseOffsetAnalysis"]:
                xpu.passes.ttxpuir.add_tritonxpu_offset_state_pass(
                    pm, 0, XPUBackend.buffer_len, is_use_mask_zero) if not TTXPU_O_CLOSE_OPT else None  # dumpFlag=0
            passes.common.add_canonicalizer(pm)
            xpu.passes.ttxpuir.add_tritonxpu_legalize_pass(pm, XPUBackend.buffer_len, core_num, groups_per_cluster,
                                                           is_use_mask_zero)
            passes.common.add_canonicalizer(pm)
            if not TTXPU_F_OHTER_VALUE_SIM:
                xpu.passes.ttxpuir.add_tritonxpu_mask_pass(pm, opt.isClusterOneCoreActOnly, is_use_mask_zero)
            passes.common.add_canonicalizer(pm)
            passes.common.add_cse(pm)
            passes.common.add_licm(pm)
            passes.common.add_symbol_dce(pm)
            if not metadata["isCloseInterleave"] and TTXPU_F_INTERLEAVE:
                xpu.passes.ttxpuir.add_tritonxpu_interleave_pass(pm) if not TTXPU_O_CLOSE_OPT else None
            passes.common.add_canonicalizer(pm)
            if not metadata["isCloseVectorization"]:
                compareFusion = int(os.environ.get("TRITONXPU_COMPARE_FUSION", 0))
                xpu.passes.ttxpuir.add_tritonxpu_vectorize_pass(
                    pm, 0, compareFusion) if not TTXPU_O_CLOSE_OPT else None  # dumpFlag=0
            passes.common.add_canonicalizer(pm)
            xpu.passes.ttxpuir.add_tritonxpu_alloca_pass(pm, XPUBackend.buffer_len, core_num)
            if not metadata["isCloseMemoryAsync"]:
                xpu.passes.ttxpuir.add_tritonxpu_memory_async_pass(pm,
                                                                   0) if not TTXPU_O_CLOSE_OPT else None  # dumpFlag=0
            if not metadata["isCloseUnrollControl"]:
                xpu.passes.ttxpuir.add_tritonxpu_unroll_control_pass(pm, XPUBackend.buffer_len, core_num,
                                                                     is_use_mask_zero,
                                                                     unroll_num) if not TTXPU_O_CLOSE_OPT else None
            xpu.passes.ttxpuir.add_tritonxpu_store_control_pass(pm) if not TTXPU_O_CLOSE_OPT else None
            if not TTXPU_F_OHTER_VALUE_SIM:
                xpu.passes.ttxpuir.add_tritonxpu_other_sim_pass(pm, XPUBackend.buffer_len, core_num)
            xpu.passes.ttxpuir.add_tritonxpu_memory_inplace_pass(pm, XPUBackend.buffer_len,
                                                                 core_num) if not TTXPU_O_CLOSE_OPT else None
            if not metadata["isCloseClusterLoopGrid"]:
                xpu.passes.ttxpuir.add_tritonxpu_cf_to_scf_pass(pm)
                xpu.passes.ttxpuir.add_tritonxpu_loop_grid_pass(pm)
            passes.common.add_cse(pm)
            passes.common.add_licm(pm)
            passes.common.add_symbol_dce(pm)
    
        try:
>           pm.run(mod)
E           RuntimeError: PassManager::run failed

/root/miniconda/envs/python310_torch29_cuda/lib/python3.10/site-packages/triton/backends/xpu/compiler.py:329: RuntimeError

During handling of the above exception, another exception occurred:

shape = (1024, 1024), dtype = torch.float32

    @pytest.mark.digamma
    @pytest.mark.parametrize("shape", utils.POINTWISE_SHAPES)
    @pytest.mark.parametrize("dtype", utils.FLOAT_DTYPES)
    def test_digamma(shape, dtype):
        inp = torch.rand(shape, dtype=dtype, device=flag_gems.device) + 1.0
        ref_inp = utils.to_reference(inp)
    
        ref_out = torch.digamma(ref_inp)
        with flag_gems.use_gems():
>           res_out = torch.digamma(inp)

test_digamma.py:32: 
_ _ _ _ _ _ _ _ _ _ _ _ _ _ _ _ _ _ _ _ _ _ _ _ _ _ _ _ _ _ _ _ _ _ _ _ _ _ _ _ 
../src/flag_gems/ops/digamma_.py:174: in digamma
    digamma_kernel[grid](A, output, n_elements, BLOCK_SIZE=1024)
/root/miniconda/envs/python310_torch29_cuda/lib/python3.10/site-packages/triton/runtime/jit.py:364: in <lambda>
    return lambda *args, **kwargs: self.run(grid=grid, warmup=False, *args, **kwargs)
/root/miniconda/envs/python310_torch29_cuda/lib/python3.10/site-packages/triton/runtime/jit.py:795: in run
    kernel = self.default_run(*args, **kwargs)
/root/miniconda/envs/python310_torch29_cuda/lib/python3.10/site-packages/triton/runtime/jit.py:686: in default_run
    kernel = self.compile(
/root/miniconda/envs/python310_torch29_cuda/lib/python3.10/site-packages/triton/compiler/compiler.py:318: in compile
    next_module = compile_ir(module, metadata)
/root/miniconda/envs/python310_torch29_cuda/lib/python3.10/site-packages/triton/backends/xpu/compiler.py:516: in <lambda>
    stages["ttxir"] = lambda src, metadata: self.make_ttxir(src, metadata, options)
_ _ _ _ _ _ _ _ _ _ _ _ _ _ _ _ _ _ _ _ _ _ _ _ _ _ _ _ _ _ _ _ _ _ _ _ _ _ _ _ 

mod = <triton._C.libtriton.ir.module object at 0x7f6f21c59490>
metadata = {'hash': '7258bb43400bc682e0f69c1a639c988b6abf357c76da5d91a508cd5da3ef60e8', 'target': GPUTarget(backend='xpu', arch=3, warp_size=1), 'arch': 3, 'grid': <function digamma.<locals>.<lambda> at 0x7f6f2324c5e0>, ...}
opt = XPUOptions(arch=3, grid=<function digamma.<locals>.<lambda> at 0x7f6f2324c5e0>, debug=None, cluster_num=12, core_num=6...ed_dot_input_precisions=('ieee', 'tf32'), exp_range=':0', num_warps=-1, num_ctas=-1, num_stages=1, use_int4_w4a8=False)

    @staticmethod
    def make_ttxir(mod, metadata, opt):
        metadata["xpu_arch"] = opt.arch
        metadata["is_sdnn"] = opt.is_sdnn or xpu.is_sdnn_kernel(mod)
        metadata["tensor_args"] = xpu.get_tensor_args(mod, []) if metadata["is_sdnn"] is True else []
        metadata["shared"] = (-1)  # TODO: invalid value, just to keep CompiledKernel _init_handles() success
    
        max_buffer_size = metadata["buffer_size_limit"]
        elem_bytes = int(os.environ.get("TRITONXPU_ELEMBYTES", 0))
        groups_per_cluster = metadata["groups_per_cluster"]
        unroll_num = metadata["unroll_num"]
        XPUBackend.buffer_len = xpu.get_buffer_len(mod, max_buffer_size, elem_bytes)
        # print(f"XPUBackend.buffer_len = {XPUBackend.buffer_len}")
        core_num = metadata["core_num"]
        # F/O Prefix For Function/Optimization Macro
        is_use_mask_zero = metadata["is_use_mask_zero"]
        if is_use_mask_zero:
            warnings.warn(
                f'XRE Version Must Be More than 5.0.21.37 (After 2025.07.22). And echo 1 > /proc/kunlun/dev4/dma_excp_mask',
                UserWarning)
        TTXPU_F_INTERLEAVE = 0 if metadata["grid"] != (12, 1, 1) else int(os.environ.get("TRITONXPU_INTERLEAVE", 1))
        TTXPU_F_OHTER_VALUE_SIM = int(os.environ.get("TRITONXPU_OTHER_SIM", 0))
        TTXPU_F_STORE_MASK_SIM = int(os.environ.get("TRITONXPU_STORE_MASK_SIM", 0))
        TTXPU_F_DTYPE_CONVERT = 0 if metadata["isCloseDtypeConvert"] else int(
            os.environ.get("TRITONXPU_DTYPE_CONVERT", 1))
        TTXPU_O_ATOMIC_SIM = 0 if metadata["isCLOSE_TTXPU_O_ATOMIC_SIM"] else int(
            os.environ.get("TRITONXPU_ATOMIC_SIM", 1))
        TTXPU_O_CLOSE_OPT = int(os.environ.get("TRITONXPU_CLOSE_OPTIMIZE", 0))
        TTSDNN_F_SINGLE_CORE_MODE = int(os.environ.get("TRITON_SDNN_SINGLE_CODE_MODE", 0))
        TTSDNN_F_MATMUL_FAST_MODE = int(os.environ.get("XMLIR_MATMUL_FAST_MODE", 0))
        TTSDNN_F_DMA_MODE = int(os.environ.get("XMLIR_DMA_FAST_MODE", 0))
    
        if opt.isClusterOneCoreActOnly and TTXPU_F_OHTER_VALUE_SIM:
            assert 0, "isClusterOneCoreActOnly and TRITONXPU_OTHER_SIM can't act simultaneously"
    
        pm = ir.pass_manager(mod.context)
        pm.enable_debug()
        xpu.passes.ttsdnnir.add_tritonsdnn_strip_all_ops_pass(pm, opt.arch)
        if metadata["is_sdnn"]:
            if opt.arch < 4:
                if metadata["use_int4_w4a8"] == True:
                    xpu.passes.ttsdnnir.add_triton_convert_type_pass(pm, opt.arch, 2)
                else:
                    xpu.passes.ttsdnnir.add_triton_convert_type_pass(pm, opt.arch, TTSDNN_F_MATMUL_FAST_MODE)
            xpu.passes.ttsdnnir.add_convert_triton_to_tritonsdnn_pass(pm, opt.arch)
            xpu.passes.ttsdnnir.add_linalg_to_tritonsdnn_pass(pm, opt.arch)
            xpu.passes.ttsdnnir.add_tritonsdnn_legalize_pass(pm, opt.arch)
            xpu.passes.ttsdnnir.add_tritonsdnn_combine_before_pass(pm, opt.arch)
            xpu.passes.ttsdnnir.add_tritonsdnn_bufferize_pass(pm, opt.arch)
            xpu.passes.ttsdnnir.add_tritonsdnn_combine_pass(pm, opt.arch)
            if opt.exp_range != ":0":
                res = parse_floating_range_string(opt.exp_range)
                xpu.passes.ttsdnnir.add_tritonsdnn_ew_act_table_pass(pm, res)
            else:
                xpu.passes.ttsdnnir.add_tritonsdnn_ew_act_table_pass(pm, None)
            xpu.passes.ttsdnnir.add_tritonsdnn_loop_grid_pass(pm)
            if opt.arch == 4 and TTSDNN_F_DMA_MODE:
                xpu.passes.ttsdnnir.add_tritonsdnn_remove_ds_op_pass(pm, opt.arch)
            if not TTSDNN_F_SINGLE_CORE_MODE:
                xpu.passes.ttsdnnir.add_tritonsdnn_pipeline_pass(pm)
    
            xpu.passes.ttsdnnir.add_tritonsdnn_multi_buffer_pass(pm, opt.arch, opt.num_stages)
            passes.common.add_symbol_dce(pm)
            passes.common.add_canonicalizer(pm)
            passes.common.add_cse(pm)
        else:
            xpu.passes.ttxpuir.add_convert_triton_to_tritonxpu_pass(pm, opt.arch, XPUBackend.buffer_len, core_num)
            xpu.passes.ttxpuir.add_tritonxpu_print_pass(pm)
            xpu.passes.ttxpuir.add_tritonxpu_gm2lm_pass(pm, opt.arch, TTXPU_O_ATOMIC_SIM, opt.isClusterOneCoreActOnly,
                                                        is_use_mask_zero)
            if not metadata["isCloseMemoryCache"]:
                xpu.passes.ttxpuir.add_tritonxpu_memory_cache_pass(pm, XPUBackend.buffer_len,
                                                                   core_num) if not TTXPU_O_CLOSE_OPT else None
            passes.common.add_canonicalizer(pm)
            if TTXPU_F_DTYPE_CONVERT:
                xpu.passes.ttxpuir.add_tritonxpu_dtype_convert_pass(pm, opt.arch)
            if not metadata["isCloseCoreTiling"]:
                xpu.passes.ttxpuir.add_tritonxpu_core_tiling_pass(
                    pm, 0, XPUBackend.buffer_len, core_num,
                    groups_per_cluster) if not TTXPU_O_CLOSE_OPT else None  # dumpFlag=0
            # xpu.passes.ttxpuir.add_tritonxpu_lm_to_sm_pass(pm)
            passes.common.add_cse(pm)
            if not metadata["isCloseOffsetAnalysis"]:
                xpu.passes.ttxpuir.add_tritonxpu_offset_state_pass(
                    pm, 0, XPUBackend.buffer_len, is_use_mask_zero) if not TTXPU_O_CLOSE_OPT else None  # dumpFlag=0
            passes.common.add_canonicalizer(pm)
            xpu.passes.ttxpuir.add_tritonxpu_legalize_pass(pm, XPUBackend.buffer_len, core_num, groups_per_cluster,
                                                           is_use_mask_zero)
            passes.common.add_canonicalizer(pm)
            if not TTXPU_F_OHTER_VALUE_SIM:
                xpu.passes.ttxpuir.add_tritonxpu_mask_pass(pm, opt.isClusterOneCoreActOnly, is_use_mask_zero)
            passes.common.add_canonicalizer(pm)
            passes.common.add_cse(pm)
            passes.common.add_licm(pm)
            passes.common.add_symbol_dce(pm)
            if not metadata["isCloseInterleave"] and TTXPU_F_INTERLEAVE:
                xpu.passes.ttxpuir.add_tritonxpu_interleave_pass(pm) if not TTXPU_O_CLOSE_OPT else None
            passes.common.add_canonicalizer(pm)
            if not metadata["isCloseVectorization"]:
                compareFusion = int(os.environ.get("TRITONXPU_COMPARE_FUSION", 0))
                xpu.passes.ttxpuir.add_tritonxpu_vectorize_pass(
                    pm, 0, compareFusion) if not TTXPU_O_CLOSE_OPT else None  # dumpFlag=0
            passes.common.add_canonicalizer(pm)
            xpu.passes.ttxpuir.add_tritonxpu_alloca_pass(pm, XPUBackend.buffer_len, core_num)
            if not metadata["isCloseMemoryAsync"]:
                xpu.passes.ttxpuir.add_tritonxpu_memory_async_pass(pm,
                                                                   0) if not TTXPU_O_CLOSE_OPT else None  # dumpFlag=0
            if not metadata["isCloseUnrollControl"]:
                xpu.passes.ttxpuir.add_tritonxpu_unroll_control_pass(pm, XPUBackend.buffer_len, core_num,
                                                                     is_use_mask_zero,
                                                                     unroll_num) if not TTXPU_O_CLOSE_OPT else None
            xpu.passes.ttxpuir.add_tritonxpu_store_control_pass(pm) if not TTXPU_O_CLOSE_OPT else None
            if not TTXPU_F_OHTER_VALUE_SIM:
                xpu.passes.ttxpuir.add_tritonxpu_other_sim_pass(pm, XPUBackend.buffer_len, core_num)
            xpu.passes.ttxpuir.add_tritonxpu_memory_inplace_pass(pm, XPUBackend.buffer_len,
                                                                 core_num) if not TTXPU_O_CLOSE_OPT else None
            if not metadata["isCloseClusterLoopGrid"]:
                xpu.passes.ttxpuir.add_tritonxpu_cf_to_scf_pass(pm)
                xpu.passes.ttxpuir.add_tritonxpu_loop_grid_pass(pm)
            passes.common.add_cse(pm)
            passes.common.add_licm(pm)
            passes.common.add_symbol_dce(pm)
    
        try:
            pm.run(mod)
        except Exception as e:
            from triton import OutOfResources
>           raise OutOfResources(0, 0, f"uni_sram {e}")
E           triton.runtime.errors.OutOfResources: out of resource: uni_sram PassManager::run failed, Required: 0, Hardware limit: 0. Reducing block sizes or `num_stages` may help.

/root/miniconda/envs/python310_torch29_cuda/lib/python3.10/site-packages/triton/backends/xpu/compiler.py:332: OutOfResources
_________________________ test_digamma[dtype1-shape3] __________________________

mod = <triton._C.libtriton.ir.module object at 0x7f6f21c522a0>
metadata = {'hash': 'aa20776995f465b0fb3e8fbb0bc35ae51b9fdde344f463d65ba58b137865166b', 'target': GPUTarget(backend='xpu', arch=3, warp_size=1), 'arch': 3, 'grid': <function digamma.<locals>.<lambda> at 0x7f6f1f6a1ea0>, ...}
opt = XPUOptions(arch=3, grid=<function digamma.<locals>.<lambda> at 0x7f6f1f6a1ea0>, debug=None, cluster_num=12, core_num=6...ed_dot_input_precisions=('ieee', 'tf32'), exp_range=':0', num_warps=-1, num_ctas=-1, num_stages=1, use_int4_w4a8=False)

    @staticmethod
    def make_ttxir(mod, metadata, opt):
        metadata["xpu_arch"] = opt.arch
        metadata["is_sdnn"] = opt.is_sdnn or xpu.is_sdnn_kernel(mod)
        metadata["tensor_args"] = xpu.get_tensor_args(mod, []) if metadata["is_sdnn"] is True else []
        metadata["shared"] = (-1)  # TODO: invalid value, just to keep CompiledKernel _init_handles() success
    
        max_buffer_size = metadata["buffer_size_limit"]
        elem_bytes = int(os.environ.get("TRITONXPU_ELEMBYTES", 0))
        groups_per_cluster = metadata["groups_per_cluster"]
        unroll_num = metadata["unroll_num"]
        XPUBackend.buffer_len = xpu.get_buffer_len(mod, max_buffer_size, elem_bytes)
        # print(f"XPUBackend.buffer_len = {XPUBackend.buffer_len}")
        core_num = metadata["core_num"]
        # F/O Prefix For Function/Optimization Macro
        is_use_mask_zero = metadata["is_use_mask_zero"]
        if is_use_mask_zero:
            warnings.warn(
                f'XRE Version Must Be More than 5.0.21.37 (After 2025.07.22). And echo 1 > /proc/kunlun/dev4/dma_excp_mask',
                UserWarning)
        TTXPU_F_INTERLEAVE = 0 if metadata["grid"] != (12, 1, 1) else int(os.environ.get("TRITONXPU_INTERLEAVE", 1))
        TTXPU_F_OHTER_VALUE_SIM = int(os.environ.get("TRITONXPU_OTHER_SIM", 0))
        TTXPU_F_STORE_MASK_SIM = int(os.environ.get("TRITONXPU_STORE_MASK_SIM", 0))
        TTXPU_F_DTYPE_CONVERT = 0 if metadata["isCloseDtypeConvert"] else int(
            os.environ.get("TRITONXPU_DTYPE_CONVERT", 1))
        TTXPU_O_ATOMIC_SIM = 0 if metadata["isCLOSE_TTXPU_O_ATOMIC_SIM"] else int(
            os.environ.get("TRITONXPU_ATOMIC_SIM", 1))
        TTXPU_O_CLOSE_OPT = int(os.environ.get("TRITONXPU_CLOSE_OPTIMIZE", 0))
        TTSDNN_F_SINGLE_CORE_MODE = int(os.environ.get("TRITON_SDNN_SINGLE_CODE_MODE", 0))
        TTSDNN_F_MATMUL_FAST_MODE = int(os.environ.get("XMLIR_MATMUL_FAST_MODE", 0))
        TTSDNN_F_DMA_MODE = int(os.environ.get("XMLIR_DMA_FAST_MODE", 0))
    
        if opt.isClusterOneCoreActOnly and TTXPU_F_OHTER_VALUE_SIM:
            assert 0, "isClusterOneCoreActOnly and TRITONXPU_OTHER_SIM can't act simultaneously"
    
        pm = ir.pass_manager(mod.context)
        pm.enable_debug()
        xpu.passes.ttsdnnir.add_tritonsdnn_strip_all_ops_pass(pm, opt.arch)
        if metadata["is_sdnn"]:
            if opt.arch < 4:
                if metadata["use_int4_w4a8"] == True:
                    xpu.passes.ttsdnnir.add_triton_convert_type_pass(pm, opt.arch, 2)
                else:
                    xpu.passes.ttsdnnir.add_triton_convert_type_pass(pm, opt.arch, TTSDNN_F_MATMUL_FAST_MODE)
            xpu.passes.ttsdnnir.add_convert_triton_to_tritonsdnn_pass(pm, opt.arch)
            xpu.passes.ttsdnnir.add_linalg_to_tritonsdnn_pass(pm, opt.arch)
            xpu.passes.ttsdnnir.add_tritonsdnn_legalize_pass(pm, opt.arch)
            xpu.passes.ttsdnnir.add_tritonsdnn_combine_before_pass(pm, opt.arch)
            xpu.passes.ttsdnnir.add_tritonsdnn_bufferize_pass(pm, opt.arch)
            xpu.passes.ttsdnnir.add_tritonsdnn_combine_pass(pm, opt.arch)
            if opt.exp_range != ":0":
                res = parse_floating_range_string(opt.exp_range)
                xpu.passes.ttsdnnir.add_tritonsdnn_ew_act_table_pass(pm, res)
            else:
                xpu.passes.ttsdnnir.add_tritonsdnn_ew_act_table_pass(pm, None)
            xpu.passes.ttsdnnir.add_tritonsdnn_loop_grid_pass(pm)
            if opt.arch == 4 and TTSDNN_F_DMA_MODE:
                xpu.passes.ttsdnnir.add_tritonsdnn_remove_ds_op_pass(pm, opt.arch)
            if not TTSDNN_F_SINGLE_CORE_MODE:
                xpu.passes.ttsdnnir.add_tritonsdnn_pipeline_pass(pm)
    
            xpu.passes.ttsdnnir.add_tritonsdnn_multi_buffer_pass(pm, opt.arch, opt.num_stages)
            passes.common.add_symbol_dce(pm)
            passes.common.add_canonicalizer(pm)
            passes.common.add_cse(pm)
        else:
            xpu.passes.ttxpuir.add_convert_triton_to_tritonxpu_pass(pm, opt.arch, XPUBackend.buffer_len, core_num)
            xpu.passes.ttxpuir.add_tritonxpu_print_pass(pm)
            xpu.passes.ttxpuir.add_tritonxpu_gm2lm_pass(pm, opt.arch, TTXPU_O_ATOMIC_SIM, opt.isClusterOneCoreActOnly,
                                                        is_use_mask_zero)
            if not metadata["isCloseMemoryCache"]:
                xpu.passes.ttxpuir.add_tritonxpu_memory_cache_pass(pm, XPUBackend.buffer_len,
                                                                   core_num) if not TTXPU_O_CLOSE_OPT else None
            passes.common.add_canonicalizer(pm)
            if TTXPU_F_DTYPE_CONVERT:
                xpu.passes.ttxpuir.add_tritonxpu_dtype_convert_pass(pm, opt.arch)
            if not metadata["isCloseCoreTiling"]:
                xpu.passes.ttxpuir.add_tritonxpu_core_tiling_pass(
                    pm, 0, XPUBackend.buffer_len, core_num,
                    groups_per_cluster) if not TTXPU_O_CLOSE_OPT else None  # dumpFlag=0
            # xpu.passes.ttxpuir.add_tritonxpu_lm_to_sm_pass(pm)
            passes.common.add_cse(pm)
            if not metadata["isCloseOffsetAnalysis"]:
                xpu.passes.ttxpuir.add_tritonxpu_offset_state_pass(
                    pm, 0, XPUBackend.buffer_len, is_use_mask_zero) if not TTXPU_O_CLOSE_OPT else None  # dumpFlag=0
            passes.common.add_canonicalizer(pm)
            xpu.passes.ttxpuir.add_tritonxpu_legalize_pass(pm, XPUBackend.buffer_len, core_num, groups_per_cluster,
                                                           is_use_mask_zero)
            passes.common.add_canonicalizer(pm)
            if not TTXPU_F_OHTER_VALUE_SIM:
                xpu.passes.ttxpuir.add_tritonxpu_mask_pass(pm, opt.isClusterOneCoreActOnly, is_use_mask_zero)
            passes.common.add_canonicalizer(pm)
            passes.common.add_cse(pm)
            passes.common.add_licm(pm)
            passes.common.add_symbol_dce(pm)
            if not metadata["isCloseInterleave"] and TTXPU_F_INTERLEAVE:
                xpu.passes.ttxpuir.add_tritonxpu_interleave_pass(pm) if not TTXPU_O_CLOSE_OPT else None
            passes.common.add_canonicalizer(pm)
            if not metadata["isCloseVectorization"]:
                compareFusion = int(os.environ.get("TRITONXPU_COMPARE_FUSION", 0))
                xpu.passes.ttxpuir.add_tritonxpu_vectorize_pass(
                    pm, 0, compareFusion) if not TTXPU_O_CLOSE_OPT else None  # dumpFlag=0
            passes.common.add_canonicalizer(pm)
            xpu.passes.ttxpuir.add_tritonxpu_alloca_pass(pm, XPUBackend.buffer_len, core_num)
            if not metadata["isCloseMemoryAsync"]:
                xpu.passes.ttxpuir.add_tritonxpu_memory_async_pass(pm,
                                                                   0) if not TTXPU_O_CLOSE_OPT else None  # dumpFlag=0
            if not metadata["isCloseUnrollControl"]:
                xpu.passes.ttxpuir.add_tritonxpu_unroll_control_pass(pm, XPUBackend.buffer_len, core_num,
                                                                     is_use_mask_zero,
                                                                     unroll_num) if not TTXPU_O_CLOSE_OPT else None
            xpu.passes.ttxpuir.add_tritonxpu_store_control_pass(pm) if not TTXPU_O_CLOSE_OPT else None
            if not TTXPU_F_OHTER_VALUE_SIM:
                xpu.passes.ttxpuir.add_tritonxpu_other_sim_pass(pm, XPUBackend.buffer_len, core_num)
            xpu.passes.ttxpuir.add_tritonxpu_memory_inplace_pass(pm, XPUBackend.buffer_len,
                                                                 core_num) if not TTXPU_O_CLOSE_OPT else None
            if not metadata["isCloseClusterLoopGrid"]:
                xpu.passes.ttxpuir.add_tritonxpu_cf_to_scf_pass(pm)
                xpu.passes.ttxpuir.add_tritonxpu_loop_grid_pass(pm)
            passes.common.add_cse(pm)
            passes.common.add_licm(pm)
            passes.common.add_symbol_dce(pm)
    
        try:
>           pm.run(mod)
E           RuntimeError: PassManager::run failed

/root/miniconda/envs/python310_torch29_cuda/lib/python3.10/site-packages/triton/backends/xpu/compiler.py:329: RuntimeError

During handling of the above exception, another exception occurred:

shape = (20, 320, 15), dtype = torch.float32

    @pytest.mark.digamma
    @pytest.mark.parametrize("shape", utils.POINTWISE_SHAPES)
    @pytest.mark.parametrize("dtype", utils.FLOAT_DTYPES)
    def test_digamma(shape, dtype):
        inp = torch.rand(shape, dtype=dtype, device=flag_gems.device) + 1.0
        ref_inp = utils.to_reference(inp)
    
        ref_out = torch.digamma(ref_inp)
        with flag_gems.use_gems():
>           res_out = torch.digamma(inp)

test_digamma.py:32: 
_ _ _ _ _ _ _ _ _ _ _ _ _ _ _ _ _ _ _ _ _ _ _ _ _ _ _ _ _ _ _ _ _ _ _ _ _ _ _ _ 
../src/flag_gems/ops/digamma_.py:174: in digamma
    digamma_kernel[grid](A, output, n_elements, BLOCK_SIZE=1024)
/root/miniconda/envs/python310_torch29_cuda/lib/python3.10/site-packages/triton/runtime/jit.py:364: in <lambda>
    return lambda *args, **kwargs: self.run(grid=grid, warmup=False, *args, **kwargs)
/root/miniconda/envs/python310_torch29_cuda/lib/python3.10/site-packages/triton/runtime/jit.py:795: in run
    kernel = self.default_run(*args, **kwargs)
/root/miniconda/envs/python310_torch29_cuda/lib/python3.10/site-packages/triton/runtime/jit.py:686: in default_run
    kernel = self.compile(
/root/miniconda/envs/python310_torch29_cuda/lib/python3.10/site-packages/triton/compiler/compiler.py:318: in compile
    next_module = compile_ir(module, metadata)
/root/miniconda/envs/python310_torch29_cuda/lib/python3.10/site-packages/triton/backends/xpu/compiler.py:516: in <lambda>
    stages["ttxir"] = lambda src, metadata: self.make_ttxir(src, metadata, options)
_ _ _ _ _ _ _ _ _ _ _ _ _ _ _ _ _ _ _ _ _ _ _ _ _ _ _ _ _ _ _ _ _ _ _ _ _ _ _ _ 

mod = <triton._C.libtriton.ir.module object at 0x7f6f21c522a0>
metadata = {'hash': 'aa20776995f465b0fb3e8fbb0bc35ae51b9fdde344f463d65ba58b137865166b', 'target': GPUTarget(backend='xpu', arch=3, warp_size=1), 'arch': 3, 'grid': <function digamma.<locals>.<lambda> at 0x7f6f1f6a1ea0>, ...}
opt = XPUOptions(arch=3, grid=<function digamma.<locals>.<lambda> at 0x7f6f1f6a1ea0>, debug=None, cluster_num=12, core_num=6...ed_dot_input_precisions=('ieee', 'tf32'), exp_range=':0', num_warps=-1, num_ctas=-1, num_stages=1, use_int4_w4a8=False)

    @staticmethod
    def make_ttxir(mod, metadata, opt):
        metadata["xpu_arch"] = opt.arch
        metadata["is_sdnn"] = opt.is_sdnn or xpu.is_sdnn_kernel(mod)
        metadata["tensor_args"] = xpu.get_tensor_args(mod, []) if metadata["is_sdnn"] is True else []
        metadata["shared"] = (-1)  # TODO: invalid value, just to keep CompiledKernel _init_handles() success
    
        max_buffer_size = metadata["buffer_size_limit"]
        elem_bytes = int(os.environ.get("TRITONXPU_ELEMBYTES", 0))
        groups_per_cluster = metadata["groups_per_cluster"]
        unroll_num = metadata["unroll_num"]
        XPUBackend.buffer_len = xpu.get_buffer_len(mod, max_buffer_size, elem_bytes)
        # print(f"XPUBackend.buffer_len = {XPUBackend.buffer_len}")
        core_num = metadata["core_num"]
        # F/O Prefix For Function/Optimization Macro
        is_use_mask_zero = metadata["is_use_mask_zero"]
        if is_use_mask_zero:
            warnings.warn(
                f'XRE Version Must Be More than 5.0.21.37 (After 2025.07.22). And echo 1 > /proc/kunlun/dev4/dma_excp_mask',
                UserWarning)
        TTXPU_F_INTERLEAVE = 0 if metadata["grid"] != (12, 1, 1) else int(os.environ.get("TRITONXPU_INTERLEAVE", 1))
        TTXPU_F_OHTER_VALUE_SIM = int(os.environ.get("TRITONXPU_OTHER_SIM", 0))
        TTXPU_F_STORE_MASK_SIM = int(os.environ.get("TRITONXPU_STORE_MASK_SIM", 0))
        TTXPU_F_DTYPE_CONVERT = 0 if metadata["isCloseDtypeConvert"] else int(
            os.environ.get("TRITONXPU_DTYPE_CONVERT", 1))
        TTXPU_O_ATOMIC_SIM = 0 if metadata["isCLOSE_TTXPU_O_ATOMIC_SIM"] else int(
            os.environ.get("TRITONXPU_ATOMIC_SIM", 1))
        TTXPU_O_CLOSE_OPT = int(os.environ.get("TRITONXPU_CLOSE_OPTIMIZE", 0))
        TTSDNN_F_SINGLE_CORE_MODE = int(os.environ.get("TRITON_SDNN_SINGLE_CODE_MODE", 0))
        TTSDNN_F_MATMUL_FAST_MODE = int(os.environ.get("XMLIR_MATMUL_FAST_MODE", 0))
        TTSDNN_F_DMA_MODE = int(os.environ.get("XMLIR_DMA_FAST_MODE", 0))
    
        if opt.isClusterOneCoreActOnly and TTXPU_F_OHTER_VALUE_SIM:
            assert 0, "isClusterOneCoreActOnly and TRITONXPU_OTHER_SIM can't act simultaneously"
    
        pm = ir.pass_manager(mod.context)
        pm.enable_debug()
        xpu.passes.ttsdnnir.add_tritonsdnn_strip_all_ops_pass(pm, opt.arch)
        if metadata["is_sdnn"]:
            if opt.arch < 4:
                if metadata["use_int4_w4a8"] == True:
                    xpu.passes.ttsdnnir.add_triton_convert_type_pass(pm, opt.arch, 2)
                else:
                    xpu.passes.ttsdnnir.add_triton_convert_type_pass(pm, opt.arch, TTSDNN_F_MATMUL_FAST_MODE)
            xpu.passes.ttsdnnir.add_convert_triton_to_tritonsdnn_pass(pm, opt.arch)
            xpu.passes.ttsdnnir.add_linalg_to_tritonsdnn_pass(pm, opt.arch)
            xpu.passes.ttsdnnir.add_tritonsdnn_legalize_pass(pm, opt.arch)
            xpu.passes.ttsdnnir.add_tritonsdnn_combine_before_pass(pm, opt.arch)
            xpu.passes.ttsdnnir.add_tritonsdnn_bufferize_pass(pm, opt.arch)
            xpu.passes.ttsdnnir.add_tritonsdnn_combine_pass(pm, opt.arch)
            if opt.exp_range != ":0":
                res = parse_floating_range_string(opt.exp_range)
                xpu.passes.ttsdnnir.add_tritonsdnn_ew_act_table_pass(pm, res)
            else:
                xpu.passes.ttsdnnir.add_tritonsdnn_ew_act_table_pass(pm, None)
            xpu.passes.ttsdnnir.add_tritonsdnn_loop_grid_pass(pm)
            if opt.arch == 4 and TTSDNN_F_DMA_MODE:
                xpu.passes.ttsdnnir.add_tritonsdnn_remove_ds_op_pass(pm, opt.arch)
            if not TTSDNN_F_SINGLE_CORE_MODE:
                xpu.passes.ttsdnnir.add_tritonsdnn_pipeline_pass(pm)
    
            xpu.passes.ttsdnnir.add_tritonsdnn_multi_buffer_pass(pm, opt.arch, opt.num_stages)
            passes.common.add_symbol_dce(pm)
            passes.common.add_canonicalizer(pm)
            passes.common.add_cse(pm)
        else:
            xpu.passes.ttxpuir.add_convert_triton_to_tritonxpu_pass(pm, opt.arch, XPUBackend.buffer_len, core_num)
            xpu.passes.ttxpuir.add_tritonxpu_print_pass(pm)
            xpu.passes.ttxpuir.add_tritonxpu_gm2lm_pass(pm, opt.arch, TTXPU_O_ATOMIC_SIM, opt.isClusterOneCoreActOnly,
                                                        is_use_mask_zero)
            if not metadata["isCloseMemoryCache"]:
                xpu.passes.ttxpuir.add_tritonxpu_memory_cache_pass(pm, XPUBackend.buffer_len,
                                                                   core_num) if not TTXPU_O_CLOSE_OPT else None
            passes.common.add_canonicalizer(pm)
            if TTXPU_F_DTYPE_CONVERT:
                xpu.passes.ttxpuir.add_tritonxpu_dtype_convert_pass(pm, opt.arch)
            if not metadata["isCloseCoreTiling"]:
                xpu.passes.ttxpuir.add_tritonxpu_core_tiling_pass(
                    pm, 0, XPUBackend.buffer_len, core_num,
                    groups_per_cluster) if not TTXPU_O_CLOSE_OPT else None  # dumpFlag=0
            # xpu.passes.ttxpuir.add_tritonxpu_lm_to_sm_pass(pm)
            passes.common.add_cse(pm)
            if not metadata["isCloseOffsetAnalysis"]:
                xpu.passes.ttxpuir.add_tritonxpu_offset_state_pass(
                    pm, 0, XPUBackend.buffer_len, is_use_mask_zero) if not TTXPU_O_CLOSE_OPT else None  # dumpFlag=0
            passes.common.add_canonicalizer(pm)
            xpu.passes.ttxpuir.add_tritonxpu_legalize_pass(pm, XPUBackend.buffer_len, core_num, groups_per_cluster,
                                                           is_use_mask_zero)
            passes.common.add_canonicalizer(pm)
            if not TTXPU_F_OHTER_VALUE_SIM:
                xpu.passes.ttxpuir.add_tritonxpu_mask_pass(pm, opt.isClusterOneCoreActOnly, is_use_mask_zero)
            passes.common.add_canonicalizer(pm)
            passes.common.add_cse(pm)
            passes.common.add_licm(pm)
            passes.common.add_symbol_dce(pm)
            if not metadata["isCloseInterleave"] and TTXPU_F_INTERLEAVE:
                xpu.passes.ttxpuir.add_tritonxpu_interleave_pass(pm) if not TTXPU_O_CLOSE_OPT else None
            passes.common.add_canonicalizer(pm)
            if not metadata["isCloseVectorization"]:
                compareFusion = int(os.environ.get("TRITONXPU_COMPARE_FUSION", 0))
                xpu.passes.ttxpuir.add_tritonxpu_vectorize_pass(
                    pm, 0, compareFusion) if not TTXPU_O_CLOSE_OPT else None  # dumpFlag=0
            passes.common.add_canonicalizer(pm)
            xpu.passes.ttxpuir.add_tritonxpu_alloca_pass(pm, XPUBackend.buffer_len, core_num)
            if not metadata["isCloseMemoryAsync"]:
                xpu.passes.ttxpuir.add_tritonxpu_memory_async_pass(pm,
                                                                   0) if not TTXPU_O_CLOSE_OPT else None  # dumpFlag=0
            if not metadata["isCloseUnrollControl"]:
                xpu.passes.ttxpuir.add_tritonxpu_unroll_control_pass(pm, XPUBackend.buffer_len, core_num,
                                                                     is_use_mask_zero,
                                                                     unroll_num) if not TTXPU_O_CLOSE_OPT else None
            xpu.passes.ttxpuir.add_tritonxpu_store_control_pass(pm) if not TTXPU_O_CLOSE_OPT else None
            if not TTXPU_F_OHTER_VALUE_SIM:
                xpu.passes.ttxpuir.add_tritonxpu_other_sim_pass(pm, XPUBackend.buffer_len, core_num)
            xpu.passes.ttxpuir.add_tritonxpu_memory_inplace_pass(pm, XPUBackend.buffer_len,
                                                                 core_num) if not TTXPU_O_CLOSE_OPT else None
            if not metadata["isCloseClusterLoopGrid"]:
                xpu.passes.ttxpuir.add_tritonxpu_cf_to_scf_pass(pm)
                xpu.passes.ttxpuir.add_tritonxpu_loop_grid_pass(pm)
            passes.common.add_cse(pm)
            passes.common.add_licm(pm)
            passes.common.add_symbol_dce(pm)
    
        try:
            pm.run(mod)
        except Exception as e:
            from triton import OutOfResources
>           raise OutOfResources(0, 0, f"uni_sram {e}")
E           triton.runtime.errors.OutOfResources: out of resource: uni_sram PassManager::run failed, Required: 0, Hardware limit: 0. Reducing block sizes or `num_stages` may help.

/root/miniconda/envs/python310_torch29_cuda/lib/python3.10/site-packages/triton/backends/xpu/compiler.py:332: OutOfResources
_________________________ test_digamma[dtype1-shape4] __________________________

mod = <triton._C.libtriton.ir.module object at 0x7f6f1f5140e0>
metadata = {'hash': '8f1ec4f910062020a7afcfaec2302ffc52979bff8b84c5ff285e9dda50906de1', 'target': GPUTarget(backend='xpu', arch=3, warp_size=1), 'arch': 3, 'grid': <function digamma.<locals>.<lambda> at 0x7f6f1f6a3130>, ...}
opt = XPUOptions(arch=3, grid=<function digamma.<locals>.<lambda> at 0x7f6f1f6a3130>, debug=None, cluster_num=12, core_num=6...ed_dot_input_precisions=('ieee', 'tf32'), exp_range=':0', num_warps=-1, num_ctas=-1, num_stages=1, use_int4_w4a8=False)

    @staticmethod
    def make_ttxir(mod, metadata, opt):
        metadata["xpu_arch"] = opt.arch
        metadata["is_sdnn"] = opt.is_sdnn or xpu.is_sdnn_kernel(mod)
        metadata["tensor_args"] = xpu.get_tensor_args(mod, []) if metadata["is_sdnn"] is True else []
        metadata["shared"] = (-1)  # TODO: invalid value, just to keep CompiledKernel _init_handles() success
    
        max_buffer_size = metadata["buffer_size_limit"]
        elem_bytes = int(os.environ.get("TRITONXPU_ELEMBYTES", 0))
        groups_per_cluster = metadata["groups_per_cluster"]
        unroll_num = metadata["unroll_num"]
        XPUBackend.buffer_len = xpu.get_buffer_len(mod, max_buffer_size, elem_bytes)
        # print(f"XPUBackend.buffer_len = {XPUBackend.buffer_len}")
        core_num = metadata["core_num"]
        # F/O Prefix For Function/Optimization Macro
        is_use_mask_zero = metadata["is_use_mask_zero"]
        if is_use_mask_zero:
            warnings.warn(
                f'XRE Version Must Be More than 5.0.21.37 (After 2025.07.22). And echo 1 > /proc/kunlun/dev4/dma_excp_mask',
                UserWarning)
        TTXPU_F_INTERLEAVE = 0 if metadata["grid"] != (12, 1, 1) else int(os.environ.get("TRITONXPU_INTERLEAVE", 1))
        TTXPU_F_OHTER_VALUE_SIM = int(os.environ.get("TRITONXPU_OTHER_SIM", 0))
        TTXPU_F_STORE_MASK_SIM = int(os.environ.get("TRITONXPU_STORE_MASK_SIM", 0))
        TTXPU_F_DTYPE_CONVERT = 0 if metadata["isCloseDtypeConvert"] else int(
            os.environ.get("TRITONXPU_DTYPE_CONVERT", 1))
        TTXPU_O_ATOMIC_SIM = 0 if metadata["isCLOSE_TTXPU_O_ATOMIC_SIM"] else int(
            os.environ.get("TRITONXPU_ATOMIC_SIM", 1))
        TTXPU_O_CLOSE_OPT = int(os.environ.get("TRITONXPU_CLOSE_OPTIMIZE", 0))
        TTSDNN_F_SINGLE_CORE_MODE = int(os.environ.get("TRITON_SDNN_SINGLE_CODE_MODE", 0))
        TTSDNN_F_MATMUL_FAST_MODE = int(os.environ.get("XMLIR_MATMUL_FAST_MODE", 0))
        TTSDNN_F_DMA_MODE = int(os.environ.get("XMLIR_DMA_FAST_MODE", 0))
    
        if opt.isClusterOneCoreActOnly and TTXPU_F_OHTER_VALUE_SIM:
            assert 0, "isClusterOneCoreActOnly and TRITONXPU_OTHER_SIM can't act simultaneously"
    
        pm = ir.pass_manager(mod.context)
        pm.enable_debug()
        xpu.passes.ttsdnnir.add_tritonsdnn_strip_all_ops_pass(pm, opt.arch)
        if metadata["is_sdnn"]:
            if opt.arch < 4:
                if metadata["use_int4_w4a8"] == True:
                    xpu.passes.ttsdnnir.add_triton_convert_type_pass(pm, opt.arch, 2)
                else:
                    xpu.passes.ttsdnnir.add_triton_convert_type_pass(pm, opt.arch, TTSDNN_F_MATMUL_FAST_MODE)
            xpu.passes.ttsdnnir.add_convert_triton_to_tritonsdnn_pass(pm, opt.arch)
            xpu.passes.ttsdnnir.add_linalg_to_tritonsdnn_pass(pm, opt.arch)
            xpu.passes.ttsdnnir.add_tritonsdnn_legalize_pass(pm, opt.arch)
            xpu.passes.ttsdnnir.add_tritonsdnn_combine_before_pass(pm, opt.arch)
            xpu.passes.ttsdnnir.add_tritonsdnn_bufferize_pass(pm, opt.arch)
            xpu.passes.ttsdnnir.add_tritonsdnn_combine_pass(pm, opt.arch)
            if opt.exp_range != ":0":
                res = parse_floating_range_string(opt.exp_range)
                xpu.passes.ttsdnnir.add_tritonsdnn_ew_act_table_pass(pm, res)
            else:
                xpu.passes.ttsdnnir.add_tritonsdnn_ew_act_table_pass(pm, None)
            xpu.passes.ttsdnnir.add_tritonsdnn_loop_grid_pass(pm)
            if opt.arch == 4 and TTSDNN_F_DMA_MODE:
                xpu.passes.ttsdnnir.add_tritonsdnn_remove_ds_op_pass(pm, opt.arch)
            if not TTSDNN_F_SINGLE_CORE_MODE:
                xpu.passes.ttsdnnir.add_tritonsdnn_pipeline_pass(pm)
    
            xpu.passes.ttsdnnir.add_tritonsdnn_multi_buffer_pass(pm, opt.arch, opt.num_stages)
            passes.common.add_symbol_dce(pm)
            passes.common.add_canonicalizer(pm)
            passes.common.add_cse(pm)
        else:
            xpu.passes.ttxpuir.add_convert_triton_to_tritonxpu_pass(pm, opt.arch, XPUBackend.buffer_len, core_num)
            xpu.passes.ttxpuir.add_tritonxpu_print_pass(pm)
            xpu.passes.ttxpuir.add_tritonxpu_gm2lm_pass(pm, opt.arch, TTXPU_O_ATOMIC_SIM, opt.isClusterOneCoreActOnly,
                                                        is_use_mask_zero)
            if not metadata["isCloseMemoryCache"]:
                xpu.passes.ttxpuir.add_tritonxpu_memory_cache_pass(pm, XPUBackend.buffer_len,
                                                                   core_num) if not TTXPU_O_CLOSE_OPT else None
            passes.common.add_canonicalizer(pm)
            if TTXPU_F_DTYPE_CONVERT:
                xpu.passes.ttxpuir.add_tritonxpu_dtype_convert_pass(pm, opt.arch)
            if not metadata["isCloseCoreTiling"]:
                xpu.passes.ttxpuir.add_tritonxpu_core_tiling_pass(
                    pm, 0, XPUBackend.buffer_len, core_num,
                    groups_per_cluster) if not TTXPU_O_CLOSE_OPT else None  # dumpFlag=0
            # xpu.passes.ttxpuir.add_tritonxpu_lm_to_sm_pass(pm)
            passes.common.add_cse(pm)
            if not metadata["isCloseOffsetAnalysis"]:
                xpu.passes.ttxpuir.add_tritonxpu_offset_state_pass(
                    pm, 0, XPUBackend.buffer_len, is_use_mask_zero) if not TTXPU_O_CLOSE_OPT else None  # dumpFlag=0
            passes.common.add_canonicalizer(pm)
            xpu.passes.ttxpuir.add_tritonxpu_legalize_pass(pm, XPUBackend.buffer_len, core_num, groups_per_cluster,
                                                           is_use_mask_zero)
            passes.common.add_canonicalizer(pm)
            if not TTXPU_F_OHTER_VALUE_SIM:
                xpu.passes.ttxpuir.add_tritonxpu_mask_pass(pm, opt.isClusterOneCoreActOnly, is_use_mask_zero)
            passes.common.add_canonicalizer(pm)
            passes.common.add_cse(pm)
            passes.common.add_licm(pm)
            passes.common.add_symbol_dce(pm)
            if not metadata["isCloseInterleave"] and TTXPU_F_INTERLEAVE:
                xpu.passes.ttxpuir.add_tritonxpu_interleave_pass(pm) if not TTXPU_O_CLOSE_OPT else None
            passes.common.add_canonicalizer(pm)
            if not metadata["isCloseVectorization"]:
                compareFusion = int(os.environ.get("TRITONXPU_COMPARE_FUSION", 0))
                xpu.passes.ttxpuir.add_tritonxpu_vectorize_pass(
                    pm, 0, compareFusion) if not TTXPU_O_CLOSE_OPT else None  # dumpFlag=0
            passes.common.add_canonicalizer(pm)
            xpu.passes.ttxpuir.add_tritonxpu_alloca_pass(pm, XPUBackend.buffer_len, core_num)
            if not metadata["isCloseMemoryAsync"]:
                xpu.passes.ttxpuir.add_tritonxpu_memory_async_pass(pm,
                                                                   0) if not TTXPU_O_CLOSE_OPT else None  # dumpFlag=0
            if not metadata["isCloseUnrollControl"]:
                xpu.passes.ttxpuir.add_tritonxpu_unroll_control_pass(pm, XPUBackend.buffer_len, core_num,
                                                                     is_use_mask_zero,
                                                                     unroll_num) if not TTXPU_O_CLOSE_OPT else None
            xpu.passes.ttxpuir.add_tritonxpu_store_control_pass(pm) if not TTXPU_O_CLOSE_OPT else None
            if not TTXPU_F_OHTER_VALUE_SIM:
                xpu.passes.ttxpuir.add_tritonxpu_other_sim_pass(pm, XPUBackend.buffer_len, core_num)
            xpu.passes.ttxpuir.add_tritonxpu_memory_inplace_pass(pm, XPUBackend.buffer_len,
                                                                 core_num) if not TTXPU_O_CLOSE_OPT else None
            if not metadata["isCloseClusterLoopGrid"]:
                xpu.passes.ttxpuir.add_tritonxpu_cf_to_scf_pass(pm)
                xpu.passes.ttxpuir.add_tritonxpu_loop_grid_pass(pm)
            passes.common.add_cse(pm)
            passes.common.add_licm(pm)
            passes.common.add_symbol_dce(pm)
    
        try:
>           pm.run(mod)
E           RuntimeError: PassManager::run failed

/root/miniconda/envs/python310_torch29_cuda/lib/python3.10/site-packages/triton/backends/xpu/compiler.py:329: RuntimeError

During handling of the above exception, another exception occurred:

shape = (16, 128, 64, 60), dtype = torch.float32

    @pytest.mark.digamma
    @pytest.mark.parametrize("shape", utils.POINTWISE_SHAPES)
    @pytest.mark.parametrize("dtype", utils.FLOAT_DTYPES)
    def test_digamma(shape, dtype):
        inp = torch.rand(shape, dtype=dtype, device=flag_gems.device) + 1.0
        ref_inp = utils.to_reference(inp)
    
        ref_out = torch.digamma(ref_inp)
        with flag_gems.use_gems():
>           res_out = torch.digamma(inp)

test_digamma.py:32: 
_ _ _ _ _ _ _ _ _ _ _ _ _ _ _ _ _ _ _ _ _ _ _ _ _ _ _ _ _ _ _ _ _ _ _ _ _ _ _ _ 
../src/flag_gems/ops/digamma_.py:174: in digamma
    digamma_kernel[grid](A, output, n_elements, BLOCK_SIZE=1024)
/root/miniconda/envs/python310_torch29_cuda/lib/python3.10/site-packages/triton/runtime/jit.py:364: in <lambda>
    return lambda *args, **kwargs: self.run(grid=grid, warmup=False, *args, **kwargs)
/root/miniconda/envs/python310_torch29_cuda/lib/python3.10/site-packages/triton/runtime/jit.py:795: in run
    kernel = self.default_run(*args, **kwargs)
/root/miniconda/envs/python310_torch29_cuda/lib/python3.10/site-packages/triton/runtime/jit.py:686: in default_run
    kernel = self.compile(
/root/miniconda/envs/python310_torch29_cuda/lib/python3.10/site-packages/triton/compiler/compiler.py:318: in compile
    next_module = compile_ir(module, metadata)
/root/miniconda/envs/python310_torch29_cuda/lib/python3.10/site-packages/triton/backends/xpu/compiler.py:516: in <lambda>
    stages["ttxir"] = lambda src, metadata: self.make_ttxir(src, metadata, options)
_ _ _ _ _ _ _ _ _ _ _ _ _ _ _ _ _ _ _ _ _ _ _ _ _ _ _ _ _ _ _ _ _ _ _ _ _ _ _ _ 

mod = <triton._C.libtriton.ir.module object at 0x7f6f1f5140e0>
metadata = {'hash': '8f1ec4f910062020a7afcfaec2302ffc52979bff8b84c5ff285e9dda50906de1', 'target': GPUTarget(backend='xpu', arch=3, warp_size=1), 'arch': 3, 'grid': <function digamma.<locals>.<lambda> at 0x7f6f1f6a3130>, ...}
opt = XPUOptions(arch=3, grid=<function digamma.<locals>.<lambda> at 0x7f6f1f6a3130>, debug=None, cluster_num=12, core_num=6...ed_dot_input_precisions=('ieee', 'tf32'), exp_range=':0', num_warps=-1, num_ctas=-1, num_stages=1, use_int4_w4a8=False)

    @staticmethod
    def make_ttxir(mod, metadata, opt):
        metadata["xpu_arch"] = opt.arch
        metadata["is_sdnn"] = opt.is_sdnn or xpu.is_sdnn_kernel(mod)
        metadata["tensor_args"] = xpu.get_tensor_args(mod, []) if metadata["is_sdnn"] is True else []
        metadata["shared"] = (-1)  # TODO: invalid value, just to keep CompiledKernel _init_handles() success
    
        max_buffer_size = metadata["buffer_size_limit"]
        elem_bytes = int(os.environ.get("TRITONXPU_ELEMBYTES", 0))
        groups_per_cluster = metadata["groups_per_cluster"]
        unroll_num = metadata["unroll_num"]
        XPUBackend.buffer_len = xpu.get_buffer_len(mod, max_buffer_size, elem_bytes)
        # print(f"XPUBackend.buffer_len = {XPUBackend.buffer_len}")
        core_num = metadata["core_num"]
        # F/O Prefix For Function/Optimization Macro
        is_use_mask_zero = metadata["is_use_mask_zero"]
        if is_use_mask_zero:
            warnings.warn(
                f'XRE Version Must Be More than 5.0.21.37 (After 2025.07.22). And echo 1 > /proc/kunlun/dev4/dma_excp_mask',
                UserWarning)
        TTXPU_F_INTERLEAVE = 0 if metadata["grid"] != (12, 1, 1) else int(os.environ.get("TRITONXPU_INTERLEAVE", 1))
        TTXPU_F_OHTER_VALUE_SIM = int(os.environ.get("TRITONXPU_OTHER_SIM", 0))
        TTXPU_F_STORE_MASK_SIM = int(os.environ.get("TRITONXPU_STORE_MASK_SIM", 0))
        TTXPU_F_DTYPE_CONVERT = 0 if metadata["isCloseDtypeConvert"] else int(
            os.environ.get("TRITONXPU_DTYPE_CONVERT", 1))
        TTXPU_O_ATOMIC_SIM = 0 if metadata["isCLOSE_TTXPU_O_ATOMIC_SIM"] else int(
            os.environ.get("TRITONXPU_ATOMIC_SIM", 1))
        TTXPU_O_CLOSE_OPT = int(os.environ.get("TRITONXPU_CLOSE_OPTIMIZE", 0))
        TTSDNN_F_SINGLE_CORE_MODE = int(os.environ.get("TRITON_SDNN_SINGLE_CODE_MODE", 0))
        TTSDNN_F_MATMUL_FAST_MODE = int(os.environ.get("XMLIR_MATMUL_FAST_MODE", 0))
        TTSDNN_F_DMA_MODE = int(os.environ.get("XMLIR_DMA_FAST_MODE", 0))
    
        if opt.isClusterOneCoreActOnly and TTXPU_F_OHTER_VALUE_SIM:
            assert 0, "isClusterOneCoreActOnly and TRITONXPU_OTHER_SIM can't act simultaneously"
    
        pm = ir.pass_manager(mod.context)
        pm.enable_debug()
        xpu.passes.ttsdnnir.add_tritonsdnn_strip_all_ops_pass(pm, opt.arch)
        if metadata["is_sdnn"]:
            if opt.arch < 4:
                if metadata["use_int4_w4a8"] == True:
                    xpu.passes.ttsdnnir.add_triton_convert_type_pass(pm, opt.arch, 2)
                else:
                    xpu.passes.ttsdnnir.add_triton_convert_type_pass(pm, opt.arch, TTSDNN_F_MATMUL_FAST_MODE)
            xpu.passes.ttsdnnir.add_convert_triton_to_tritonsdnn_pass(pm, opt.arch)
            xpu.passes.ttsdnnir.add_linalg_to_tritonsdnn_pass(pm, opt.arch)
            xpu.passes.ttsdnnir.add_tritonsdnn_legalize_pass(pm, opt.arch)
            xpu.passes.ttsdnnir.add_tritonsdnn_combine_before_pass(pm, opt.arch)
            xpu.passes.ttsdnnir.add_tritonsdnn_bufferize_pass(pm, opt.arch)
            xpu.passes.ttsdnnir.add_tritonsdnn_combine_pass(pm, opt.arch)
            if opt.exp_range != ":0":
                res = parse_floating_range_string(opt.exp_range)
                xpu.passes.ttsdnnir.add_tritonsdnn_ew_act_table_pass(pm, res)
            else:
                xpu.passes.ttsdnnir.add_tritonsdnn_ew_act_table_pass(pm, None)
            xpu.passes.ttsdnnir.add_tritonsdnn_loop_grid_pass(pm)
            if opt.arch == 4 and TTSDNN_F_DMA_MODE:
                xpu.passes.ttsdnnir.add_tritonsdnn_remove_ds_op_pass(pm, opt.arch)
            if not TTSDNN_F_SINGLE_CORE_MODE:
                xpu.passes.ttsdnnir.add_tritonsdnn_pipeline_pass(pm)
    
            xpu.passes.ttsdnnir.add_tritonsdnn_multi_buffer_pass(pm, opt.arch, opt.num_stages)
            passes.common.add_symbol_dce(pm)
            passes.common.add_canonicalizer(pm)
            passes.common.add_cse(pm)
        else:
            xpu.passes.ttxpuir.add_convert_triton_to_tritonxpu_pass(pm, opt.arch, XPUBackend.buffer_len, core_num)
            xpu.passes.ttxpuir.add_tritonxpu_print_pass(pm)
            xpu.passes.ttxpuir.add_tritonxpu_gm2lm_pass(pm, opt.arch, TTXPU_O_ATOMIC_SIM, opt.isClusterOneCoreActOnly,
                                                        is_use_mask_zero)
            if not metadata["isCloseMemoryCache"]:
                xpu.passes.ttxpuir.add_tritonxpu_memory_cache_pass(pm, XPUBackend.buffer_len,
                                                                   core_num) if not TTXPU_O_CLOSE_OPT else None
            passes.common.add_canonicalizer(pm)
            if TTXPU_F_DTYPE_CONVERT:
                xpu.passes.ttxpuir.add_tritonxpu_dtype_convert_pass(pm, opt.arch)
            if not metadata["isCloseCoreTiling"]:
                xpu.passes.ttxpuir.add_tritonxpu_core_tiling_pass(
                    pm, 0, XPUBackend.buffer_len, core_num,
                    groups_per_cluster) if not TTXPU_O_CLOSE_OPT else None  # dumpFlag=0
            # xpu.passes.ttxpuir.add_tritonxpu_lm_to_sm_pass(pm)
            passes.common.add_cse(pm)
            if not metadata["isCloseOffsetAnalysis"]:
                xpu.passes.ttxpuir.add_tritonxpu_offset_state_pass(
                    pm, 0, XPUBackend.buffer_len, is_use_mask_zero) if not TTXPU_O_CLOSE_OPT else None  # dumpFlag=0
            passes.common.add_canonicalizer(pm)
            xpu.passes.ttxpuir.add_tritonxpu_legalize_pass(pm, XPUBackend.buffer_len, core_num, groups_per_cluster,
                                                           is_use_mask_zero)
            passes.common.add_canonicalizer(pm)
            if not TTXPU_F_OHTER_VALUE_SIM:
                xpu.passes.ttxpuir.add_tritonxpu_mask_pass(pm, opt.isClusterOneCoreActOnly, is_use_mask_zero)
            passes.common.add_canonicalizer(pm)
            passes.common.add_cse(pm)
            passes.common.add_licm(pm)
            passes.common.add_symbol_dce(pm)
            if not metadata["isCloseInterleave"] and TTXPU_F_INTERLEAVE:
                xpu.passes.ttxpuir.add_tritonxpu_interleave_pass(pm) if not TTXPU_O_CLOSE_OPT else None
            passes.common.add_canonicalizer(pm)
            if not metadata["isCloseVectorization"]:
                compareFusion = int(os.environ.get("TRITONXPU_COMPARE_FUSION", 0))
                xpu.passes.ttxpuir.add_tritonxpu_vectorize_pass(
                    pm, 0, compareFusion) if not TTXPU_O_CLOSE_OPT else None  # dumpFlag=0
            passes.common.add_canonicalizer(pm)
            xpu.passes.ttxpuir.add_tritonxpu_alloca_pass(pm, XPUBackend.buffer_len, core_num)
            if not metadata["isCloseMemoryAsync"]:
                xpu.passes.ttxpuir.add_tritonxpu_memory_async_pass(pm,
                                                                   0) if not TTXPU_O_CLOSE_OPT else None  # dumpFlag=0
            if not metadata["isCloseUnrollControl"]:
                xpu.passes.ttxpuir.add_tritonxpu_unroll_control_pass(pm, XPUBackend.buffer_len, core_num,
                                                                     is_use_mask_zero,
                                                                     unroll_num) if not TTXPU_O_CLOSE_OPT else None
            xpu.passes.ttxpuir.add_tritonxpu_store_control_pass(pm) if not TTXPU_O_CLOSE_OPT else None
            if not TTXPU_F_OHTER_VALUE_SIM:
                xpu.passes.ttxpuir.add_tritonxpu_other_sim_pass(pm, XPUBackend.buffer_len, core_num)
            xpu.passes.ttxpuir.add_tritonxpu_memory_inplace_pass(pm, XPUBackend.buffer_len,
                                                                 core_num) if not TTXPU_O_CLOSE_OPT else None
            if not metadata["isCloseClusterLoopGrid"]:
                xpu.passes.ttxpuir.add_tritonxpu_cf_to_scf_pass(pm)
                xpu.passes.ttxpuir.add_tritonxpu_loop_grid_pass(pm)
            passes.common.add_cse(pm)
            passes.common.add_licm(pm)
            passes.common.add_symbol_dce(pm)
    
        try:
            pm.run(mod)
        except Exception as e:
            from triton import OutOfResources
>           raise OutOfResources(0, 0, f"uni_sram {e}")
E           triton.runtime.errors.OutOfResources: out of resource: uni_sram PassManager::run failed, Required: 0, Hardware limit: 0. Reducing block sizes or `num_stages` may help.

/root/miniconda/envs/python310_torch29_cuda/lib/python3.10/site-packages/triton/backends/xpu/compiler.py:332: OutOfResources
_________________________ test_digamma[dtype1-shape5] __________________________

mod = <triton._C.libtriton.ir.module object at 0x7f6f21c5ab10>
metadata = {'hash': '8a4ecba160af4f2c6b66e642bab346b96b1bf546dd5ce65dbd31fc4f30d37624', 'target': GPUTarget(backend='xpu', arch=3, warp_size=1), 'arch': 3, 'grid': <function digamma.<locals>.<lambda> at 0x7f6f1f6a3b50>, ...}
opt = XPUOptions(arch=3, grid=<function digamma.<locals>.<lambda> at 0x7f6f1f6a3b50>, debug=None, cluster_num=12, core_num=6...ed_dot_input_precisions=('ieee', 'tf32'), exp_range=':0', num_warps=-1, num_ctas=-1, num_stages=1, use_int4_w4a8=False)

    @staticmethod
    def make_ttxir(mod, metadata, opt):
        metadata["xpu_arch"] = opt.arch
        metadata["is_sdnn"] = opt.is_sdnn or xpu.is_sdnn_kernel(mod)
        metadata["tensor_args"] = xpu.get_tensor_args(mod, []) if metadata["is_sdnn"] is True else []
        metadata["shared"] = (-1)  # TODO: invalid value, just to keep CompiledKernel _init_handles() success
    
        max_buffer_size = metadata["buffer_size_limit"]
        elem_bytes = int(os.environ.get("TRITONXPU_ELEMBYTES", 0))
        groups_per_cluster = metadata["groups_per_cluster"]
        unroll_num = metadata["unroll_num"]
        XPUBackend.buffer_len = xpu.get_buffer_len(mod, max_buffer_size, elem_bytes)
        # print(f"XPUBackend.buffer_len = {XPUBackend.buffer_len}")
        core_num = metadata["core_num"]
        # F/O Prefix For Function/Optimization Macro
        is_use_mask_zero = metadata["is_use_mask_zero"]
        if is_use_mask_zero:
            warnings.warn(
                f'XRE Version Must Be More than 5.0.21.37 (After 2025.07.22). And echo 1 > /proc/kunlun/dev4/dma_excp_mask',
                UserWarning)
        TTXPU_F_INTERLEAVE = 0 if metadata["grid"] != (12, 1, 1) else int(os.environ.get("TRITONXPU_INTERLEAVE", 1))
        TTXPU_F_OHTER_VALUE_SIM = int(os.environ.get("TRITONXPU_OTHER_SIM", 0))
        TTXPU_F_STORE_MASK_SIM = int(os.environ.get("TRITONXPU_STORE_MASK_SIM", 0))
        TTXPU_F_DTYPE_CONVERT = 0 if metadata["isCloseDtypeConvert"] else int(
            os.environ.get("TRITONXPU_DTYPE_CONVERT", 1))
        TTXPU_O_ATOMIC_SIM = 0 if metadata["isCLOSE_TTXPU_O_ATOMIC_SIM"] else int(
            os.environ.get("TRITONXPU_ATOMIC_SIM", 1))
        TTXPU_O_CLOSE_OPT = int(os.environ.get("TRITONXPU_CLOSE_OPTIMIZE", 0))
        TTSDNN_F_SINGLE_CORE_MODE = int(os.environ.get("TRITON_SDNN_SINGLE_CODE_MODE", 0))
        TTSDNN_F_MATMUL_FAST_MODE = int(os.environ.get("XMLIR_MATMUL_FAST_MODE", 0))
        TTSDNN_F_DMA_MODE = int(os.environ.get("XMLIR_DMA_FAST_MODE", 0))
    
        if opt.isClusterOneCoreActOnly and TTXPU_F_OHTER_VALUE_SIM:
            assert 0, "isClusterOneCoreActOnly and TRITONXPU_OTHER_SIM can't act simultaneously"
    
        pm = ir.pass_manager(mod.context)
        pm.enable_debug()
        xpu.passes.ttsdnnir.add_tritonsdnn_strip_all_ops_pass(pm, opt.arch)
        if metadata["is_sdnn"]:
            if opt.arch < 4:
                if metadata["use_int4_w4a8"] == True:
                    xpu.passes.ttsdnnir.add_triton_convert_type_pass(pm, opt.arch, 2)
                else:
                    xpu.passes.ttsdnnir.add_triton_convert_type_pass(pm, opt.arch, TTSDNN_F_MATMUL_FAST_MODE)
            xpu.passes.ttsdnnir.add_convert_triton_to_tritonsdnn_pass(pm, opt.arch)
            xpu.passes.ttsdnnir.add_linalg_to_tritonsdnn_pass(pm, opt.arch)
            xpu.passes.ttsdnnir.add_tritonsdnn_legalize_pass(pm, opt.arch)
            xpu.passes.ttsdnnir.add_tritonsdnn_combine_before_pass(pm, opt.arch)
            xpu.passes.ttsdnnir.add_tritonsdnn_bufferize_pass(pm, opt.arch)
            xpu.passes.ttsdnnir.add_tritonsdnn_combine_pass(pm, opt.arch)
            if opt.exp_range != ":0":
                res = parse_floating_range_string(opt.exp_range)
                xpu.passes.ttsdnnir.add_tritonsdnn_ew_act_table_pass(pm, res)
            else:
                xpu.passes.ttsdnnir.add_tritonsdnn_ew_act_table_pass(pm, None)
            xpu.passes.ttsdnnir.add_tritonsdnn_loop_grid_pass(pm)
            if opt.arch == 4 and TTSDNN_F_DMA_MODE:
                xpu.passes.ttsdnnir.add_tritonsdnn_remove_ds_op_pass(pm, opt.arch)
            if not TTSDNN_F_SINGLE_CORE_MODE:
                xpu.passes.ttsdnnir.add_tritonsdnn_pipeline_pass(pm)
    
            xpu.passes.ttsdnnir.add_tritonsdnn_multi_buffer_pass(pm, opt.arch, opt.num_stages)
            passes.common.add_symbol_dce(pm)
            passes.common.add_canonicalizer(pm)
            passes.common.add_cse(pm)
        else:
            xpu.passes.ttxpuir.add_convert_triton_to_tritonxpu_pass(pm, opt.arch, XPUBackend.buffer_len, core_num)
            xpu.passes.ttxpuir.add_tritonxpu_print_pass(pm)
            xpu.passes.ttxpuir.add_tritonxpu_gm2lm_pass(pm, opt.arch, TTXPU_O_ATOMIC_SIM, opt.isClusterOneCoreActOnly,
                                                        is_use_mask_zero)
            if not metadata["isCloseMemoryCache"]:
                xpu.passes.ttxpuir.add_tritonxpu_memory_cache_pass(pm, XPUBackend.buffer_len,
                                                                   core_num) if not TTXPU_O_CLOSE_OPT else None
            passes.common.add_canonicalizer(pm)
            if TTXPU_F_DTYPE_CONVERT:
                xpu.passes.ttxpuir.add_tritonxpu_dtype_convert_pass(pm, opt.arch)
            if not metadata["isCloseCoreTiling"]:
                xpu.passes.ttxpuir.add_tritonxpu_core_tiling_pass(
                    pm, 0, XPUBackend.buffer_len, core_num,
                    groups_per_cluster) if not TTXPU_O_CLOSE_OPT else None  # dumpFlag=0
            # xpu.passes.ttxpuir.add_tritonxpu_lm_to_sm_pass(pm)
            passes.common.add_cse(pm)
            if not metadata["isCloseOffsetAnalysis"]:
                xpu.passes.ttxpuir.add_tritonxpu_offset_state_pass(
                    pm, 0, XPUBackend.buffer_len, is_use_mask_zero) if not TTXPU_O_CLOSE_OPT else None  # dumpFlag=0
            passes.common.add_canonicalizer(pm)
            xpu.passes.ttxpuir.add_tritonxpu_legalize_pass(pm, XPUBackend.buffer_len, core_num, groups_per_cluster,
                                                           is_use_mask_zero)
            passes.common.add_canonicalizer(pm)
            if not TTXPU_F_OHTER_VALUE_SIM:
                xpu.passes.ttxpuir.add_tritonxpu_mask_pass(pm, opt.isClusterOneCoreActOnly, is_use_mask_zero)
            passes.common.add_canonicalizer(pm)
            passes.common.add_cse(pm)
            passes.common.add_licm(pm)
            passes.common.add_symbol_dce(pm)
            if not metadata["isCloseInterleave"] and TTXPU_F_INTERLEAVE:
                xpu.passes.ttxpuir.add_tritonxpu_interleave_pass(pm) if not TTXPU_O_CLOSE_OPT else None
            passes.common.add_canonicalizer(pm)
            if not metadata["isCloseVectorization"]:
                compareFusion = int(os.environ.get("TRITONXPU_COMPARE_FUSION", 0))
                xpu.passes.ttxpuir.add_tritonxpu_vectorize_pass(
                    pm, 0, compareFusion) if not TTXPU_O_CLOSE_OPT else None  # dumpFlag=0
            passes.common.add_canonicalizer(pm)
            xpu.passes.ttxpuir.add_tritonxpu_alloca_pass(pm, XPUBackend.buffer_len, core_num)
            if not metadata["isCloseMemoryAsync"]:
                xpu.passes.ttxpuir.add_tritonxpu_memory_async_pass(pm,
                                                                   0) if not TTXPU_O_CLOSE_OPT else None  # dumpFlag=0
            if not metadata["isCloseUnrollControl"]:
                xpu.passes.ttxpuir.add_tritonxpu_unroll_control_pass(pm, XPUBackend.buffer_len, core_num,
                                                                     is_use_mask_zero,
                                                                     unroll_num) if not TTXPU_O_CLOSE_OPT else None
            xpu.passes.ttxpuir.add_tritonxpu_store_control_pass(pm) if not TTXPU_O_CLOSE_OPT else None
            if not TTXPU_F_OHTER_VALUE_SIM:
                xpu.passes.ttxpuir.add_tritonxpu_other_sim_pass(pm, XPUBackend.buffer_len, core_num)
            xpu.passes.ttxpuir.add_tritonxpu_memory_inplace_pass(pm, XPUBackend.buffer_len,
                                                                 core_num) if not TTXPU_O_CLOSE_OPT else None
            if not metadata["isCloseClusterLoopGrid"]:
                xpu.passes.ttxpuir.add_tritonxpu_cf_to_scf_pass(pm)
                xpu.passes.ttxpuir.add_tritonxpu_loop_grid_pass(pm)
            passes.common.add_cse(pm)
            passes.common.add_licm(pm)
            passes.common.add_symbol_dce(pm)
    
        try:
>           pm.run(mod)
E           RuntimeError: PassManager::run failed

/root/miniconda/envs/python310_torch29_cuda/lib/python3.10/site-packages/triton/backends/xpu/compiler.py:329: RuntimeError

During handling of the above exception, another exception occurred:

shape = (16, 7, 57, 32, 29), dtype = torch.float32

    @pytest.mark.digamma
    @pytest.mark.parametrize("shape", utils.POINTWISE_SHAPES)
    @pytest.mark.parametrize("dtype", utils.FLOAT_DTYPES)
    def test_digamma(shape, dtype):
        inp = torch.rand(shape, dtype=dtype, device=flag_gems.device) + 1.0
        ref_inp = utils.to_reference(inp)
    
        ref_out = torch.digamma(ref_inp)
        with flag_gems.use_gems():
>           res_out = torch.digamma(inp)

test_digamma.py:32: 
_ _ _ _ _ _ _ _ _ _ _ _ _ _ _ _ _ _ _ _ _ _ _ _ _ _ _ _ _ _ _ _ _ _ _ _ _ _ _ _ 
../src/flag_gems/ops/digamma_.py:174: in digamma
    digamma_kernel[grid](A, output, n_elements, BLOCK_SIZE=1024)
/root/miniconda/envs/python310_torch29_cuda/lib/python3.10/site-packages/triton/runtime/jit.py:364: in <lambda>
    return lambda *args, **kwargs: self.run(grid=grid, warmup=False, *args, **kwargs)
/root/miniconda/envs/python310_torch29_cuda/lib/python3.10/site-packages/triton/runtime/jit.py:795: in run
    kernel = self.default_run(*args, **kwargs)
/root/miniconda/envs/python310_torch29_cuda/lib/python3.10/site-packages/triton/runtime/jit.py:686: in default_run
    kernel = self.compile(
/root/miniconda/envs/python310_torch29_cuda/lib/python3.10/site-packages/triton/compiler/compiler.py:318: in compile
    next_module = compile_ir(module, metadata)
/root/miniconda/envs/python310_torch29_cuda/lib/python3.10/site-packages/triton/backends/xpu/compiler.py:516: in <lambda>
    stages["ttxir"] = lambda src, metadata: self.make_ttxir(src, metadata, options)
_ _ _ _ _ _ _ _ _ _ _ _ _ _ _ _ _ _ _ _ _ _ _ _ _ _ _ _ _ _ _ _ _ _ _ _ _ _ _ _ 

mod = <triton._C.libtriton.ir.module object at 0x7f6f21c5ab10>
metadata = {'hash': '8a4ecba160af4f2c6b66e642bab346b96b1bf546dd5ce65dbd31fc4f30d37624', 'target': GPUTarget(backend='xpu', arch=3, warp_size=1), 'arch': 3, 'grid': <function digamma.<locals>.<lambda> at 0x7f6f1f6a3b50>, ...}
opt = XPUOptions(arch=3, grid=<function digamma.<locals>.<lambda> at 0x7f6f1f6a3b50>, debug=None, cluster_num=12, core_num=6...ed_dot_input_precisions=('ieee', 'tf32'), exp_range=':0', num_warps=-1, num_ctas=-1, num_stages=1, use_int4_w4a8=False)

    @staticmethod
    def make_ttxir(mod, metadata, opt):
        metadata["xpu_arch"] = opt.arch
        metadata["is_sdnn"] = opt.is_sdnn or xpu.is_sdnn_kernel(mod)
        metadata["tensor_args"] = xpu.get_tensor_args(mod, []) if metadata["is_sdnn"] is True else []
        metadata["shared"] = (-1)  # TODO: invalid value, just to keep CompiledKernel _init_handles() success
    
        max_buffer_size = metadata["buffer_size_limit"]
        elem_bytes = int(os.environ.get("TRITONXPU_ELEMBYTES", 0))
        groups_per_cluster = metadata["groups_per_cluster"]
        unroll_num = metadata["unroll_num"]
        XPUBackend.buffer_len = xpu.get_buffer_len(mod, max_buffer_size, elem_bytes)
        # print(f"XPUBackend.buffer_len = {XPUBackend.buffer_len}")
        core_num = metadata["core_num"]
        # F/O Prefix For Function/Optimization Macro
        is_use_mask_zero = metadata["is_use_mask_zero"]
        if is_use_mask_zero:
            warnings.warn(
                f'XRE Version Must Be More than 5.0.21.37 (After 2025.07.22). And echo 1 > /proc/kunlun/dev4/dma_excp_mask',
                UserWarning)
        TTXPU_F_INTERLEAVE = 0 if metadata["grid"] != (12, 1, 1) else int(os.environ.get("TRITONXPU_INTERLEAVE", 1))
        TTXPU_F_OHTER_VALUE_SIM = int(os.environ.get("TRITONXPU_OTHER_SIM", 0))
        TTXPU_F_STORE_MASK_SIM = int(os.environ.get("TRITONXPU_STORE_MASK_SIM", 0))
        TTXPU_F_DTYPE_CONVERT = 0 if metadata["isCloseDtypeConvert"] else int(
            os.environ.get("TRITONXPU_DTYPE_CONVERT", 1))
        TTXPU_O_ATOMIC_SIM = 0 if metadata["isCLOSE_TTXPU_O_ATOMIC_SIM"] else int(
            os.environ.get("TRITONXPU_ATOMIC_SIM", 1))
        TTXPU_O_CLOSE_OPT = int(os.environ.get("TRITONXPU_CLOSE_OPTIMIZE", 0))
        TTSDNN_F_SINGLE_CORE_MODE = int(os.environ.get("TRITON_SDNN_SINGLE_CODE_MODE", 0))
        TTSDNN_F_MATMUL_FAST_MODE = int(os.environ.get("XMLIR_MATMUL_FAST_MODE", 0))
        TTSDNN_F_DMA_MODE = int(os.environ.get("XMLIR_DMA_FAST_MODE", 0))
    
        if opt.isClusterOneCoreActOnly and TTXPU_F_OHTER_VALUE_SIM:
            assert 0, "isClusterOneCoreActOnly and TRITONXPU_OTHER_SIM can't act simultaneously"
    
        pm = ir.pass_manager(mod.context)
        pm.enable_debug()
        xpu.passes.ttsdnnir.add_tritonsdnn_strip_all_ops_pass(pm, opt.arch)
        if metadata["is_sdnn"]:
            if opt.arch < 4:
                if metadata["use_int4_w4a8"] == True:
                    xpu.passes.ttsdnnir.add_triton_convert_type_pass(pm, opt.arch, 2)
                else:
                    xpu.passes.ttsdnnir.add_triton_convert_type_pass(pm, opt.arch, TTSDNN_F_MATMUL_FAST_MODE)
            xpu.passes.ttsdnnir.add_convert_triton_to_tritonsdnn_pass(pm, opt.arch)
            xpu.passes.ttsdnnir.add_linalg_to_tritonsdnn_pass(pm, opt.arch)
            xpu.passes.ttsdnnir.add_tritonsdnn_legalize_pass(pm, opt.arch)
            xpu.passes.ttsdnnir.add_tritonsdnn_combine_before_pass(pm, opt.arch)
            xpu.passes.ttsdnnir.add_tritonsdnn_bufferize_pass(pm, opt.arch)
            xpu.passes.ttsdnnir.add_tritonsdnn_combine_pass(pm, opt.arch)
            if opt.exp_range != ":0":
                res = parse_floating_range_string(opt.exp_range)
                xpu.passes.ttsdnnir.add_tritonsdnn_ew_act_table_pass(pm, res)
            else:
                xpu.passes.ttsdnnir.add_tritonsdnn_ew_act_table_pass(pm, None)
            xpu.passes.ttsdnnir.add_tritonsdnn_loop_grid_pass(pm)
            if opt.arch == 4 and TTSDNN_F_DMA_MODE:
                xpu.passes.ttsdnnir.add_tritonsdnn_remove_ds_op_pass(pm, opt.arch)
            if not TTSDNN_F_SINGLE_CORE_MODE:
                xpu.passes.ttsdnnir.add_tritonsdnn_pipeline_pass(pm)
    
            xpu.passes.ttsdnnir.add_tritonsdnn_multi_buffer_pass(pm, opt.arch, opt.num_stages)
            passes.common.add_symbol_dce(pm)
            passes.common.add_canonicalizer(pm)
            passes.common.add_cse(pm)
        else:
            xpu.passes.ttxpuir.add_convert_triton_to_tritonxpu_pass(pm, opt.arch, XPUBackend.buffer_len, core_num)
            xpu.passes.ttxpuir.add_tritonxpu_print_pass(pm)
            xpu.passes.ttxpuir.add_tritonxpu_gm2lm_pass(pm, opt.arch, TTXPU_O_ATOMIC_SIM, opt.isClusterOneCoreActOnly,
                                                        is_use_mask_zero)
            if not metadata["isCloseMemoryCache"]:
                xpu.passes.ttxpuir.add_tritonxpu_memory_cache_pass(pm, XPUBackend.buffer_len,
                                                                   core_num) if not TTXPU_O_CLOSE_OPT else None
            passes.common.add_canonicalizer(pm)
            if TTXPU_F_DTYPE_CONVERT:
                xpu.passes.ttxpuir.add_tritonxpu_dtype_convert_pass(pm, opt.arch)
            if not metadata["isCloseCoreTiling"]:
                xpu.passes.ttxpuir.add_tritonxpu_core_tiling_pass(
                    pm, 0, XPUBackend.buffer_len, core_num,
                    groups_per_cluster) if not TTXPU_O_CLOSE_OPT else None  # dumpFlag=0
            # xpu.passes.ttxpuir.add_tritonxpu_lm_to_sm_pass(pm)
            passes.common.add_cse(pm)
            if not metadata["isCloseOffsetAnalysis"]:
                xpu.passes.ttxpuir.add_tritonxpu_offset_state_pass(
                    pm, 0, XPUBackend.buffer_len, is_use_mask_zero) if not TTXPU_O_CLOSE_OPT else None  # dumpFlag=0
            passes.common.add_canonicalizer(pm)
            xpu.passes.ttxpuir.add_tritonxpu_legalize_pass(pm, XPUBackend.buffer_len, core_num, groups_per_cluster,
                                                           is_use_mask_zero)
            passes.common.add_canonicalizer(pm)
            if not TTXPU_F_OHTER_VALUE_SIM:
                xpu.passes.ttxpuir.add_tritonxpu_mask_pass(pm, opt.isClusterOneCoreActOnly, is_use_mask_zero)
            passes.common.add_canonicalizer(pm)
            passes.common.add_cse(pm)
            passes.common.add_licm(pm)
            passes.common.add_symbol_dce(pm)
            if not metadata["isCloseInterleave"] and TTXPU_F_INTERLEAVE:
                xpu.passes.ttxpuir.add_tritonxpu_interleave_pass(pm) if not TTXPU_O_CLOSE_OPT else None
            passes.common.add_canonicalizer(pm)
            if not metadata["isCloseVectorization"]:
                compareFusion = int(os.environ.get("TRITONXPU_COMPARE_FUSION", 0))
                xpu.passes.ttxpuir.add_tritonxpu_vectorize_pass(
                    pm, 0, compareFusion) if not TTXPU_O_CLOSE_OPT else None  # dumpFlag=0
            passes.common.add_canonicalizer(pm)
            xpu.passes.ttxpuir.add_tritonxpu_alloca_pass(pm, XPUBackend.buffer_len, core_num)
            if not metadata["isCloseMemoryAsync"]:
                xpu.passes.ttxpuir.add_tritonxpu_memory_async_pass(pm,
                                                                   0) if not TTXPU_O_CLOSE_OPT else None  # dumpFlag=0
            if not metadata["isCloseUnrollControl"]:
                xpu.passes.ttxpuir.add_tritonxpu_unroll_control_pass(pm, XPUBackend.buffer_len, core_num,
                                                                     is_use_mask_zero,
                                                                     unroll_num) if not TTXPU_O_CLOSE_OPT else None
            xpu.passes.ttxpuir.add_tritonxpu_store_control_pass(pm) if not TTXPU_O_CLOSE_OPT else None
            if not TTXPU_F_OHTER_VALUE_SIM:
                xpu.passes.ttxpuir.add_tritonxpu_other_sim_pass(pm, XPUBackend.buffer_len, core_num)
            xpu.passes.ttxpuir.add_tritonxpu_memory_inplace_pass(pm, XPUBackend.buffer_len,
                                                                 core_num) if not TTXPU_O_CLOSE_OPT else None
            if not metadata["isCloseClusterLoopGrid"]:
                xpu.passes.ttxpuir.add_tritonxpu_cf_to_scf_pass(pm)
                xpu.passes.ttxpuir.add_tritonxpu_loop_grid_pass(pm)
            passes.common.add_cse(pm)
            passes.common.add_licm(pm)
            passes.common.add_symbol_dce(pm)
    
        try:
            pm.run(mod)
        except Exception as e:
            from triton import OutOfResources
>           raise OutOfResources(0, 0, f"uni_sram {e}")
E           triton.runtime.errors.OutOfResources: out of resource: uni_sram PassManager::run failed, Required: 0, Hardware limit: 0. Reducing block sizes or `num_stages` may help.

/root/miniconda/envs/python310_torch29_cuda/lib/python3.10/site-packages/triton/backends/xpu/compiler.py:332: OutOfResources
_________________________ test_digamma[dtype2-shape0] __________________________

mod = <triton._C.libtriton.ir.module object at 0x7f6f21c52b60>
metadata = {'hash': '7a5b9944e8523254eac7ad01ea5c7c8228d3ae8e14f3209eb839a2319a439e27', 'target': GPUTarget(backend='xpu', arch=3, warp_size=1), 'arch': 3, 'grid': <function digamma.<locals>.<lambda> at 0x7f6f1f6b79a0>, ...}
opt = XPUOptions(arch=3, grid=<function digamma.<locals>.<lambda> at 0x7f6f1f6b79a0>, debug=None, cluster_num=12, core_num=6...ed_dot_input_precisions=('ieee', 'tf32'), exp_range=':0', num_warps=-1, num_ctas=-1, num_stages=1, use_int4_w4a8=False)

    @staticmethod
    def make_ttxir(mod, metadata, opt):
        metadata["xpu_arch"] = opt.arch
        metadata["is_sdnn"] = opt.is_sdnn or xpu.is_sdnn_kernel(mod)
        metadata["tensor_args"] = xpu.get_tensor_args(mod, []) if metadata["is_sdnn"] is True else []
        metadata["shared"] = (-1)  # TODO: invalid value, just to keep CompiledKernel _init_handles() success
    
        max_buffer_size = metadata["buffer_size_limit"]
        elem_bytes = int(os.environ.get("TRITONXPU_ELEMBYTES", 0))
        groups_per_cluster = metadata["groups_per_cluster"]
        unroll_num = metadata["unroll_num"]
        XPUBackend.buffer_len = xpu.get_buffer_len(mod, max_buffer_size, elem_bytes)
        # print(f"XPUBackend.buffer_len = {XPUBackend.buffer_len}")
        core_num = metadata["core_num"]
        # F/O Prefix For Function/Optimization Macro
        is_use_mask_zero = metadata["is_use_mask_zero"]
        if is_use_mask_zero:
            warnings.warn(
                f'XRE Version Must Be More than 5.0.21.37 (After 2025.07.22). And echo 1 > /proc/kunlun/dev4/dma_excp_mask',
                UserWarning)
        TTXPU_F_INTERLEAVE = 0 if metadata["grid"] != (12, 1, 1) else int(os.environ.get("TRITONXPU_INTERLEAVE", 1))
        TTXPU_F_OHTER_VALUE_SIM = int(os.environ.get("TRITONXPU_OTHER_SIM", 0))
        TTXPU_F_STORE_MASK_SIM = int(os.environ.get("TRITONXPU_STORE_MASK_SIM", 0))
        TTXPU_F_DTYPE_CONVERT = 0 if metadata["isCloseDtypeConvert"] else int(
            os.environ.get("TRITONXPU_DTYPE_CONVERT", 1))
        TTXPU_O_ATOMIC_SIM = 0 if metadata["isCLOSE_TTXPU_O_ATOMIC_SIM"] else int(
            os.environ.get("TRITONXPU_ATOMIC_SIM", 1))
        TTXPU_O_CLOSE_OPT = int(os.environ.get("TRITONXPU_CLOSE_OPTIMIZE", 0))
        TTSDNN_F_SINGLE_CORE_MODE = int(os.environ.get("TRITON_SDNN_SINGLE_CODE_MODE", 0))
        TTSDNN_F_MATMUL_FAST_MODE = int(os.environ.get("XMLIR_MATMUL_FAST_MODE", 0))
        TTSDNN_F_DMA_MODE = int(os.environ.get("XMLIR_DMA_FAST_MODE", 0))
    
        if opt.isClusterOneCoreActOnly and TTXPU_F_OHTER_VALUE_SIM:
            assert 0, "isClusterOneCoreActOnly and TRITONXPU_OTHER_SIM can't act simultaneously"
    
        pm = ir.pass_manager(mod.context)
        pm.enable_debug()
        xpu.passes.ttsdnnir.add_tritonsdnn_strip_all_ops_pass(pm, opt.arch)
        if metadata["is_sdnn"]:
            if opt.arch < 4:
                if metadata["use_int4_w4a8"] == True:
                    xpu.passes.ttsdnnir.add_triton_convert_type_pass(pm, opt.arch, 2)
                else:
                    xpu.passes.ttsdnnir.add_triton_convert_type_pass(pm, opt.arch, TTSDNN_F_MATMUL_FAST_MODE)
            xpu.passes.ttsdnnir.add_convert_triton_to_tritonsdnn_pass(pm, opt.arch)
            xpu.passes.ttsdnnir.add_linalg_to_tritonsdnn_pass(pm, opt.arch)
            xpu.passes.ttsdnnir.add_tritonsdnn_legalize_pass(pm, opt.arch)
            xpu.passes.ttsdnnir.add_tritonsdnn_combine_before_pass(pm, opt.arch)
            xpu.passes.ttsdnnir.add_tritonsdnn_bufferize_pass(pm, opt.arch)
            xpu.passes.ttsdnnir.add_tritonsdnn_combine_pass(pm, opt.arch)
            if opt.exp_range != ":0":
                res = parse_floating_range_string(opt.exp_range)
                xpu.passes.ttsdnnir.add_tritonsdnn_ew_act_table_pass(pm, res)
            else:
                xpu.passes.ttsdnnir.add_tritonsdnn_ew_act_table_pass(pm, None)
            xpu.passes.ttsdnnir.add_tritonsdnn_loop_grid_pass(pm)
            if opt.arch == 4 and TTSDNN_F_DMA_MODE:
                xpu.passes.ttsdnnir.add_tritonsdnn_remove_ds_op_pass(pm, opt.arch)
            if not TTSDNN_F_SINGLE_CORE_MODE:
                xpu.passes.ttsdnnir.add_tritonsdnn_pipeline_pass(pm)
    
            xpu.passes.ttsdnnir.add_tritonsdnn_multi_buffer_pass(pm, opt.arch, opt.num_stages)
            passes.common.add_symbol_dce(pm)
            passes.common.add_canonicalizer(pm)
            passes.common.add_cse(pm)
        else:
            xpu.passes.ttxpuir.add_convert_triton_to_tritonxpu_pass(pm, opt.arch, XPUBackend.buffer_len, core_num)
            xpu.passes.ttxpuir.add_tritonxpu_print_pass(pm)
            xpu.passes.ttxpuir.add_tritonxpu_gm2lm_pass(pm, opt.arch, TTXPU_O_ATOMIC_SIM, opt.isClusterOneCoreActOnly,
                                                        is_use_mask_zero)
            if not metadata["isCloseMemoryCache"]:
                xpu.passes.ttxpuir.add_tritonxpu_memory_cache_pass(pm, XPUBackend.buffer_len,
                                                                   core_num) if not TTXPU_O_CLOSE_OPT else None
            passes.common.add_canonicalizer(pm)
            if TTXPU_F_DTYPE_CONVERT:
                xpu.passes.ttxpuir.add_tritonxpu_dtype_convert_pass(pm, opt.arch)
            if not metadata["isCloseCoreTiling"]:
                xpu.passes.ttxpuir.add_tritonxpu_core_tiling_pass(
                    pm, 0, XPUBackend.buffer_len, core_num,
                    groups_per_cluster) if not TTXPU_O_CLOSE_OPT else None  # dumpFlag=0
            # xpu.passes.ttxpuir.add_tritonxpu_lm_to_sm_pass(pm)
            passes.common.add_cse(pm)
            if not metadata["isCloseOffsetAnalysis"]:
                xpu.passes.ttxpuir.add_tritonxpu_offset_state_pass(
                    pm, 0, XPUBackend.buffer_len, is_use_mask_zero) if not TTXPU_O_CLOSE_OPT else None  # dumpFlag=0
            passes.common.add_canonicalizer(pm)
            xpu.passes.ttxpuir.add_tritonxpu_legalize_pass(pm, XPUBackend.buffer_len, core_num, groups_per_cluster,
                                                           is_use_mask_zero)
            passes.common.add_canonicalizer(pm)
            if not TTXPU_F_OHTER_VALUE_SIM:
                xpu.passes.ttxpuir.add_tritonxpu_mask_pass(pm, opt.isClusterOneCoreActOnly, is_use_mask_zero)
            passes.common.add_canonicalizer(pm)
            passes.common.add_cse(pm)
            passes.common.add_licm(pm)
            passes.common.add_symbol_dce(pm)
            if not metadata["isCloseInterleave"] and TTXPU_F_INTERLEAVE:
                xpu.passes.ttxpuir.add_tritonxpu_interleave_pass(pm) if not TTXPU_O_CLOSE_OPT else None
            passes.common.add_canonicalizer(pm)
            if not metadata["isCloseVectorization"]:
                compareFusion = int(os.environ.get("TRITONXPU_COMPARE_FUSION", 0))
                xpu.passes.ttxpuir.add_tritonxpu_vectorize_pass(
                    pm, 0, compareFusion) if not TTXPU_O_CLOSE_OPT else None  # dumpFlag=0
            passes.common.add_canonicalizer(pm)
            xpu.passes.ttxpuir.add_tritonxpu_alloca_pass(pm, XPUBackend.buffer_len, core_num)
            if not metadata["isCloseMemoryAsync"]:
                xpu.passes.ttxpuir.add_tritonxpu_memory_async_pass(pm,
                                                                   0) if not TTXPU_O_CLOSE_OPT else None  # dumpFlag=0
            if not metadata["isCloseUnrollControl"]:
                xpu.passes.ttxpuir.add_tritonxpu_unroll_control_pass(pm, XPUBackend.buffer_len, core_num,
                                                                     is_use_mask_zero,
                                                                     unroll_num) if not TTXPU_O_CLOSE_OPT else None
            xpu.passes.ttxpuir.add_tritonxpu_store_control_pass(pm) if not TTXPU_O_CLOSE_OPT else None
            if not TTXPU_F_OHTER_VALUE_SIM:
                xpu.passes.ttxpuir.add_tritonxpu_other_sim_pass(pm, XPUBackend.buffer_len, core_num)
            xpu.passes.ttxpuir.add_tritonxpu_memory_inplace_pass(pm, XPUBackend.buffer_len,
                                                                 core_num) if not TTXPU_O_CLOSE_OPT else None
            if not metadata["isCloseClusterLoopGrid"]:
                xpu.passes.ttxpuir.add_tritonxpu_cf_to_scf_pass(pm)
                xpu.passes.ttxpuir.add_tritonxpu_loop_grid_pass(pm)
            passes.common.add_cse(pm)
            passes.common.add_licm(pm)
            passes.common.add_symbol_dce(pm)
    
        try:
>           pm.run(mod)
E           RuntimeError: PassManager::run failed

/root/miniconda/envs/python310_torch29_cuda/lib/python3.10/site-packages/triton/backends/xpu/compiler.py:329: RuntimeError

During handling of the above exception, another exception occurred:

shape = (), dtype = torch.bfloat16

    @pytest.mark.digamma
    @pytest.mark.parametrize("shape", utils.POINTWISE_SHAPES)
    @pytest.mark.parametrize("dtype", utils.FLOAT_DTYPES)
    def test_digamma(shape, dtype):
        inp = torch.rand(shape, dtype=dtype, device=flag_gems.device) + 1.0
        ref_inp = utils.to_reference(inp)
    
        ref_out = torch.digamma(ref_inp)
        with flag_gems.use_gems():
>           res_out = torch.digamma(inp)

test_digamma.py:32: 
_ _ _ _ _ _ _ _ _ _ _ _ _ _ _ _ _ _ _ _ _ _ _ _ _ _ _ _ _ _ _ _ _ _ _ _ _ _ _ _ 
../src/flag_gems/ops/digamma_.py:174: in digamma
    digamma_kernel[grid](A, output, n_elements, BLOCK_SIZE=1024)
/root/miniconda/envs/python310_torch29_cuda/lib/python3.10/site-packages/triton/runtime/jit.py:364: in <lambda>
    return lambda *args, **kwargs: self.run(grid=grid, warmup=False, *args, **kwargs)
/root/miniconda/envs/python310_torch29_cuda/lib/python3.10/site-packages/triton/runtime/jit.py:795: in run
    kernel = self.default_run(*args, **kwargs)
/root/miniconda/envs/python310_torch29_cuda/lib/python3.10/site-packages/triton/runtime/jit.py:686: in default_run
    kernel = self.compile(
/root/miniconda/envs/python310_torch29_cuda/lib/python3.10/site-packages/triton/compiler/compiler.py:318: in compile
    next_module = compile_ir(module, metadata)
/root/miniconda/envs/python310_torch29_cuda/lib/python3.10/site-packages/triton/backends/xpu/compiler.py:516: in <lambda>
    stages["ttxir"] = lambda src, metadata: self.make_ttxir(src, metadata, options)
_ _ _ _ _ _ _ _ _ _ _ _ _ _ _ _ _ _ _ _ _ _ _ _ _ _ _ _ _ _ _ _ _ _ _ _ _ _ _ _ 

mod = <triton._C.libtriton.ir.module object at 0x7f6f21c52b60>
metadata = {'hash': '7a5b9944e8523254eac7ad01ea5c7c8228d3ae8e14f3209eb839a2319a439e27', 'target': GPUTarget(backend='xpu', arch=3, warp_size=1), 'arch': 3, 'grid': <function digamma.<locals>.<lambda> at 0x7f6f1f6b79a0>, ...}
opt = XPUOptions(arch=3, grid=<function digamma.<locals>.<lambda> at 0x7f6f1f6b79a0>, debug=None, cluster_num=12, core_num=6...ed_dot_input_precisions=('ieee', 'tf32'), exp_range=':0', num_warps=-1, num_ctas=-1, num_stages=1, use_int4_w4a8=False)

    @staticmethod
    def make_ttxir(mod, metadata, opt):
        metadata["xpu_arch"] = opt.arch
        metadata["is_sdnn"] = opt.is_sdnn or xpu.is_sdnn_kernel(mod)
        metadata["tensor_args"] = xpu.get_tensor_args(mod, []) if metadata["is_sdnn"] is True else []
        metadata["shared"] = (-1)  # TODO: invalid value, just to keep CompiledKernel _init_handles() success
    
        max_buffer_size = metadata["buffer_size_limit"]
        elem_bytes = int(os.environ.get("TRITONXPU_ELEMBYTES", 0))
        groups_per_cluster = metadata["groups_per_cluster"]
        unroll_num = metadata["unroll_num"]
        XPUBackend.buffer_len = xpu.get_buffer_len(mod, max_buffer_size, elem_bytes)
        # print(f"XPUBackend.buffer_len = {XPUBackend.buffer_len}")
        core_num = metadata["core_num"]
        # F/O Prefix For Function/Optimization Macro
        is_use_mask_zero = metadata["is_use_mask_zero"]
        if is_use_mask_zero:
            warnings.warn(
                f'XRE Version Must Be More than 5.0.21.37 (After 2025.07.22). And echo 1 > /proc/kunlun/dev4/dma_excp_mask',
                UserWarning)
        TTXPU_F_INTERLEAVE = 0 if metadata["grid"] != (12, 1, 1) else int(os.environ.get("TRITONXPU_INTERLEAVE", 1))
        TTXPU_F_OHTER_VALUE_SIM = int(os.environ.get("TRITONXPU_OTHER_SIM", 0))
        TTXPU_F_STORE_MASK_SIM = int(os.environ.get("TRITONXPU_STORE_MASK_SIM", 0))
        TTXPU_F_DTYPE_CONVERT = 0 if metadata["isCloseDtypeConvert"] else int(
            os.environ.get("TRITONXPU_DTYPE_CONVERT", 1))
        TTXPU_O_ATOMIC_SIM = 0 if metadata["isCLOSE_TTXPU_O_ATOMIC_SIM"] else int(
            os.environ.get("TRITONXPU_ATOMIC_SIM", 1))
        TTXPU_O_CLOSE_OPT = int(os.environ.get("TRITONXPU_CLOSE_OPTIMIZE", 0))
        TTSDNN_F_SINGLE_CORE_MODE = int(os.environ.get("TRITON_SDNN_SINGLE_CODE_MODE", 0))
        TTSDNN_F_MATMUL_FAST_MODE = int(os.environ.get("XMLIR_MATMUL_FAST_MODE", 0))
        TTSDNN_F_DMA_MODE = int(os.environ.get("XMLIR_DMA_FAST_MODE", 0))
    
        if opt.isClusterOneCoreActOnly and TTXPU_F_OHTER_VALUE_SIM:
            assert 0, "isClusterOneCoreActOnly and TRITONXPU_OTHER_SIM can't act simultaneously"
    
        pm = ir.pass_manager(mod.context)
        pm.enable_debug()
        xpu.passes.ttsdnnir.add_tritonsdnn_strip_all_ops_pass(pm, opt.arch)
        if metadata["is_sdnn"]:
            if opt.arch < 4:
                if metadata["use_int4_w4a8"] == True:
                    xpu.passes.ttsdnnir.add_triton_convert_type_pass(pm, opt.arch, 2)
                else:
                    xpu.passes.ttsdnnir.add_triton_convert_type_pass(pm, opt.arch, TTSDNN_F_MATMUL_FAST_MODE)
            xpu.passes.ttsdnnir.add_convert_triton_to_tritonsdnn_pass(pm, opt.arch)
            xpu.passes.ttsdnnir.add_linalg_to_tritonsdnn_pass(pm, opt.arch)
            xpu.passes.ttsdnnir.add_tritonsdnn_legalize_pass(pm, opt.arch)
            xpu.passes.ttsdnnir.add_tritonsdnn_combine_before_pass(pm, opt.arch)
            xpu.passes.ttsdnnir.add_tritonsdnn_bufferize_pass(pm, opt.arch)
            xpu.passes.ttsdnnir.add_tritonsdnn_combine_pass(pm, opt.arch)
            if opt.exp_range != ":0":
                res = parse_floating_range_string(opt.exp_range)
                xpu.passes.ttsdnnir.add_tritonsdnn_ew_act_table_pass(pm, res)
            else:
                xpu.passes.ttsdnnir.add_tritonsdnn_ew_act_table_pass(pm, None)
            xpu.passes.ttsdnnir.add_tritonsdnn_loop_grid_pass(pm)
            if opt.arch == 4 and TTSDNN_F_DMA_MODE:
                xpu.passes.ttsdnnir.add_tritonsdnn_remove_ds_op_pass(pm, opt.arch)
            if not TTSDNN_F_SINGLE_CORE_MODE:
                xpu.passes.ttsdnnir.add_tritonsdnn_pipeline_pass(pm)
    
            xpu.passes.ttsdnnir.add_tritonsdnn_multi_buffer_pass(pm, opt.arch, opt.num_stages)
            passes.common.add_symbol_dce(pm)
            passes.common.add_canonicalizer(pm)
            passes.common.add_cse(pm)
        else:
            xpu.passes.ttxpuir.add_convert_triton_to_tritonxpu_pass(pm, opt.arch, XPUBackend.buffer_len, core_num)
            xpu.passes.ttxpuir.add_tritonxpu_print_pass(pm)
            xpu.passes.ttxpuir.add_tritonxpu_gm2lm_pass(pm, opt.arch, TTXPU_O_ATOMIC_SIM, opt.isClusterOneCoreActOnly,
                                                        is_use_mask_zero)
            if not metadata["isCloseMemoryCache"]:
                xpu.passes.ttxpuir.add_tritonxpu_memory_cache_pass(pm, XPUBackend.buffer_len,
                                                                   core_num) if not TTXPU_O_CLOSE_OPT else None
            passes.common.add_canonicalizer(pm)
            if TTXPU_F_DTYPE_CONVERT:
                xpu.passes.ttxpuir.add_tritonxpu_dtype_convert_pass(pm, opt.arch)
            if not metadata["isCloseCoreTiling"]:
                xpu.passes.ttxpuir.add_tritonxpu_core_tiling_pass(
                    pm, 0, XPUBackend.buffer_len, core_num,
                    groups_per_cluster) if not TTXPU_O_CLOSE_OPT else None  # dumpFlag=0
            # xpu.passes.ttxpuir.add_tritonxpu_lm_to_sm_pass(pm)
            passes.common.add_cse(pm)
            if not metadata["isCloseOffsetAnalysis"]:
                xpu.passes.ttxpuir.add_tritonxpu_offset_state_pass(
                    pm, 0, XPUBackend.buffer_len, is_use_mask_zero) if not TTXPU_O_CLOSE_OPT else None  # dumpFlag=0
            passes.common.add_canonicalizer(pm)
            xpu.passes.ttxpuir.add_tritonxpu_legalize_pass(pm, XPUBackend.buffer_len, core_num, groups_per_cluster,
                                                           is_use_mask_zero)
            passes.common.add_canonicalizer(pm)
            if not TTXPU_F_OHTER_VALUE_SIM:
                xpu.passes.ttxpuir.add_tritonxpu_mask_pass(pm, opt.isClusterOneCoreActOnly, is_use_mask_zero)
            passes.common.add_canonicalizer(pm)
            passes.common.add_cse(pm)
            passes.common.add_licm(pm)
            passes.common.add_symbol_dce(pm)
            if not metadata["isCloseInterleave"] and TTXPU_F_INTERLEAVE:
                xpu.passes.ttxpuir.add_tritonxpu_interleave_pass(pm) if not TTXPU_O_CLOSE_OPT else None
            passes.common.add_canonicalizer(pm)
            if not metadata["isCloseVectorization"]:
                compareFusion = int(os.environ.get("TRITONXPU_COMPARE_FUSION", 0))
                xpu.passes.ttxpuir.add_tritonxpu_vectorize_pass(
                    pm, 0, compareFusion) if not TTXPU_O_CLOSE_OPT else None  # dumpFlag=0
            passes.common.add_canonicalizer(pm)
            xpu.passes.ttxpuir.add_tritonxpu_alloca_pass(pm, XPUBackend.buffer_len, core_num)
            if not metadata["isCloseMemoryAsync"]:
                xpu.passes.ttxpuir.add_tritonxpu_memory_async_pass(pm,
                                                                   0) if not TTXPU_O_CLOSE_OPT else None  # dumpFlag=0
            if not metadata["isCloseUnrollControl"]:
                xpu.passes.ttxpuir.add_tritonxpu_unroll_control_pass(pm, XPUBackend.buffer_len, core_num,
                                                                     is_use_mask_zero,
                                                                     unroll_num) if not TTXPU_O_CLOSE_OPT else None
            xpu.passes.ttxpuir.add_tritonxpu_store_control_pass(pm) if not TTXPU_O_CLOSE_OPT else None
            if not TTXPU_F_OHTER_VALUE_SIM:
                xpu.passes.ttxpuir.add_tritonxpu_other_sim_pass(pm, XPUBackend.buffer_len, core_num)
            xpu.passes.ttxpuir.add_tritonxpu_memory_inplace_pass(pm, XPUBackend.buffer_len,
                                                                 core_num) if not TTXPU_O_CLOSE_OPT else None
            if not metadata["isCloseClusterLoopGrid"]:
                xpu.passes.ttxpuir.add_tritonxpu_cf_to_scf_pass(pm)
                xpu.passes.ttxpuir.add_tritonxpu_loop_grid_pass(pm)
            passes.common.add_cse(pm)
            passes.common.add_licm(pm)
            passes.common.add_symbol_dce(pm)
    
        try:
            pm.run(mod)
        except Exception as e:
            from triton import OutOfResources
>           raise OutOfResources(0, 0, f"uni_sram {e}")
E           triton.runtime.errors.OutOfResources: out of resource: uni_sram PassManager::run failed, Required: 0, Hardware limit: 0. Reducing block sizes or `num_stages` may help.

/root/miniconda/envs/python310_torch29_cuda/lib/python3.10/site-packages/triton/backends/xpu/compiler.py:332: OutOfResources
_________________________ test_digamma[dtype2-shape1] __________________________

mod = <triton._C.libtriton.ir.module object at 0x7f6f21c07ab0>
metadata = {'hash': '9e2c2defc1cc0fd79957fec71625f50da46815c41cf271223ae094d71161841e', 'target': GPUTarget(backend='xpu', arch=3, warp_size=1), 'arch': 3, 'grid': <function digamma.<locals>.<lambda> at 0x7f6f1f65e950>, ...}
opt = XPUOptions(arch=3, grid=<function digamma.<locals>.<lambda> at 0x7f6f1f65e950>, debug=None, cluster_num=12, core_num=6...ed_dot_input_precisions=('ieee', 'tf32'), exp_range=':0', num_warps=-1, num_ctas=-1, num_stages=1, use_int4_w4a8=False)

    @staticmethod
    def make_ttxir(mod, metadata, opt):
        metadata["xpu_arch"] = opt.arch
        metadata["is_sdnn"] = opt.is_sdnn or xpu.is_sdnn_kernel(mod)
        metadata["tensor_args"] = xpu.get_tensor_args(mod, []) if metadata["is_sdnn"] is True else []
        metadata["shared"] = (-1)  # TODO: invalid value, just to keep CompiledKernel _init_handles() success
    
        max_buffer_size = metadata["buffer_size_limit"]
        elem_bytes = int(os.environ.get("TRITONXPU_ELEMBYTES", 0))
        groups_per_cluster = metadata["groups_per_cluster"]
        unroll_num = metadata["unroll_num"]
        XPUBackend.buffer_len = xpu.get_buffer_len(mod, max_buffer_size, elem_bytes)
        # print(f"XPUBackend.buffer_len = {XPUBackend.buffer_len}")
        core_num = metadata["core_num"]
        # F/O Prefix For Function/Optimization Macro
        is_use_mask_zero = metadata["is_use_mask_zero"]
        if is_use_mask_zero:
            warnings.warn(
                f'XRE Version Must Be More than 5.0.21.37 (After 2025.07.22). And echo 1 > /proc/kunlun/dev4/dma_excp_mask',
                UserWarning)
        TTXPU_F_INTERLEAVE = 0 if metadata["grid"] != (12, 1, 1) else int(os.environ.get("TRITONXPU_INTERLEAVE", 1))
        TTXPU_F_OHTER_VALUE_SIM = int(os.environ.get("TRITONXPU_OTHER_SIM", 0))
        TTXPU_F_STORE_MASK_SIM = int(os.environ.get("TRITONXPU_STORE_MASK_SIM", 0))
        TTXPU_F_DTYPE_CONVERT = 0 if metadata["isCloseDtypeConvert"] else int(
            os.environ.get("TRITONXPU_DTYPE_CONVERT", 1))
        TTXPU_O_ATOMIC_SIM = 0 if metadata["isCLOSE_TTXPU_O_ATOMIC_SIM"] else int(
            os.environ.get("TRITONXPU_ATOMIC_SIM", 1))
        TTXPU_O_CLOSE_OPT = int(os.environ.get("TRITONXPU_CLOSE_OPTIMIZE", 0))
        TTSDNN_F_SINGLE_CORE_MODE = int(os.environ.get("TRITON_SDNN_SINGLE_CODE_MODE", 0))
        TTSDNN_F_MATMUL_FAST_MODE = int(os.environ.get("XMLIR_MATMUL_FAST_MODE", 0))
        TTSDNN_F_DMA_MODE = int(os.environ.get("XMLIR_DMA_FAST_MODE", 0))
    
        if opt.isClusterOneCoreActOnly and TTXPU_F_OHTER_VALUE_SIM:
            assert 0, "isClusterOneCoreActOnly and TRITONXPU_OTHER_SIM can't act simultaneously"
    
        pm = ir.pass_manager(mod.context)
        pm.enable_debug()
        xpu.passes.ttsdnnir.add_tritonsdnn_strip_all_ops_pass(pm, opt.arch)
        if metadata["is_sdnn"]:
            if opt.arch < 4:
                if metadata["use_int4_w4a8"] == True:
                    xpu.passes.ttsdnnir.add_triton_convert_type_pass(pm, opt.arch, 2)
                else:
                    xpu.passes.ttsdnnir.add_triton_convert_type_pass(pm, opt.arch, TTSDNN_F_MATMUL_FAST_MODE)
            xpu.passes.ttsdnnir.add_convert_triton_to_tritonsdnn_pass(pm, opt.arch)
            xpu.passes.ttsdnnir.add_linalg_to_tritonsdnn_pass(pm, opt.arch)
            xpu.passes.ttsdnnir.add_tritonsdnn_legalize_pass(pm, opt.arch)
            xpu.passes.ttsdnnir.add_tritonsdnn_combine_before_pass(pm, opt.arch)
            xpu.passes.ttsdnnir.add_tritonsdnn_bufferize_pass(pm, opt.arch)
            xpu.passes.ttsdnnir.add_tritonsdnn_combine_pass(pm, opt.arch)
            if opt.exp_range != ":0":
                res = parse_floating_range_string(opt.exp_range)
                xpu.passes.ttsdnnir.add_tritonsdnn_ew_act_table_pass(pm, res)
            else:
                xpu.passes.ttsdnnir.add_tritonsdnn_ew_act_table_pass(pm, None)
            xpu.passes.ttsdnnir.add_tritonsdnn_loop_grid_pass(pm)
            if opt.arch == 4 and TTSDNN_F_DMA_MODE:
                xpu.passes.ttsdnnir.add_tritonsdnn_remove_ds_op_pass(pm, opt.arch)
            if not TTSDNN_F_SINGLE_CORE_MODE:
                xpu.passes.ttsdnnir.add_tritonsdnn_pipeline_pass(pm)
    
            xpu.passes.ttsdnnir.add_tritonsdnn_multi_buffer_pass(pm, opt.arch, opt.num_stages)
            passes.common.add_symbol_dce(pm)
            passes.common.add_canonicalizer(pm)
            passes.common.add_cse(pm)
        else:
            xpu.passes.ttxpuir.add_convert_triton_to_tritonxpu_pass(pm, opt.arch, XPUBackend.buffer_len, core_num)
            xpu.passes.ttxpuir.add_tritonxpu_print_pass(pm)
            xpu.passes.ttxpuir.add_tritonxpu_gm2lm_pass(pm, opt.arch, TTXPU_O_ATOMIC_SIM, opt.isClusterOneCoreActOnly,
                                                        is_use_mask_zero)
            if not metadata["isCloseMemoryCache"]:
                xpu.passes.ttxpuir.add_tritonxpu_memory_cache_pass(pm, XPUBackend.buffer_len,
                                                                   core_num) if not TTXPU_O_CLOSE_OPT else None
            passes.common.add_canonicalizer(pm)
            if TTXPU_F_DTYPE_CONVERT:
                xpu.passes.ttxpuir.add_tritonxpu_dtype_convert_pass(pm, opt.arch)
            if not metadata["isCloseCoreTiling"]:
                xpu.passes.ttxpuir.add_tritonxpu_core_tiling_pass(
                    pm, 0, XPUBackend.buffer_len, core_num,
                    groups_per_cluster) if not TTXPU_O_CLOSE_OPT else None  # dumpFlag=0
            # xpu.passes.ttxpuir.add_tritonxpu_lm_to_sm_pass(pm)
            passes.common.add_cse(pm)
            if not metadata["isCloseOffsetAnalysis"]:
                xpu.passes.ttxpuir.add_tritonxpu_offset_state_pass(
                    pm, 0, XPUBackend.buffer_len, is_use_mask_zero) if not TTXPU_O_CLOSE_OPT else None  # dumpFlag=0
            passes.common.add_canonicalizer(pm)
            xpu.passes.ttxpuir.add_tritonxpu_legalize_pass(pm, XPUBackend.buffer_len, core_num, groups_per_cluster,
                                                           is_use_mask_zero)
            passes.common.add_canonicalizer(pm)
            if not TTXPU_F_OHTER_VALUE_SIM:
                xpu.passes.ttxpuir.add_tritonxpu_mask_pass(pm, opt.isClusterOneCoreActOnly, is_use_mask_zero)
            passes.common.add_canonicalizer(pm)
            passes.common.add_cse(pm)
            passes.common.add_licm(pm)
            passes.common.add_symbol_dce(pm)
            if not metadata["isCloseInterleave"] and TTXPU_F_INTERLEAVE:
                xpu.passes.ttxpuir.add_tritonxpu_interleave_pass(pm) if not TTXPU_O_CLOSE_OPT else None
            passes.common.add_canonicalizer(pm)
            if not metadata["isCloseVectorization"]:
                compareFusion = int(os.environ.get("TRITONXPU_COMPARE_FUSION", 0))
                xpu.passes.ttxpuir.add_tritonxpu_vectorize_pass(
                    pm, 0, compareFusion) if not TTXPU_O_CLOSE_OPT else None  # dumpFlag=0
            passes.common.add_canonicalizer(pm)
            xpu.passes.ttxpuir.add_tritonxpu_alloca_pass(pm, XPUBackend.buffer_len, core_num)
            if not metadata["isCloseMemoryAsync"]:
                xpu.passes.ttxpuir.add_tritonxpu_memory_async_pass(pm,
                                                                   0) if not TTXPU_O_CLOSE_OPT else None  # dumpFlag=0
            if not metadata["isCloseUnrollControl"]:
                xpu.passes.ttxpuir.add_tritonxpu_unroll_control_pass(pm, XPUBackend.buffer_len, core_num,
                                                                     is_use_mask_zero,
                                                                     unroll_num) if not TTXPU_O_CLOSE_OPT else None
            xpu.passes.ttxpuir.add_tritonxpu_store_control_pass(pm) if not TTXPU_O_CLOSE_OPT else None
            if not TTXPU_F_OHTER_VALUE_SIM:
                xpu.passes.ttxpuir.add_tritonxpu_other_sim_pass(pm, XPUBackend.buffer_len, core_num)
            xpu.passes.ttxpuir.add_tritonxpu_memory_inplace_pass(pm, XPUBackend.buffer_len,
                                                                 core_num) if not TTXPU_O_CLOSE_OPT else None
            if not metadata["isCloseClusterLoopGrid"]:
                xpu.passes.ttxpuir.add_tritonxpu_cf_to_scf_pass(pm)
                xpu.passes.ttxpuir.add_tritonxpu_loop_grid_pass(pm)
            passes.common.add_cse(pm)
            passes.common.add_licm(pm)
            passes.common.add_symbol_dce(pm)
    
        try:
>           pm.run(mod)
E           RuntimeError: PassManager::run failed

/root/miniconda/envs/python310_torch29_cuda/lib/python3.10/site-packages/triton/backends/xpu/compiler.py:329: RuntimeError

During handling of the above exception, another exception occurred:

shape = (1,), dtype = torch.bfloat16

    @pytest.mark.digamma
    @pytest.mark.parametrize("shape", utils.POINTWISE_SHAPES)
    @pytest.mark.parametrize("dtype", utils.FLOAT_DTYPES)
    def test_digamma(shape, dtype):
        inp = torch.rand(shape, dtype=dtype, device=flag_gems.device) + 1.0
        ref_inp = utils.to_reference(inp)
    
        ref_out = torch.digamma(ref_inp)
        with flag_gems.use_gems():
>           res_out = torch.digamma(inp)

test_digamma.py:32: 
_ _ _ _ _ _ _ _ _ _ _ _ _ _ _ _ _ _ _ _ _ _ _ _ _ _ _ _ _ _ _ _ _ _ _ _ _ _ _ _ 
../src/flag_gems/ops/digamma_.py:174: in digamma
    digamma_kernel[grid](A, output, n_elements, BLOCK_SIZE=1024)
/root/miniconda/envs/python310_torch29_cuda/lib/python3.10/site-packages/triton/runtime/jit.py:364: in <lambda>
    return lambda *args, **kwargs: self.run(grid=grid, warmup=False, *args, **kwargs)
/root/miniconda/envs/python310_torch29_cuda/lib/python3.10/site-packages/triton/runtime/jit.py:795: in run
    kernel = self.default_run(*args, **kwargs)
/root/miniconda/envs/python310_torch29_cuda/lib/python3.10/site-packages/triton/runtime/jit.py:686: in default_run
    kernel = self.compile(
/root/miniconda/envs/python310_torch29_cuda/lib/python3.10/site-packages/triton/compiler/compiler.py:318: in compile
    next_module = compile_ir(module, metadata)
/root/miniconda/envs/python310_torch29_cuda/lib/python3.10/site-packages/triton/backends/xpu/compiler.py:516: in <lambda>
    stages["ttxir"] = lambda src, metadata: self.make_ttxir(src, metadata, options)
_ _ _ _ _ _ _ _ _ _ _ _ _ _ _ _ _ _ _ _ _ _ _ _ _ _ _ _ _ _ _ _ _ _ _ _ _ _ _ _ 

mod = <triton._C.libtriton.ir.module object at 0x7f6f21c07ab0>
metadata = {'hash': '9e2c2defc1cc0fd79957fec71625f50da46815c41cf271223ae094d71161841e', 'target': GPUTarget(backend='xpu', arch=3, warp_size=1), 'arch': 3, 'grid': <function digamma.<locals>.<lambda> at 0x7f6f1f65e950>, ...}
opt = XPUOptions(arch=3, grid=<function digamma.<locals>.<lambda> at 0x7f6f1f65e950>, debug=None, cluster_num=12, core_num=6...ed_dot_input_precisions=('ieee', 'tf32'), exp_range=':0', num_warps=-1, num_ctas=-1, num_stages=1, use_int4_w4a8=False)

    @staticmethod
    def make_ttxir(mod, metadata, opt):
        metadata["xpu_arch"] = opt.arch
        metadata["is_sdnn"] = opt.is_sdnn or xpu.is_sdnn_kernel(mod)
        metadata["tensor_args"] = xpu.get_tensor_args(mod, []) if metadata["is_sdnn"] is True else []
        metadata["shared"] = (-1)  # TODO: invalid value, just to keep CompiledKernel _init_handles() success
    
        max_buffer_size = metadata["buffer_size_limit"]
        elem_bytes = int(os.environ.get("TRITONXPU_ELEMBYTES", 0))
        groups_per_cluster = metadata["groups_per_cluster"]
        unroll_num = metadata["unroll_num"]
        XPUBackend.buffer_len = xpu.get_buffer_len(mod, max_buffer_size, elem_bytes)
        # print(f"XPUBackend.buffer_len = {XPUBackend.buffer_len}")
        core_num = metadata["core_num"]
        # F/O Prefix For Function/Optimization Macro
        is_use_mask_zero = metadata["is_use_mask_zero"]
        if is_use_mask_zero:
            warnings.warn(
                f'XRE Version Must Be More than 5.0.21.37 (After 2025.07.22). And echo 1 > /proc/kunlun/dev4/dma_excp_mask',
                UserWarning)
        TTXPU_F_INTERLEAVE = 0 if metadata["grid"] != (12, 1, 1) else int(os.environ.get("TRITONXPU_INTERLEAVE", 1))
        TTXPU_F_OHTER_VALUE_SIM = int(os.environ.get("TRITONXPU_OTHER_SIM", 0))
        TTXPU_F_STORE_MASK_SIM = int(os.environ.get("TRITONXPU_STORE_MASK_SIM", 0))
        TTXPU_F_DTYPE_CONVERT = 0 if metadata["isCloseDtypeConvert"] else int(
            os.environ.get("TRITONXPU_DTYPE_CONVERT", 1))
        TTXPU_O_ATOMIC_SIM = 0 if metadata["isCLOSE_TTXPU_O_ATOMIC_SIM"] else int(
            os.environ.get("TRITONXPU_ATOMIC_SIM", 1))
        TTXPU_O_CLOSE_OPT = int(os.environ.get("TRITONXPU_CLOSE_OPTIMIZE", 0))
        TTSDNN_F_SINGLE_CORE_MODE = int(os.environ.get("TRITON_SDNN_SINGLE_CODE_MODE", 0))
        TTSDNN_F_MATMUL_FAST_MODE = int(os.environ.get("XMLIR_MATMUL_FAST_MODE", 0))
        TTSDNN_F_DMA_MODE = int(os.environ.get("XMLIR_DMA_FAST_MODE", 0))
    
        if opt.isClusterOneCoreActOnly and TTXPU_F_OHTER_VALUE_SIM:
            assert 0, "isClusterOneCoreActOnly and TRITONXPU_OTHER_SIM can't act simultaneously"
    
        pm = ir.pass_manager(mod.context)
        pm.enable_debug()
        xpu.passes.ttsdnnir.add_tritonsdnn_strip_all_ops_pass(pm, opt.arch)
        if metadata["is_sdnn"]:
            if opt.arch < 4:
                if metadata["use_int4_w4a8"] == True:
                    xpu.passes.ttsdnnir.add_triton_convert_type_pass(pm, opt.arch, 2)
                else:
                    xpu.passes.ttsdnnir.add_triton_convert_type_pass(pm, opt.arch, TTSDNN_F_MATMUL_FAST_MODE)
            xpu.passes.ttsdnnir.add_convert_triton_to_tritonsdnn_pass(pm, opt.arch)
            xpu.passes.ttsdnnir.add_linalg_to_tritonsdnn_pass(pm, opt.arch)
            xpu.passes.ttsdnnir.add_tritonsdnn_legalize_pass(pm, opt.arch)
            xpu.passes.ttsdnnir.add_tritonsdnn_combine_before_pass(pm, opt.arch)
            xpu.passes.ttsdnnir.add_tritonsdnn_bufferize_pass(pm, opt.arch)
            xpu.passes.ttsdnnir.add_tritonsdnn_combine_pass(pm, opt.arch)
            if opt.exp_range != ":0":
                res = parse_floating_range_string(opt.exp_range)
                xpu.passes.ttsdnnir.add_tritonsdnn_ew_act_table_pass(pm, res)
            else:
                xpu.passes.ttsdnnir.add_tritonsdnn_ew_act_table_pass(pm, None)
            xpu.passes.ttsdnnir.add_tritonsdnn_loop_grid_pass(pm)
            if opt.arch == 4 and TTSDNN_F_DMA_MODE:
                xpu.passes.ttsdnnir.add_tritonsdnn_remove_ds_op_pass(pm, opt.arch)
            if not TTSDNN_F_SINGLE_CORE_MODE:
                xpu.passes.ttsdnnir.add_tritonsdnn_pipeline_pass(pm)
    
            xpu.passes.ttsdnnir.add_tritonsdnn_multi_buffer_pass(pm, opt.arch, opt.num_stages)
            passes.common.add_symbol_dce(pm)
            passes.common.add_canonicalizer(pm)
            passes.common.add_cse(pm)
        else:
            xpu.passes.ttxpuir.add_convert_triton_to_tritonxpu_pass(pm, opt.arch, XPUBackend.buffer_len, core_num)
            xpu.passes.ttxpuir.add_tritonxpu_print_pass(pm)
            xpu.passes.ttxpuir.add_tritonxpu_gm2lm_pass(pm, opt.arch, TTXPU_O_ATOMIC_SIM, opt.isClusterOneCoreActOnly,
                                                        is_use_mask_zero)
            if not metadata["isCloseMemoryCache"]:
                xpu.passes.ttxpuir.add_tritonxpu_memory_cache_pass(pm, XPUBackend.buffer_len,
                                                                   core_num) if not TTXPU_O_CLOSE_OPT else None
            passes.common.add_canonicalizer(pm)
            if TTXPU_F_DTYPE_CONVERT:
                xpu.passes.ttxpuir.add_tritonxpu_dtype_convert_pass(pm, opt.arch)
            if not metadata["isCloseCoreTiling"]:
                xpu.passes.ttxpuir.add_tritonxpu_core_tiling_pass(
                    pm, 0, XPUBackend.buffer_len, core_num,
                    groups_per_cluster) if not TTXPU_O_CLOSE_OPT else None  # dumpFlag=0
            # xpu.passes.ttxpuir.add_tritonxpu_lm_to_sm_pass(pm)
            passes.common.add_cse(pm)
            if not metadata["isCloseOffsetAnalysis"]:
                xpu.passes.ttxpuir.add_tritonxpu_offset_state_pass(
                    pm, 0, XPUBackend.buffer_len, is_use_mask_zero) if not TTXPU_O_CLOSE_OPT else None  # dumpFlag=0
            passes.common.add_canonicalizer(pm)
            xpu.passes.ttxpuir.add_tritonxpu_legalize_pass(pm, XPUBackend.buffer_len, core_num, groups_per_cluster,
                                                           is_use_mask_zero)
            passes.common.add_canonicalizer(pm)
            if not TTXPU_F_OHTER_VALUE_SIM:
                xpu.passes.ttxpuir.add_tritonxpu_mask_pass(pm, opt.isClusterOneCoreActOnly, is_use_mask_zero)
            passes.common.add_canonicalizer(pm)
            passes.common.add_cse(pm)
            passes.common.add_licm(pm)
            passes.common.add_symbol_dce(pm)
            if not metadata["isCloseInterleave"] and TTXPU_F_INTERLEAVE:
                xpu.passes.ttxpuir.add_tritonxpu_interleave_pass(pm) if not TTXPU_O_CLOSE_OPT else None
            passes.common.add_canonicalizer(pm)
            if not metadata["isCloseVectorization"]:
                compareFusion = int(os.environ.get("TRITONXPU_COMPARE_FUSION", 0))
                xpu.passes.ttxpuir.add_tritonxpu_vectorize_pass(
                    pm, 0, compareFusion) if not TTXPU_O_CLOSE_OPT else None  # dumpFlag=0
            passes.common.add_canonicalizer(pm)
            xpu.passes.ttxpuir.add_tritonxpu_alloca_pass(pm, XPUBackend.buffer_len, core_num)
            if not metadata["isCloseMemoryAsync"]:
                xpu.passes.ttxpuir.add_tritonxpu_memory_async_pass(pm,
                                                                   0) if not TTXPU_O_CLOSE_OPT else None  # dumpFlag=0
            if not metadata["isCloseUnrollControl"]:
                xpu.passes.ttxpuir.add_tritonxpu_unroll_control_pass(pm, XPUBackend.buffer_len, core_num,
                                                                     is_use_mask_zero,
                                                                     unroll_num) if not TTXPU_O_CLOSE_OPT else None
            xpu.passes.ttxpuir.add_tritonxpu_store_control_pass(pm) if not TTXPU_O_CLOSE_OPT else None
            if not TTXPU_F_OHTER_VALUE_SIM:
                xpu.passes.ttxpuir.add_tritonxpu_other_sim_pass(pm, XPUBackend.buffer_len, core_num)
            xpu.passes.ttxpuir.add_tritonxpu_memory_inplace_pass(pm, XPUBackend.buffer_len,
                                                                 core_num) if not TTXPU_O_CLOSE_OPT else None
            if not metadata["isCloseClusterLoopGrid"]:
                xpu.passes.ttxpuir.add_tritonxpu_cf_to_scf_pass(pm)
                xpu.passes.ttxpuir.add_tritonxpu_loop_grid_pass(pm)
            passes.common.add_cse(pm)
            passes.common.add_licm(pm)
            passes.common.add_symbol_dce(pm)
    
        try:
            pm.run(mod)
        except Exception as e:
            from triton import OutOfResources
>           raise OutOfResources(0, 0, f"uni_sram {e}")
E           triton.runtime.errors.OutOfResources: out of resource: uni_sram PassManager::run failed, Required: 0, Hardware limit: 0. Reducing block sizes or `num_stages` may help.

/root/miniconda/envs/python310_torch29_cuda/lib/python3.10/site-packages/triton/backends/xpu/compiler.py:332: OutOfResources
_________________________ test_digamma[dtype2-shape2] __________________________

mod = <triton._C.libtriton.ir.module object at 0x7f6f1f73d030>
metadata = {'hash': '92fdff048fbb5b3abbc421eca2aa1c8e0d4424c70e17c85221499d028f8e331f', 'target': GPUTarget(backend='xpu', arch=3, warp_size=1), 'arch': 3, 'grid': <function digamma.<locals>.<lambda> at 0x7f6f1f65e8c0>, ...}
opt = XPUOptions(arch=3, grid=<function digamma.<locals>.<lambda> at 0x7f6f1f65e8c0>, debug=None, cluster_num=12, core_num=6...ed_dot_input_precisions=('ieee', 'tf32'), exp_range=':0', num_warps=-1, num_ctas=-1, num_stages=1, use_int4_w4a8=False)

    @staticmethod
    def make_ttxir(mod, metadata, opt):
        metadata["xpu_arch"] = opt.arch
        metadata["is_sdnn"] = opt.is_sdnn or xpu.is_sdnn_kernel(mod)
        metadata["tensor_args"] = xpu.get_tensor_args(mod, []) if metadata["is_sdnn"] is True else []
        metadata["shared"] = (-1)  # TODO: invalid value, just to keep CompiledKernel _init_handles() success
    
        max_buffer_size = metadata["buffer_size_limit"]
        elem_bytes = int(os.environ.get("TRITONXPU_ELEMBYTES", 0))
        groups_per_cluster = metadata["groups_per_cluster"]
        unroll_num = metadata["unroll_num"]
        XPUBackend.buffer_len = xpu.get_buffer_len(mod, max_buffer_size, elem_bytes)
        # print(f"XPUBackend.buffer_len = {XPUBackend.buffer_len}")
        core_num = metadata["core_num"]
        # F/O Prefix For Function/Optimization Macro
        is_use_mask_zero = metadata["is_use_mask_zero"]
        if is_use_mask_zero:
            warnings.warn(
                f'XRE Version Must Be More than 5.0.21.37 (After 2025.07.22). And echo 1 > /proc/kunlun/dev4/dma_excp_mask',
                UserWarning)
        TTXPU_F_INTERLEAVE = 0 if metadata["grid"] != (12, 1, 1) else int(os.environ.get("TRITONXPU_INTERLEAVE", 1))
        TTXPU_F_OHTER_VALUE_SIM = int(os.environ.get("TRITONXPU_OTHER_SIM", 0))
        TTXPU_F_STORE_MASK_SIM = int(os.environ.get("TRITONXPU_STORE_MASK_SIM", 0))
        TTXPU_F_DTYPE_CONVERT = 0 if metadata["isCloseDtypeConvert"] else int(
            os.environ.get("TRITONXPU_DTYPE_CONVERT", 1))
        TTXPU_O_ATOMIC_SIM = 0 if metadata["isCLOSE_TTXPU_O_ATOMIC_SIM"] else int(
            os.environ.get("TRITONXPU_ATOMIC_SIM", 1))
        TTXPU_O_CLOSE_OPT = int(os.environ.get("TRITONXPU_CLOSE_OPTIMIZE", 0))
        TTSDNN_F_SINGLE_CORE_MODE = int(os.environ.get("TRITON_SDNN_SINGLE_CODE_MODE", 0))
        TTSDNN_F_MATMUL_FAST_MODE = int(os.environ.get("XMLIR_MATMUL_FAST_MODE", 0))
        TTSDNN_F_DMA_MODE = int(os.environ.get("XMLIR_DMA_FAST_MODE", 0))
    
        if opt.isClusterOneCoreActOnly and TTXPU_F_OHTER_VALUE_SIM:
            assert 0, "isClusterOneCoreActOnly and TRITONXPU_OTHER_SIM can't act simultaneously"
    
        pm = ir.pass_manager(mod.context)
        pm.enable_debug()
        xpu.passes.ttsdnnir.add_tritonsdnn_strip_all_ops_pass(pm, opt.arch)
        if metadata["is_sdnn"]:
            if opt.arch < 4:
                if metadata["use_int4_w4a8"] == True:
                    xpu.passes.ttsdnnir.add_triton_convert_type_pass(pm, opt.arch, 2)
                else:
                    xpu.passes.ttsdnnir.add_triton_convert_type_pass(pm, opt.arch, TTSDNN_F_MATMUL_FAST_MODE)
            xpu.passes.ttsdnnir.add_convert_triton_to_tritonsdnn_pass(pm, opt.arch)
            xpu.passes.ttsdnnir.add_linalg_to_tritonsdnn_pass(pm, opt.arch)
            xpu.passes.ttsdnnir.add_tritonsdnn_legalize_pass(pm, opt.arch)
            xpu.passes.ttsdnnir.add_tritonsdnn_combine_before_pass(pm, opt.arch)
            xpu.passes.ttsdnnir.add_tritonsdnn_bufferize_pass(pm, opt.arch)
            xpu.passes.ttsdnnir.add_tritonsdnn_combine_pass(pm, opt.arch)
            if opt.exp_range != ":0":
                res = parse_floating_range_string(opt.exp_range)
                xpu.passes.ttsdnnir.add_tritonsdnn_ew_act_table_pass(pm, res)
            else:
                xpu.passes.ttsdnnir.add_tritonsdnn_ew_act_table_pass(pm, None)
            xpu.passes.ttsdnnir.add_tritonsdnn_loop_grid_pass(pm)
            if opt.arch == 4 and TTSDNN_F_DMA_MODE:
                xpu.passes.ttsdnnir.add_tritonsdnn_remove_ds_op_pass(pm, opt.arch)
            if not TTSDNN_F_SINGLE_CORE_MODE:
                xpu.passes.ttsdnnir.add_tritonsdnn_pipeline_pass(pm)
    
            xpu.passes.ttsdnnir.add_tritonsdnn_multi_buffer_pass(pm, opt.arch, opt.num_stages)
            passes.common.add_symbol_dce(pm)
            passes.common.add_canonicalizer(pm)
            passes.common.add_cse(pm)
        else:
            xpu.passes.ttxpuir.add_convert_triton_to_tritonxpu_pass(pm, opt.arch, XPUBackend.buffer_len, core_num)
            xpu.passes.ttxpuir.add_tritonxpu_print_pass(pm)
            xpu.passes.ttxpuir.add_tritonxpu_gm2lm_pass(pm, opt.arch, TTXPU_O_ATOMIC_SIM, opt.isClusterOneCoreActOnly,
                                                        is_use_mask_zero)
            if not metadata["isCloseMemoryCache"]:
                xpu.passes.ttxpuir.add_tritonxpu_memory_cache_pass(pm, XPUBackend.buffer_len,
                                                                   core_num) if not TTXPU_O_CLOSE_OPT else None
            passes.common.add_canonicalizer(pm)
            if TTXPU_F_DTYPE_CONVERT:
                xpu.passes.ttxpuir.add_tritonxpu_dtype_convert_pass(pm, opt.arch)
            if not metadata["isCloseCoreTiling"]:
                xpu.passes.ttxpuir.add_tritonxpu_core_tiling_pass(
                    pm, 0, XPUBackend.buffer_len, core_num,
                    groups_per_cluster) if not TTXPU_O_CLOSE_OPT else None  # dumpFlag=0
            # xpu.passes.ttxpuir.add_tritonxpu_lm_to_sm_pass(pm)
            passes.common.add_cse(pm)
            if not metadata["isCloseOffsetAnalysis"]:
                xpu.passes.ttxpuir.add_tritonxpu_offset_state_pass(
                    pm, 0, XPUBackend.buffer_len, is_use_mask_zero) if not TTXPU_O_CLOSE_OPT else None  # dumpFlag=0
            passes.common.add_canonicalizer(pm)
            xpu.passes.ttxpuir.add_tritonxpu_legalize_pass(pm, XPUBackend.buffer_len, core_num, groups_per_cluster,
                                                           is_use_mask_zero)
            passes.common.add_canonicalizer(pm)
            if not TTXPU_F_OHTER_VALUE_SIM:
                xpu.passes.ttxpuir.add_tritonxpu_mask_pass(pm, opt.isClusterOneCoreActOnly, is_use_mask_zero)
            passes.common.add_canonicalizer(pm)
            passes.common.add_cse(pm)
            passes.common.add_licm(pm)
            passes.common.add_symbol_dce(pm)
            if not metadata["isCloseInterleave"] and TTXPU_F_INTERLEAVE:
                xpu.passes.ttxpuir.add_tritonxpu_interleave_pass(pm) if not TTXPU_O_CLOSE_OPT else None
            passes.common.add_canonicalizer(pm)
            if not metadata["isCloseVectorization"]:
                compareFusion = int(os.environ.get("TRITONXPU_COMPARE_FUSION", 0))
                xpu.passes.ttxpuir.add_tritonxpu_vectorize_pass(
                    pm, 0, compareFusion) if not TTXPU_O_CLOSE_OPT else None  # dumpFlag=0
            passes.common.add_canonicalizer(pm)
            xpu.passes.ttxpuir.add_tritonxpu_alloca_pass(pm, XPUBackend.buffer_len, core_num)
            if not metadata["isCloseMemoryAsync"]:
                xpu.passes.ttxpuir.add_tritonxpu_memory_async_pass(pm,
                                                                   0) if not TTXPU_O_CLOSE_OPT else None  # dumpFlag=0
            if not metadata["isCloseUnrollControl"]:
                xpu.passes.ttxpuir.add_tritonxpu_unroll_control_pass(pm, XPUBackend.buffer_len, core_num,
                                                                     is_use_mask_zero,
                                                                     unroll_num) if not TTXPU_O_CLOSE_OPT else None
            xpu.passes.ttxpuir.add_tritonxpu_store_control_pass(pm) if not TTXPU_O_CLOSE_OPT else None
            if not TTXPU_F_OHTER_VALUE_SIM:
                xpu.passes.ttxpuir.add_tritonxpu_other_sim_pass(pm, XPUBackend.buffer_len, core_num)
            xpu.passes.ttxpuir.add_tritonxpu_memory_inplace_pass(pm, XPUBackend.buffer_len,
                                                                 core_num) if not TTXPU_O_CLOSE_OPT else None
            if not metadata["isCloseClusterLoopGrid"]:
                xpu.passes.ttxpuir.add_tritonxpu_cf_to_scf_pass(pm)
                xpu.passes.ttxpuir.add_tritonxpu_loop_grid_pass(pm)
            passes.common.add_cse(pm)
            passes.common.add_licm(pm)
            passes.common.add_symbol_dce(pm)
    
        try:
>           pm.run(mod)
E           RuntimeError: PassManager::run failed

/root/miniconda/envs/python310_torch29_cuda/lib/python3.10/site-packages/triton/backends/xpu/compiler.py:329: RuntimeError

During handling of the above exception, another exception occurred:

shape = (1024, 1024), dtype = torch.bfloat16

    @pytest.mark.digamma
    @pytest.mark.parametrize("shape", utils.POINTWISE_SHAPES)
    @pytest.mark.parametrize("dtype", utils.FLOAT_DTYPES)
    def test_digamma(shape, dtype):
        inp = torch.rand(shape, dtype=dtype, device=flag_gems.device) + 1.0
        ref_inp = utils.to_reference(inp)
    
        ref_out = torch.digamma(ref_inp)
        with flag_gems.use_gems():
>           res_out = torch.digamma(inp)

test_digamma.py:32: 
_ _ _ _ _ _ _ _ _ _ _ _ _ _ _ _ _ _ _ _ _ _ _ _ _ _ _ _ _ _ _ _ _ _ _ _ _ _ _ _ 
../src/flag_gems/ops/digamma_.py:174: in digamma
    digamma_kernel[grid](A, output, n_elements, BLOCK_SIZE=1024)
/root/miniconda/envs/python310_torch29_cuda/lib/python3.10/site-packages/triton/runtime/jit.py:364: in <lambda>
    return lambda *args, **kwargs: self.run(grid=grid, warmup=False, *args, **kwargs)
/root/miniconda/envs/python310_torch29_cuda/lib/python3.10/site-packages/triton/runtime/jit.py:795: in run
    kernel = self.default_run(*args, **kwargs)
/root/miniconda/envs/python310_torch29_cuda/lib/python3.10/site-packages/triton/runtime/jit.py:686: in default_run
    kernel = self.compile(
/root/miniconda/envs/python310_torch29_cuda/lib/python3.10/site-packages/triton/compiler/compiler.py:318: in compile
    next_module = compile_ir(module, metadata)
/root/miniconda/envs/python310_torch29_cuda/lib/python3.10/site-packages/triton/backends/xpu/compiler.py:516: in <lambda>
    stages["ttxir"] = lambda src, metadata: self.make_ttxir(src, metadata, options)
_ _ _ _ _ _ _ _ _ _ _ _ _ _ _ _ _ _ _ _ _ _ _ _ _ _ _ _ _ _ _ _ _ _ _ _ _ _ _ _ 

mod = <triton._C.libtriton.ir.module object at 0x7f6f1f73d030>
metadata = {'hash': '92fdff048fbb5b3abbc421eca2aa1c8e0d4424c70e17c85221499d028f8e331f', 'target': GPUTarget(backend='xpu', arch=3, warp_size=1), 'arch': 3, 'grid': <function digamma.<locals>.<lambda> at 0x7f6f1f65e8c0>, ...}
opt = XPUOptions(arch=3, grid=<function digamma.<locals>.<lambda> at 0x7f6f1f65e8c0>, debug=None, cluster_num=12, core_num=6...ed_dot_input_precisions=('ieee', 'tf32'), exp_range=':0', num_warps=-1, num_ctas=-1, num_stages=1, use_int4_w4a8=False)

    @staticmethod
    def make_ttxir(mod, metadata, opt):
        metadata["xpu_arch"] = opt.arch
        metadata["is_sdnn"] = opt.is_sdnn or xpu.is_sdnn_kernel(mod)
        metadata["tensor_args"] = xpu.get_tensor_args(mod, []) if metadata["is_sdnn"] is True else []
        metadata["shared"] = (-1)  # TODO: invalid value, just to keep CompiledKernel _init_handles() success
    
        max_buffer_size = metadata["buffer_size_limit"]
        elem_bytes = int(os.environ.get("TRITONXPU_ELEMBYTES", 0))
        groups_per_cluster = metadata["groups_per_cluster"]
        unroll_num = metadata["unroll_num"]
        XPUBackend.buffer_len = xpu.get_buffer_len(mod, max_buffer_size, elem_bytes)
        # print(f"XPUBackend.buffer_len = {XPUBackend.buffer_len}")
        core_num = metadata["core_num"]
        # F/O Prefix For Function/Optimization Macro
        is_use_mask_zero = metadata["is_use_mask_zero"]
        if is_use_mask_zero:
            warnings.warn(
                f'XRE Version Must Be More than 5.0.21.37 (After 2025.07.22). And echo 1 > /proc/kunlun/dev4/dma_excp_mask',
                UserWarning)
        TTXPU_F_INTERLEAVE = 0 if metadata["grid"] != (12, 1, 1) else int(os.environ.get("TRITONXPU_INTERLEAVE", 1))
        TTXPU_F_OHTER_VALUE_SIM = int(os.environ.get("TRITONXPU_OTHER_SIM", 0))
        TTXPU_F_STORE_MASK_SIM = int(os.environ.get("TRITONXPU_STORE_MASK_SIM", 0))
        TTXPU_F_DTYPE_CONVERT = 0 if metadata["isCloseDtypeConvert"] else int(
            os.environ.get("TRITONXPU_DTYPE_CONVERT", 1))
        TTXPU_O_ATOMIC_SIM = 0 if metadata["isCLOSE_TTXPU_O_ATOMIC_SIM"] else int(
            os.environ.get("TRITONXPU_ATOMIC_SIM", 1))
        TTXPU_O_CLOSE_OPT = int(os.environ.get("TRITONXPU_CLOSE_OPTIMIZE", 0))
        TTSDNN_F_SINGLE_CORE_MODE = int(os.environ.get("TRITON_SDNN_SINGLE_CODE_MODE", 0))
        TTSDNN_F_MATMUL_FAST_MODE = int(os.environ.get("XMLIR_MATMUL_FAST_MODE", 0))
        TTSDNN_F_DMA_MODE = int(os.environ.get("XMLIR_DMA_FAST_MODE", 0))
    
        if opt.isClusterOneCoreActOnly and TTXPU_F_OHTER_VALUE_SIM:
            assert 0, "isClusterOneCoreActOnly and TRITONXPU_OTHER_SIM can't act simultaneously"
    
        pm = ir.pass_manager(mod.context)
        pm.enable_debug()
        xpu.passes.ttsdnnir.add_tritonsdnn_strip_all_ops_pass(pm, opt.arch)
        if metadata["is_sdnn"]:
            if opt.arch < 4:
                if metadata["use_int4_w4a8"] == True:
                    xpu.passes.ttsdnnir.add_triton_convert_type_pass(pm, opt.arch, 2)
                else:
                    xpu.passes.ttsdnnir.add_triton_convert_type_pass(pm, opt.arch, TTSDNN_F_MATMUL_FAST_MODE)
            xpu.passes.ttsdnnir.add_convert_triton_to_tritonsdnn_pass(pm, opt.arch)
            xpu.passes.ttsdnnir.add_linalg_to_tritonsdnn_pass(pm, opt.arch)
            xpu.passes.ttsdnnir.add_tritonsdnn_legalize_pass(pm, opt.arch)
            xpu.passes.ttsdnnir.add_tritonsdnn_combine_before_pass(pm, opt.arch)
            xpu.passes.ttsdnnir.add_tritonsdnn_bufferize_pass(pm, opt.arch)
            xpu.passes.ttsdnnir.add_tritonsdnn_combine_pass(pm, opt.arch)
            if opt.exp_range != ":0":
                res = parse_floating_range_string(opt.exp_range)
                xpu.passes.ttsdnnir.add_tritonsdnn_ew_act_table_pass(pm, res)
            else:
                xpu.passes.ttsdnnir.add_tritonsdnn_ew_act_table_pass(pm, None)
            xpu.passes.ttsdnnir.add_tritonsdnn_loop_grid_pass(pm)
            if opt.arch == 4 and TTSDNN_F_DMA_MODE:
                xpu.passes.ttsdnnir.add_tritonsdnn_remove_ds_op_pass(pm, opt.arch)
            if not TTSDNN_F_SINGLE_CORE_MODE:
                xpu.passes.ttsdnnir.add_tritonsdnn_pipeline_pass(pm)
    
            xpu.passes.ttsdnnir.add_tritonsdnn_multi_buffer_pass(pm, opt.arch, opt.num_stages)
            passes.common.add_symbol_dce(pm)
            passes.common.add_canonicalizer(pm)
            passes.common.add_cse(pm)
        else:
            xpu.passes.ttxpuir.add_convert_triton_to_tritonxpu_pass(pm, opt.arch, XPUBackend.buffer_len, core_num)
            xpu.passes.ttxpuir.add_tritonxpu_print_pass(pm)
            xpu.passes.ttxpuir.add_tritonxpu_gm2lm_pass(pm, opt.arch, TTXPU_O_ATOMIC_SIM, opt.isClusterOneCoreActOnly,
                                                        is_use_mask_zero)
            if not metadata["isCloseMemoryCache"]:
                xpu.passes.ttxpuir.add_tritonxpu_memory_cache_pass(pm, XPUBackend.buffer_len,
                                                                   core_num) if not TTXPU_O_CLOSE_OPT else None
            passes.common.add_canonicalizer(pm)
            if TTXPU_F_DTYPE_CONVERT:
                xpu.passes.ttxpuir.add_tritonxpu_dtype_convert_pass(pm, opt.arch)
            if not metadata["isCloseCoreTiling"]:
                xpu.passes.ttxpuir.add_tritonxpu_core_tiling_pass(
                    pm, 0, XPUBackend.buffer_len, core_num,
                    groups_per_cluster) if not TTXPU_O_CLOSE_OPT else None  # dumpFlag=0
            # xpu.passes.ttxpuir.add_tritonxpu_lm_to_sm_pass(pm)
            passes.common.add_cse(pm)
            if not metadata["isCloseOffsetAnalysis"]:
                xpu.passes.ttxpuir.add_tritonxpu_offset_state_pass(
                    pm, 0, XPUBackend.buffer_len, is_use_mask_zero) if not TTXPU_O_CLOSE_OPT else None  # dumpFlag=0
            passes.common.add_canonicalizer(pm)
            xpu.passes.ttxpuir.add_tritonxpu_legalize_pass(pm, XPUBackend.buffer_len, core_num, groups_per_cluster,
                                                           is_use_mask_zero)
            passes.common.add_canonicalizer(pm)
            if not TTXPU_F_OHTER_VALUE_SIM:
                xpu.passes.ttxpuir.add_tritonxpu_mask_pass(pm, opt.isClusterOneCoreActOnly, is_use_mask_zero)
            passes.common.add_canonicalizer(pm)
            passes.common.add_cse(pm)
            passes.common.add_licm(pm)
            passes.common.add_symbol_dce(pm)
            if not metadata["isCloseInterleave"] and TTXPU_F_INTERLEAVE:
                xpu.passes.ttxpuir.add_tritonxpu_interleave_pass(pm) if not TTXPU_O_CLOSE_OPT else None
            passes.common.add_canonicalizer(pm)
            if not metadata["isCloseVectorization"]:
                compareFusion = int(os.environ.get("TRITONXPU_COMPARE_FUSION", 0))
                xpu.passes.ttxpuir.add_tritonxpu_vectorize_pass(
                    pm, 0, compareFusion) if not TTXPU_O_CLOSE_OPT else None  # dumpFlag=0
            passes.common.add_canonicalizer(pm)
            xpu.passes.ttxpuir.add_tritonxpu_alloca_pass(pm, XPUBackend.buffer_len, core_num)
            if not metadata["isCloseMemoryAsync"]:
                xpu.passes.ttxpuir.add_tritonxpu_memory_async_pass(pm,
                                                                   0) if not TTXPU_O_CLOSE_OPT else None  # dumpFlag=0
            if not metadata["isCloseUnrollControl"]:
                xpu.passes.ttxpuir.add_tritonxpu_unroll_control_pass(pm, XPUBackend.buffer_len, core_num,
                                                                     is_use_mask_zero,
                                                                     unroll_num) if not TTXPU_O_CLOSE_OPT else None
            xpu.passes.ttxpuir.add_tritonxpu_store_control_pass(pm) if not TTXPU_O_CLOSE_OPT else None
            if not TTXPU_F_OHTER_VALUE_SIM:
                xpu.passes.ttxpuir.add_tritonxpu_other_sim_pass(pm, XPUBackend.buffer_len, core_num)
            xpu.passes.ttxpuir.add_tritonxpu_memory_inplace_pass(pm, XPUBackend.buffer_len,
                                                                 core_num) if not TTXPU_O_CLOSE_OPT else None
            if not metadata["isCloseClusterLoopGrid"]:
                xpu.passes.ttxpuir.add_tritonxpu_cf_to_scf_pass(pm)
                xpu.passes.ttxpuir.add_tritonxpu_loop_grid_pass(pm)
            passes.common.add_cse(pm)
            passes.common.add_licm(pm)
            passes.common.add_symbol_dce(pm)
    
        try:
            pm.run(mod)
        except Exception as e:
            from triton import OutOfResources
>           raise OutOfResources(0, 0, f"uni_sram {e}")
E           triton.runtime.errors.OutOfResources: out of resource: uni_sram PassManager::run failed, Required: 0, Hardware limit: 0. Reducing block sizes or `num_stages` may help.

/root/miniconda/envs/python310_torch29_cuda/lib/python3.10/site-packages/triton/backends/xpu/compiler.py:332: OutOfResources
_________________________ test_digamma[dtype2-shape3] __________________________

mod = <triton._C.libtriton.ir.module object at 0x7f6f1f6ecef0>
metadata = {'hash': 'ea0e03cb1594d7d5d383540ed7ef2b1737cc54a8b57d55e8d04a43cf81669605', 'target': GPUTarget(backend='xpu', arch=3, warp_size=1), 'arch': 3, 'grid': <function digamma.<locals>.<lambda> at 0x7f6f1f65e7a0>, ...}
opt = XPUOptions(arch=3, grid=<function digamma.<locals>.<lambda> at 0x7f6f1f65e7a0>, debug=None, cluster_num=12, core_num=6...ed_dot_input_precisions=('ieee', 'tf32'), exp_range=':0', num_warps=-1, num_ctas=-1, num_stages=1, use_int4_w4a8=False)

    @staticmethod
    def make_ttxir(mod, metadata, opt):
        metadata["xpu_arch"] = opt.arch
        metadata["is_sdnn"] = opt.is_sdnn or xpu.is_sdnn_kernel(mod)
        metadata["tensor_args"] = xpu.get_tensor_args(mod, []) if metadata["is_sdnn"] is True else []
        metadata["shared"] = (-1)  # TODO: invalid value, just to keep CompiledKernel _init_handles() success
    
        max_buffer_size = metadata["buffer_size_limit"]
        elem_bytes = int(os.environ.get("TRITONXPU_ELEMBYTES", 0))
        groups_per_cluster = metadata["groups_per_cluster"]
        unroll_num = metadata["unroll_num"]
        XPUBackend.buffer_len = xpu.get_buffer_len(mod, max_buffer_size, elem_bytes)
        # print(f"XPUBackend.buffer_len = {XPUBackend.buffer_len}")
        core_num = metadata["core_num"]
        # F/O Prefix For Function/Optimization Macro
        is_use_mask_zero = metadata["is_use_mask_zero"]
        if is_use_mask_zero:
            warnings.warn(
                f'XRE Version Must Be More than 5.0.21.37 (After 2025.07.22). And echo 1 > /proc/kunlun/dev4/dma_excp_mask',
                UserWarning)
        TTXPU_F_INTERLEAVE = 0 if metadata["grid"] != (12, 1, 1) else int(os.environ.get("TRITONXPU_INTERLEAVE", 1))
        TTXPU_F_OHTER_VALUE_SIM = int(os.environ.get("TRITONXPU_OTHER_SIM", 0))
        TTXPU_F_STORE_MASK_SIM = int(os.environ.get("TRITONXPU_STORE_MASK_SIM", 0))
        TTXPU_F_DTYPE_CONVERT = 0 if metadata["isCloseDtypeConvert"] else int(
            os.environ.get("TRITONXPU_DTYPE_CONVERT", 1))
        TTXPU_O_ATOMIC_SIM = 0 if metadata["isCLOSE_TTXPU_O_ATOMIC_SIM"] else int(
            os.environ.get("TRITONXPU_ATOMIC_SIM", 1))
        TTXPU_O_CLOSE_OPT = int(os.environ.get("TRITONXPU_CLOSE_OPTIMIZE", 0))
        TTSDNN_F_SINGLE_CORE_MODE = int(os.environ.get("TRITON_SDNN_SINGLE_CODE_MODE", 0))
        TTSDNN_F_MATMUL_FAST_MODE = int(os.environ.get("XMLIR_MATMUL_FAST_MODE", 0))
        TTSDNN_F_DMA_MODE = int(os.environ.get("XMLIR_DMA_FAST_MODE", 0))
    
        if opt.isClusterOneCoreActOnly and TTXPU_F_OHTER_VALUE_SIM:
            assert 0, "isClusterOneCoreActOnly and TRITONXPU_OTHER_SIM can't act simultaneously"
    
        pm = ir.pass_manager(mod.context)
        pm.enable_debug()
        xpu.passes.ttsdnnir.add_tritonsdnn_strip_all_ops_pass(pm, opt.arch)
        if metadata["is_sdnn"]:
            if opt.arch < 4:
                if metadata["use_int4_w4a8"] == True:
                    xpu.passes.ttsdnnir.add_triton_convert_type_pass(pm, opt.arch, 2)
                else:
                    xpu.passes.ttsdnnir.add_triton_convert_type_pass(pm, opt.arch, TTSDNN_F_MATMUL_FAST_MODE)
            xpu.passes.ttsdnnir.add_convert_triton_to_tritonsdnn_pass(pm, opt.arch)
            xpu.passes.ttsdnnir.add_linalg_to_tritonsdnn_pass(pm, opt.arch)
            xpu.passes.ttsdnnir.add_tritonsdnn_legalize_pass(pm, opt.arch)
            xpu.passes.ttsdnnir.add_tritonsdnn_combine_before_pass(pm, opt.arch)
            xpu.passes.ttsdnnir.add_tritonsdnn_bufferize_pass(pm, opt.arch)
            xpu.passes.ttsdnnir.add_tritonsdnn_combine_pass(pm, opt.arch)
            if opt.exp_range != ":0":
                res = parse_floating_range_string(opt.exp_range)
                xpu.passes.ttsdnnir.add_tritonsdnn_ew_act_table_pass(pm, res)
            else:
                xpu.passes.ttsdnnir.add_tritonsdnn_ew_act_table_pass(pm, None)
            xpu.passes.ttsdnnir.add_tritonsdnn_loop_grid_pass(pm)
            if opt.arch == 4 and TTSDNN_F_DMA_MODE:
                xpu.passes.ttsdnnir.add_tritonsdnn_remove_ds_op_pass(pm, opt.arch)
            if not TTSDNN_F_SINGLE_CORE_MODE:
                xpu.passes.ttsdnnir.add_tritonsdnn_pipeline_pass(pm)
    
            xpu.passes.ttsdnnir.add_tritonsdnn_multi_buffer_pass(pm, opt.arch, opt.num_stages)
            passes.common.add_symbol_dce(pm)
            passes.common.add_canonicalizer(pm)
            passes.common.add_cse(pm)
        else:
            xpu.passes.ttxpuir.add_convert_triton_to_tritonxpu_pass(pm, opt.arch, XPUBackend.buffer_len, core_num)
            xpu.passes.ttxpuir.add_tritonxpu_print_pass(pm)
            xpu.passes.ttxpuir.add_tritonxpu_gm2lm_pass(pm, opt.arch, TTXPU_O_ATOMIC_SIM, opt.isClusterOneCoreActOnly,
                                                        is_use_mask_zero)
            if not metadata["isCloseMemoryCache"]:
                xpu.passes.ttxpuir.add_tritonxpu_memory_cache_pass(pm, XPUBackend.buffer_len,
                                                                   core_num) if not TTXPU_O_CLOSE_OPT else None
            passes.common.add_canonicalizer(pm)
            if TTXPU_F_DTYPE_CONVERT:
                xpu.passes.ttxpuir.add_tritonxpu_dtype_convert_pass(pm, opt.arch)
            if not metadata["isCloseCoreTiling"]:
                xpu.passes.ttxpuir.add_tritonxpu_core_tiling_pass(
                    pm, 0, XPUBackend.buffer_len, core_num,
                    groups_per_cluster) if not TTXPU_O_CLOSE_OPT else None  # dumpFlag=0
            # xpu.passes.ttxpuir.add_tritonxpu_lm_to_sm_pass(pm)
            passes.common.add_cse(pm)
            if not metadata["isCloseOffsetAnalysis"]:
                xpu.passes.ttxpuir.add_tritonxpu_offset_state_pass(
                    pm, 0, XPUBackend.buffer_len, is_use_mask_zero) if not TTXPU_O_CLOSE_OPT else None  # dumpFlag=0
            passes.common.add_canonicalizer(pm)
            xpu.passes.ttxpuir.add_tritonxpu_legalize_pass(pm, XPUBackend.buffer_len, core_num, groups_per_cluster,
                                                           is_use_mask_zero)
            passes.common.add_canonicalizer(pm)
            if not TTXPU_F_OHTER_VALUE_SIM:
                xpu.passes.ttxpuir.add_tritonxpu_mask_pass(pm, opt.isClusterOneCoreActOnly, is_use_mask_zero)
            passes.common.add_canonicalizer(pm)
            passes.common.add_cse(pm)
            passes.common.add_licm(pm)
            passes.common.add_symbol_dce(pm)
            if not metadata["isCloseInterleave"] and TTXPU_F_INTERLEAVE:
                xpu.passes.ttxpuir.add_tritonxpu_interleave_pass(pm) if not TTXPU_O_CLOSE_OPT else None
            passes.common.add_canonicalizer(pm)
            if not metadata["isCloseVectorization"]:
                compareFusion = int(os.environ.get("TRITONXPU_COMPARE_FUSION", 0))
                xpu.passes.ttxpuir.add_tritonxpu_vectorize_pass(
                    pm, 0, compareFusion) if not TTXPU_O_CLOSE_OPT else None  # dumpFlag=0
            passes.common.add_canonicalizer(pm)
            xpu.passes.ttxpuir.add_tritonxpu_alloca_pass(pm, XPUBackend.buffer_len, core_num)
            if not metadata["isCloseMemoryAsync"]:
                xpu.passes.ttxpuir.add_tritonxpu_memory_async_pass(pm,
                                                                   0) if not TTXPU_O_CLOSE_OPT else None  # dumpFlag=0
            if not metadata["isCloseUnrollControl"]:
                xpu.passes.ttxpuir.add_tritonxpu_unroll_control_pass(pm, XPUBackend.buffer_len, core_num,
                                                                     is_use_mask_zero,
                                                                     unroll_num) if not TTXPU_O_CLOSE_OPT else None
            xpu.passes.ttxpuir.add_tritonxpu_store_control_pass(pm) if not TTXPU_O_CLOSE_OPT else None
            if not TTXPU_F_OHTER_VALUE_SIM:
                xpu.passes.ttxpuir.add_tritonxpu_other_sim_pass(pm, XPUBackend.buffer_len, core_num)
            xpu.passes.ttxpuir.add_tritonxpu_memory_inplace_pass(pm, XPUBackend.buffer_len,
                                                                 core_num) if not TTXPU_O_CLOSE_OPT else None
            if not metadata["isCloseClusterLoopGrid"]:
                xpu.passes.ttxpuir.add_tritonxpu_cf_to_scf_pass(pm)
                xpu.passes.ttxpuir.add_tritonxpu_loop_grid_pass(pm)
            passes.common.add_cse(pm)
            passes.common.add_licm(pm)
            passes.common.add_symbol_dce(pm)
    
        try:
>           pm.run(mod)
E           RuntimeError: PassManager::run failed

/root/miniconda/envs/python310_torch29_cuda/lib/python3.10/site-packages/triton/backends/xpu/compiler.py:329: RuntimeError

During handling of the above exception, another exception occurred:

shape = (20, 320, 15), dtype = torch.bfloat16

    @pytest.mark.digamma
    @pytest.mark.parametrize("shape", utils.POINTWISE_SHAPES)
    @pytest.mark.parametrize("dtype", utils.FLOAT_DTYPES)
    def test_digamma(shape, dtype):
        inp = torch.rand(shape, dtype=dtype, device=flag_gems.device) + 1.0
        ref_inp = utils.to_reference(inp)
    
        ref_out = torch.digamma(ref_inp)
        with flag_gems.use_gems():
>           res_out = torch.digamma(inp)

test_digamma.py:32: 
_ _ _ _ _ _ _ _ _ _ _ _ _ _ _ _ _ _ _ _ _ _ _ _ _ _ _ _ _ _ _ _ _ _ _ _ _ _ _ _ 
../src/flag_gems/ops/digamma_.py:174: in digamma
    digamma_kernel[grid](A, output, n_elements, BLOCK_SIZE=1024)
/root/miniconda/envs/python310_torch29_cuda/lib/python3.10/site-packages/triton/runtime/jit.py:364: in <lambda>
    return lambda *args, **kwargs: self.run(grid=grid, warmup=False, *args, **kwargs)
/root/miniconda/envs/python310_torch29_cuda/lib/python3.10/site-packages/triton/runtime/jit.py:795: in run
    kernel = self.default_run(*args, **kwargs)
/root/miniconda/envs/python310_torch29_cuda/lib/python3.10/site-packages/triton/runtime/jit.py:686: in default_run
    kernel = self.compile(
/root/miniconda/envs/python310_torch29_cuda/lib/python3.10/site-packages/triton/compiler/compiler.py:318: in compile
    next_module = compile_ir(module, metadata)
/root/miniconda/envs/python310_torch29_cuda/lib/python3.10/site-packages/triton/backends/xpu/compiler.py:516: in <lambda>
    stages["ttxir"] = lambda src, metadata: self.make_ttxir(src, metadata, options)
_ _ _ _ _ _ _ _ _ _ _ _ _ _ _ _ _ _ _ _ _ _ _ _ _ _ _ _ _ _ _ _ _ _ _ _ _ _ _ _ 

mod = <triton._C.libtriton.ir.module object at 0x7f6f1f6ecef0>
metadata = {'hash': 'ea0e03cb1594d7d5d383540ed7ef2b1737cc54a8b57d55e8d04a43cf81669605', 'target': GPUTarget(backend='xpu', arch=3, warp_size=1), 'arch': 3, 'grid': <function digamma.<locals>.<lambda> at 0x7f6f1f65e7a0>, ...}
opt = XPUOptions(arch=3, grid=<function digamma.<locals>.<lambda> at 0x7f6f1f65e7a0>, debug=None, cluster_num=12, core_num=6...ed_dot_input_precisions=('ieee', 'tf32'), exp_range=':0', num_warps=-1, num_ctas=-1, num_stages=1, use_int4_w4a8=False)

    @staticmethod
    def make_ttxir(mod, metadata, opt):
        metadata["xpu_arch"] = opt.arch
        metadata["is_sdnn"] = opt.is_sdnn or xpu.is_sdnn_kernel(mod)
        metadata["tensor_args"] = xpu.get_tensor_args(mod, []) if metadata["is_sdnn"] is True else []
        metadata["shared"] = (-1)  # TODO: invalid value, just to keep CompiledKernel _init_handles() success
    
        max_buffer_size = metadata["buffer_size_limit"]
        elem_bytes = int(os.environ.get("TRITONXPU_ELEMBYTES", 0))
        groups_per_cluster = metadata["groups_per_cluster"]
        unroll_num = metadata["unroll_num"]
        XPUBackend.buffer_len = xpu.get_buffer_len(mod, max_buffer_size, elem_bytes)
        # print(f"XPUBackend.buffer_len = {XPUBackend.buffer_len}")
        core_num = metadata["core_num"]
        # F/O Prefix For Function/Optimization Macro
        is_use_mask_zero = metadata["is_use_mask_zero"]
        if is_use_mask_zero:
            warnings.warn(
                f'XRE Version Must Be More than 5.0.21.37 (After 2025.07.22). And echo 1 > /proc/kunlun/dev4/dma_excp_mask',
                UserWarning)
        TTXPU_F_INTERLEAVE = 0 if metadata["grid"] != (12, 1, 1) else int(os.environ.get("TRITONXPU_INTERLEAVE", 1))
        TTXPU_F_OHTER_VALUE_SIM = int(os.environ.get("TRITONXPU_OTHER_SIM", 0))
        TTXPU_F_STORE_MASK_SIM = int(os.environ.get("TRITONXPU_STORE_MASK_SIM", 0))
        TTXPU_F_DTYPE_CONVERT = 0 if metadata["isCloseDtypeConvert"] else int(
            os.environ.get("TRITONXPU_DTYPE_CONVERT", 1))
        TTXPU_O_ATOMIC_SIM = 0 if metadata["isCLOSE_TTXPU_O_ATOMIC_SIM"] else int(
            os.environ.get("TRITONXPU_ATOMIC_SIM", 1))
        TTXPU_O_CLOSE_OPT = int(os.environ.get("TRITONXPU_CLOSE_OPTIMIZE", 0))
        TTSDNN_F_SINGLE_CORE_MODE = int(os.environ.get("TRITON_SDNN_SINGLE_CODE_MODE", 0))
        TTSDNN_F_MATMUL_FAST_MODE = int(os.environ.get("XMLIR_MATMUL_FAST_MODE", 0))
        TTSDNN_F_DMA_MODE = int(os.environ.get("XMLIR_DMA_FAST_MODE", 0))
    
        if opt.isClusterOneCoreActOnly and TTXPU_F_OHTER_VALUE_SIM:
            assert 0, "isClusterOneCoreActOnly and TRITONXPU_OTHER_SIM can't act simultaneously"
    
        pm = ir.pass_manager(mod.context)
        pm.enable_debug()
        xpu.passes.ttsdnnir.add_tritonsdnn_strip_all_ops_pass(pm, opt.arch)
        if metadata["is_sdnn"]:
            if opt.arch < 4:
                if metadata["use_int4_w4a8"] == True:
                    xpu.passes.ttsdnnir.add_triton_convert_type_pass(pm, opt.arch, 2)
                else:
                    xpu.passes.ttsdnnir.add_triton_convert_type_pass(pm, opt.arch, TTSDNN_F_MATMUL_FAST_MODE)
            xpu.passes.ttsdnnir.add_convert_triton_to_tritonsdnn_pass(pm, opt.arch)
            xpu.passes.ttsdnnir.add_linalg_to_tritonsdnn_pass(pm, opt.arch)
            xpu.passes.ttsdnnir.add_tritonsdnn_legalize_pass(pm, opt.arch)
            xpu.passes.ttsdnnir.add_tritonsdnn_combine_before_pass(pm, opt.arch)
            xpu.passes.ttsdnnir.add_tritonsdnn_bufferize_pass(pm, opt.arch)
            xpu.passes.ttsdnnir.add_tritonsdnn_combine_pass(pm, opt.arch)
            if opt.exp_range != ":0":
                res = parse_floating_range_string(opt.exp_range)
                xpu.passes.ttsdnnir.add_tritonsdnn_ew_act_table_pass(pm, res)
            else:
                xpu.passes.ttsdnnir.add_tritonsdnn_ew_act_table_pass(pm, None)
            xpu.passes.ttsdnnir.add_tritonsdnn_loop_grid_pass(pm)
            if opt.arch == 4 and TTSDNN_F_DMA_MODE:
                xpu.passes.ttsdnnir.add_tritonsdnn_remove_ds_op_pass(pm, opt.arch)
            if not TTSDNN_F_SINGLE_CORE_MODE:
                xpu.passes.ttsdnnir.add_tritonsdnn_pipeline_pass(pm)
    
            xpu.passes.ttsdnnir.add_tritonsdnn_multi_buffer_pass(pm, opt.arch, opt.num_stages)
            passes.common.add_symbol_dce(pm)
            passes.common.add_canonicalizer(pm)
            passes.common.add_cse(pm)
        else:
            xpu.passes.ttxpuir.add_convert_triton_to_tritonxpu_pass(pm, opt.arch, XPUBackend.buffer_len, core_num)
            xpu.passes.ttxpuir.add_tritonxpu_print_pass(pm)
            xpu.passes.ttxpuir.add_tritonxpu_gm2lm_pass(pm, opt.arch, TTXPU_O_ATOMIC_SIM, opt.isClusterOneCoreActOnly,
                                                        is_use_mask_zero)
            if not metadata["isCloseMemoryCache"]:
                xpu.passes.ttxpuir.add_tritonxpu_memory_cache_pass(pm, XPUBackend.buffer_len,
                                                                   core_num) if not TTXPU_O_CLOSE_OPT else None
            passes.common.add_canonicalizer(pm)
            if TTXPU_F_DTYPE_CONVERT:
                xpu.passes.ttxpuir.add_tritonxpu_dtype_convert_pass(pm, opt.arch)
            if not metadata["isCloseCoreTiling"]:
                xpu.passes.ttxpuir.add_tritonxpu_core_tiling_pass(
                    pm, 0, XPUBackend.buffer_len, core_num,
                    groups_per_cluster) if not TTXPU_O_CLOSE_OPT else None  # dumpFlag=0
            # xpu.passes.ttxpuir.add_tritonxpu_lm_to_sm_pass(pm)
            passes.common.add_cse(pm)
            if not metadata["isCloseOffsetAnalysis"]:
                xpu.passes.ttxpuir.add_tritonxpu_offset_state_pass(
                    pm, 0, XPUBackend.buffer_len, is_use_mask_zero) if not TTXPU_O_CLOSE_OPT else None  # dumpFlag=0
            passes.common.add_canonicalizer(pm)
            xpu.passes.ttxpuir.add_tritonxpu_legalize_pass(pm, XPUBackend.buffer_len, core_num, groups_per_cluster,
                                                           is_use_mask_zero)
            passes.common.add_canonicalizer(pm)
            if not TTXPU_F_OHTER_VALUE_SIM:
                xpu.passes.ttxpuir.add_tritonxpu_mask_pass(pm, opt.isClusterOneCoreActOnly, is_use_mask_zero)
            passes.common.add_canonicalizer(pm)
            passes.common.add_cse(pm)
            passes.common.add_licm(pm)
            passes.common.add_symbol_dce(pm)
            if not metadata["isCloseInterleave"] and TTXPU_F_INTERLEAVE:
                xpu.passes.ttxpuir.add_tritonxpu_interleave_pass(pm) if not TTXPU_O_CLOSE_OPT else None
            passes.common.add_canonicalizer(pm)
            if not metadata["isCloseVectorization"]:
                compareFusion = int(os.environ.get("TRITONXPU_COMPARE_FUSION", 0))
                xpu.passes.ttxpuir.add_tritonxpu_vectorize_pass(
                    pm, 0, compareFusion) if not TTXPU_O_CLOSE_OPT else None  # dumpFlag=0
            passes.common.add_canonicalizer(pm)
            xpu.passes.ttxpuir.add_tritonxpu_alloca_pass(pm, XPUBackend.buffer_len, core_num)
            if not metadata["isCloseMemoryAsync"]:
                xpu.passes.ttxpuir.add_tritonxpu_memory_async_pass(pm,
                                                                   0) if not TTXPU_O_CLOSE_OPT else None  # dumpFlag=0
            if not metadata["isCloseUnrollControl"]:
                xpu.passes.ttxpuir.add_tritonxpu_unroll_control_pass(pm, XPUBackend.buffer_len, core_num,
                                                                     is_use_mask_zero,
                                                                     unroll_num) if not TTXPU_O_CLOSE_OPT else None
            xpu.passes.ttxpuir.add_tritonxpu_store_control_pass(pm) if not TTXPU_O_CLOSE_OPT else None
            if not TTXPU_F_OHTER_VALUE_SIM:
                xpu.passes.ttxpuir.add_tritonxpu_other_sim_pass(pm, XPUBackend.buffer_len, core_num)
            xpu.passes.ttxpuir.add_tritonxpu_memory_inplace_pass(pm, XPUBackend.buffer_len,
                                                                 core_num) if not TTXPU_O_CLOSE_OPT else None
            if not metadata["isCloseClusterLoopGrid"]:
                xpu.passes.ttxpuir.add_tritonxpu_cf_to_scf_pass(pm)
                xpu.passes.ttxpuir.add_tritonxpu_loop_grid_pass(pm)
            passes.common.add_cse(pm)
            passes.common.add_licm(pm)
            passes.common.add_symbol_dce(pm)
    
        try:
            pm.run(mod)
        except Exception as e:
            from triton import OutOfResources
>           raise OutOfResources(0, 0, f"uni_sram {e}")
E           triton.runtime.errors.OutOfResources: out of resource: uni_sram PassManager::run failed, Required: 0, Hardware limit: 0. Reducing block sizes or `num_stages` may help.

/root/miniconda/envs/python310_torch29_cuda/lib/python3.10/site-packages/triton/backends/xpu/compiler.py:332: OutOfResources
_________________________ test_digamma[dtype2-shape4] __________________________

mod = <triton._C.libtriton.ir.module object at 0x7f6f21c4cc70>
metadata = {'hash': '5b252239df0c8fea94e7139d9ccad79418b2b5ec4e004cb2d8e8745d496293be', 'target': GPUTarget(backend='xpu', arch=3, warp_size=1), 'arch': 3, 'grid': <function digamma.<locals>.<lambda> at 0x7f6f1f677d00>, ...}
opt = XPUOptions(arch=3, grid=<function digamma.<locals>.<lambda> at 0x7f6f1f677d00>, debug=None, cluster_num=12, core_num=6...ed_dot_input_precisions=('ieee', 'tf32'), exp_range=':0', num_warps=-1, num_ctas=-1, num_stages=1, use_int4_w4a8=False)

    @staticmethod
    def make_ttxir(mod, metadata, opt):
        metadata["xpu_arch"] = opt.arch
        metadata["is_sdnn"] = opt.is_sdnn or xpu.is_sdnn_kernel(mod)
        metadata["tensor_args"] = xpu.get_tensor_args(mod, []) if metadata["is_sdnn"] is True else []
        metadata["shared"] = (-1)  # TODO: invalid value, just to keep CompiledKernel _init_handles() success
    
        max_buffer_size = metadata["buffer_size_limit"]
        elem_bytes = int(os.environ.get("TRITONXPU_ELEMBYTES", 0))
        groups_per_cluster = metadata["groups_per_cluster"]
        unroll_num = metadata["unroll_num"]
        XPUBackend.buffer_len = xpu.get_buffer_len(mod, max_buffer_size, elem_bytes)
        # print(f"XPUBackend.buffer_len = {XPUBackend.buffer_len}")
        core_num = metadata["core_num"]
        # F/O Prefix For Function/Optimization Macro
        is_use_mask_zero = metadata["is_use_mask_zero"]
        if is_use_mask_zero:
            warnings.warn(
                f'XRE Version Must Be More than 5.0.21.37 (After 2025.07.22). And echo 1 > /proc/kunlun/dev4/dma_excp_mask',
                UserWarning)
        TTXPU_F_INTERLEAVE = 0 if metadata["grid"] != (12, 1, 1) else int(os.environ.get("TRITONXPU_INTERLEAVE", 1))
        TTXPU_F_OHTER_VALUE_SIM = int(os.environ.get("TRITONXPU_OTHER_SIM", 0))
        TTXPU_F_STORE_MASK_SIM = int(os.environ.get("TRITONXPU_STORE_MASK_SIM", 0))
        TTXPU_F_DTYPE_CONVERT = 0 if metadata["isCloseDtypeConvert"] else int(
            os.environ.get("TRITONXPU_DTYPE_CONVERT", 1))
        TTXPU_O_ATOMIC_SIM = 0 if metadata["isCLOSE_TTXPU_O_ATOMIC_SIM"] else int(
            os.environ.get("TRITONXPU_ATOMIC_SIM", 1))
        TTXPU_O_CLOSE_OPT = int(os.environ.get("TRITONXPU_CLOSE_OPTIMIZE", 0))
        TTSDNN_F_SINGLE_CORE_MODE = int(os.environ.get("TRITON_SDNN_SINGLE_CODE_MODE", 0))
        TTSDNN_F_MATMUL_FAST_MODE = int(os.environ.get("XMLIR_MATMUL_FAST_MODE", 0))
        TTSDNN_F_DMA_MODE = int(os.environ.get("XMLIR_DMA_FAST_MODE", 0))
    
        if opt.isClusterOneCoreActOnly and TTXPU_F_OHTER_VALUE_SIM:
            assert 0, "isClusterOneCoreActOnly and TRITONXPU_OTHER_SIM can't act simultaneously"
    
        pm = ir.pass_manager(mod.context)
        pm.enable_debug()
        xpu.passes.ttsdnnir.add_tritonsdnn_strip_all_ops_pass(pm, opt.arch)
        if metadata["is_sdnn"]:
            if opt.arch < 4:
                if metadata["use_int4_w4a8"] == True:
                    xpu.passes.ttsdnnir.add_triton_convert_type_pass(pm, opt.arch, 2)
                else:
                    xpu.passes.ttsdnnir.add_triton_convert_type_pass(pm, opt.arch, TTSDNN_F_MATMUL_FAST_MODE)
            xpu.passes.ttsdnnir.add_convert_triton_to_tritonsdnn_pass(pm, opt.arch)
            xpu.passes.ttsdnnir.add_linalg_to_tritonsdnn_pass(pm, opt.arch)
            xpu.passes.ttsdnnir.add_tritonsdnn_legalize_pass(pm, opt.arch)
            xpu.passes.ttsdnnir.add_tritonsdnn_combine_before_pass(pm, opt.arch)
            xpu.passes.ttsdnnir.add_tritonsdnn_bufferize_pass(pm, opt.arch)
            xpu.passes.ttsdnnir.add_tritonsdnn_combine_pass(pm, opt.arch)
            if opt.exp_range != ":0":
                res = parse_floating_range_string(opt.exp_range)
                xpu.passes.ttsdnnir.add_tritonsdnn_ew_act_table_pass(pm, res)
            else:
                xpu.passes.ttsdnnir.add_tritonsdnn_ew_act_table_pass(pm, None)
            xpu.passes.ttsdnnir.add_tritonsdnn_loop_grid_pass(pm)
            if opt.arch == 4 and TTSDNN_F_DMA_MODE:
                xpu.passes.ttsdnnir.add_tritonsdnn_remove_ds_op_pass(pm, opt.arch)
            if not TTSDNN_F_SINGLE_CORE_MODE:
                xpu.passes.ttsdnnir.add_tritonsdnn_pipeline_pass(pm)
    
            xpu.passes.ttsdnnir.add_tritonsdnn_multi_buffer_pass(pm, opt.arch, opt.num_stages)
            passes.common.add_symbol_dce(pm)
            passes.common.add_canonicalizer(pm)
            passes.common.add_cse(pm)
        else:
            xpu.passes.ttxpuir.add_convert_triton_to_tritonxpu_pass(pm, opt.arch, XPUBackend.buffer_len, core_num)
            xpu.passes.ttxpuir.add_tritonxpu_print_pass(pm)
            xpu.passes.ttxpuir.add_tritonxpu_gm2lm_pass(pm, opt.arch, TTXPU_O_ATOMIC_SIM, opt.isClusterOneCoreActOnly,
                                                        is_use_mask_zero)
            if not metadata["isCloseMemoryCache"]:
                xpu.passes.ttxpuir.add_tritonxpu_memory_cache_pass(pm, XPUBackend.buffer_len,
                                                                   core_num) if not TTXPU_O_CLOSE_OPT else None
            passes.common.add_canonicalizer(pm)
            if TTXPU_F_DTYPE_CONVERT:
                xpu.passes.ttxpuir.add_tritonxpu_dtype_convert_pass(pm, opt.arch)
            if not metadata["isCloseCoreTiling"]:
                xpu.passes.ttxpuir.add_tritonxpu_core_tiling_pass(
                    pm, 0, XPUBackend.buffer_len, core_num,
                    groups_per_cluster) if not TTXPU_O_CLOSE_OPT else None  # dumpFlag=0
            # xpu.passes.ttxpuir.add_tritonxpu_lm_to_sm_pass(pm)
            passes.common.add_cse(pm)
            if not metadata["isCloseOffsetAnalysis"]:
                xpu.passes.ttxpuir.add_tritonxpu_offset_state_pass(
                    pm, 0, XPUBackend.buffer_len, is_use_mask_zero) if not TTXPU_O_CLOSE_OPT else None  # dumpFlag=0
            passes.common.add_canonicalizer(pm)
            xpu.passes.ttxpuir.add_tritonxpu_legalize_pass(pm, XPUBackend.buffer_len, core_num, groups_per_cluster,
                                                           is_use_mask_zero)
            passes.common.add_canonicalizer(pm)
            if not TTXPU_F_OHTER_VALUE_SIM:
                xpu.passes.ttxpuir.add_tritonxpu_mask_pass(pm, opt.isClusterOneCoreActOnly, is_use_mask_zero)
            passes.common.add_canonicalizer(pm)
            passes.common.add_cse(pm)
            passes.common.add_licm(pm)
            passes.common.add_symbol_dce(pm)
            if not metadata["isCloseInterleave"] and TTXPU_F_INTERLEAVE:
                xpu.passes.ttxpuir.add_tritonxpu_interleave_pass(pm) if not TTXPU_O_CLOSE_OPT else None
            passes.common.add_canonicalizer(pm)
            if not metadata["isCloseVectorization"]:
                compareFusion = int(os.environ.get("TRITONXPU_COMPARE_FUSION", 0))
                xpu.passes.ttxpuir.add_tritonxpu_vectorize_pass(
                    pm, 0, compareFusion) if not TTXPU_O_CLOSE_OPT else None  # dumpFlag=0
            passes.common.add_canonicalizer(pm)
            xpu.passes.ttxpuir.add_tritonxpu_alloca_pass(pm, XPUBackend.buffer_len, core_num)
            if not metadata["isCloseMemoryAsync"]:
                xpu.passes.ttxpuir.add_tritonxpu_memory_async_pass(pm,
                                                                   0) if not TTXPU_O_CLOSE_OPT else None  # dumpFlag=0
            if not metadata["isCloseUnrollControl"]:
                xpu.passes.ttxpuir.add_tritonxpu_unroll_control_pass(pm, XPUBackend.buffer_len, core_num,
                                                                     is_use_mask_zero,
                                                                     unroll_num) if not TTXPU_O_CLOSE_OPT else None
            xpu.passes.ttxpuir.add_tritonxpu_store_control_pass(pm) if not TTXPU_O_CLOSE_OPT else None
            if not TTXPU_F_OHTER_VALUE_SIM:
                xpu.passes.ttxpuir.add_tritonxpu_other_sim_pass(pm, XPUBackend.buffer_len, core_num)
            xpu.passes.ttxpuir.add_tritonxpu_memory_inplace_pass(pm, XPUBackend.buffer_len,
                                                                 core_num) if not TTXPU_O_CLOSE_OPT else None
            if not metadata["isCloseClusterLoopGrid"]:
                xpu.passes.ttxpuir.add_tritonxpu_cf_to_scf_pass(pm)
                xpu.passes.ttxpuir.add_tritonxpu_loop_grid_pass(pm)
            passes.common.add_cse(pm)
            passes.common.add_licm(pm)
            passes.common.add_symbol_dce(pm)
    
        try:
>           pm.run(mod)
E           RuntimeError: PassManager::run failed

/root/miniconda/envs/python310_torch29_cuda/lib/python3.10/site-packages/triton/backends/xpu/compiler.py:329: RuntimeError

During handling of the above exception, another exception occurred:

shape = (16, 128, 64, 60), dtype = torch.bfloat16

    @pytest.mark.digamma
    @pytest.mark.parametrize("shape", utils.POINTWISE_SHAPES)
    @pytest.mark.parametrize("dtype", utils.FLOAT_DTYPES)
    def test_digamma(shape, dtype):
        inp = torch.rand(shape, dtype=dtype, device=flag_gems.device) + 1.0
        ref_inp = utils.to_reference(inp)
    
        ref_out = torch.digamma(ref_inp)
        with flag_gems.use_gems():
>           res_out = torch.digamma(inp)

test_digamma.py:32: 
_ _ _ _ _ _ _ _ _ _ _ _ _ _ _ _ _ _ _ _ _ _ _ _ _ _ _ _ _ _ _ _ _ _ _ _ _ _ _ _ 
../src/flag_gems/ops/digamma_.py:174: in digamma
    digamma_kernel[grid](A, output, n_elements, BLOCK_SIZE=1024)
/root/miniconda/envs/python310_torch29_cuda/lib/python3.10/site-packages/triton/runtime/jit.py:364: in <lambda>
    return lambda *args, **kwargs: self.run(grid=grid, warmup=False, *args, **kwargs)
/root/miniconda/envs/python310_torch29_cuda/lib/python3.10/site-packages/triton/runtime/jit.py:795: in run
    kernel = self.default_run(*args, **kwargs)
/root/miniconda/envs/python310_torch29_cuda/lib/python3.10/site-packages/triton/runtime/jit.py:686: in default_run
    kernel = self.compile(
/root/miniconda/envs/python310_torch29_cuda/lib/python3.10/site-packages/triton/compiler/compiler.py:318: in compile
    next_module = compile_ir(module, metadata)
/root/miniconda/envs/python310_torch29_cuda/lib/python3.10/site-packages/triton/backends/xpu/compiler.py:516: in <lambda>
    stages["ttxir"] = lambda src, metadata: self.make_ttxir(src, metadata, options)
_ _ _ _ _ _ _ _ _ _ _ _ _ _ _ _ _ _ _ _ _ _ _ _ _ _ _ _ _ _ _ _ _ _ _ _ _ _ _ _ 

mod = <triton._C.libtriton.ir.module object at 0x7f6f21c4cc70>
metadata = {'hash': '5b252239df0c8fea94e7139d9ccad79418b2b5ec4e004cb2d8e8745d496293be', 'target': GPUTarget(backend='xpu', arch=3, warp_size=1), 'arch': 3, 'grid': <function digamma.<locals>.<lambda> at 0x7f6f1f677d00>, ...}
opt = XPUOptions(arch=3, grid=<function digamma.<locals>.<lambda> at 0x7f6f1f677d00>, debug=None, cluster_num=12, core_num=6...ed_dot_input_precisions=('ieee', 'tf32'), exp_range=':0', num_warps=-1, num_ctas=-1, num_stages=1, use_int4_w4a8=False)

    @staticmethod
    def make_ttxir(mod, metadata, opt):
        metadata["xpu_arch"] = opt.arch
        metadata["is_sdnn"] = opt.is_sdnn or xpu.is_sdnn_kernel(mod)
        metadata["tensor_args"] = xpu.get_tensor_args(mod, []) if metadata["is_sdnn"] is True else []
        metadata["shared"] = (-1)  # TODO: invalid value, just to keep CompiledKernel _init_handles() success
    
        max_buffer_size = metadata["buffer_size_limit"]
        elem_bytes = int(os.environ.get("TRITONXPU_ELEMBYTES", 0))
        groups_per_cluster = metadata["groups_per_cluster"]
        unroll_num = metadata["unroll_num"]
        XPUBackend.buffer_len = xpu.get_buffer_len(mod, max_buffer_size, elem_bytes)
        # print(f"XPUBackend.buffer_len = {XPUBackend.buffer_len}")
        core_num = metadata["core_num"]
        # F/O Prefix For Function/Optimization Macro
        is_use_mask_zero = metadata["is_use_mask_zero"]
        if is_use_mask_zero:
            warnings.warn(
                f'XRE Version Must Be More than 5.0.21.37 (After 2025.07.22). And echo 1 > /proc/kunlun/dev4/dma_excp_mask',
                UserWarning)
        TTXPU_F_INTERLEAVE = 0 if metadata["grid"] != (12, 1, 1) else int(os.environ.get("TRITONXPU_INTERLEAVE", 1))
        TTXPU_F_OHTER_VALUE_SIM = int(os.environ.get("TRITONXPU_OTHER_SIM", 0))
        TTXPU_F_STORE_MASK_SIM = int(os.environ.get("TRITONXPU_STORE_MASK_SIM", 0))
        TTXPU_F_DTYPE_CONVERT = 0 if metadata["isCloseDtypeConvert"] else int(
            os.environ.get("TRITONXPU_DTYPE_CONVERT", 1))
        TTXPU_O_ATOMIC_SIM = 0 if metadata["isCLOSE_TTXPU_O_ATOMIC_SIM"] else int(
            os.environ.get("TRITONXPU_ATOMIC_SIM", 1))
        TTXPU_O_CLOSE_OPT = int(os.environ.get("TRITONXPU_CLOSE_OPTIMIZE", 0))
        TTSDNN_F_SINGLE_CORE_MODE = int(os.environ.get("TRITON_SDNN_SINGLE_CODE_MODE", 0))
        TTSDNN_F_MATMUL_FAST_MODE = int(os.environ.get("XMLIR_MATMUL_FAST_MODE", 0))
        TTSDNN_F_DMA_MODE = int(os.environ.get("XMLIR_DMA_FAST_MODE", 0))
    
        if opt.isClusterOneCoreActOnly and TTXPU_F_OHTER_VALUE_SIM:
            assert 0, "isClusterOneCoreActOnly and TRITONXPU_OTHER_SIM can't act simultaneously"
    
        pm = ir.pass_manager(mod.context)
        pm.enable_debug()
        xpu.passes.ttsdnnir.add_tritonsdnn_strip_all_ops_pass(pm, opt.arch)
        if metadata["is_sdnn"]:
            if opt.arch < 4:
                if metadata["use_int4_w4a8"] == True:
                    xpu.passes.ttsdnnir.add_triton_convert_type_pass(pm, opt.arch, 2)
                else:
                    xpu.passes.ttsdnnir.add_triton_convert_type_pass(pm, opt.arch, TTSDNN_F_MATMUL_FAST_MODE)
            xpu.passes.ttsdnnir.add_convert_triton_to_tritonsdnn_pass(pm, opt.arch)
            xpu.passes.ttsdnnir.add_linalg_to_tritonsdnn_pass(pm, opt.arch)
            xpu.passes.ttsdnnir.add_tritonsdnn_legalize_pass(pm, opt.arch)
            xpu.passes.ttsdnnir.add_tritonsdnn_combine_before_pass(pm, opt.arch)
            xpu.passes.ttsdnnir.add_tritonsdnn_bufferize_pass(pm, opt.arch)
            xpu.passes.ttsdnnir.add_tritonsdnn_combine_pass(pm, opt.arch)
            if opt.exp_range != ":0":
                res = parse_floating_range_string(opt.exp_range)
                xpu.passes.ttsdnnir.add_tritonsdnn_ew_act_table_pass(pm, res)
            else:
                xpu.passes.ttsdnnir.add_tritonsdnn_ew_act_table_pass(pm, None)
            xpu.passes.ttsdnnir.add_tritonsdnn_loop_grid_pass(pm)
            if opt.arch == 4 and TTSDNN_F_DMA_MODE:
                xpu.passes.ttsdnnir.add_tritonsdnn_remove_ds_op_pass(pm, opt.arch)
            if not TTSDNN_F_SINGLE_CORE_MODE:
                xpu.passes.ttsdnnir.add_tritonsdnn_pipeline_pass(pm)
    
            xpu.passes.ttsdnnir.add_tritonsdnn_multi_buffer_pass(pm, opt.arch, opt.num_stages)
            passes.common.add_symbol_dce(pm)
            passes.common.add_canonicalizer(pm)
            passes.common.add_cse(pm)
        else:
            xpu.passes.ttxpuir.add_convert_triton_to_tritonxpu_pass(pm, opt.arch, XPUBackend.buffer_len, core_num)
            xpu.passes.ttxpuir.add_tritonxpu_print_pass(pm)
            xpu.passes.ttxpuir.add_tritonxpu_gm2lm_pass(pm, opt.arch, TTXPU_O_ATOMIC_SIM, opt.isClusterOneCoreActOnly,
                                                        is_use_mask_zero)
            if not metadata["isCloseMemoryCache"]:
                xpu.passes.ttxpuir.add_tritonxpu_memory_cache_pass(pm, XPUBackend.buffer_len,
                                                                   core_num) if not TTXPU_O_CLOSE_OPT else None
            passes.common.add_canonicalizer(pm)
            if TTXPU_F_DTYPE_CONVERT:
                xpu.passes.ttxpuir.add_tritonxpu_dtype_convert_pass(pm, opt.arch)
            if not metadata["isCloseCoreTiling"]:
                xpu.passes.ttxpuir.add_tritonxpu_core_tiling_pass(
                    pm, 0, XPUBackend.buffer_len, core_num,
                    groups_per_cluster) if not TTXPU_O_CLOSE_OPT else None  # dumpFlag=0
            # xpu.passes.ttxpuir.add_tritonxpu_lm_to_sm_pass(pm)
            passes.common.add_cse(pm)
            if not metadata["isCloseOffsetAnalysis"]:
                xpu.passes.ttxpuir.add_tritonxpu_offset_state_pass(
                    pm, 0, XPUBackend.buffer_len, is_use_mask_zero) if not TTXPU_O_CLOSE_OPT else None  # dumpFlag=0
            passes.common.add_canonicalizer(pm)
            xpu.passes.ttxpuir.add_tritonxpu_legalize_pass(pm, XPUBackend.buffer_len, core_num, groups_per_cluster,
                                                           is_use_mask_zero)
            passes.common.add_canonicalizer(pm)
            if not TTXPU_F_OHTER_VALUE_SIM:
                xpu.passes.ttxpuir.add_tritonxpu_mask_pass(pm, opt.isClusterOneCoreActOnly, is_use_mask_zero)
            passes.common.add_canonicalizer(pm)
            passes.common.add_cse(pm)
            passes.common.add_licm(pm)
            passes.common.add_symbol_dce(pm)
            if not metadata["isCloseInterleave"] and TTXPU_F_INTERLEAVE:
                xpu.passes.ttxpuir.add_tritonxpu_interleave_pass(pm) if not TTXPU_O_CLOSE_OPT else None
            passes.common.add_canonicalizer(pm)
            if not metadata["isCloseVectorization"]:
                compareFusion = int(os.environ.get("TRITONXPU_COMPARE_FUSION", 0))
                xpu.passes.ttxpuir.add_tritonxpu_vectorize_pass(
                    pm, 0, compareFusion) if not TTXPU_O_CLOSE_OPT else None  # dumpFlag=0
            passes.common.add_canonicalizer(pm)
            xpu.passes.ttxpuir.add_tritonxpu_alloca_pass(pm, XPUBackend.buffer_len, core_num)
            if not metadata["isCloseMemoryAsync"]:
                xpu.passes.ttxpuir.add_tritonxpu_memory_async_pass(pm,
                                                                   0) if not TTXPU_O_CLOSE_OPT else None  # dumpFlag=0
            if not metadata["isCloseUnrollControl"]:
                xpu.passes.ttxpuir.add_tritonxpu_unroll_control_pass(pm, XPUBackend.buffer_len, core_num,
                                                                     is_use_mask_zero,
                                                                     unroll_num) if not TTXPU_O_CLOSE_OPT else None
            xpu.passes.ttxpuir.add_tritonxpu_store_control_pass(pm) if not TTXPU_O_CLOSE_OPT else None
            if not TTXPU_F_OHTER_VALUE_SIM:
                xpu.passes.ttxpuir.add_tritonxpu_other_sim_pass(pm, XPUBackend.buffer_len, core_num)
            xpu.passes.ttxpuir.add_tritonxpu_memory_inplace_pass(pm, XPUBackend.buffer_len,
                                                                 core_num) if not TTXPU_O_CLOSE_OPT else None
            if not metadata["isCloseClusterLoopGrid"]:
                xpu.passes.ttxpuir.add_tritonxpu_cf_to_scf_pass(pm)
                xpu.passes.ttxpuir.add_tritonxpu_loop_grid_pass(pm)
            passes.common.add_cse(pm)
            passes.common.add_licm(pm)
            passes.common.add_symbol_dce(pm)
    
        try:
            pm.run(mod)
        except Exception as e:
            from triton import OutOfResources
>           raise OutOfResources(0, 0, f"uni_sram {e}")
E           triton.runtime.errors.OutOfResources: out of resource: uni_sram PassManager::run failed, Required: 0, Hardware limit: 0. Reducing block sizes or `num_stages` may help.

/root/miniconda/envs/python310_torch29_cuda/lib/python3.10/site-packages/triton/backends/xpu/compiler.py:332: OutOfResources
_________________________ test_digamma[dtype2-shape5] __________________________

mod = <triton._C.libtriton.ir.module object at 0x7f6f1f7879c0>
metadata = {'hash': '29bd7687c5732699ce8a6ef5dfc59146297b7219dfbc90642ae56d1222fe7d21', 'target': GPUTarget(backend='xpu', arch=3, warp_size=1), 'arch': 3, 'grid': <function digamma.<locals>.<lambda> at 0x7f6f1f776200>, ...}
opt = XPUOptions(arch=3, grid=<function digamma.<locals>.<lambda> at 0x7f6f1f776200>, debug=None, cluster_num=12, core_num=6...ed_dot_input_precisions=('ieee', 'tf32'), exp_range=':0', num_warps=-1, num_ctas=-1, num_stages=1, use_int4_w4a8=False)

    @staticmethod
    def make_ttxir(mod, metadata, opt):
        metadata["xpu_arch"] = opt.arch
        metadata["is_sdnn"] = opt.is_sdnn or xpu.is_sdnn_kernel(mod)
        metadata["tensor_args"] = xpu.get_tensor_args(mod, []) if metadata["is_sdnn"] is True else []
        metadata["shared"] = (-1)  # TODO: invalid value, just to keep CompiledKernel _init_handles() success
    
        max_buffer_size = metadata["buffer_size_limit"]
        elem_bytes = int(os.environ.get("TRITONXPU_ELEMBYTES", 0))
        groups_per_cluster = metadata["groups_per_cluster"]
        unroll_num = metadata["unroll_num"]
        XPUBackend.buffer_len = xpu.get_buffer_len(mod, max_buffer_size, elem_bytes)
        # print(f"XPUBackend.buffer_len = {XPUBackend.buffer_len}")
        core_num = metadata["core_num"]
        # F/O Prefix For Function/Optimization Macro
        is_use_mask_zero = metadata["is_use_mask_zero"]
        if is_use_mask_zero:
            warnings.warn(
                f'XRE Version Must Be More than 5.0.21.37 (After 2025.07.22). And echo 1 > /proc/kunlun/dev4/dma_excp_mask',
                UserWarning)
        TTXPU_F_INTERLEAVE = 0 if metadata["grid"] != (12, 1, 1) else int(os.environ.get("TRITONXPU_INTERLEAVE", 1))
        TTXPU_F_OHTER_VALUE_SIM = int(os.environ.get("TRITONXPU_OTHER_SIM", 0))
        TTXPU_F_STORE_MASK_SIM = int(os.environ.get("TRITONXPU_STORE_MASK_SIM", 0))
        TTXPU_F_DTYPE_CONVERT = 0 if metadata["isCloseDtypeConvert"] else int(
            os.environ.get("TRITONXPU_DTYPE_CONVERT", 1))
        TTXPU_O_ATOMIC_SIM = 0 if metadata["isCLOSE_TTXPU_O_ATOMIC_SIM"] else int(
            os.environ.get("TRITONXPU_ATOMIC_SIM", 1))
        TTXPU_O_CLOSE_OPT = int(os.environ.get("TRITONXPU_CLOSE_OPTIMIZE", 0))
        TTSDNN_F_SINGLE_CORE_MODE = int(os.environ.get("TRITON_SDNN_SINGLE_CODE_MODE", 0))
        TTSDNN_F_MATMUL_FAST_MODE = int(os.environ.get("XMLIR_MATMUL_FAST_MODE", 0))
        TTSDNN_F_DMA_MODE = int(os.environ.get("XMLIR_DMA_FAST_MODE", 0))
    
        if opt.isClusterOneCoreActOnly and TTXPU_F_OHTER_VALUE_SIM:
            assert 0, "isClusterOneCoreActOnly and TRITONXPU_OTHER_SIM can't act simultaneously"
    
        pm = ir.pass_manager(mod.context)
        pm.enable_debug()
        xpu.passes.ttsdnnir.add_tritonsdnn_strip_all_ops_pass(pm, opt.arch)
        if metadata["is_sdnn"]:
            if opt.arch < 4:
                if metadata["use_int4_w4a8"] == True:
                    xpu.passes.ttsdnnir.add_triton_convert_type_pass(pm, opt.arch, 2)
                else:
                    xpu.passes.ttsdnnir.add_triton_convert_type_pass(pm, opt.arch, TTSDNN_F_MATMUL_FAST_MODE)
            xpu.passes.ttsdnnir.add_convert_triton_to_tritonsdnn_pass(pm, opt.arch)
            xpu.passes.ttsdnnir.add_linalg_to_tritonsdnn_pass(pm, opt.arch)
            xpu.passes.ttsdnnir.add_tritonsdnn_legalize_pass(pm, opt.arch)
            xpu.passes.ttsdnnir.add_tritonsdnn_combine_before_pass(pm, opt.arch)
            xpu.passes.ttsdnnir.add_tritonsdnn_bufferize_pass(pm, opt.arch)
            xpu.passes.ttsdnnir.add_tritonsdnn_combine_pass(pm, opt.arch)
            if opt.exp_range != ":0":
                res = parse_floating_range_string(opt.exp_range)
                xpu.passes.ttsdnnir.add_tritonsdnn_ew_act_table_pass(pm, res)
            else:
                xpu.passes.ttsdnnir.add_tritonsdnn_ew_act_table_pass(pm, None)
            xpu.passes.ttsdnnir.add_tritonsdnn_loop_grid_pass(pm)
            if opt.arch == 4 and TTSDNN_F_DMA_MODE:
                xpu.passes.ttsdnnir.add_tritonsdnn_remove_ds_op_pass(pm, opt.arch)
            if not TTSDNN_F_SINGLE_CORE_MODE:
                xpu.passes.ttsdnnir.add_tritonsdnn_pipeline_pass(pm)
    
            xpu.passes.ttsdnnir.add_tritonsdnn_multi_buffer_pass(pm, opt.arch, opt.num_stages)
            passes.common.add_symbol_dce(pm)
            passes.common.add_canonicalizer(pm)
            passes.common.add_cse(pm)
        else:
            xpu.passes.ttxpuir.add_convert_triton_to_tritonxpu_pass(pm, opt.arch, XPUBackend.buffer_len, core_num)
            xpu.passes.ttxpuir.add_tritonxpu_print_pass(pm)
            xpu.passes.ttxpuir.add_tritonxpu_gm2lm_pass(pm, opt.arch, TTXPU_O_ATOMIC_SIM, opt.isClusterOneCoreActOnly,
                                                        is_use_mask_zero)
            if not metadata["isCloseMemoryCache"]:
                xpu.passes.ttxpuir.add_tritonxpu_memory_cache_pass(pm, XPUBackend.buffer_len,
                                                                   core_num) if not TTXPU_O_CLOSE_OPT else None
            passes.common.add_canonicalizer(pm)
            if TTXPU_F_DTYPE_CONVERT:
                xpu.passes.ttxpuir.add_tritonxpu_dtype_convert_pass(pm, opt.arch)
            if not metadata["isCloseCoreTiling"]:
                xpu.passes.ttxpuir.add_tritonxpu_core_tiling_pass(
                    pm, 0, XPUBackend.buffer_len, core_num,
                    groups_per_cluster) if not TTXPU_O_CLOSE_OPT else None  # dumpFlag=0
            # xpu.passes.ttxpuir.add_tritonxpu_lm_to_sm_pass(pm)
            passes.common.add_cse(pm)
            if not metadata["isCloseOffsetAnalysis"]:
                xpu.passes.ttxpuir.add_tritonxpu_offset_state_pass(
                    pm, 0, XPUBackend.buffer_len, is_use_mask_zero) if not TTXPU_O_CLOSE_OPT else None  # dumpFlag=0
            passes.common.add_canonicalizer(pm)
            xpu.passes.ttxpuir.add_tritonxpu_legalize_pass(pm, XPUBackend.buffer_len, core_num, groups_per_cluster,
                                                           is_use_mask_zero)
            passes.common.add_canonicalizer(pm)
            if not TTXPU_F_OHTER_VALUE_SIM:
                xpu.passes.ttxpuir.add_tritonxpu_mask_pass(pm, opt.isClusterOneCoreActOnly, is_use_mask_zero)
            passes.common.add_canonicalizer(pm)
            passes.common.add_cse(pm)
            passes.common.add_licm(pm)
            passes.common.add_symbol_dce(pm)
            if not metadata["isCloseInterleave"] and TTXPU_F_INTERLEAVE:
                xpu.passes.ttxpuir.add_tritonxpu_interleave_pass(pm) if not TTXPU_O_CLOSE_OPT else None
            passes.common.add_canonicalizer(pm)
            if not metadata["isCloseVectorization"]:
                compareFusion = int(os.environ.get("TRITONXPU_COMPARE_FUSION", 0))
                xpu.passes.ttxpuir.add_tritonxpu_vectorize_pass(
                    pm, 0, compareFusion) if not TTXPU_O_CLOSE_OPT else None  # dumpFlag=0
            passes.common.add_canonicalizer(pm)
            xpu.passes.ttxpuir.add_tritonxpu_alloca_pass(pm, XPUBackend.buffer_len, core_num)
            if not metadata["isCloseMemoryAsync"]:
                xpu.passes.ttxpuir.add_tritonxpu_memory_async_pass(pm,
                                                                   0) if not TTXPU_O_CLOSE_OPT else None  # dumpFlag=0
            if not metadata["isCloseUnrollControl"]:
                xpu.passes.ttxpuir.add_tritonxpu_unroll_control_pass(pm, XPUBackend.buffer_len, core_num,
                                                                     is_use_mask_zero,
                                                                     unroll_num) if not TTXPU_O_CLOSE_OPT else None
            xpu.passes.ttxpuir.add_tritonxpu_store_control_pass(pm) if not TTXPU_O_CLOSE_OPT else None
            if not TTXPU_F_OHTER_VALUE_SIM:
                xpu.passes.ttxpuir.add_tritonxpu_other_sim_pass(pm, XPUBackend.buffer_len, core_num)
            xpu.passes.ttxpuir.add_tritonxpu_memory_inplace_pass(pm, XPUBackend.buffer_len,
                                                                 core_num) if not TTXPU_O_CLOSE_OPT else None
            if not metadata["isCloseClusterLoopGrid"]:
                xpu.passes.ttxpuir.add_tritonxpu_cf_to_scf_pass(pm)
                xpu.passes.ttxpuir.add_tritonxpu_loop_grid_pass(pm)
            passes.common.add_cse(pm)
            passes.common.add_licm(pm)
            passes.common.add_symbol_dce(pm)
    
        try:
>           pm.run(mod)
E           RuntimeError: PassManager::run failed

/root/miniconda/envs/python310_torch29_cuda/lib/python3.10/site-packages/triton/backends/xpu/compiler.py:329: RuntimeError

During handling of the above exception, another exception occurred:

shape = (16, 7, 57, 32, 29), dtype = torch.bfloat16

    @pytest.mark.digamma
    @pytest.mark.parametrize("shape", utils.POINTWISE_SHAPES)
    @pytest.mark.parametrize("dtype", utils.FLOAT_DTYPES)
    def test_digamma(shape, dtype):
        inp = torch.rand(shape, dtype=dtype, device=flag_gems.device) + 1.0
        ref_inp = utils.to_reference(inp)
    
        ref_out = torch.digamma(ref_inp)
        with flag_gems.use_gems():
>           res_out = torch.digamma(inp)

test_digamma.py:32: 
_ _ _ _ _ _ _ _ _ _ _ _ _ _ _ _ _ _ _ _ _ _ _ _ _ _ _ _ _ _ _ _ _ _ _ _ _ _ _ _ 
../src/flag_gems/ops/digamma_.py:174: in digamma
    digamma_kernel[grid](A, output, n_elements, BLOCK_SIZE=1024)
/root/miniconda/envs/python310_torch29_cuda/lib/python3.10/site-packages/triton/runtime/jit.py:364: in <lambda>
    return lambda *args, **kwargs: self.run(grid=grid, warmup=False, *args, **kwargs)
/root/miniconda/envs/python310_torch29_cuda/lib/python3.10/site-packages/triton/runtime/jit.py:795: in run
    kernel = self.default_run(*args, **kwargs)
/root/miniconda/envs/python310_torch29_cuda/lib/python3.10/site-packages/triton/runtime/jit.py:686: in default_run
    kernel = self.compile(
/root/miniconda/envs/python310_torch29_cuda/lib/python3.10/site-packages/triton/compiler/compiler.py:318: in compile
    next_module = compile_ir(module, metadata)
/root/miniconda/envs/python310_torch29_cuda/lib/python3.10/site-packages/triton/backends/xpu/compiler.py:516: in <lambda>
    stages["ttxir"] = lambda src, metadata: self.make_ttxir(src, metadata, options)
_ _ _ _ _ _ _ _ _ _ _ _ _ _ _ _ _ _ _ _ _ _ _ _ _ _ _ _ _ _ _ _ _ _ _ _ _ _ _ _ 

mod = <triton._C.libtriton.ir.module object at 0x7f6f1f7879c0>
metadata = {'hash': '29bd7687c5732699ce8a6ef5dfc59146297b7219dfbc90642ae56d1222fe7d21', 'target': GPUTarget(backend='xpu', arch=3, warp_size=1), 'arch': 3, 'grid': <function digamma.<locals>.<lambda> at 0x7f6f1f776200>, ...}
opt = XPUOptions(arch=3, grid=<function digamma.<locals>.<lambda> at 0x7f6f1f776200>, debug=None, cluster_num=12, core_num=6...ed_dot_input_precisions=('ieee', 'tf32'), exp_range=':0', num_warps=-1, num_ctas=-1, num_stages=1, use_int4_w4a8=False)

    @staticmethod
    def make_ttxir(mod, metadata, opt):
        metadata["xpu_arch"] = opt.arch
        metadata["is_sdnn"] = opt.is_sdnn or xpu.is_sdnn_kernel(mod)
        metadata["tensor_args"] = xpu.get_tensor_args(mod, []) if metadata["is_sdnn"] is True else []
        metadata["shared"] = (-1)  # TODO: invalid value, just to keep CompiledKernel _init_handles() success
    
        max_buffer_size = metadata["buffer_size_limit"]
        elem_bytes = int(os.environ.get("TRITONXPU_ELEMBYTES", 0))
        groups_per_cluster = metadata["groups_per_cluster"]
        unroll_num = metadata["unroll_num"]
        XPUBackend.buffer_len = xpu.get_buffer_len(mod, max_buffer_size, elem_bytes)
        # print(f"XPUBackend.buffer_len = {XPUBackend.buffer_len}")
        core_num = metadata["core_num"]
        # F/O Prefix For Function/Optimization Macro
        is_use_mask_zero = metadata["is_use_mask_zero"]
        if is_use_mask_zero:
            warnings.warn(
                f'XRE Version Must Be More than 5.0.21.37 (After 2025.07.22). And echo 1 > /proc/kunlun/dev4/dma_excp_mask',
                UserWarning)
        TTXPU_F_INTERLEAVE = 0 if metadata["grid"] != (12, 1, 1) else int(os.environ.get("TRITONXPU_INTERLEAVE", 1))
        TTXPU_F_OHTER_VALUE_SIM = int(os.environ.get("TRITONXPU_OTHER_SIM", 0))
        TTXPU_F_STORE_MASK_SIM = int(os.environ.get("TRITONXPU_STORE_MASK_SIM", 0))
        TTXPU_F_DTYPE_CONVERT = 0 if metadata["isCloseDtypeConvert"] else int(
            os.environ.get("TRITONXPU_DTYPE_CONVERT", 1))
        TTXPU_O_ATOMIC_SIM = 0 if metadata["isCLOSE_TTXPU_O_ATOMIC_SIM"] else int(
            os.environ.get("TRITONXPU_ATOMIC_SIM", 1))
        TTXPU_O_CLOSE_OPT = int(os.environ.get("TRITONXPU_CLOSE_OPTIMIZE", 0))
        TTSDNN_F_SINGLE_CORE_MODE = int(os.environ.get("TRITON_SDNN_SINGLE_CODE_MODE", 0))
        TTSDNN_F_MATMUL_FAST_MODE = int(os.environ.get("XMLIR_MATMUL_FAST_MODE", 0))
        TTSDNN_F_DMA_MODE = int(os.environ.get("XMLIR_DMA_FAST_MODE", 0))
    
        if opt.isClusterOneCoreActOnly and TTXPU_F_OHTER_VALUE_SIM:
            assert 0, "isClusterOneCoreActOnly and TRITONXPU_OTHER_SIM can't act simultaneously"
    
        pm = ir.pass_manager(mod.context)
        pm.enable_debug()
        xpu.passes.ttsdnnir.add_tritonsdnn_strip_all_ops_pass(pm, opt.arch)
        if metadata["is_sdnn"]:
            if opt.arch < 4:
                if metadata["use_int4_w4a8"] == True:
                    xpu.passes.ttsdnnir.add_triton_convert_type_pass(pm, opt.arch, 2)
                else:
                    xpu.passes.ttsdnnir.add_triton_convert_type_pass(pm, opt.arch, TTSDNN_F_MATMUL_FAST_MODE)
            xpu.passes.ttsdnnir.add_convert_triton_to_tritonsdnn_pass(pm, opt.arch)
            xpu.passes.ttsdnnir.add_linalg_to_tritonsdnn_pass(pm, opt.arch)
            xpu.passes.ttsdnnir.add_tritonsdnn_legalize_pass(pm, opt.arch)
            xpu.passes.ttsdnnir.add_tritonsdnn_combine_before_pass(pm, opt.arch)
            xpu.passes.ttsdnnir.add_tritonsdnn_bufferize_pass(pm, opt.arch)
            xpu.passes.ttsdnnir.add_tritonsdnn_combine_pass(pm, opt.arch)
            if opt.exp_range != ":0":
                res = parse_floating_range_string(opt.exp_range)
                xpu.passes.ttsdnnir.add_tritonsdnn_ew_act_table_pass(pm, res)
            else:
                xpu.passes.ttsdnnir.add_tritonsdnn_ew_act_table_pass(pm, None)
            xpu.passes.ttsdnnir.add_tritonsdnn_loop_grid_pass(pm)
            if opt.arch == 4 and TTSDNN_F_DMA_MODE:
                xpu.passes.ttsdnnir.add_tritonsdnn_remove_ds_op_pass(pm, opt.arch)
            if not TTSDNN_F_SINGLE_CORE_MODE:
                xpu.passes.ttsdnnir.add_tritonsdnn_pipeline_pass(pm)
    
            xpu.passes.ttsdnnir.add_tritonsdnn_multi_buffer_pass(pm, opt.arch, opt.num_stages)
            passes.common.add_symbol_dce(pm)
            passes.common.add_canonicalizer(pm)
            passes.common.add_cse(pm)
        else:
            xpu.passes.ttxpuir.add_convert_triton_to_tritonxpu_pass(pm, opt.arch, XPUBackend.buffer_len, core_num)
            xpu.passes.ttxpuir.add_tritonxpu_print_pass(pm)
            xpu.passes.ttxpuir.add_tritonxpu_gm2lm_pass(pm, opt.arch, TTXPU_O_ATOMIC_SIM, opt.isClusterOneCoreActOnly,
                                                        is_use_mask_zero)
            if not metadata["isCloseMemoryCache"]:
                xpu.passes.ttxpuir.add_tritonxpu_memory_cache_pass(pm, XPUBackend.buffer_len,
                                                                   core_num) if not TTXPU_O_CLOSE_OPT else None
            passes.common.add_canonicalizer(pm)
            if TTXPU_F_DTYPE_CONVERT:
                xpu.passes.ttxpuir.add_tritonxpu_dtype_convert_pass(pm, opt.arch)
            if not metadata["isCloseCoreTiling"]:
                xpu.passes.ttxpuir.add_tritonxpu_core_tiling_pass(
                    pm, 0, XPUBackend.buffer_len, core_num,
                    groups_per_cluster) if not TTXPU_O_CLOSE_OPT else None  # dumpFlag=0
            # xpu.passes.ttxpuir.add_tritonxpu_lm_to_sm_pass(pm)
            passes.common.add_cse(pm)
            if not metadata["isCloseOffsetAnalysis"]:
                xpu.passes.ttxpuir.add_tritonxpu_offset_state_pass(
                    pm, 0, XPUBackend.buffer_len, is_use_mask_zero) if not TTXPU_O_CLOSE_OPT else None  # dumpFlag=0
            passes.common.add_canonicalizer(pm)
            xpu.passes.ttxpuir.add_tritonxpu_legalize_pass(pm, XPUBackend.buffer_len, core_num, groups_per_cluster,
                                                           is_use_mask_zero)
            passes.common.add_canonicalizer(pm)
            if not TTXPU_F_OHTER_VALUE_SIM:
                xpu.passes.ttxpuir.add_tritonxpu_mask_pass(pm, opt.isClusterOneCoreActOnly, is_use_mask_zero)
            passes.common.add_canonicalizer(pm)
            passes.common.add_cse(pm)
            passes.common.add_licm(pm)
            passes.common.add_symbol_dce(pm)
            if not metadata["isCloseInterleave"] and TTXPU_F_INTERLEAVE:
                xpu.passes.ttxpuir.add_tritonxpu_interleave_pass(pm) if not TTXPU_O_CLOSE_OPT else None
            passes.common.add_canonicalizer(pm)
            if not metadata["isCloseVectorization"]:
                compareFusion = int(os.environ.get("TRITONXPU_COMPARE_FUSION", 0))
                xpu.passes.ttxpuir.add_tritonxpu_vectorize_pass(
                    pm, 0, compareFusion) if not TTXPU_O_CLOSE_OPT else None  # dumpFlag=0
            passes.common.add_canonicalizer(pm)
            xpu.passes.ttxpuir.add_tritonxpu_alloca_pass(pm, XPUBackend.buffer_len, core_num)
            if not metadata["isCloseMemoryAsync"]:
                xpu.passes.ttxpuir.add_tritonxpu_memory_async_pass(pm,
                                                                   0) if not TTXPU_O_CLOSE_OPT else None  # dumpFlag=0
            if not metadata["isCloseUnrollControl"]:
                xpu.passes.ttxpuir.add_tritonxpu_unroll_control_pass(pm, XPUBackend.buffer_len, core_num,
                                                                     is_use_mask_zero,
                                                                     unroll_num) if not TTXPU_O_CLOSE_OPT else None
            xpu.passes.ttxpuir.add_tritonxpu_store_control_pass(pm) if not TTXPU_O_CLOSE_OPT else None
            if not TTXPU_F_OHTER_VALUE_SIM:
                xpu.passes.ttxpuir.add_tritonxpu_other_sim_pass(pm, XPUBackend.buffer_len, core_num)
            xpu.passes.ttxpuir.add_tritonxpu_memory_inplace_pass(pm, XPUBackend.buffer_len,
                                                                 core_num) if not TTXPU_O_CLOSE_OPT else None
            if not metadata["isCloseClusterLoopGrid"]:
                xpu.passes.ttxpuir.add_tritonxpu_cf_to_scf_pass(pm)
                xpu.passes.ttxpuir.add_tritonxpu_loop_grid_pass(pm)
            passes.common.add_cse(pm)
            passes.common.add_licm(pm)
            passes.common.add_symbol_dce(pm)
    
        try:
            pm.run(mod)
        except Exception as e:
            from triton import OutOfResources
>           raise OutOfResources(0, 0, f"uni_sram {e}")
E           triton.runtime.errors.OutOfResources: out of resource: uni_sram PassManager::run failed, Required: 0, Hardware limit: 0. Reducing block sizes or `num_stages` may help.

/root/miniconda/envs/python310_torch29_cuda/lib/python3.10/site-packages/triton/backends/xpu/compiler.py:332: OutOfResources
=========================== short test summary info ============================
FAILED test_digamma.py::test_digamma[dtype1-shape0] - triton.runtime.errors.O...
FAILED test_digamma.py::test_digamma[dtype1-shape1] - triton.runtime.errors.O...
FAILED test_digamma.py::test_digamma[dtype1-shape2] - triton.runtime.errors.O...
FAILED test_digamma.py::test_digamma[dtype1-shape3] - triton.runtime.errors.O...
FAILED test_digamma.py::test_digamma[dtype1-shape4] - triton.runtime.errors.O...
FAILED test_digamma.py::test_digamma[dtype1-shape5] - triton.runtime.errors.O...
FAILED test_digamma.py::test_digamma[dtype2-shape0] - triton.runtime.errors.O...
FAILED test_digamma.py::test_digamma[dtype2-shape1] - triton.runtime.errors.O...
FAILED test_digamma.py::test_digamma[dtype2-shape2] - triton.runtime.errors.O...
FAILED test_digamma.py::test_digamma[dtype2-shape3] - triton.runtime.errors.O...
FAILED test_digamma.py::test_digamma[dtype2-shape4] - triton.runtime.errors.O...
FAILED test_digamma.py::test_digamma[dtype2-shape5] - triton.runtime.errors.O...
=============== 12 failed, 6 passed, 49933 deselected in 12.62s ================
